0.0,0.0,-0.0286,-0.0001,-9.8,0.0,0.0,-0.0,0.0,0.0,0.0,0.0,0.0004,-0.1673,20.7802,0.0,0.0,0.0,0.0,0.0,1.0,0.0,0.0,0.0,1.0,10.0,0.0,0.0,0.0,0.0,1.0,0.0,1.0,0.0,1.0,-32.204227503972035,1.0,64.40845500794407,1.0,-32.204227503972035,1.0,-0.0,0.0,0.0,0.0,0.0,0.0,0.0,0.0,110.0,0.0,0.0,0.0,0.0,1.0,10.0,0.0,0.0,0.0,0.0,1.0,0.0,1.0,0.0,1.0,-32.204227503972035,1.0,64.40845500794407,1.0,-32.204227503972035,1.0,-0.0,0.0,0.0,0.0,0.0,0.0,0.0,0.0,110.0,0.0,0.0,0.0,0.0,0.0,0.0,0.0,0.0,0.0,0.0
0.0,0.0,-0.0286,-0.0001,-9.8,0.0,0.0,-0.0,0.0,0.0,0.0,0.0,0.0004,-0.1673,20.7802,0.0,0.0,0.0,0.0,0.0,1.0,0.0,0.0,0.0,1.0,10.0,0.0,0.0,0.0,0.0,1.0,0.0,1.0,0.0,1.0,-32.204227503972035,1.0,64.40845500794407,1.0,-32.204227503972035,1.0,-0.0,0.0,0.0,0.0,0.0,0.0,0.0,0.0,110.0,0.0,0.0,0.0,0.0,1.0,10.0,0.0,0.0,0.0,0.0,1.0,0.0,1.0,0.0,1.0,-32.204227503972035,1.0,64.40845500794407,1.0,-32.204227503972035,1.0,-0.0,0.0,0.0,0.0,0.0,0.0,0.0,0.0,110.0,0.0,0.0,0.0,0.0,0.0,0.0,0.0,0.0,0.0,0.0
0.0,0.0,-0.0286,-0.0001,-9.8,0.0,0.0,-0.0,0.0,0.0,0.0,0.0,0.0004,-0.1673,20.7802,0.0,0.0,0.0,0.0,0.0,1.0,0.0,0.0,0.0,1.0,10.0,0.0,0.0,0.0,0.0,1.0,0.0,1.0,0.0,1.0,-32.204227503972035,1.0,64.40845500794407,1.0,-32.204227503972035,1.0,-0.0,0.0,0.0,0.0,0.0,0.0,0.0,0.0,110.0,0.0,0.0,0.0,0.0,1.0,10.0,0.0,0.0,0.0,0.0,1.0,0.0,1.0,0.0,1.0,-32.204227503972035,1.0,64.40845500794407,1.0,-32.204227503972035,1.0,-0.0,0.0,0.0,0.0,0.0,0.0,0.0,0.0,110.0,0.0,0.0,0.0,0.0,0.0,0.0,0.0,0.0,0.0,0.0
0.0,0.0,-0.0286,-0.0001,-9.8,0.0,0.0,-0.0,0.0,0.0,0.0,0.0,0.0004,-0.1673,20.7802,0.0,0.0,0.0,0.0,0.0,1.0,0.0,0.0,0.0,1.0,10.0,0.0,0.0,0.0,0.0,1.0,0.0,1.0,0.0,1.0,-32.204227503972035,1.0,64.40845500794407,1.0,-32.204227503972035,1.0,-0.0,0.0,0.0,0.0,0.0,0.0,0.0,0.0,110.0,0.0,0.0,0.0,0.0,1.0,10.0,0.0,0.0,0.0,0.0,1.0,0.0,1.0,0.0,1.0,-32.204227503972035,1.0,64.40845500794407,1.0,-32.204227503972035,1.0,-0.0,0.0,0.0,0.0,0.0,0.0,0.0,0.0,110.0,0.0,0.0,0.0,0.0,0.0,0.0,0.0,0.0,0.0,0.0
0.0,0.0,-0.0286,-0.0001,-9.8,0.0,0.0,-0.0,0.0,0.0,0.0,0.0,0.0004,-0.1673,20.7802,0.0,0.0,0.0,0.0,0.0,1.0,0.0,0.0,0.0,1.0,10.0,0.0,0.0,0.0,0.0,1.0,0.0,1.0,0.0,1.0,-32.204227503972035,1.0,64.40845500794407,1.0,-32.204227503972035,1.0,-0.0,0.0,0.0,0.0,0.0,0.0,0.0,0.0,110.0,0.0,0.0,0.0,0.0,1.0,10.0,0.0,0.0,0.0,0.0,1.0,0.0,1.0,0.0,1.0,-32.204227503972035,1.0,64.40845500794407,1.0,-32.204227503972035,1.0,-0.0,0.0,0.0,0.0,0.0,0.0,0.0,0.0,110.0,0.0,0.0,0.0,0.0,0.0,0.0,0.0,0.0,0.0,0.0
0.0,0.0,-0.0286,-0.0001,-9.8,0.0,0.0,-0.0,0.0,0.0,0.0,0.0,0.0004,-0.1673,20.7802,0.0,0.0,0.0,0.0,0.0,1.0,0.0,0.0,0.0,1.0,10.0,0.0,0.0,0.0,0.0,1.0,0.0,1.0,0.0,1.0,-32.204227503972035,1.0,64.40845500794407,1.0,-32.204227503972035,1.0,-0.0,0.0,0.0,0.0,0.0,0.0,0.0,0.0,110.0,0.0,0.0,0.0,0.0,1.0,10.0,0.0,0.0,0.0,0.0,1.0,0.0,1.0,0.0,1.0,-32.204227503972035,1.0,64.40845500794407,1.0,-32.204227503972035,1.0,-0.0,0.0,0.0,0.0,0.0,0.0,0.0,0.0,110.0,0.0,0.0,0.0,0.0,0.0,0.0,0.0,0.0,0.0,0.0
0.0,0.0,-0.0286,-0.0001,-9.8,0.0,0.0,-0.0,0.0,0.0,0.0,0.0,0.0004,-0.1673,20.7802,0.0,0.0,0.0,0.0,0.0,1.0,0.0,0.0,0.0,1.0,10.0,0.0,0.0,0.0,0.0,1.0,0.0,1.0,0.0,1.0,-32.204227503972035,1.0,64.40845500794407,1.0,-32.204227503972035,1.0,-0.0,0.0,0.0,0.0,0.0,0.0,0.0,0.0,110.0,0.0,0.0,0.0,0.0,1.0,10.0,0.0,0.0,0.0,0.0,1.0,0.0,1.0,0.0,1.0,-32.204227503972035,1.0,64.40845500794407,1.0,-32.204227503972035,1.0,-0.0,0.0,0.0,0.0,0.0,0.0,0.0,0.0,110.0,0.0,0.0,0.0,0.0,0.0,0.0,0.0,0.0,0.0,0.0
0.0,0.0,-0.0286,-0.0001,-9.8,0.0,0.0,-0.0,0.0,0.0,0.0,0.0,0.0004,-0.1673,20.7802,0.0,0.0,0.0,0.0,0.0,1.0,0.0,0.0,0.0,1.0,10.0,0.0,0.0,0.0,0.0,1.0,0.0,1.0,0.0,1.0,-32.204227503972035,1.0,64.40845500794407,1.0,-32.204227503972035,1.0,-0.0,0.0,0.0,0.0,0.0,0.0,0.0,0.0,110.0,0.0,0.0,0.0,0.0,1.0,10.0,0.0,0.0,0.0,0.0,1.0,0.0,1.0,0.0,1.0,-32.204227503972035,1.0,64.40845500794407,1.0,-32.204227503972035,1.0,-0.0,0.0,0.0,0.0,0.0,0.0,0.0,0.0,110.0,0.0,0.0,0.0,0.0,0.0,0.0,0.0,0.0,0.0,0.0
0.0,0.0,-0.0286,-0.0001,-9.8,0.0,0.0,-0.0,0.0,0.0,0.0,0.0,0.0004,-0.1673,20.7802,0.0,0.0,0.0,0.0,0.0,1.0,0.0,0.0,0.0,1.0,10.0,0.0,0.0,0.0,0.0,1.0,0.0,1.0,0.0,1.0,-32.204227503972035,1.0,64.40845500794407,1.0,-32.204227503972035,1.0,-0.0,0.0,0.0,0.0,0.0,0.0,0.0,0.0,110.0,0.0,0.0,0.0,0.0,1.0,10.0,0.0,0.0,0.0,0.0,1.0,0.0,1.0,0.0,1.0,-32.204227503972035,1.0,64.40845500794407,1.0,-32.204227503972035,1.0,-0.0,0.0,0.0,0.0,0.0,0.0,0.0,0.0,110.0,0.0,0.0,0.0,0.0,0.0,0.0,0.0,0.0,0.0,0.0
0.0,0.0,-0.0286,-0.0001,-9.8,0.0,0.0,-0.0,0.0,0.0,0.0,0.0,0.0004,-0.1673,20.7802,0.0,0.0,0.0,0.0,0.0,1.0,0.0,0.0,0.0,1.0,10.0,0.0,0.0,0.0,0.0,1.0,0.0,1.0,-3.6654506228138786,1.0,-32.204227503972035,1.0,64.40845500794407,1.0,-32.204227503972035,1.0,3.6654506228138786,0.0,0.0,0.0,0.0,0.0,0.0,-7.061280324893513,110.0,0.0,0.0,0.0,0.0,1.0,10.0,0.0,0.0,0.0,0.0,1.0,0.0,1.0,3.6654506228138786,1.0,-32.204227503972035,1.0,64.40845500794407,1.0,-32.204227503972035,1.0,-3.6654506228138786,0.0,0.0,0.0,0.0,0.0,0.0,7.061280324893513,110.0,0.0,0.0,0.0,0.0,0.0,0.0,0.0,0.0,0.0,0.0
0.0,0.0,-0.0286,-0.0001,-9.8,0.0,0.0,-0.0,0.0,0.0,0.0,0.0,0.0004,-0.1673,20.7802,0.0,0.0,0.0,0.0,0.0,1.0,0.0,0.0,0.0,1.0,10.0,0.0,0.0,0.0,0.0,1.0,0.0,1.0,-3.9997303745058774,1.0,-32.204227503972035,1.0,64.40845500794407,1.0,-32.204227503972035,1.0,3.9997303745058774,0.0,0.0,0.0,0.0,0.0,0.0,-7.710300439267109,110.0,0.0,0.0,0.0,0.0,1.0,10.0,0.0,0.0,0.0,0.0,1.0,0.0,1.0,3.9997303745058774,1.0,-32.204227503972035,1.0,64.40845500794407,1.0,-32.204227503972035,1.0,-3.9997303745058774,0.0,0.0,0.0,0.0,0.0,0.0,7.710300439267109,110.0,0.0,0.0,0.0,0.0,0.0,0.0,0.0,0.0,0.0,0.0
0.0,0.0,-0.0286,-0.0001,-9.8,0.0,0.0,-0.0,0.0,0.0,0.0,0.0,0.0004,-0.1673,20.7802,0.0,0.0,0.0,0.0,0.0,1.0,0.0,0.0,0.0,1.0,10.0,0.0,0.0,0.0,0.0,1.0,0.0,1.0,-4.305044034256516,1.0,-32.204227503972035,1.0,64.40845500794407,1.0,-32.204227503972035,1.0,4.305044034256516,0.0,0.0,0.0,0.0,0.0,0.0,-8.304243358925872,110.0,0.0,0.0,0.0,0.0,1.0,10.0,0.0,0.0,0.0,0.0,1.0,0.0,1.0,4.305044034256516,1.0,-32.204227503972035,1.0,64.40845500794407,1.0,-32.204227503972035,1.0,-4.305044034256516,0.0,0.0,0.0,0.0,0.0,0.0,8.304243358925872,110.0,0.0,0.0,0.0,0.0,0.0,0.0,0.0,0.0,0.0,0.0
0.0,0.0,-0.0286,-0.0092,-9.8,-0.822,2.1185,0.1854,0.0,0.0,0.0,0.0,0.0538,-0.1675,20.7802,0.0,0.0,0.0,0.0,0.0,1.0,0.0,0.0,0.0,1.0,10.0,0.0,0.0,0.0,0.0,1.0,0.0,1.0,-4.588528302051373,1.0,-32.204227503972035,1.0,64.40845500794407,1.0,-32.204227503972035,1.0,4.588528302051373,0.0,0.0,0.0,0.0,0.0,0.0,-8.856793469481524,110.0,0.0,0.0,0.0,0.0,1.0,10.0,0.0,0.0,0.0,0.0,1.0,0.0,1.0,4.588528302051373,1.0,-32.204227503972035,1.0,64.40845500794407,1.0,-32.204227503972035,1.0,-4.588528302051373,0.0,0.0,0.0,0.0,0.0,0.0,8.856793469481524,110.0,0.0,0.0,0.0,0.0,0.0,0.0,0.0,0.0,0.0,0.0
0.0,0.0,-0.0289,-0.0397,-9.7999,-1.6907,4.3778,0.4199,0.0,0.0,0.0,0.0,0.2321,-0.169,20.7801,0.0,0.0,0.0,0.0,0.0,1.0,0.0,0.0,0.0,1.0,10.0,0.0,0.0,0.0,0.0,1.0,0.0,1.0,-4.840527588413389,1.0,-32.204227503972035,1.0,64.40845500794407,1.0,-32.204227503972035,1.0,4.840527588413389,0.0,0.0,0.0,0.0,0.0,0.0,-9.348901926912648,110.0,0.0,0.0,0.0,0.0,1.0,10.0,0.0,0.0,0.0,0.0,1.0,0.0,1.0,4.840527588413389,1.0,-32.204227503972035,1.0,64.40845500794407,1.0,-32.204227503972035,1.0,-4.840527588413389,0.0,0.0,0.0,0.0,0.0,0.0,9.348901926912648,110.0,0.0,0.0,0.0,0.0,0.0,0.0,0.0,0.0,0.0,0.0
0.0,0.0,-0.0294,-0.0833,-9.7996,-2.4443,6.3622,0.5989,0.0,0.0,0.0,0.0,0.4871,-0.1721,20.7796,0.0,0.0,0.0,0.0,0.0,1.0,0.0,0.0,0.0,1.0,10.0,0.0,0.0,0.0,0.0,1.0,0.0,1.0,-5.086817486120365,1.0,-32.204227503972035,1.0,64.40845500794407,1.0,-32.204227503972035,1.0,5.086817486120365,0.0,0.0,0.0,0.0,0.0,0.0,-9.830754705290934,110.0,0.0,0.0,0.0,0.0,1.0,10.0,0.0,0.0,0.0,0.0,1.0,0.0,1.0,5.086817486120365,1.0,-32.204227503972035,1.0,64.40845500794407,1.0,-32.204227503972035,1.0,-5.086817486120365,0.0,0.0,0.0,0.0,0.0,0.0,9.830754705290934,110.0,0.0,0.0,0.0,0.0,0.0,0.0,0.0,0.0,0.0,0.0
0.0,0.0,-0.0302,-0.1339,-9.799,-3.122,8.1546,0.6915,0.0,0.0,0.0,0.0,0.7831,-0.1764,20.7788,0.0,0.0,0.0,0.0,0.0,1.0,0.0,0.0,0.0,1.0,10.0,0.0,0.0,0.0,0.0,1.0,0.0,1.0,-5.308460011788283,1.0,-32.204227503972035,1.0,64.40845500794407,1.0,-32.204227503972035,1.0,5.308460011788283,0.0,0.0,0.0,0.0,0.0,0.0,-10.265181322747802,110.0,0.0,0.0,0.0,0.0,1.0,10.0,0.0,0.0,0.0,0.0,1.0,0.0,1.0,5.308460011788283,1.0,-32.204227503972035,1.0,64.40845500794407,1.0,-32.204227503972035,1.0,-5.308460011788283,0.0,0.0,0.0,0.0,0.0,0.0,10.265181322747802,110.0,0.0,0.0,0.0,0.0,0.0,0.0,0.0,0.0,0.0,0.0
0.0,0.0,-0.031,-0.1875,-9.7982,-3.7417,9.7795,0.6729,0.0,0.0,0.0,0.0,1.096,-0.1813,20.7782,0.0,0.0,0.0,0.0,0.0,1.0,0.0,0.0,0.0,1.0,10.0,0.0,0.0,0.0,0.0,1.0,0.0,1.0,-5.501933832847735,1.0,-32.204227503972035,1.0,64.40845500794407,1.0,-32.204227503972035,1.0,5.501933832847735,0.0,0.0,0.0,0.0,0.0,0.0,-10.645040609016041,110.0,0.0,0.0,0.0,0.0,1.0,10.0,0.0,0.0,0.0,0.0,1.0,0.0,1.0,5.501933832847735,1.0,-32.204227503972035,1.0,64.40845500794407,1.0,-32.204227503972035,1.0,-5.501933832847735,0.0,0.0,0.0,0.0,0.0,0.0,10.645040609016041,110.0,0.0,0.0,0.0,0.0,0.0,0.0,0.0,0.0,0.0,0.0
0.0,0.0,-0.0325,-0.2396,-9.797,-4.2851,11.1615,0.5335,0.0,0.0,0.0,0.0,1.4013,-0.1899,20.7805,0.0,0.0,0.0,0.0,0.0,1.0,0.0,0.0,0.0,1.0,10.0,0.0,0.0,0.0,0.0,1.0,0.0,1.0,-5.6741224259069645,1.0,-32.204227503972035,1.0,64.40845500794407,1.0,-32.204227503972035,1.0,5.6741224259069645,0.0,0.0,0.0,0.0,0.0,0.0,-10.983634377089672,110.0,0.0,0.0,0.0,0.0,1.0,10.0,0.0,0.0,0.0,0.0,1.0,0.0,1.0,5.6741224259069645,1.0,-32.204227503972035,1.0,64.40845500794407,1.0,-32.204227503972035,1.0,-5.6741224259069645,0.0,0.0,0.0,0.0,0.0,0.0,10.983634377089672,110.0,0.0,0.0,0.0,0.0,0.0,0.0,0.0,0.0,0.0,0.0
0.0,0.0,-0.0345,-0.2848,-9.7958,-4.6229,11.989,0.3383,0.0,0.0,0.0,0.0,1.6651,-0.2015,20.7839,0.0,0.0,0.0,0.0,0.0,1.0,0.0,0.0,0.0,1.0,10.0,0.0,0.0,0.0,0.0,1.0,0.0,1.0,-5.825901625520095,1.0,-32.204227503972035,1.0,64.40845500794407,1.0,-32.204227503972035,1.0,5.825901625520095,0.0,0.0,0.0,0.0,0.0,0.0,-11.282518837024053,110.0,0.0,0.0,0.0,0.0,1.0,10.0,0.0,0.0,0.0,0.0,1.0,0.0,1.0,5.825901625520095,1.0,-32.204227503972035,1.0,64.40845500794407,1.0,-32.204227503972035,1.0,-5.825901625520095,0.0,0.0,0.0,0.0,0.0,0.0,11.282518837024053,110.0,0.0,0.0,0.0,0.0,0.0,0.0,0.0,0.0,0.0,0.0
0.0,0.0,-0.0367,-0.3139,-9.7949,-4.7449,12.2281,0.1135,0.0,0.0,0.0,0.0,1.8356,-0.2143,20.7882,0.0,0.0,0.0,0.0,0.0,1.0,0.0,0.0,0.0,1.0,10.0,0.0,0.0,0.0,0.0,1.0,0.0,1.0,-5.946019489245556,1.0,-32.204227503972035,1.0,64.40845500794407,1.0,-32.204227503972035,1.0,5.946019489245556,0.0,0.0,0.0,0.0,0.0,0.0,-11.519345186126658,110.0,0.0,0.0,0.0,0.0,1.0,10.0,0.0,0.0,0.0,0.0,1.0,0.0,1.0,5.946019489245556,1.0,-32.204227503972035,1.0,64.40845500794407,1.0,-32.204227503972035,1.0,-5.946019489245556,0.0,0.0,0.0,0.0,0.0,0.0,11.519345186126658,110.0,0.0,0.0,0.0,0.0,0.0,0.0,0.0,0.0,0.0,0.0
0.0,0.0,-0.0388,-0.3211,-9.7947,-4.7393,12.124,-0.1243,0.0,0.0,0.0,0.0,1.8779,-0.2268,20.7933,0.0,0.0,0.0,0.0,0.0,1.0,0.0,0.0,0.0,1.0,10.0,0.0,0.0,0.0,0.0,1.0,0.0,1.0,-6.04432672993789,1.0,-32.204227503972035,1.0,64.40845500794407,1.0,-32.204227503972035,1.0,6.04432672993789,0.0,0.0,0.0,0.0,0.0,0.0,-11.713364129659052,110.0,0.0,0.0,0.0,0.0,1.0,10.0,0.0,0.0,0.0,0.0,1.0,0.0,1.0,6.04432672993789,1.0,-32.204227503972035,1.0,64.40845500794407,1.0,-32.204227503972035,1.0,-6.04432672993789,0.0,0.0,0.0,0.0,0.0,0.0,11.713364129659052,110.0,0.0,0.0,0.0,0.0,0.0,0.0,0.0,0.0,0.0,0.0
0.0,0.0,-0.0409,-0.3018,-9.7953,-4.6791,11.8683,-0.649,0.0,0.0,0.0,0.0,1.7649,-0.2394,20.7994,0.0,0.0,0.0,0.0,0.0,1.0,0.0,0.0,0.0,1.0,10.0,0.0,0.0,0.0,0.0,1.0,0.0,1.0,-6.1187143923981795,1.0,-32.204227503972035,1.0,64.40845500794407,1.0,-32.204227503972035,1.0,6.1187143923981795,0.0,0.0,0.0,0.0,0.0,0.0,-11.860294064371073,110.0,0.0,0.0,0.0,0.0,1.0,10.0,0.0,0.0,0.0,0.0,1.0,0.0,1.0,6.1187143923981795,1.0,-32.204227503972035,1.0,64.40845500794407,1.0,-32.204227503972035,1.0,-6.1187143923981795,0.0,0.0,0.0,0.0,0.0,0.0,11.860294064371073,110.0,0.0,0.0,0.0,0.0,0.0,0.0,0.0,0.0,0.0,0.0
0.0,0.0,-0.0424,-0.2616,-9.7964,-4.767,12.0407,-1.5577,0.0,0.0,0.0,0.0,1.5294,-0.2479,20.8041,0.0,0.0,0.0,0.0,0.0,1.0,0.0,0.0,0.0,1.0,10.0,0.0,0.0,0.0,0.0,1.0,0.0,1.0,-6.165393589719461,1.0,-32.204227503972035,1.0,64.40845500794407,1.0,-32.204227503972035,1.0,6.165393589719461,0.0,0.0,0.0,0.0,0.0,0.0,-11.952547324808611,110.0,0.0,0.0,0.0,0.0,1.0,10.0,0.0,0.0,0.0,0.0,1.0,0.0,1.0,6.165393589719461,1.0,-32.204227503972035,1.0,64.40845500794407,1.0,-32.204227503972035,1.0,-6.165393589719461,0.0,0.0,0.0,0.0,0.0,0.0,11.952547324808611,110.0,0.0,0.0,0.0,0.0,0.0,0.0,0.0,0.0,0.0,0.0
0.0,0.0,-0.0433,-0.2188,-9.7975,-4.9107,12.4099,-2.4086,0.0,0.0,0.0,0.0,1.2795,-0.2529,20.8071,0.0,0.0,0.0,0.0,0.0,1.0,0.0,0.0,0.0,1.0,10.0,0.0,0.0,0.0,0.0,1.0,0.0,1.0,-6.187881344097019,1.0,-32.204227503972035,1.0,64.40845500794407,1.0,-32.204227503972035,1.0,6.187881344097019,0.0,0.0,0.0,0.0,0.0,0.0,-11.99700511050247,110.0,0.0,0.0,0.0,0.0,1.0,10.0,0.0,0.0,0.0,0.0,1.0,0.0,1.0,6.187881344097019,1.0,-32.204227503972035,1.0,64.40845500794407,1.0,-32.204227503972035,1.0,-6.187881344097019,0.0,0.0,0.0,0.0,0.0,0.0,11.99700511050247,110.0,0.0,0.0,0.0,0.0,0.0,0.0,0.0,0.0,0.0,0.0
0.0,0.0,-0.0441,-0.1706,-9.7984,-4.838,12.4903,-2.6925,0.0,0.0,0.0,0.0,0.9973,-0.2581,20.8093,0.0,0.0,0.0,0.0,0.0,1.0,0.0,0.0,0.0,1.0,10.0,0.0,0.0,0.0,0.0,1.0,0.0,1.0,-7.686572711649775,1.0,-31.711412156725018,1.0,64.40181483179236,1.0,-32.69040267506735,1.0,7.686572711649775,0.0,0.0,0.0,0.0,0.0,0.9397862984970053,-14.983430880931476,110.0,0.0,0.0,0.0,0.0,1.0,10.0,0.0,0.0,0.0,0.0,1.0,0.0,1.0,8.764429142679182,1.0,-42.94140663240297,1.0,84.76134406381304,1.0,-41.81993743141007,1.0,-8.764429142679182,0.0,0.0,0.0,0.0,0.0,-0.9397862984970009,14.983430880931476,96.02416079591373,0.0,0.0,0.0,0.0,0.0,0.0,0.0,0.0,0.0,0.0
0.0,0.0,-0.0458,-0.1253,-9.7991,-4.4845,12.2483,-2.4807,0.0,0.0,0.0,0.0,0.7329,-0.2677,20.8093,0.0,0.0,0.0,0.0,0.0,1.0,0.0,0.0,0.0,1.0,10.0,0.0,0.0,0.0,0.0,1.0,0.0,1.0,-7.648757696762761,1.0,-31.0305050854471,1.0,64.37145799379283,1.0,-33.340952908345734,1.0,7.648757696762761,0.0,0.0,0.0,0.0,0.0,2.2181712824940183,-14.90745921815164,110.0,0.0,0.0,0.0,0.0,1.0,10.0,0.0,0.0,0.0,0.0,1.0,0.0,1.0,8.712049396629133,1.0,-43.61626595443724,1.0,84.58896883153882,1.0,-40.972702877101575,1.0,-8.712049396629133,0.0,0.0,0.0,0.0,0.0,-2.2181712824940143,14.90745921815164,96.13487717304608,0.0,0.0,0.0,0.0,0.0,0.0,0.0,0.0,0.0,0.0
0.0,0.0,-0.0468,-0.0825,-9.7995,-4.34,12.7068,-2.6695,0.0,0.0,0.0,0.0,0.4825,-0.2734,20.8033,0.0,0.0,0.0,0.0,0.0,1.0,0.0,0.0,0.0,1.0,10.0,0.0,0.0,0.0,0.0,1.0,0.0,1.0,-7.57584996044959,1.0,-30.30543575782422,1.0,64.31338201237376,1.0,-34.007946254549545,1.0,7.57584996044959,0.0,0.0,0.0,0.0,0.0,3.5553922568005216,-14.761082008745467,110.0,0.0,0.0,0.0,0.0,1.0,10.0,0.0,0.0,0.0,0.0,1.0,0.0,1.0,8.611386825623345,1.0,-44.241858305460354,1.0,84.25702189456194,1.0,-40.0151635891016,1.0,-8.611386825623345,0.0,0.0,0.0,0.0,0.0,-3.555392256800518,14.761082008745467,96.347900441349,0.0,0.0,0.0,0.0,0.0,0.0,0.0,0.0,0.0,0.0
0.0,0.0,-0.0481,-0.0525,-9.7997,-3.7864,13.287,-2.3178,0.0,0.0,0.0,0.0,0.3068,-0.2814,20.7822,0.0,0.0,0.0,0.0,0.0,1.0,0.0,0.0,0.0,1.0,10.0,0.0,0.0,0.0,0.0,1.0,0.0,1.0,-7.471796582118421,1.0,-29.5915112002936,1.0,64.23152602800468,1.0,-34.640014827711084,1.0,7.471796582118421,0.0,0.0,0.0,0.0,0.0,4.8493534812702075,-14.552392280401941,110.0,0.0,0.0,0.0,0.0,1.0,10.0,0.0,0.0,0.0,0.0,1.0,0.0,1.0,8.468461101045369,1.0,-44.764420983019136,1.0,83.78415441117339,1.0,-39.019733428154254,1.0,-8.468461101045369,0.0,0.0,0.0,0.0,0.0,-4.849353481270209,14.552392280401941,96.65092620070423,0.0,0.0,0.0,0.0,0.0,0.0,0.0,0.0,0.0,0.0
0.0,0.0,-0.055,-0.0287,-9.7998,-2.5658,13.4663,-1.8265,0.0,0.0,0.0,0.0,0.1679,-0.3217,20.7455,0.0,0.0,0.0,0.0,0.0,1.0,0.0,0.0,0.0,1.0,10.0,0.0,0.0,0.0,0.0,1.0,0.0,1.0,-7.334839277669038,1.0,-28.873252701021656,1.0,64.12562572889495,1.0,-35.2523730278733,1.0,7.334839277669038,0.0,0.0,0.0,0.0,0.0,6.129849286071646,-14.278096270096775,110.0,0.0,0.0,0.0,0.0,1.0,10.0,0.0,0.0,0.0,0.0,1.0,0.0,1.0,8.28165184105894,1.0,-45.19582848029964,1.0,83.16330431597666,1.0,-37.96747583567702,1.0,-8.28165184105894,0.0,0.0,0.0,0.0,0.0,-6.129849286071644,14.278096270096775,97.04798862282131,0.0,0.0,0.0,0.0,0.0,0.0,0.0,0.0,0.0,0.0
0.0,0.0,-0.0727,-0.0068,-9.7997,-0.9827,12.9397,-1.273,0.0,0.0,0.0,0.0,0.04,-0.4253,20.722,0.0,0.0,0.0,0.0,0.0,1.0,0.0,0.0,0.0,1.0,10.0,0.0,0.0,0.0,0.0,1.0,0.0,1.0,-7.171829661966186,1.0,-28.18163495455052,1.0,64.00229698196611,1.0,-35.820662027415594,1.0,7.171829661966186,0.0,0.0,0.0,0.0,0.0,7.343821365198003,-13.952183050074439,110.0,0.0,0.0,0.0,0.0,1.0,10.0,0.0,0.0,0.0,0.0,1.0,0.0,1.0,8.061228425837399,1.0,-45.519955482518,1.0,82.42657835655356,1.0,-36.906622874035556,1.0,-8.061228425837399,0.0,0.0,0.0,0.0,0.0,-7.343821365198003,13.952183050074439,97.5179435485551,0.0,0.0,0.0,0.0,0.0,0.0,0.0,0.0,0.0,0.0
0.0,0.0,-0.0988,0.0199,-9.7995,0.8172,12.0101,-0.6074,0.0,0.0,0.0,0.0,-0.1162,-0.5776,20.7163,0.0,0.0,0.0,0.0,0.0,1.0,0.0,0.0,0.0,1.0,10.0,0.0,0.0,0.0,0.0,1.0,0.0,1.0,-6.981614726890196,1.0,-27.504684671690526,1.0,63.86210128091164,1.0,-36.35741660922111,1.0,6.981614726890196,0.0,0.0,0.0,0.0,0.0,8.514959243902778,-13.572626914289824,110.0,0.0,0.0,0.0,0.0,1.0,10.0,0.0,0.0,0.0,0.0,1.0,0.0,1.0,7.8066184887006465,1.0,-45.747565992665116,1.0,81.56983936039987,1.0,-35.822273367734745,1.0,-7.8066184887006465,0.0,0.0,0.0,0.0,0.0,-8.514959243902776,13.572626914289824,98.06272111402376,0.0,0.0,0.0,0.0,0.0,0.0,0.0,0.0,0.0,0.0
0.0,0.0,-0.1309,0.0532,-9.799,2.5378,10.9643,-0.0425,0.0,0.0,0.0,0.0,-0.3108,-0.7653,20.7248,0.0,0.0,0.0,0.0,0.0,1.0,0.0,0.0,0.0,1.0,10.0,0.0,0.0,0.0,0.0,1.0,0.0,1.0,-6.7582051813424835,1.0,-26.82445050364811,1.0,63.70252506318975,1.0,-36.87807455954164,1.0,6.7582051813424835,0.0,0.0,0.0,0.0,0.0,9.675624520065114,-13.12783448278988,110.0,0.0,0.0,0.0,0.0,1.0,10.0,0.0,0.0,0.0,0.0,1.0,0.0,1.0,7.51109073930924,1.0,-45.88271660707648,1.0,80.56745967408888,1.0,-34.68474306701239,1.0,-7.51109073930924,0.0,0.0,0.0,0.0,0.0,-9.675624520065115,13.12783448278988,98.69762441427719,0.0,0.0,0.0,0.0,0.0,0.0,0.0,0.0,0.0,0.0
0.0,0.0,-0.1637,0.0913,-9.7982,4.0585,9.7539,0.7166,0.0,0.0,0.0,0.0,-0.5337,-0.957,20.7448,0.0,0.0,0.0,0.0,0.0,1.0,0.0,0.0,0.0,1.0,10.0,0.0,0.0,0.0,0.0,1.0,0.0,1.0,-6.516724359376507,1.0,-26.18567971965187,1.0,63.536185066923444,1.0,-37.35050534727158,1.0,6.516724359376507,0.0,0.0,0.0,0.0,0.0,10.751505736927678,-12.648236338268916,110.0,0.0,0.0,0.0,0.0,1.0,10.0,0.0,0.0,0.0,0.0,1.0,0.0,1.0,7.195841984636364,1.0,-45.91893807706567,1.0,79.48846651573086,1.0,-33.5695284386652,1.0,-7.195841984636364,0.0,0.0,0.0,0.0,0.0,-10.751505736927678,12.648236338268916,99.37790379552942,0.0,0.0,0.0,0.0,0.0,0.0,0.0,0.0,0.0,0.0
0.0,0.0,-0.1637,0.0913,-9.7982,4.0585,9.7539,0.7166,0.0,0.0,0.0,0.0,-0.5337,-0.957,20.7448,0.0,0.0,0.0,0.0,0.0,1.0,0.0,0.0,0.0,1.0,10.0,0.0,0.0,0.0,0.0,1.0,0.0,1.0,-6.24330367903435,1.0,-25.550728062621868,1.0,63.35550364817453,1.0,-37.80477558555266,1.0,6.24330367903435,0.0,0.0,0.0,0.0,0.0,11.808085851239298,-12.106614867418198,110.0,0.0,0.0,0.0,0.0,1.0,10.0,0.0,0.0,0.0,0.0,1.0,0.0,1.0,6.844023073383939,1.0,-45.86099984361642,1.0,78.27204687908569,1.0,-32.41104703546927,1.0,-6.844023073383939,0.0,0.0,0.0,0.0,0.0,-11.808085851239293,12.106614867418198,100.14069318100893,0.0,0.0,0.0,0.0,0.0,0.0,0.0,0.0,0.0,0.0
0.0,0.0,-0.1883,0.1276,-9.7974,5.131,8.6532,1.434,0.0,0.0,0.0,0.0,-0.7463,-1.101,20.7717,0.0,0.0,0.0,0.0,0.0,1.0,0.0,0.0,0.0,1.0,10.0,0.0,0.0,0.0,0.0,1.0,0.0,1.0,-5.945130798384187,1.0,-24.939943833423342,1.0,63.16768122725308,1.0,-38.227737393829734,1.0,5.945130798384187,0.0,0.0,0.0,0.0,0.0,12.812845834073606,-11.5175920733523,110.0,0.0,0.0,0.0,0.0,1.0,10.0,0.0,0.0,0.0,0.0,1.0,0.0,1.0,6.466402861244255,1.0,-45.70825550815404,1.0,76.95151323027133,1.0,-31.243257722117296,1.0,-6.466402861244255,0.0,0.0,0.0,0.0,0.0,-12.812845834073604,11.5175920733523,100.96352944549932,0.0,0.0,0.0,0.0,0.0,0.0,0.0,0.0,0.0,0.0
0.0,0.0,-0.2131,0.1801,-9.796,6.3618,7.1844,2.258,0.0,0.0,0.0,0.0,-1.0531,-1.2462,20.8143,0.0,0.0,0.0,0.0,0.0,1.0,0.0,0.0,0.0,1.0,10.0,0.0,0.0,0.0,0.0,1.0,0.0,1.0,-5.613478560818365,1.0,-24.33949516957056,1.0,62.96999123853788,1.0,-38.63049606896732,1.0,5.613478560818365,0.0,0.0,0.0,0.0,0.0,13.789942915990709,-10.86432599544105,110.0,0.0,0.0,0.0,0.0,1.0,10.0,0.0,0.0,0.0,0.0,1.0,0.0,1.0,6.053582654662017,1.0,-45.454106506868484,1.0,75.4895630284355,1.0,-30.03545652156701,1.0,-6.053582654662017,0.0,0.0,0.0,0.0,0.0,-13.789942915990709,10.86432599544105,101.86775099495463,0.0,0.0,0.0,0.0,0.0,0.0,0.0,0.0,0.0,0.0
0.0,0.0,-0.226,0.2284,-9.7947,7.2125,6.0579,2.5799,0.0,0.0,0.0,0.0,-1.3356,-1.3213,20.85,0.0,0.0,0.0,0.0,0.0,1.0,0.0,0.0,0.0,1.0,10.0,0.0,0.0,0.0,0.0,1.0,0.0,1.0,-5.261028673896064,1.0,-23.7754031187006,1.0,62.77277126473365,1.0,-38.997368146033054,1.0,5.261028673896064,0.0,0.0,0.0,0.0,0.0,14.698594457607982,-10.172149136050919,110.0,0.0,0.0,0.0,0.0,1.0,10.0,0.0,0.0,0.0,0.0,1.0,0.0,1.0,5.622922535808431,1.0,-45.10751771178217,1.0,73.94325916820014,1.0,-28.835741456417967,1.0,-5.622922535808431,0.0,0.0,0.0,0.0,0.0,-14.698594457607982,10.172149136050919,102.81599983537491,0.0,0.0,0.0,0.0,0.0,0.0,0.0,0.0,0.0,0.0
0.0,0.0,-0.23,0.2834,-9.7932,8.1048,4.8286,2.8403,0.0,0.0,0.0,0.0,-1.6576,-1.345,20.8806,0.0,0.0,0.0,0.0,0.0,1.0,0.0,0.0,0.0,1.0,10.0,0.0,0.0,0.0,0.0,1.0,0.0,1.0,-4.891631239869703,1.0,-23.25246125941697,1.0,62.58020351029981,1.0,-39.32774225088284,1.0,4.891631239869703,0.0,0.0,0.0,0.0,0.0,15.533190546323642,-9.4488091943655,110.0,0.0,0.0,0.0,0.0,1.0,10.0,0.0,0.0,0.0,0.0,1.0,0.0,1.0,5.180147547322824,1.0,-44.67626062229072,1.0,72.330061263573,1.0,-27.65380064128228,1.0,-5.180147547322824,0.0,0.0,0.0,0.0,0.0,-15.533190546323636,9.4488091943655,103.79583532467885,0.0,0.0,0.0,0.0,0.0,0.0,0.0,0.0,0.0,0.0
0.0,0.0,-0.2252,0.3299,-9.7919,8.7883,4.0309,2.8657,0.0,0.0,0.0,0.0,-1.9293,-1.3167,20.8953,0.0,0.0,0.0,0.0,0.0,1.0,0.0,0.0,0.0,1.0,10.0,0.0,0.0,0.0,0.0,1.0,0.0,1.0,-4.489298215000625,1.0,-22.75074151456443,1.0,62.38681875159939,1.0,-39.63607723703497,1.0,4.489298215000625,0.0,0.0,0.0,0.0,0.0,16.327098656396686,-8.663258066320244,110.0,0.0,0.0,0.0,0.0,1.0,10.0,0.0,0.0,0.0,0.0,1.0,0.0,1.0,4.707527156397674,1.0,-44.141712250298816,1.0,70.58100139337193,1.0,-26.439289143073115,1.0,-4.707527156397674,0.0,0.0,0.0,0.0,0.0,-16.327098656396686,8.663258066320244,104.84669806219036,0.0,0.0,0.0,0.0,0.0,0.0,0.0,0.0,0.0,0.0
0.0,0.0,-0.2151,0.3777,-9.7904,9.3853,3.1987,2.8254,0.0,0.0,0.0,0.0,-2.2092,-1.2575,20.8966,0.0,0.0,0.0,0.0,0.0,1.0,0.0,0.0,0.0,1.0,10.0,0.0,0.0,0.0,0.0,1.0,0.0,1.0,-4.058086424447987,1.0,-22.281317478968774,1.0,62.19836237822165,1.0,-39.91704489925288,1.0,4.058086424447987,0.0,0.0,0.0,0.0,0.0,17.06401918054691,-7.823734900342298,110.0,0.0,0.0,0.0,0.0,1.0,10.0,0.0,0.0,0.0,0.0,1.0,0.0,1.0,4.211680223838264,1.0,-43.506416957129055,1.0,68.7148484672469,1.0,-25.208431510117844,1.0,-4.211680223838264,0.0,0.0,0.0,0.0,0.0,-17.06401918054691,7.823734900342298,105.95400782201645,0.0,0.0,0.0,0.0,0.0,0.0,0.0,0.0,0.0,0.0
0.0,0.0,-0.1994,0.4211,-9.7889,9.7533,2.4201,2.5299,0.0,0.0,0.0,0.0,-2.4634,-1.1658,20.8831,0.0,0.0,0.0,0.0,0.0,1.0,0.0,0.0,0.0,1.0,10.0,0.0,0.0,0.0,0.0,1.0,0.0,1.0,-3.6193422790851586,1.0,-21.867904431498165,1.0,62.02646614019773,1.0,-40.15856170869957,1.0,3.6193422790851586,0.0,0.0,0.0,0.0,0.0,17.70841411878102,-6.971856928841723,110.0,0.0,0.0,0.0,0.0,1.0,10.0,0.0,0.0,0.0,0.0,1.0,0.0,1.0,3.718033253847549,1.0,-42.80419235099119,1.0,66.8243393597474,1.0,-24.020147008756215,1.0,-3.718033253847549,0.0,0.0,0.0,0.0,0.0,-17.708414118781015,6.971856928841723,107.06036427396634,0.0,0.0,0.0,0.0,0.0,0.0,0.0,0.0,0.0,0.0
0.0,0.0,-0.1801,0.4561,-9.7877,10.4069,1.5412,2.4853,0.0,0.0,0.0,0.0,-2.6679,-1.0532,20.8684,0.0,0.0,0.0,0.0,0.0,1.0,0.0,0.0,0.0,1.0,10.0,0.0,0.0,0.0,0.0,1.0,0.0,1.0,-3.1403592983601265,1.0,-21.48307631234536,1.0,61.86153635629107,1.0,-40.3784600439457,1.0,3.1403592983601265,0.0,0.0,0.0,0.0,0.0,18.304466091650525,-6.044205333915616,110.0,0.0,0.0,0.0,0.0,1.0,10.0,0.0,0.0,0.0,0.0,1.0,0.0,1.0,3.191026336166748,1.0,-41.98269951065124,1.0,64.76923962314481,1.0,-22.786540112493583,1.0,-3.191026336166748,0.0,0.0,0.0,0.0,0.0,-18.304466091650525,6.044205333915616,108.24456480369932,0.0,0.0,0.0,0.0,0.0,0.0,0.0,0.0,0.0,0.0
0.0,0.0,-0.1631,0.493,-9.7862,11.0071,0.7094,2.4091,0.0,0.0,0.0,0.0,-2.884,-0.9533,20.8684,0.0,0.0,0.0,0.0,0.0,1.0,0.0,0.0,0.0,1.0,10.0,0.0,0.0,0.0,0.0,1.0,0.0,1.0,-2.6565898754817967,1.0,-21.158798595002317,1.0,61.718918474436016,1.0,-40.56011987943369,1.0,2.6565898754817967,0.0,0.0,0.0,0.0,0.0,18.80394974130521,-5.109447543143789,110.0,0.0,0.0,0.0,0.0,1.0,10.0,0.0,0.0,0.0,0.0,1.0,0.0,1.0,2.670737732924662,1.0,-41.102723793743465,1.0,62.70241454817529,1.0,-21.599690754431816,1.0,-2.670737732924662,0.0,0.0,0.0,0.0,0.0,-18.803949741305207,5.109447543143789,109.41518985476614,0.0,0.0,0.0,0.0,0.0,0.0,0.0,0.0,0.0,0.0
0.0,0.0,-0.147,0.5301,-9.7845,11.4624,-0.274,2.5711,0.0,0.0,0.0,0.0,-3.1014,-0.8595,20.8837,0.0,0.0,0.0,0.0,0.0,1.0,0.0,0.0,0.0,1.0,10.0,0.0,0.0,0.0,0.0,1.0,0.0,1.0,-2.1716060194866,1.0,-20.89396926498424,1.0,61.600001785862275,1.0,-40.70603252087804,1.0,2.1716060194866,0.0,0.0,0.0,0.0,0.0,19.210006115625916,-4.174183942240487,110.0,0.0,0.0,0.0,0.0,1.0,10.0,0.0,0.0,0.0,0.0,1.0,0.0,1.0,2.1716060194866,1.0,-40.70603252087804,1.0,61.600001785862275,1.0,-20.89396926498424,1.0,-2.1716060194866,0.0,0.0,0.0,0.0,0.0,-19.210006115625916,4.174183942240487,110.0,0.0,0.0,0.0,0.0,0.0,0.0,0.0,0.0,0.0,0.0
0.0,0.0,-0.1315,0.569,-9.7826,11.6746,-1.3073,2.7392,0.0,0.0,0.0,0.0,-3.3289,-0.7686,20.9041,0.0,0.0,0.0,0.0,0.0,1.0,0.0,0.0,0.0,1.0,10.0,0.0,0.0,0.0,0.0,1.0,0.0,1.0,-1.6705520489461276,1.0,-20.680036876860353,1.0,61.50234754788445,1.0,-40.82231067102409,1.0,1.6705520489461276,0.0,0.0,0.0,0.0,0.0,19.53681804393836,-3.2095041133950937,110.0,0.0,0.0,0.0,0.0,1.0,10.0,0.0,0.0,0.0,0.0,1.0,0.0,1.0,1.6705520489461276,1.0,-40.82231067102409,1.0,61.50234754788445,1.0,-20.680036876860353,1.0,-1.6705520489461276,0.0,0.0,0.0,0.0,0.0,-19.53681804393836,3.2095041133950937,110.0,0.0,0.0,0.0,0.0,0.0,0.0,0.0,0.0,0.0,0.0
0.0,0.0,-0.1117,0.6045,-9.7807,11.3588,-2.0189,2.4227,0.0,0.0,0.0,0.0,-3.5365,-0.6528,20.9191,0.0,0.0,0.0,0.0,0.0,1.0,0.0,0.0,0.0,1.0,10.0,0.0,0.0,0.0,0.0,1.0,0.0,1.0,-1.1989026982721172,1.0,-20.531593749818136,1.0,61.433756413837735,1.0,-40.9021626640196,1.0,1.1989026982721172,0.0,0.0,0.0,0.0,0.0,19.762958822921494,-2.302568227430853,110.0,0.0,0.0,0.0,0.0,1.0,10.0,0.0,0.0,0.0,0.0,1.0,0.0,1.0,1.1989026982721172,1.0,-40.9021626640196,1.0,61.433756413837735,1.0,-20.531593749818136,1.0,-1.1989026982721172,0.0,0.0,0.0,0.0,0.0,-19.76295882292149,2.302568227430853,110.0,0.0,0.0,0.0,0.0,0.0,0.0,0.0,0.0,0.0,0.0
0.0,0.0,-0.081,0.6375,-9.7789,10.9608,-3.1506,2.3652,0.0,0.0,0.0,0.0,-3.7301,-0.4736,20.9247,0.0,0.0,0.0,0.0,0.0,1.0,0.0,0.0,0.0,1.0,10.0,0.0,0.0,0.0,0.0,1.0,0.0,1.0,-0.693725420894698,1.0,-20.427661617214294,1.0,61.38532911522216,1.0,-40.957667498007865,1.0,0.693725420894698,0.0,0.0,0.0,0.0,0.0,19.920987164227455,-1.3320199328502238,110.0,0.0,0.0,0.0,0.0,1.0,10.0,0.0,0.0,0.0,0.0,1.0,0.0,1.0,0.693725420894698,1.0,-40.957667498007865,1.0,61.38532911522216,1.0,-20.427661617214294,1.0,-0.693725420894698,0.0,0.0,0.0,0.0,0.0,-19.920987164227455,1.3320199328502238,110.0,0.0,0.0,0.0,0.0,0.0,0.0,0.0,0.0,0.0,0.0
0.0,0.0,-0.0489,0.6654,-9.7773,10.5971,-4.4463,2.5706,0.0,0.0,0.0,0.0,-3.8935,-0.2857,20.9186,0.0,0.0,0.0,0.0,0.0,1.0,0.0,0.0,0.0,1.0,10.0,0.0,0.0,0.0,0.0,1.0,0.0,1.0,-0.1674670139796247,1.0,-20.378661580626048,1.0,61.362382582344274,1.0,-40.98372100171822,1.0,0.1674670139796247,0.0,0.0,0.0,0.0,0.0,19.995405140720084,-0.321515875014717,110.0,0.0,0.0,0.0,0.0,1.0,10.0,0.0,0.0,0.0,0.0,1.0,0.0,1.0,0.1674670139796247,1.0,-40.98372100171822,1.0,61.362382582344274,1.0,-20.378661580626048,1.0,-0.1674670139796247,0.0,0.0,0.0,0.0,0.0,-19.995405140720084,0.321515875014717,110.0,0.0,0.0,0.0,0.0,0.0,0.0,0.0,0.0,0.0,0.0
0.0,0.0,-0.0057,0.6975,-9.7751,10.009,-5.9839,2.6639,0.0,0.0,0.0,0.0,-4.0812,-0.0335,20.8965,0.0,0.0,0.0,0.0,0.0,1.0,0.0,0.0,0.0,1.0,10.0,0.0,0.0,0.0,0.0,1.0,0.0,1.0,0.35656522842689364,1.0,-20.38936094557017,1.0,61.367399330064245,1.0,-40.97803838449407,1.0,-0.35656522842689364,0.0,0.0,0.0,0.0,0.0,19.979160373934185,0.6845781900905639,110.0,0.0,0.0,0.0,0.0,1.0,10.0,0.0,0.0,0.0,0.0,1.0,0.0,1.0,-0.35656522842689364,1.0,-40.97803838449407,1.0,61.367399330064245,1.0,-20.38936094557017,1.0,0.35656522842689364,0.0,0.0,0.0,0.0,0.0,-19.979160373934185,-0.6845781900905639,110.0,0.0,0.0,0.0,0.0,0.0,0.0,0.0,0.0,0.0,0.0
0.0,0.0,0.03,0.7204,-9.7734,9.5858,-7.0146,2.552,0.0,0.0,0.0,0.0,-4.2155,0.1755,20.8699,0.0,0.0,0.0,0.0,0.0,1.0,0.0,0.0,0.0,1.0,10.0,0.0,0.0,0.0,0.0,1.0,0.0,1.0,0.8555267619489086,1.0,-20.45483644087846,1.0,61.39802326391117,1.0,-40.94318682303271,1.0,-0.8555267619489086,0.0,0.0,0.0,0.0,0.0,19.87969203186461,1.6427987259545804,110.0,0.0,0.0,0.0,0.0,1.0,10.0,0.0,0.0,0.0,0.0,1.0,0.0,1.0,-0.8555267619489086,1.0,-40.94318682303271,1.0,61.39802326391117,1.0,-20.45483644087846,1.0,0.8555267619489086,0.0,0.0,0.0,0.0,0.0,-19.87969203186461,-1.6427987259545804,110.0,0.0,0.0,0.0,0.0,0.0,0.0,0.0,0.0,0.0,0.0
0.0,0.0,0.0795,0.7487,-9.771,9.1961,-8.2756,2.2614,0.0,0.0,0.0,0.0,-4.3819,0.465,20.825,0.0,0.0,0.0,0.0,0.0,1.0,0.0,0.0,0.0,1.0,10.0,0.0,0.0,0.0,0.0,1.0,0.0,1.0,1.371131969956881,1.0,-20.579970368179655,1.0,61.456184355553944,1.0,-40.87621398737429,1.0,-1.371131969956881,0.0,0.0,0.0,0.0,0.0,19.689317225802956,2.633641545409258,110.0,0.0,0.0,0.0,0.0,1.0,10.0,0.0,0.0,0.0,0.0,1.0,0.0,1.0,-1.371131969956881,1.0,-40.87621398737429,1.0,61.456184355553944,1.0,-20.579970368179655,1.0,1.371131969956881,0.0,0.0,0.0,0.0,0.0,-19.689317225802956,-2.633641545409258,110.0,0.0,0.0,0.0,0.0,0.0,0.0,0.0,0.0,0.0,0.0
0.0,0.0,0.1268,0.7706,-9.7688,8.7137,-8.9826,1.884,0.0,0.0,0.0,0.0,-4.5105,0.7416,20.7805,0.0,0.0,0.0,0.0,0.0,1.0,0.0,0.0,0.0,1.0,10.0,0.0,0.0,0.0,0.0,1.0,0.0,1.0,1.8637416954755965,1.0,-20.755532904473437,1.0,61.53697119859269,1.0,-40.78143829411925,1.0,-1.8637416954755965,0.0,0.0,0.0,0.0,0.0,19.42160944643262,3.5812862440762285,110.0,0.0,0.0,0.0,0.0,1.0,10.0,0.0,0.0,0.0,0.0,1.0,0.0,1.0,-1.8637416954755965,1.0,-40.78143829411924,1.0,61.53697119859269,1.0,-20.755532904473437,1.0,1.8637416954755965,0.0,0.0,0.0,0.0,0.0,-19.421609446432615,-3.5812862440762285,110.0,0.0,0.0,0.0,0.0,0.0,0.0,0.0,0.0,0.0,0.0
0.0,0.0,0.162,0.779,-9.7676,8.399,-9.4039,1.5411,0.0,0.0,0.0,0.0,-4.5597,0.947,20.7435,0.0,0.0,0.0,0.0,0.0,1.0,0.0,0.0,0.0,1.0,10.0,0.0,0.0,0.0,0.0,1.0,0.0,1.0,2.3494532513561084,1.0,-20.98432135385014,1.0,61.64081846202316,1.0,-40.65649710817302,1.0,-2.3494532513561084,0.0,0.0,0.0,0.0,0.0,19.071657852108334,4.516959714156688,110.0,0.0,0.0,0.0,0.0,1.0,10.0,0.0,0.0,0.0,0.0,1.0,0.0,1.0,-2.3494532513561084,1.0,-40.65649710817302,1.0,61.64081846202316,1.0,-20.98432135385014,1.0,2.3494532513561084,0.0,0.0,0.0,0.0,0.0,-19.071657852108334,-4.516959714156688,110.0,0.0,0.0,0.0,0.0,0.0,0.0,0.0,0.0,0.0,0.0
0.0,0.0,0.1937,0.7795,-9.767,8.1898,-10.1132,1.2702,0.0,0.0,0.0,0.0,-4.563,1.1326,20.7085,0.0,0.0,0.0,0.0,0.0,1.0,0.0,0.0,0.0,1.0,10.0,0.0,0.0,0.0,0.0,1.0,0.0,1.0,2.8521543964584577,1.0,-22.01024556117554,1.0,63.42738558290645,1.0,-41.417140021730916,1.0,-2.8521543964584577,0.0,0.0,0.0,0.0,0.0,18.63964999051759,5.437549046209723,109.00695375694971,0.0,0.0,0.0,0.0,1.0,10.0,0.0,0.0,0.0,0.0,1.0,0.0,1.0,-2.8265109120796206,1.0,-40.50062891289106,1.0,61.76627595018962,1.0,-21.265647037298564,1.0,2.8265109120796206,0.0,0.0,0.0,0.0,0.0,-18.639649990517587,-5.437549046209723,110.0,0.0,0.0,0.0,0.0,0.0,0.0,0.0,0.0,0.0,0.0
0.0,0.0,0.2153,0.7758,-9.7669,8.1099,-10.8877,0.9881,0.0,0.0,0.0,0.0,-4.5418,1.2589,20.6919,0.0,0.0,0.0,0.0,0.0,1.0,0.0,0.0,0.0,1.0,10.0,0.0,0.0,0.0,0.0,1.0,0.0,1.0,3.3668142816084483,1.0,-23.194310384905883,1.0,65.45901031305742,1.0,-42.264699928151536,1.0,-3.3668142816084483,0.0,0.0,0.0,0.0,0.0,18.115894033796966,6.355752562669877,107.84930347112656,0.0,0.0,0.0,0.0,1.0,10.0,0.0,0.0,0.0,0.0,1.0,0.0,1.0,-3.3013548039582257,1.0,-40.30925670367698,1.0,61.91433287782258,1.0,-21.6050761741456,1.0,3.3013548039582257,0.0,0.0,0.0,0.0,0.0,-18.115894033796963,-6.355752562669877,110.0,0.0,0.0,0.0,0.0,0.0,0.0,0.0,0.0,0.0,0.0
0.0,0.0,0.231,0.771,-9.7669,8.1848,-11.6845,0.3551,0.0,0.0,0.0,0.0,-4.5136,1.3508,20.7051,0.0,0.0,0.0,0.0,0.0,1.0,0.0,0.0,0.0,1.0,10.0,0.0,0.0,0.0,0.0,1.0,0.0,1.0,3.860416927633405,1.0,-24.35942300083223,1.0,67.37301542078876,1.0,-43.013592419956524,1.0,-3.860416927633405,0.0,0.0,0.0,0.0,0.0,17.53131013699226,7.219238550244291,106.74091237959969,0.0,0.0,0.0,0.0,1.0,10.0,0.0,0.0,0.0,0.0,1.0,0.0,1.0,-3.7468675159560814,1.0,-40.092574067295224,1.0,62.07437202307382,1.0,-21.981797955778596,1.0,3.7468675159560814,0.0,0.0,0.0,0.0,0.0,-17.53131013699226,-7.219238550244291,110.0,0.0,0.0,0.0,0.0,0.0,0.0,0.0,0.0,0.0,0.0
0.0,0.0,0.2425,0.7666,-9.767,8.0918,-12.4863,-0.8236,0.0,0.0,0.0,0.0,-4.4878,1.4177,20.7487,0.0,0.0,0.0,0.0,0.0,1.0,0.0,0.0,0.0,1.0,10.0,0.0,0.0,0.0,0.0,1.0,0.0,1.0,4.362992299395859,1.0,-25.579789906993998,1.0,69.28776223344559,1.0,-43.70797232645158,1.0,-4.362992299395859,0.0,0.0,0.0,0.0,0.0,16.84899998066997,8.081618018930563,105.61563273804764,0.0,0.0,0.0,0.0,1.0,10.0,0.0,0.0,0.0,0.0,1.0,0.0,1.0,-4.190674331632338,1.0,-39.835587939838774,1.0,62.254243740304155,1.0,-22.41865580046538,1.0,4.190674331632338,0.0,0.0,0.0,0.0,0.0,-16.848999980669976,-8.081618018930563,110.0,0.0,0.0,0.0,0.0,0.0,0.0,0.0,0.0,0.0,0.0
0.0,0.0,0.2581,0.7635,-9.7668,7.6909,-13.3267,-2.2729,0.0,0.0,0.0,0.0,-4.4697,1.5091,20.8333,0.0,0.0,0.0,0.0,0.0,1.0,0.0,0.0,0.0,1.0,10.0,0.0,0.0,0.0,0.0,1.0,0.0,1.0,4.8515898199825775,1.0,-26.804870900312718,1.0,71.11716909316736,1.0,-44.31229819285464,1.0,-4.8515898199825775,0.0,0.0,0.0,0.0,0.0,16.095005405840464,8.904202690561693,104.52586893189695,0.0,0.0,0.0,0.0,1.0,10.0,0.0,0.0,0.0,0.0,1.0,0.0,1.0,-4.612825573377604,1.0,-39.546540039133376,1.0,62.44438585031218,1.0,-22.897845811178804,1.0,4.612825573377604,0.0,0.0,0.0,0.0,0.0,-16.09500540584046,-8.904202690561693,110.0,0.0,0.0,0.0,0.0,0.0,0.0,0.0,0.0,0.0,0.0
0.0,0.0,0.2842,0.7598,-9.7664,7.14,-14.1546,-3.876,0.0,0.0,0.0,0.0,-4.4484,1.6619,20.9589,0.0,0.0,0.0,0.0,0.0,1.0,0.0,0.0,0.0,1.0,10.0,0.0,0.0,0.0,0.0,1.0,0.0,1.0,5.310135320810766,1.0,-27.995978042993844,1.0,72.80616616853666,1.0,-44.810188125542815,1.0,-5.310135320810766,0.0,0.0,0.0,0.0,0.0,15.297801362827919,9.662412551904227,103.5076884230885,0.0,0.0,0.0,0.0,1.0,10.0,0.0,0.0,0.0,0.0,1.0,0.0,1.0,-5.000825443692596,1.0,-39.235207775191704,1.0,62.6356260191345,1.0,-23.4004182439428,1.0,5.000825443692596,0.0,0.0,0.0,0.0,0.0,-15.297801362827917,-9.662412551904227,110.0,0.0,0.0,0.0,0.0,0.0,0.0,0.0,0.0,0.0,0.0
0.0,0.0,0.3167,0.7511,-9.766,6.5368,-14.629,-5.4517,0.0,0.0,0.0,0.0,-4.398,1.8519,21.0932,0.0,0.0,0.0,0.0,0.0,1.0,0.0,0.0,0.0,1.0,10.0,0.0,0.0,0.0,0.0,1.0,0.0,1.0,5.784229160517295,1.0,-29.27873915869914,1.0,74.52502172337392,1.0,-45.246282564674786,1.0,-5.784229160517295,0.0,0.0,0.0,0.0,0.0,14.370257119096856,10.432705165066894,102.46025459897399,0.0,0.0,0.0,0.0,1.0,10.0,0.0,0.0,0.0,0.0,1.0,0.0,1.0,-5.3938234556427895,1.0,-38.865659898664404,1.0,62.84552802371878,1.0,-23.979868125054374,1.0,5.3938234556427895,0.0,0.0,0.0,0.0,0.0,-14.370257119096857,-10.432705165066894,110.0,0.0,0.0,0.0,0.0,0.0,0.0,0.0,0.0,0.0,0.0
0.0,0.0,0.3477,0.7357,-9.7662,6.053,-15.0014,-6.6526,0.0,0.0,0.0,0.0,-4.3078,2.033,21.2103,0.0,0.0,0.0,0.0,0.0,1.0,0.0,0.0,0.0,1.0,10.0,0.0,0.0,0.0,0.0,1.0,0.0,1.0,6.221337233835618,1.0,-30.51866613513107,1.0,76.08599821266509,1.0,-45.567332077534026,1.0,-6.221337233835618,0.0,0.0,0.0,0.0,0.0,13.40654894703293,11.130981560427667,101.49973330809581,0.0,0.0,0.0,0.0,1.0,10.0,0.0,0.0,0.0,0.0,1.0,0.0,1.0,-5.748973729928548,1.0,-38.47347467522762,1.0,63.04933374719021,1.0,-24.57585907196259,1.0,5.748973729928548,0.0,0.0,0.0,0.0,0.0,-13.406548947032936,-11.130981560427667,110.0,0.0,0.0,0.0,0.0,0.0,0.0,0.0,0.0,0.0,0.0
0.0,0.0,0.3817,0.7112,-9.7667,5.3858,-15.3197,-6.7221,0.0,0.0,0.0,0.0,-4.1649,2.2324,21.3433,0.0,0.0,0.0,0.0,0.0,1.0,0.0,0.0,0.0,1.0,10.0,0.0,0.0,0.0,0.0,1.0,0.0,1.0,6.618064444178923,1.0,-31.704138338224162,1.0,77.4837619761423,1.0,-45.77962363791815,1.0,-6.618064444178923,0.0,0.0,0.0,0.0,0.0,12.423419093293871,11.755126334634367,100.63255609022401,0.0,0.0,0.0,0.0,1.0,10.0,0.0,0.0,0.0,0.0,1.0,0.0,1.0,-6.065475393278736,1.0,-38.064857543049335,1.0,63.24233429303901,1.0,-25.17747674998967,1.0,6.065475393278736,0.0,0.0,0.0,0.0,0.0,-12.423419093293864,-11.755126334634367,110.0,0.0,0.0,0.0,0.0,0.0,0.0,0.0,0.0,0.0,0.0
0.0,0.0,0.3956,0.6923,-9.7675,4.7039,-15.3215,-5.5462,0.0,0.0,0.0,0.0,-4.0541,2.3134,21.4508,0.0,0.0,0.0,0.0,0.0,1.0,0.0,0.0,0.0,1.0,10.0,0.0,0.0,0.0,0.0,1.0,0.0,1.0,6.988141967044938,1.0,-32.87625400150029,1.0,78.77193208443832,1.0,-45.89567808293803,1.0,-6.988141967044938,0.0,0.0,0.0,0.0,0.0,11.391079408195738,12.329309057195813,99.82777173899247,0.0,0.0,0.0,0.0,1.0,10.0,0.0,0.0,0.0,0.0,1.0,0.0,1.0,-6.3558134286155274,1.0,-37.62664141645301,1.0,63.428870232325636,1.0,-25.802228815872617,1.0,6.3558134286155274,0.0,0.0,0.0,0.0,0.0,-11.39107940819574,-12.329309057195813,110.0,0.0,0.0,0.0,0.0,0.0,0.0,0.0,0.0,0.0,0.0
0.0,0.0,0.3963,0.6727,-9.7688,4.1813,-15.4266,-4.2698,0.0,0.0,0.0,0.0,-3.9393,2.3176,21.5912,0.0,0.0,0.0,0.0,0.0,1.0,0.0,0.0,0.0,1.0,10.0,0.0,0.0,0.0,0.0,1.0,0.0,1.0,7.328822409091545,1.0,-34.029671551722615,1.0,79.94485980378316,1.0,-45.91518825206054,1.0,-7.328822409091545,0.0,0.0,0.0,0.0,0.0,10.314758318336922,12.851196071544988,99.09056832256319,0.0,0.0,0.0,0.0,1.0,10.0,0.0,0.0,0.0,0.0,1.0,0.0,1.0,-6.618989323394005,1.0,-37.15991692127657,1.0,63.60585167434137,1.0,-26.445934753064808,1.0,6.618989323394005,0.0,0.0,0.0,0.0,0.0,-10.314758318336915,-12.851196071544988,110.0,0.0,0.0,0.0,0.0,0.0,0.0,0.0,0.0,0.0,0.0
0.0,0.0,0.381,0.6553,-9.7706,3.7441,-15.2932,-3.3863,0.0,0.0,0.0,0.0,-3.8372,2.2283,21.7443,0.0,0.0,0.0,0.0,0.0,1.0,0.0,0.0,0.0,1.0,10.0,0.0,0.0,0.0,0.0,1.0,0.0,1.0,7.6366137047156055,1.0,-35.155056068921894,1.0,80.99427276528618,1.0,-45.83921669636429,1.0,-7.6366137047156055,0.0,0.0,0.0,0.0,0.0,9.2037703680554,13.317318374744566,98.42761852913937,0.0,0.0,0.0,0.0,1.0,10.0,0.0,0.0,0.0,0.0,1.0,0.0,1.0,-6.8534440579923075,1.0,-36.66777511972147,1.0,63.76988203612771,1.0,-27.102106916406242,1.0,6.8534440579923075,0.0,0.0,0.0,0.0,0.0,-9.203770368055403,-13.317318374744566,110.0,0.0,0.0,0.0,0.0,0.0,0.0,0.0,0.0,0.0,0.0
0.0,0.0,0.3491,0.6367,-9.7731,3.6117,-14.9131,-2.832,0.0,0.0,0.0,0.0,-3.7277,2.0417,21.8836,0.0,0.0,0.0,0.0,0.0,1.0,0.0,0.0,0.0,1.0,10.0,0.0,0.0,0.0,0.0,1.0,0.0,1.0,7.930422903335771,1.0,-36.334730867388515,1.0,81.98721004692189,1.0,-45.652479179533366,1.0,-7.930422903335771,0.0,0.0,0.0,0.0,0.0,7.969755799643468,13.757604561765204,97.7975642624672,0.0,0.0,0.0,0.0,1.0,10.0,0.0,0.0,0.0,0.0,1.0,0.0,1.0,-7.074366339945028,1.0,-36.10895353226227,1.0,63.92996396685751,1.0,-27.821010434595234,1.0,7.074366339945028,0.0,0.0,0.0,0.0,0.0,-7.969755799643472,-13.757604561765204,110.0,0.0,0.0,0.0,0.0,0.0,0.0,0.0,0.0,0.0,0.0
0.0,0.0,0.2994,0.6173,-9.776,3.9396,-14.2138,-1.9877,0.0,0.0,0.0,0.0,-3.6131,1.751,21.9767,0.0,0.0,0.0,0.0,0.0,1.0,0.0,0.0,0.0,1.0,10.0,0.0,0.0,0.0,0.0,1.0,0.0,1.0,8.17820789294069,1.0,-37.451515540649396,1.0,82.8181286246992,1.0,-45.3666130840498,1.0,-8.17820789294069,0.0,0.0,0.0,0.0,0.0,6.729248989606825,14.125453250079444,97.26834246319731,0.0,0.0,0.0,0.0,1.0,10.0,0.0,0.0,0.0,0.0,1.0,0.0,1.0,-7.258530420074263,1.0,-35.53446898309013,1.0,64.06752567674651,1.0,-28.53305669365638,1.0,7.258530420074263,0.0,0.0,0.0,0.0,0.0,-6.729248989606821,-14.125453250079444,110.0,0.0,0.0,0.0,0.0,0.0,0.0,0.0,0.0,0.0,0.0
0.0,0.0,0.2373,0.5936,-9.7791,4.4135,-13.2874,-1.447,0.0,0.0,0.0,0.0,-3.4739,1.3875,22.0325,0.0,0.0,0.0,0.0,0.0,1.0,0.0,0.0,0.0,1.0,10.0,0.0,0.0,0.0,0.0,1.0,0.0,1.0,8.378959127890537,1.0,-38.49168331725181,1.0,83.4870983817145,1.0,-44.9954150644627,1.0,-8.378959127890537,0.0,0.0,0.0,0.0,0.0,5.502195588372048,14.421192290700372,96.84102167749774,0.0,0.0,0.0,0.0,1.0,10.0,0.0,0.0,0.0,0.0,1.0,0.0,1.0,-7.406314888772149,1.0,-34.95386234010856,1.0,64.18063269868928,1.0,-29.22677035858072,1.0,7.406314888772149,0.0,0.0,0.0,0.0,0.0,-5.502195588372059,-14.421192290700372,110.0,0.0,0.0,0.0,0.0,0.0,0.0,0.0,0.0,0.0,0.0
0.0,0.0,0.1565,0.5603,-9.7827,5.1833,-12.2506,-1.0558,0.0,0.0,0.0,0.0,-3.2781,0.9147,22.0653,0.0,0.0,0.0,0.0,0.0,1.0,0.0,0.0,0.0,1.0,10.0,0.0,0.0,0.0,0.0,1.0,0.0,1.0,8.542616239738395,1.0,-39.50524227553419,1.0,84.02972449217141,1.0,-44.524482216637224,1.0,-8.542616239738395,0.0,0.0,0.0,0.0,0.0,4.229234846100683,14.660794132542646,96.49362261664461,0.0,0.0,0.0,0.0,1.0,10.0,0.0,0.0,0.0,0.0,1.0,0.0,1.0,-7.525862007051202,1.0,-34.33875357123399,1.0,64.2739068908423,1.0,-29.935153319608307,1.0,7.525862007051202,0.0,0.0,0.0,0.0,0.0,-4.2292348461006855,-14.660794132542646,110.0,0.0,0.0,0.0,0.0,0.0,0.0,0.0,0.0,0.0,0.0
0.0,0.0,0.083,0.5282,-9.7854,5.806,-11.4777,-0.7748,0.0,0.0,0.0,0.0,-3.0897,0.4854,22.0722,0.0,0.0,0.0,0.0,0.0,1.0,0.0,0.0,0.0,1.0,10.0,0.0,0.0,0.0,0.0,1.0,0.0,1.0,8.660052960249413,1.0,-40.43194305311039,1.0,84.41761631742443,1.0,-43.98567326431405,1.0,-8.660052960249413,0.0,0.0,0.0,0.0,0.0,2.9857172873412052,14.831911185263364,96.24487152908509,0.0,0.0,0.0,0.0,1.0,10.0,0.0,0.0,0.0,0.0,1.0,0.0,1.0,-7.611136551648749,1.0,-33.72549890229746,1.0,64.34141585845057,1.0,-30.615916956153118,1.0,7.611136551648749,0.0,0.0,0.0,0.0,0.0,-2.9857172873412083,-14.831911185263364,110.0,0.0,0.0,0.0,0.0,0.0,0.0,0.0,0.0,0.0,0.0
0.0,0.0,0.013,0.4933,-9.7876,6.3108,-10.672,-0.508,0.0,0.0,0.0,0.0,-2.8853,0.0761,22.0632,0.0,0.0,0.0,0.0,0.0,1.0,0.0,0.0,0.0,1.0,10.0,0.0,0.0,0.0,0.0,1.0,0.0,1.0,8.73997290362932,1.0,-41.348041137851496,1.0,84.6808915606502,1.0,-43.33285042279871,1.0,-8.73997290362932,0.0,0.0,0.0,0.0,0.0,1.6642700367480612,14.947976132245804,96.07584345809593,0.0,0.0,0.0,0.0,1.0,10.0,0.0,0.0,0.0,0.0,1.0,0.0,1.0,-7.668927191755742,1.0,-33.060618172426196,1.0,64.3876295418762,1.0,-31.32701136945,1.0,7.668927191755742,0.0,0.0,0.0,0.0,0.0,-1.6642700367480636,-14.947976132245804,110.0,0.0,0.0,0.0,0.0,0.0,0.0,0.0,0.0,0.0,0.0
0.0,0.0,-0.0587,0.4481,-9.7896,6.7906,-9.6632,-0.2241,0.0,0.0,0.0,0.0,-2.6205,-0.3433,22.0403,0.0,0.0,0.0,0.0,0.0,1.0,0.0,0.0,0.0,1.0,10.0,0.0,0.0,0.0,0.0,1.0,0.0,1.0,8.77396005114822,1.0,-42.167386309894226,1.0,84.79268326549129,1.0,-42.62529695559706,1.0,-8.77396005114822,0.0,0.0,0.0,0.0,0.0,0.3836364501537961,14.997240178752515,96.00402466989492,0.0,0.0,0.0,0.0,1.0,10.0,0.0,0.0,0.0,0.0,1.0,0.0,1.0,-7.693444465189112,1.0,-32.403498439347715,1.0,64.4073485088453,1.0,-32.00385006949758,1.0,7.693444465189112,0.0,0.0,0.0,0.0,0.0,-0.38363645015379855,-14.997240178752515,110.0,0.0,0.0,0.0,0.0,0.0,0.0,0.0,0.0,0.0,0.0
0.0,0.0,-0.112,0.4034,-9.7911,7.2091,-8.789,0.0249,0.0,0.0,0.0,0.0,-2.3592,-0.655,22.0131,0.0,0.0,0.0,0.0,0.0,1.0,0.0,0.0,0.0,1.0,10.0,0.0,0.0,0.0,0.0,1.0,0.0,1.0,8.764318001920156,1.0,-42.94393949306068,1.0,84.76097856781925,1.0,-41.817039074758576,1.0,-8.764318001920156,0.0,0.0,0.0,0.0,0.0,-0.9443402370260753,14.983269823478537,96.02439562247028,0.0,0.0,0.0,0.0,1.0,10.0,0.0,0.0,0.0,0.0,1.0,0.0,1.0,-7.686492563225767,1.0,-31.709008062158148,1.0,64.40175032123629,1.0,-32.692742259078145,1.0,7.686492563225767,0.0,0.0,0.0,0.0,0.0,0.944340237026064,-14.983269823478537,110.0,0.0,0.0,0.0,0.0,0.0,0.0,0.0,0.0,0.0,0.0
0.0,0.0,-0.1552,0.3553,-9.7923,7.6237,-8.0111,0.2822,0.0,0.0,0.0,0.0,-2.0778,-0.9076,21.9751,0.0,0.0,0.0,0.0,0.0,1.0,0.0,0.0,0.0,1.0,10.0,0.0,0.0,0.0,0.0,1.0,0.0,1.0,8.710757406281047,1.0,-43.62738154393517,1.0,84.58471400824145,1.0,-40.957332464306276,1.0,-8.710757406281047,0.0,0.0,0.0,0.0,0.0,-2.2404669368316377,14.90558362482135,96.13760921237393,0.0,0.0,0.0,0.0,1.0,10.0,0.0,0.0,0.0,0.0,1.0,0.0,1.0,-7.647823900177794,1.0,-31.018522901323365,1.0,64.370710396765,1.0,-33.35218749544165,1.0,7.647823900177794,0.0,0.0,0.0,0.0,0.0,2.240466936831636,-14.90558362482135,110.0,0.0,0.0,0.0,0.0,0.0,0.0,0.0,0.0,0.0,0.0
0.0,0.0,-0.1949,0.2983,-9.7935,8.2865,-7.1756,0.5087,0.0,0.0,0.0,0.0,-1.7447,-1.1397,21.9199,0.0,0.0,0.0,0.0,0.0,1.0,0.0,0.0,0.0,1.0,10.0,0.0,0.0,0.0,0.0,1.0,0.0,1.0,8.615171126670944,1.0,-44.22397488142035,1.0,84.26951733706711,1.0,-40.04554245564677,1.0,-8.615171126670944,0.0,0.0,0.0,0.0,0.0,-3.5144666204799937,14.766593884850753,96.33988610910616,0.0,0.0,0.0,0.0,1.0,10.0,0.0,0.0,0.0,0.0,1.0,0.0,1.0,-7.578596468615161,1.0,-30.327819229414462,1.0,64.3155590073342,1.0,-33.987739777919735,1.0,7.578596468615161,0.0,0.0,0.0,0.0,0.0,3.514466620479991,-14.766593884850753,110.0,0.0,0.0,0.0,0.0,0.0,0.0,0.0,0.0,0.0,0.0
0.0,0.0,-0.2246,0.2481,-9.7943,8.8333,-6.5062,0.7215,0.0,0.0,0.0,0.0,-1.4511,-1.3134,21.8709,0.0,0.0,0.0,0.0,0.0,1.0,0.0,0.0,0.0,1.0,10.0,0.0,0.0,0.0,0.0,1.0,0.0,1.0,8.472152232774153,1.0,-44.7536730496869,1.0,83.79638960307949,1.0,-39.04271655339259,1.0,-8.472152232774153,0.0,0.0,0.0,0.0,0.0,-4.820441452677678,14.557794514047622,96.64309207704574,0.0,0.0,0.0,0.0,1.0,10.0,0.0,0.0,0.0,0.0,1.0,0.0,1.0,-7.474491757231029,1.0,-29.607594077522815,1.0,64.23363099920311,1.0,-34.626036921680296,1.0,7.474491757231029,0.0,0.0,0.0,0.0,0.0,4.820441452677676,-14.557794514047622,110.0,0.0,0.0,0.0,0.0,0.0,0.0,0.0,0.0,0.0,0.0
0.0,0.0,-0.249,0.1982,-9.7948,9.2081,-5.6268,1.0454,0.0,0.0,0.0,0.0,-1.1593,-1.4557,21.836,0.0,0.0,0.0,0.0,0.0,1.0,0.0,0.0,0.0,1.0,10.0,0.0,0.0,0.0,0.0,1.0,0.0,1.0,8.29108975602612,1.0,-45.17826454251349,1.0,83.19474760687635,1.0,-38.01648306436285,1.0,-8.29108975602612,0.0,0.0,0.0,0.0,0.0,-6.0719900173064225,14.291996088430885,97.02790135188945,0.0,0.0,0.0,0.0,1.0,10.0,0.0,0.0,0.0,0.0,1.0,0.0,1.0,-7.341784731758348,1.0,-28.90595759671281,1.0,64.13094596686977,1.0,-35.224988370156964,1.0,7.341784731758348,0.0,0.0,0.0,0.0,0.0,6.071990017306412,-14.291996088430885,110.0,0.0,0.0,0.0,0.0,0.0,0.0,0.0,0.0,0.0,0.0
0.0,0.0,-0.2675,0.1496,-9.7952,9.5097,-4.7887,1.1489,0.0,0.0,0.0,0.0,-0.8751,-1.5639,21.8159,0.0,0.0,0.0,0.0,0.0,1.0,0.0,0.0,0.0,1.0,10.0,0.0,0.0,0.0,0.0,1.0,0.0,1.0,8.061253442210619,1.0,-45.5199265042647,1.0,82.42666222894387,1.0,-36.90673572467916,1.0,-8.061253442210619,0.0,0.0,0.0,0.0,0.0,-7.343695960456436,13.952220178979092,97.51789012379851,0.0,0.0,0.0,0.0,1.0,10.0,0.0,0.0,0.0,0.0,1.0,0.0,1.0,-7.171848249541552,1.0,-28.181706931881436,1.0,64.00231087699865,1.0,-35.82060394511722,1.0,7.171848249541552,0.0,0.0,0.0,0.0,0.0,7.343695960456424,-13.952220178979092,110.0,0.0,0.0,0.0,0.0,0.0,0.0,0.0,0.0,0.0,0.0
0.0,0.0,-0.2843,0.0964,-9.7954,9.9863,-3.676,1.0529,0.0,0.0,0.0,0.0,-0.5641,-1.6625,21.8021,0.0,0.0,0.0,0.0,0.0,1.0,0.0,0.0,0.0,1.0,10.0,0.0,0.0,0.0,0.0,1.0,0.0,1.0,7.7892794219048795,1.0,-45.75884300866905,1.0,81.51126661510806,1.0,-35.752423606439,1.0,-7.7892794219048795,0.0,0.0,0.0,0.0,0.0,-8.588166403850467,13.546656830141629,98.0998957440431,0.0,0.0,0.0,0.0,1.0,10.0,0.0,0.0,0.0,0.0,1.0,0.0,1.0,-6.968585263009077,1.0,-27.462053666211457,1.0,63.85264405561726,1.0,-36.3905903894058,1.0,6.968585263009077,0.0,0.0,0.0,0.0,0.0,8.588166403850465,-13.546656830141629,110.0,0.0,0.0,0.0,0.0,0.0,0.0,0.0,0.0,0.0,0.0
0.0,0.0,-0.2992,0.0526,-9.7953,10.448,-2.7,0.8731,0.0,0.0,0.0,0.0,-0.3074,-1.7495,21.7917,0.0,0.0,0.0,0.0,0.0,1.0,0.0,0.0,0.0,1.0,10.0,0.0,0.0,0.0,0.0,1.0,0.0,1.0,7.475939655686187,1.0,-45.891655790768496,1.0,80.44765210346448,1.0,-34.555996312695974,1.0,-7.475939655686187,0.0,0.0,0.0,0.0,0.0,-9.802880120458738,13.07462205977489,98.77332450254636,0.0,0.0,0.0,0.0,1.0,10.0,0.0,0.0,0.0,0.0,1.0,0.0,1.0,-6.731442190128893,1.0,-26.74930780771835,1.0,63.68377596489128,1.0,-36.93446815717294,1.0,6.731442190128893,0.0,0.0,0.0,0.0,0.0,9.80288012045873,-13.07462205977489,110.0,0.0,0.0,0.0,0.0,0.0,0.0,0.0,0.0,0.0,0.0
0.0,0.0,-0.3118,0.0116,-9.795,10.7222,-1.5531,0.9913,0.0,0.0,0.0,0.0,-0.0678,-1.8231,21.7817,0.0,0.0,0.0,0.0,0.0,1.0,0.0,0.0,0.0,1.0,10.0,0.0,0.0,0.0,0.0,1.0,0.0,1.0,7.150347079779743,1.0,-45.916740790860906,1.0,79.33190415409841,1.0,-33.415163363237504,1.0,-7.150347079779743,0.0,0.0,0.0,0.0,0.0,-10.895815868575836,12.57857993033896,99.47633100161593,0.0,0.0,0.0,0.0,1.0,10.0,0.0,0.0,0.0,0.0,1.0,0.0,1.0,-6.481602194948243,1.0,-26.099401711340082,1.0,63.51252130707994,1.0,-37.413119595739865,1.0,6.481602194948243,0.0,0.0,0.0,0.0,0.0,10.895815868575827,-12.57857993033896,110.0,0.0,0.0,0.0,0.0,0.0,0.0,0.0,0.0,0.0,0.0
0.0,0.0,-0.3182,-0.0291,-9.7948,10.8379,-0.2432,1.1589,0.0,0.0,0.0,0.0,0.1701,-1.8609,21.7712,0.0,0.0,0.0,0.0,0.0,1.0,0.0,0.0,0.0,1.0,10.0,0.0,0.0,0.0,0.0,1.0,0.0,1.0,6.789089371824816,1.0,-45.84413000392562,1.0,78.08091650205289,1.0,-32.236786498127266,1.0,-6.789089371824816,0.0,0.0,0.0,0.0,0.0,-11.961813529545394,12.021426583811355,100.26013286558005,0.0,0.0,0.0,0.0,1.0,10.0,0.0,0.0,0.0,0.0,1.0,0.0,1.0,-6.200232214492028,1.0,-25.45771782113741,1.0,63.327779724537685,1.0,-37.87006190340027,1.0,6.200232214492028,0.0,0.0,0.0,0.0,0.0,11.9618135295454,-12.021426583811355,110.0,0.0,0.0,0.0,0.0,0.0,0.0,0.0,0.0,0.0,0.0
0.0,0.0,-0.3201,-0.0768,-9.7945,11.0818,1.4174,1.2322,0.0,0.0,0.0,0.0,0.4491,-1.8718,21.7396,0.0,0.0,0.0,0.0,0.0,1.0,0.0,0.0,0.0,1.0,10.0,0.0,0.0,0.0,0.0,1.0,0.0,1.0,6.398035627362513,1.0,-45.67201296616981,1.0,76.71074030379418,1.0,-31.038727337624366,1.0,-6.398035627362513,0.0,0.0,0.0,0.0,0.0,-12.982720591160913,11.41008516200311,101.11294532308382,0.0,0.0,0.0,0.0,1.0,10.0,0.0,0.0,0.0,0.0,1.0,0.0,1.0,-5.890619357979869,1.0,-24.836009762802686,1.0,63.13437867154104,1.0,-38.29836890873836,1.0,5.890619357979869,0.0,0.0,0.0,0.0,0.0,12.982720591160918,-11.41008516200311,110.0,0.0,0.0,0.0,0.0,0.0,0.0,0.0,0.0,0.0,0.0
0.0,0.0,-0.3192,-0.1253,-9.794,11.5209,2.844,1.0495,0.0,0.0,0.0,0.0,0.7332,-1.8667,21.6673,0.0,0.0,0.0,0.0,0.0,1.0,0.0,0.0,0.0,1.0,10.0,0.0,0.0,0.0,0.0,1.0,0.0,1.0,5.977772897854069,1.0,-45.39876003887268,1.0,75.21895582307927,1.0,-29.82019578420658,1.0,-5.977772897854069,0.0,0.0,0.0,0.0,0.0,-13.957518093283028,10.74328045245344,102.0343146356138,0.0,0.0,0.0,0.0,1.0,10.0,0.0,0.0,0.0,0.0,1.0,0.0,1.0,-5.551919075470366,1.0,-24.235876957292767,1.0,62.934591306281554,1.0,-38.69871434898879,1.0,5.551919075470366,0.0,0.0,0.0,0.0,0.0,13.957518093283033,-10.74328045245344,110.0,0.0,0.0,0.0,0.0,0.0,0.0,0.0,0.0,0.0,0.0
0.0,0.0,-0.3171,-0.1648,-9.7935,11.8582,4.0177,0.974,0.0,0.0,0.0,0.0,0.9643,-1.8545,21.5825,0.0,0.0,0.0,0.0,0.0,1.0,0.0,0.0,0.0,1.0,10.0,0.0,0.0,0.0,0.0,1.0,0.0,1.0,5.546749706806733,1.0,-45.038463582398826,1.0,73.66744556576907,1.0,-28.62898198337025,1.0,-5.546749706806733,0.0,0.0,0.0,0.0,0.0,-14.848951409811649,10.048562640564178,102.984222614059,0.0,0.0,0.0,0.0,1.0,10.0,0.0,0.0,0.0,0.0,1.0,0.0,1.0,-5.1979913599407075,1.0,-23.6815329187784,1.0,62.73888856807253,1.0,-39.05735564929413,1.0,5.1979913599407075,0.0,0.0,0.0,0.0,0.0,14.848951409811646,-10.048562640564178,110.0,0.0,0.0,0.0,0.0,0.0,0.0,0.0,0.0,0.0,0.0
0.0,0.0,-0.3088,-0.2067,-9.793,12.096,5.2312,0.9052,0.0,0.0,0.0,0.0,1.2092,-1.8056,21.4707,0.0,0.0,0.0,0.0,0.0,1.0,0.0,0.0,0.0,1.0,10.0,0.0,0.0,0.0,0.0,1.0,0.0,1.0,5.07244737363359,1.0,-44.56089890294851,1.0,71.93398582842654,1.0,-27.373086925478034,1.0,-5.07244737363359,0.0,0.0,0.0,0.0,0.0,-15.722477198660863,9.271034855392033,104.03487331527265,0.0,0.0,0.0,0.0,1.0,10.0,0.0,0.0,0.0,0.0,1.0,0.0,1.0,-4.800684222191677,1.0,-23.133217015941415,1.0,62.53500139359472,1.0,-39.4017843776533,1.0,4.800684222191677,0.0,0.0,0.0,0.0,0.0,15.722477198660863,-9.271034855392033,110.0,0.0,0.0,0.0,0.0,0.0,0.0,0.0,0.0,0.0,0.0
0.0,0.0,-0.2932,-0.239,-9.7927,11.7286,6.0715,1.1035,0.0,0.0,0.0,0.0,1.398,-1.7143,21.3791,0.0,0.0,0.0,0.0,0.0,1.0,0.0,0.0,0.0,1.0,10.0,0.0,0.0,0.0,0.0,1.0,0.0,1.0,4.590449300778349,1.0,-43.99833358912894,1.0,70.14328411428865,1.0,-26.144950525159707,1.0,-4.590449300778349,0.0,0.0,0.0,0.0,0.0,-16.509602230786058,8.466468078658215,105.10774011578337,0.0,0.0,0.0,0.0,1.0,10.0,0.0,0.0,0.0,0.0,1.0,0.0,1.0,-4.388329696208325,1.0,-22.634818537430533,1.0,62.3409510954039,1.0,-39.70613255797337,1.0,4.388329696208325,0.0,0.0,0.0,0.0,0.0,16.509602230786054,-8.466468078658215,110.0,0.0,0.0,0.0,0.0,0.0,0.0,0.0,0.0,0.0,0.0
0.0,0.0,-0.2694,-0.2688,-9.7926,11.1437,7.04,1.5622,0.0,0.0,0.0,0.0,1.5723,-1.5754,21.3143,0.0,0.0,0.0,0.0,0.0,1.0,0.0,0.0,0.0,1.0,10.0,0.0,0.0,0.0,0.0,1.0,0.0,1.0,4.095987498678898,1.0,-43.347898086690044,1.0,68.2747369544112,1.0,-24.926838867721152,1.0,-4.095987498678898,0.0,0.0,0.0,0.0,0.0,-17.222781255733036,7.625541998583344,106.21298115126883,0.0,0.0,0.0,0.0,1.0,10.0,0.0,0.0,0.0,0.0,1.0,0.0,1.0,-3.956112960283392,1.0,-22.179716809902324,1.0,62.156628182743276,1.0,-39.976911372840945,1.0,3.956112960283392,0.0,0.0,0.0,0.0,0.0,17.222781255733036,-7.625541998583344,110.0,0.0,0.0,0.0,0.0,0.0,0.0,0.0,0.0,0.0,0.0
0.0,0.0,-0.2331,-0.302,-9.7926,10.2323,7.9481,1.8756,0.0,0.0,0.0,0.0,1.7662,-1.3629,21.2688,0.0,0.0,0.0,0.0,0.0,1.0,0.0,0.0,0.0,1.0,10.0,0.0,0.0,0.0,0.0,1.0,0.0,1.0,3.605941357329368,1.0,-42.63552928720576,1.0,66.39044002074435,1.0,-23.754910733538594,1.0,-3.605941357329368,0.0,0.0,0.0,0.0,0.0,-17.84296522015511,6.776140722098996,107.31202103237763,0.0,0.0,0.0,0.0,1.0,10.0,0.0,0.0,0.0,0.0,1.0,0.0,1.0,-3.518386457116468,1.0,-21.781238381671532,1.0,61.98973435164333,1.0,-40.20849596997179,1.0,3.518386457116468,0.0,0.0,0.0,0.0,0.0,17.84296522015511,-6.776140722098996,110.0,0.0,0.0,0.0,0.0,0.0,0.0,0.0,0.0,0.0,0.0
0.0,0.0,-0.1925,-0.3281,-9.7926,9.3638,8.6204,2.0337,0.0,0.0,0.0,0.0,1.9192,-1.1254,21.2518,0.0,0.0,0.0,0.0,0.0,1.0,0.0,0.0,0.0,1.0,10.0,0.0,0.0,0.0,0.0,1.0,0.0,1.0,3.0961071945828524,1.0,-41.82717385671427,1.0,64.39499937142416,1.0,-22.5678255147099,1.0,-3.0961071945828524,0.0,0.0,0.0,0.0,0.0,-18.402092921197138,5.87508928164412,108.45806856083952,0.0,0.0,0.0,0.0,1.0,10.0,0.0,0.0,0.0,0.0,1.0,0.0,1.0,-3.052914098423142,1.0,-21.419823247442935,1.0,61.833977612810926,1.0,-40.41415436536799,1.0,3.052914098423142,0.0,0.0,0.0,0.0,0.0,18.402092921197134,-5.87508928164412,110.0,0.0,0.0,0.0,0.0,0.0,0.0,0.0,0.0,0.0,0.0
0.0,0.0,-0.1401,-0.3558,-9.7925,8.4446,9.5215,2.2783,0.0,0.0,0.0,0.0,2.0808,-0.8192,21.2542,0.0,0.0,0.0,0.0,0.0,1.0,0.0,0.0,0.0,1.0,10.0,0.0,0.0,0.0,0.0,1.0,0.0,1.0,2.5786981569974854,1.0,-40.940153502095725,1.0,62.332846999308266,1.0,-21.39269349721254,1.0,-2.5786981569974854,0.0,0.0,0.0,0.0,0.0,-18.883300306065205,4.942094229414652,109.62229020922355,0.0,0.0,0.0,0.0,1.0,10.0,0.0,0.0,0.0,0.0,1.0,0.0,1.0,-2.5698733507144804,1.0,-21.10713137481678,1.0,61.695890168386875,1.0,-40.58875879357009,1.0,2.5698733507144804,0.0,0.0,0.0,0.0,0.0,18.883300306065205,-4.942094229414652,110.0,0.0,0.0,0.0,0.0,0.0,0.0,0.0,0.0,0.0,0.0
0.0,0.0,-0.0947,-0.3792,-9.7922,7.6951,10.3405,2.3452,0.0,0.0,0.0,0.0,2.2178,-0.5537,21.2678,0.0,0.0,0.0,0.0,0.0,1.0,0.0,0.0,0.0,1.0,10.0,0.0,0.0,0.0,0.0,1.0,0.0,1.0,2.0912450896353816,1.0,-40.72696083384138,1.0,61.58261732357404,1.0,-20.855656489732656,1.0,-2.0912450896353816,0.0,0.0,0.0,0.0,0.0,-19.26861310828279,4.01936670967746,110.0,0.0,0.0,0.0,0.0,1.0,10.0,0.0,0.0,0.0,0.0,1.0,0.0,1.0,-2.0912450896353816,1.0,-20.855656489732656,1.0,61.58261732357404,1.0,-40.72696083384138,1.0,2.0912450896353816,0.0,0.0,0.0,0.0,0.0,19.268613108282786,-4.01936670967746,110.0,0.0,0.0,0.0,0.0,0.0,0.0,0.0,0.0,0.0,0.0
0.0,0.0,-0.0524,-0.4023,-9.7916,6.8759,11.0632,2.2781,0.0,0.0,0.0,0.0,2.3525,-0.3061,21.2874,0.0,0.0,0.0,0.0,0.0,1.0,0.0,0.0,0.0,1.0,10.0,0.0,0.0,0.0,0.0,1.0,0.0,1.0,1.5869357908543045,1.0,-40.838504757758656,1.0,61.488538980541485,1.0,-20.65003422278282,1.0,-1.5869357908543045,0.0,0.0,0.0,0.0,0.0,-19.58256586789152,3.048647510241322,110.0,0.0,0.0,0.0,0.0,1.0,10.0,0.0,0.0,0.0,0.0,1.0,0.0,1.0,-1.5869357908543045,1.0,-20.65003422278282,1.0,61.488538980541485,1.0,-40.838504757758656,1.0,1.5869357908543045,0.0,0.0,0.0,0.0,0.0,19.58256586789152,-3.048647510241322,110.0,0.0,0.0,0.0,0.0,0.0,0.0,0.0,0.0,0.0,0.0
0.0,0.0,-0.0524,-0.4023,-9.7916,6.8759,11.0632,2.2781,0.0,0.0,0.0,0.0,2.3525,-0.3061,21.2874,0.0,0.0,0.0,0.0,0.0,1.0,0.0,0.0,0.0,1.0,10.0,0.0,0.0,0.0,0.0,1.0,0.0,1.0,1.0979901503153953,1.0,-40.915686497009446,1.0,61.42201417074953,1.0,-20.506327673740078,1.0,-1.0979901503153953,0.0,0.0,0.0,0.0,0.0,-19.80139872686089,2.1086351649059463,110.0,0.0,0.0,0.0,0.0,1.0,10.0,0.0,0.0,0.0,0.0,1.0,0.0,1.0,-1.0979901503153953,1.0,-20.506327673740078,1.0,61.42201417074953,1.0,-40.915686497009446,1.0,1.0979901503153953,0.0,0.0,0.0,0.0,0.0,19.80139872686089,-2.1086351649059463,110.0,0.0,0.0,0.0,0.0,0.0,0.0,0.0,0.0,0.0,0.0
0.0,0.0,-0.0121,-0.4233,-9.7908,5.9748,11.518,2.0813,0.0,0.0,0.0,0.0,2.4755,-0.0708,21.3085,0.0,0.0,0.0,0.0,0.0,1.0,0.0,0.0,0.0,1.0,10.0,0.0,0.0,0.0,0.0,1.0,0.0,1.0,0.6217657435188748,1.0,-40.963122826781216,1.0,61.38053579458213,1.0,-20.417412967800914,1.0,-0.6217657435188748,0.0,0.0,0.0,0.0,0.0,-19.936556696287074,1.1938216957940744,110.0,0.0,0.0,0.0,0.0,1.0,10.0,0.0,0.0,0.0,0.0,1.0,0.0,1.0,-0.6217657435188748,1.0,-20.417412967800914,1.0,61.38053579458213,1.0,-40.963122826781216,1.0,0.6217657435188748,0.0,0.0,0.0,0.0,0.0,19.936556696287074,-1.1938216957940744,110.0,0.0,0.0,0.0,0.0,0.0,0.0,0.0,0.0,0.0,0.0
0.0,0.0,0.033,-0.4413,-9.79,4.7826,11.9032,1.7868,0.0,0.0,0.0,0.0,2.5809,0.1931,21.3371,0.0,0.0,0.0,0.0,0.0,1.0,0.0,0.0,0.0,1.0,10.0,0.0,0.0,0.0,0.0,1.0,0.0,1.0,0.10819945737540076,1.0,-40.98465717862007,1.0,61.36155547012546,1.0,-20.376898291505398,1.0,-0.10819945737540076,0.0,0.0,0.0,0.0,0.0,-19.998082077039687,0.20772866314258526,110.0,0.0,0.0,0.0,0.0,1.0,10.0,0.0,0.0,0.0,0.0,1.0,0.0,1.0,-0.10819945737540076,1.0,-20.376898291505398,1.0,61.36155547012546,1.0,-40.98465717862007,1.0,0.10819945737540076,0.0,0.0,0.0,0.0,0.0,19.998082077039687,-0.20772866314258526,110.0,0.0,0.0,0.0,0.0,0.0,0.0,0.0,0.0,0.0,0.0
0.0,0.0,0.073,-0.4523,-9.7893,3.6276,12.285,1.6026,0.0,0.0,0.0,0.0,2.6455,0.4269,21.3662,0.0,0.0,0.0,0.0,0.0,1.0,0.0,0.0,0.0,1.0,10.0,0.0,0.0,0.0,0.0,1.0,0.0,1.0,-0.41299795951755636,1.0,-40.975545479519596,1.0,61.36959804372396,1.0,-20.394052564204365,1.0,0.41299795951755636,0.0,0.0,0.0,0.0,0.0,-19.97203629400416,-0.7929334949581743,110.0,0.0,0.0,0.0,0.0,1.0,10.0,0.0,0.0,0.0,0.0,1.0,0.0,1.0,0.41299795951755636,1.0,-20.394052564204365,1.0,61.36959804372396,1.0,-40.975545479519596,1.0,-0.41299795951755636,0.0,0.0,0.0,0.0,0.0,19.97203629400416,0.7929334949581743,110.0,0.0,0.0,0.0,0.0,0.0,0.0,0.0,0.0,0.0,0.0
0.0,0.0,0.1185,-0.4614,-9.7884,2.3409,12.8609,1.5273,0.0,0.0,0.0,0.0,2.6989,0.6929,21.4113,0.0,0.0,0.0,0.0,0.0,1.0,0.0,0.0,0.0,1.0,10.0,0.0,0.0,0.0,0.0,1.0,0.0,1.0,-0.9291869485893427,1.0,-40.935572359050695,1.0,61.40468128261407,1.0,-20.469108923563375,1.0,0.9291869485893427,0.0,0.0,0.0,0.0,0.0,-19.85799660658751,-1.784301981077449,110.0,0.0,0.0,0.0,0.0,1.0,10.0,0.0,0.0,0.0,0.0,1.0,0.0,1.0,0.9291869485893427,1.0,-20.469108923563375,1.0,61.40468128261407,1.0,-40.935572359050695,1.0,-0.9291869485893427,0.0,0.0,0.0,0.0,0.0,19.85799660658751,1.784301981077449,110.0,0.0,0.0,0.0,0.0,0.0,0.0,0.0,0.0,0.0,0.0
0.0,0.0,0.1569,-0.4671,-9.7876,1.2696,13.3637,1.3003,0.0,0.0,0.0,0.0,2.7324,0.9176,21.4588,0.0,0.0,0.0,0.0,0.0,1.0,0.0,0.0,0.0,1.0,10.0,0.0,0.0,0.0,0.0,1.0,0.0,1.0,-1.4271214962909904,1.0,-40.86699051713521,1.0,61.4641241077754,1.0,-20.597133590640198,1.0,1.4271214962909904,0.0,0.0,0.0,0.0,0.0,-19.66317737285018,-2.741294179243807,110.0,0.0,0.0,0.0,0.0,1.0,10.0,0.0,0.0,0.0,0.0,1.0,0.0,1.0,1.4271214962909904,1.0,-20.597133590640194,1.0,61.4641241077754,1.0,-40.866990517135214,1.0,-1.4271214962909904,0.0,0.0,0.0,0.0,0.0,19.663177372850182,2.741294179243807,110.0,0.0,0.0,0.0,0.0,0.0,0.0,0.0,0.0,0.0,0.0
0.0,0.0,0.1993,-0.4717,-9.7866,0.1708,13.9764,0.9317,0.0,0.0,0.0,0.0,2.7595,1.1654,21.5142,0.0,0.0,0.0,0.0,0.0,1.0,0.0,0.0,0.0,1.0,10.0,0.0,0.0,0.0,0.0,1.0,0.0,1.0,-1.939809638506734,1.0,-40.763997772769955,1.0,61.551646623302034,1.0,-20.78764885053208,1.0,1.939809638506734,0.0,0.0,0.0,0.0,0.0,-19.372559448483827,-3.7277294005084487,110.0,0.0,0.0,0.0,0.0,1.0,10.0,0.0,0.0,0.0,0.0,1.0,0.0,1.0,1.939809638506734,1.0,-20.78764885053208,1.0,61.551646623302034,1.0,-40.763997772769955,1.0,-1.939809638506734,0.0,0.0,0.0,0.0,0.0,19.372559448483827,3.7277294005084487,110.0,0.0,0.0,0.0,0.0,0.0,0.0,0.0,0.0,0.0,0.0
0.0,0.0,0.231,-0.4738,-9.7858,-0.4451,14.6634,0.8383,0.0,0.0,0.0,0.0,2.7718,1.3507,21.5438,0.0,0.0,0.0,0.0,0.0,1.0,0.0,0.0,0.0,1.0,10.0,0.0,0.0,0.0,0.0,1.0,0.0,1.0,-2.4128169272753266,1.0,-40.637755367583274,1.0,61.65614112545084,1.0,-21.018385757867563,1.0,2.4128169272753266,0.0,0.0,0.0,0.0,0.0,-19.01944800176946,-4.639136364749715,110.0,0.0,0.0,0.0,0.0,1.0,10.0,0.0,0.0,0.0,0.0,1.0,0.0,1.0,2.4129210675265944,1.0,-21.02200438946696,1.0,61.664211194337504,1.0,-40.64220680487054,1.0,-2.4129210675265944,0.0,0.0,0.0,0.0,0.0,19.019448001769454,4.639136364749715,109.9952383928984,0.0,0.0,0.0,0.0,0.0,0.0,0.0,0.0,0.0,0.0
0.0,0.0,0.2559,-0.471,-9.7853,-0.8472,15.1489,0.6746,0.0,0.0,0.0,0.0,2.7559,1.4962,21.5313,0.0,0.0,0.0,0.0,0.0,1.0,0.0,0.0,0.0,1.0,10.0,0.0,0.0,0.0,0.0,1.0,0.0,1.0,-2.8843226169164025,1.0,-40.47934521055719,1.0,61.78306318215825,1.0,-21.30371797160106,1.0,2.8843226169164025,0.0,0.0,0.0,0.0,0.0,-18.58104276246802,-5.549232203276042,110.0,0.0,0.0,0.0,0.0,1.0,10.0,0.0,0.0,0.0,0.0,1.0,0.0,1.0,2.9142027162766087,1.0,-22.151455549909777,1.0,63.67428329793896,1.0,-41.522827748029194,1.0,-2.9142027162766087,0.0,0.0,0.0,0.0,0.0,18.581042762468027,5.549232203276042,108.86733277658824,0.0,0.0,0.0,0.0,0.0,0.0,0.0,0.0,0.0,0.0
0.0,0.0,0.2704,-0.4599,-9.7855,-1.2346,15.3997,0.3678,0.0,0.0,0.0,0.0,2.6906,1.5813,21.4845,0.0,0.0,0.0,0.0,0.0,1.0,0.0,0.0,0.0,1.0,10.0,0.0,0.0,0.0,0.0,1.0,0.0,1.0,-3.3570756339546257,1.0,-40.28422283730852,1.0,61.93322786163982,1.0,-21.6490050243313,1.0,3.3570756339546257,0.0,0.0,0.0,0.0,0.0,-18.04790579535204,-6.463638041086479,110.0,0.0,0.0,0.0,0.0,1.0,10.0,0.0,0.0,0.0,0.0,1.0,0.0,1.0,3.4279699820540213,1.0,-23.33702080888926,1.0,65.69797185485967,1.0,-42.36095104597041,1.0,-3.4279699820540213,0.0,0.0,0.0,0.0,0.0,18.04790579535204,6.463638041086479,107.71184723899214,0.0,0.0,0.0,0.0,0.0,0.0,0.0,0.0,0.0,0.0
0.0,0.0,0.2845,-0.4401,-9.786,-1.9479,15.82,-0.0761,0.0,0.0,0.0,0.0,2.5751,1.6633,21.4046,0.0,0.0,0.0,0.0,0.0,1.0,0.0,0.0,0.0,1.0,10.0,0.0,0.0,0.0,0.0,1.0,0.0,1.0,-3.7947143879172254,1.0,-40.06695190333437,1.0,62.09278058719724,1.0,-22.02582868386287,1.0,3.7947143879172254,0.0,0.0,0.0,0.0,0.0,-17.462756461176415,-7.312101403661154,110.0,0.0,0.0,0.0,0.0,1.0,10.0,0.0,0.0,0.0,0.0,1.0,0.0,1.0,3.9140688840071287,1.0,-24.48797284777226,1.0,67.57904664047666,1.0,-43.091073792704414,1.0,-3.9140688840071287,0.0,0.0,0.0,0.0,0.0,17.462756461176408,7.312101403661154,106.62060608197712,0.0,0.0,0.0,0.0,0.0,0.0,0.0,0.0,0.0,0.0
0.0,0.0,0.3018,-0.4201,-9.7863,-3.0338,16.47,-1.3998,0.0,0.0,0.0,0.0,2.4582,1.765,21.3,0.0,0.0,0.0,0.0,0.0,1.0,0.0,0.0,0.0,1.0,10.0,0.0,0.0,0.0,0.0,1.0,0.0,1.0,-4.2254439902423995,1.0,-39.81352672775646,1.0,62.26920104961435,1.0,-22.455674321857895,1.0,4.2254439902423995,0.0,0.0,0.0,0.0,0.0,-16.790961504534152,-8.149281048730883,110.0,0.0,0.0,0.0,0.0,1.0,10.0,0.0,0.0,0.0,0.0,1.0,0.0,1.0,4.402839547455211,1.0,-25.678184039164766,1.0,69.43813024548707,1.0,-43.759946206322304,1.0,-4.402839547455211,0.0,0.0,0.0,0.0,0.0,16.790961504534163,8.149281048730883,105.52658901252975,0.0,0.0,0.0,0.0,0.0,0.0,0.0,0.0,0.0,0.0
0.0,0.0,0.3249,-0.4088,-9.7861,-4.0938,17.0158,-2.9161,0.0,0.0,0.0,0.0,2.3919,1.9001,21.1864,0.0,0.0,0.0,0.0,0.0,1.0,0.0,0.0,0.0,1.0,10.0,0.0,0.0,0.0,0.0,1.0,0.0,1.0,-4.6486804398727655,1.0,-39.519731409514264,1.0,62.46139469952504,1.0,-22.94166329001077,1.0,4.6486804398727655,0.0,0.0,0.0,0.0,0.0,-16.02576399364662,-8.974178220662667,110.0,0.0,0.0,0.0,0.0,1.0,10.0,0.0,0.0,0.0,0.0,1.0,0.0,1.0,4.893577151015468,1.0,-26.912154450600873,1.0,71.27293356265638,1.0,-44.360779112055496,1.0,-4.893577151015468,0.0,0.0,0.0,0.0,0.0,16.02576399364662,8.974178220662667,104.43244418791251,0.0,0.0,0.0,0.0,0.0,0.0,0.0,0.0,0.0,0.0
0.0,0.0,0.3507,-0.4013,-9.7855,-4.8454,17.1288,-3.4894,0.0,0.0,0.0,0.0,2.3481,2.0506,21.0585,0.0,0.0,0.0,0.0,0.0,1.0,0.0,0.0,0.0,1.0,10.0,0.0,0.0,0.0,0.0,1.0,0.0,1.0,-5.062564287543172,1.0,-39.18105239010076,1.0,62.66751888111889,1.0,-23.486466491018124,1.0,5.062564287543172,0.0,0.0,0.0,0.0,0.0,-15.160635821518051,-9.783264068633153,110.0,0.0,0.0,0.0,0.0,1.0,10.0,0.0,0.0,0.0,0.0,1.0,0.0,1.0,5.383961822612466,1.0,-28.192034788466266,1.0,73.07563499139351,1.0,-44.88360020292724,1.0,-5.383961822612466,0.0,0.0,0.0,0.0,0.0,15.160635821518062,9.783264068633153,103.34421420757714,0.0,0.0,0.0,0.0,0.0,0.0,0.0,0.0,0.0,0.0
0.0,0.0,0.3658,-0.3951,-9.7852,-5.409,16.8177,-3.4357,0.0,0.0,0.0,0.0,2.3124,2.139,20.902,0.0,0.0,0.0,0.0,0.0,1.0,0.0,0.0,0.0,1.0,10.0,0.0,0.0,0.0,0.0,1.0,0.0,1.0,-5.455758659207493,1.0,-38.80162491162512,1.0,62.88010230684381,1.0,-24.078477395218695,1.0,5.455758659207493,0.0,0.0,0.0,0.0,0.0,-14.21149462989409,-10.554326078261768,110.0,0.0,0.0,0.0,0.0,1.0,10.0,0.0,0.0,0.0,0.0,1.0,0.0,1.0,5.8598553990987385,1.0,-29.488969938586184,1.0,74.79670089913468,1.0,-45.30773096054849,1.0,-5.8598553990987385,0.0,0.0,0.0,0.0,0.0,14.211494629894103,10.554326078261768,102.2937021882261,0.0,0.0,0.0,0.0,0.0,0.0,0.0,0.0,0.0,0.0
0.0,0.0,0.3697,-0.3842,-9.7855,-5.9291,15.9613,-2.9422,0.0,0.0,0.0,0.0,2.2483,2.162,20.7083,0.0,0.0,0.0,0.0,0.0,1.0,0.0,0.0,0.0,1.0,10.0,0.0,0.0,0.0,0.0,1.0,0.0,1.0,-5.792772768943478,1.0,-38.420578680306626,1.0,63.075401334014245,1.0,-24.654822653707622,1.0,5.792772768943478,0.0,0.0,0.0,0.0,0.0,-13.278110612008712,-11.2172467855791,110.0,0.0,0.0,0.0,0.0,1.0,10.0,0.0,0.0,0.0,0.0,1.0,0.0,1.0,6.275829191532029,1.0,-30.677781585400712,1.0,76.27904167537055,1.0,-45.601260089969834,1.0,-6.275829191532029,0.0,0.0,0.0,0.0,0.0,13.278110612008698,11.2172467855791,101.38035795635084,0.0,0.0,0.0,0.0,0.0,0.0,0.0,0.0,0.0,0.0
0.0,0.0,0.3599,-0.3647,-9.7866,-6.2625,15.2996,-2.6988,0.0,0.0,0.0,0.0,2.1339,2.1045,20.5201,0.0,0.0,0.0,0.0,0.0,1.0,0.0,0.0,0.0,1.0,10.0,0.0,0.0,0.0,0.0,1.0,0.0,1.0,-6.10533595419084,1.0,-38.00866853772292,1.0,63.26740470401028,1.0,-25.258736166287356,1.0,6.10533595419084,0.0,0.0,0.0,0.0,0.0,-12.289813144185159,-11.833861468074161,110.0,0.0,0.0,0.0,0.0,1.0,10.0,0.0,0.0,0.0,0.0,1.0,0.0,1.0,6.668520177409244,1.0,-31.859789244775676,1.0,77.66026825371934,1.0,-45.80047900894367,1.0,-6.668520177409244,0.0,0.0,0.0,0.0,0.0,12.28981314418516,11.833861468074161,100.52259432309317,0.0,0.0,0.0,0.0,0.0,0.0,0.0,0.0,0.0,0.0
0.0,0.0,0.3361,-0.3462,-9.7881,-6.3246,14.9182,-2.745,0.0,0.0,0.0,0.0,2.0256,1.9656,20.3913,0.0,0.0,0.0,0.0,0.0,1.0,0.0,0.0,0.0,1.0,10.0,0.0,0.0,0.0,0.0,1.0,0.0,1.0,-6.39816463246333,1.0,-37.55654115518102,1.0,63.45684246833691,1.0,-25.900301313155882,1.0,6.39816463246333,0.0,0.0,0.0,0.0,0.0,-11.227938653870934,-12.413199985963022,110.0,0.0,0.0,0.0,0.0,1.0,10.0,0.0,0.0,0.0,0.0,1.0,0.0,1.0,7.042626480039189,1.0,-33.05536396695732,1.0,78.96033655118222,1.0,-45.90497258422489,1.0,-7.042626480039189,0.0,0.0,0.0,0.0,0.0,11.22793865387092,12.413199985963022,99.70963405154795,0.0,0.0,0.0,0.0,0.0,0.0,0.0,0.0,0.0,0.0
0.0,0.0,0.2931,-0.3247,-9.7902,-6.4701,14.5391,-2.7964,0.0,0.0,0.0,0.0,1.8995,1.7137,20.2752,0.0,0.0,0.0,0.0,0.0,1.0,0.0,0.0,0.0,1.0,10.0,0.0,0.0,0.0,0.0,1.0,0.0,1.0,-6.667480902262063,1.0,-37.06488062823184,1.0,63.63928452945498,1.0,-26.57440390122314,1.0,6.667480902262063,0.0,0.0,0.0,0.0,0.0,-10.098361282611425,-12.94750915874529,110.0,0.0,0.0,0.0,0.0,1.0,10.0,0.0,0.0,0.0,0.0,1.0,0.0,1.0,7.3921471243846,1.0,-34.253848363548734,1.0,80.16155122618649,1.0,-45.90770286263775,1.0,-7.3921471243846,0.0,0.0,0.0,0.0,0.0,10.098361282611426,12.94750915874529,98.95393239803104,0.0,0.0,0.0,0.0,0.0,0.0,0.0,0.0,0.0,0.0
0.0,0.0,0.245,-0.3046,-9.7922,-6.3291,14.0976,-2.672,0.0,0.0,0.0,0.0,1.7816,1.4327,20.1936,0.0,0.0,0.0,0.0,0.0,1.0,0.0,0.0,0.0,1.0,10.0,0.0,0.0,0.0,0.0,1.0,0.0,1.0,-6.893453354890561,1.0,-36.574534868451344,1.0,63.798475063609516,1.0,-27.223940195158175,1.0,6.893453354890561,0.0,0.0,0.0,0.0,0.0,-8.995901649085107,-13.396976761754614,110.0,0.0,0.0,0.0,0.0,1.0,10.0,0.0,0.0,0.0,0.0,1.0,0.0,1.0,7.689548397079766,1.0,-35.35878697478617,1.0,81.17379397129584,1.0,-45.815006996509666,1.0,-7.689548397079766,0.0,0.0,0.0,0.0,0.0,8.995901649085125,13.396976761754614,98.31390192896342,0.0,0.0,0.0,0.0,0.0,0.0,0.0,0.0,0.0,0.0
0.0,0.0,0.1801,-0.2765,-9.7944,-5.7598,13.7683,-2.2836,0.0,0.0,0.0,0.0,1.6169,1.0531,20.137,0.0,0.0,0.0,0.0,0.0,1.0,0.0,0.0,0.0,1.0,10.0,0.0,0.0,0.0,0.0,1.0,0.0,1.0,-7.103896055634579,1.0,-36.024842306582954,1.0,63.95176882090534,1.0,-27.92692651432239,1.0,7.103896055634579,0.0,0.0,0.0,0.0,0.0,-7.786406994004307,-13.816536277033869,110.0,0.0,0.0,0.0,0.0,1.0,10.0,0.0,0.0,0.0,0.0,1.0,0.0,1.0,7.9699774083294175,1.0,-36.50404703471608,1.0,82.12024421428077,1.0,-45.61619717956469,1.0,-7.9699774083294175,0.0,0.0,0.0,0.0,0.0,7.7864069940042935,13.816536277033869,97.71295164733375,0.0,0.0,0.0,0.0,0.0,0.0,0.0,0.0,0.0,0.0
0.0,0.0,0.1194,-0.2484,-9.7961,-5.0466,13.5013,-1.925,0.0,0.0,0.0,0.0,1.4526,0.698,20.112,0.0,0.0,0.0,0.0,0.0,1.0,0.0,0.0,0.0,1.0,10.0,0.0,0.0,0.0,0.0,1.0,0.0,1.0,-7.2873188231710175,1.0,-35.43181649399055,1.0,64.0893686731516,1.0,-28.65755217916105,1.0,7.2873188231710175,0.0,0.0,0.0,0.0,0.0,-6.510412824905221,-14.183024015622925,110.0,0.0,0.0,0.0,0.0,1.0,10.0,0.0,0.0,0.0,0.0,1.0,0.0,1.0,8.21717973491546,1.0,-37.64164338301008,1.0,82.94828842610028,1.0,-45.3066450430902,1.0,-8.21717973491546,0.0,0.0,0.0,0.0,0.0,6.510412824905241,14.183024015622925,97.18528514856631,0.0,0.0,0.0,0.0,0.0,0.0,0.0,0.0,0.0,0.0
0.0,0.0,0.0669,-0.2204,-9.7973,-4.2035,13.2494,-1.6752,0.0,0.0,0.0,0.0,1.2888,0.3913,20.1021,0.0,0.0,0.0,0.0,0.0,1.0,0.0,0.0,0.0,1.0,10.0,0.0,0.0,0.0,0.0,1.0,0.0,1.0,-7.430149854968667,1.0,-34.84486179677017,1.0,64.19910227771737,1.0,-29.354240480947205,1.0,7.430149854968667,0.0,0.0,0.0,0.0,0.0,-5.274655266738006,-14.468936783575483,110.0,0.0,0.0,0.0,0.0,1.0,10.0,0.0,0.0,0.0,0.0,1.0,0.0,1.0,8.411497952310604,1.0,-38.67770863570096,1.0,83.59517880226937,1.0,-44.91747016656842,1.0,-8.411497952310604,0.0,0.0,0.0,0.0,0.0,5.274655266738026,14.468936783575483,96.77188169199879,0.0,0.0,0.0,0.0,0.0,0.0,0.0,0.0,0.0,0.0
0.0,0.0,-0.0032,-0.1781,-9.7984,-2.8189,12.8653,-1.3033,0.0,0.0,0.0,0.0,1.0414,-0.019,20.1012,0.0,0.0,0.0,0.0,0.0,1.0,0.0,0.0,0.0,1.0,10.0,0.0,0.0,0.0,0.0,1.0,0.0,1.0,-7.543276595211142,1.0,-34.23049689289354,1.0,64.28762736026397,1.0,-30.05713046737043,1.0,7.543276595211142,0.0,0.0,0.0,0.0,0.0,-4.007916338611727,-14.695725270474494,110.0,0.0,0.0,0.0,0.0,1.0,10.0,0.0,0.0,0.0,0.0,1.0,0.0,1.0,8.566551504909965,1.0,-39.67474637400828,1.0,84.10888223633498,1.0,-44.4341358623267,1.0,-8.566551504909965,0.0,0.0,0.0,0.0,0.0,4.00791633861173,14.695725270474494,96.44288732737898,0.0,0.0,0.0,0.0,0.0,0.0,0.0,0.0,0.0,0.0
0.0,0.0,-0.0629,-0.14,-9.7988,-1.6412,12.5146,-0.9346,0.0,0.0,0.0,0.0,0.8185,-0.3675,20.1104,0.0,0.0,0.0,0.0,0.0,1.0,0.0,0.0,0.0,1.0,10.0,0.0,0.0,0.0,0.0,1.0,0.0,1.0,-7.625324229821221,1.0,-33.59402922644315,1.0,64.35272671826732,1.0,-30.758697491824172,1.0,7.625324229821221,0.0,0.0,0.0,0.0,0.0,-2.722278639286666,-14.860397856153513,110.0,0.0,0.0,0.0,0.0,1.0,10.0,0.0,0.0,0.0,0.0,1.0,0.0,1.0,8.679648424452669,1.0,-40.62023770286162,1.0,84.48222053486573,1.0,-43.86198283200411,1.0,-8.679648424452669,0.0,0.0,0.0,0.0,0.0,2.7222786392866682,14.860397856153513,96.2034085585532,0.0,0.0,0.0,0.0,0.0,0.0,0.0,0.0,0.0,0.0
0.0,0.0,-0.1098,-0.1072,-9.7988,-0.6848,12.0575,-0.5181,0.0,0.0,0.0,0.0,0.6267,-0.642,20.125,0.0,0.0,0.0,0.0,0.0,1.0,0.0,0.0,0.0,1.0,10.0,0.0,0.0,0.0,0.0,1.0,0.0,1.0,-7.675741372999754,1.0,-32.940794488070225,1.0,64.3931033437635,1.0,-31.452308855693282,1.0,7.675741372999754,0.0,0.0,0.0,0.0,0.0,-1.428924000271141,-14.961666822694427,110.0,0.0,0.0,0.0,0.0,1.0,10.0,0.0,0.0,0.0,0.0,1.0,0.0,1.0,8.749414192217689,1.0,-41.50371103718933,1.0,84.711956315152,1.0,-43.20824527796267,1.0,-8.749414192217689,0.0,0.0,0.0,0.0,0.0,1.4289240002711254,14.961666822694427,96.0558891514068,0.0,0.0,0.0,0.0,0.0,0.0,0.0,0.0,0.0,0.0
0.0,0.0,-0.1581,-0.0677,-9.7985,0.4711,11.3362,0.061,0.0,0.0,0.0,0.0,0.396,-0.9243,20.1464,0.0,0.0,0.0,0.0,0.0,1.0,0.0,0.0,0.0,1.0,10.0,0.0,0.0,0.0,0.0,1.0,0.0,1.0,-7.694780359760898,1.0,-32.23717917433545,1.0,64.40842489166677,1.0,-32.17124571733131,1.0,7.694780359760898,0.0,0.0,0.0,0.0,0.0,-0.06329158214136953,-14.999924890605016,110.0,0.0,0.0,0.0,0.0,1.0,10.0,0.0,0.0,0.0,0.0,1.0,0.0,1.0,8.775813340470334,1.0,-42.36161380083739,1.0,84.79877626568326,1.0,-42.43716246484587,1.0,-8.775813340470334,0.0,0.0,0.0,0.0,0.0,0.06329158214137195,14.999924890605016,96.00010953448293,0.0,0.0,0.0,0.0,0.0,0.0,0.0,0.0,0.0,0.0
0.0,0.0,-0.2,-0.0267,-9.7979,1.7408,10.5343,0.6233,0.0,0.0,0.0,0.0,0.1558,-1.1693,20.1692,0.0,0.0,0.0,0.0,0.0,1.0,0.0,0.0,0.0,1.0,10.0,0.0,0.0,0.0,0.0,1.0,0.0,1.0,-7.680277609642773,1.0,-31.54850174595536,1.0,64.39675017083013,1.0,-32.84824842487476,1.0,7.680277609642773,0.0,0.0,0.0,0.0,0.0,1.2477207515730797,-14.970781409830543,110.0,0.0,0.0,0.0,0.0,1.0,10.0,0.0,0.0,0.0,0.0,1.0,0.0,1.0,8.755701395203701,1.0,-43.11062568493682,1.0,84.73263882388797,1.0,-41.62201313895115,1.0,-8.755701395203701,0.0,0.0,0.0,0.0,0.0,-1.247720751573077,14.970781409830543,96.0426026601759,0.0,0.0,0.0,0.0,0.0,0.0,0.0,0.0,0.0,0.0
0.0,0.0,-0.2436,0.021,-9.797,3.1664,9.6164,1.0768,0.0,0.0,0.0,0.0,-0.1226,-1.4242,20.196,0.0,0.0,0.0,0.0,0.0,1.0,0.0,0.0,0.0,1.0,10.0,0.0,0.0,0.0,0.0,1.0,0.0,1.0,-7.633508400966362,1.0,-30.84762663775086,1.0,64.35926164988712,1.0,-33.51163501213625,1.0,7.633508400966362,0.0,0.0,0.0,0.0,0.0,2.557725260692024,-14.876832604374664,110.0,0.0,0.0,0.0,0.0,1.0,10.0,0.0,0.0,0.0,0.0,1.0,0.0,1.0,8.690959468087055,1.0,-43.783070345119384,1.0,84.51949643311387,1.0,-40.73642608799449,1.0,-8.690959468087055,0.0,0.0,0.0,0.0,0.0,-2.5577252606920386,14.876832604374664,96.1794806636021,0.0,0.0,0.0,0.0,0.0,0.0,0.0,0.0,0.0,0.0
0.0,0.0,-0.2719,0.0557,-9.7961,4.0749,8.9303,1.2583,0.0,0.0,0.0,0.0,-0.3257,-1.5897,20.2156,0.0,0.0,0.0,0.0,0.0,1.0,0.0,0.0,0.0,1.0,10.0,0.0,0.0,0.0,0.0,1.0,0.0,1.0,-7.550665376224551,1.0,-30.110956809241998,1.0,64.2934590155333,1.0,-34.1825022062913,1.0,7.550665376224551,0.0,0.0,0.0,0.0,0.0,3.9100485540261474,-14.710548262102652,110.0,0.0,0.0,0.0,0.0,1.0,10.0,0.0,0.0,0.0,0.0,1.0,0.0,1.0,8.57671426343239,1.0,-44.3934065397689,1.0,84.14247658114864,1.0,-39.749070041379746,1.0,-8.57671426343239,0.0,0.0,0.0,0.0,0.0,-3.9100485540261447,14.710548262102652,96.42135107001396,0.0,0.0,0.0,0.0,0.0,0.0,0.0,0.0,0.0,0.0
0.0,0.0,-0.3018,0.0988,-9.7949,5.1402,8.0897,1.3292,0.0,0.0,0.0,0.0,-0.5777,-1.7649,20.24,0.0,0.0,0.0,0.0,0.0,1.0,0.0,0.0,0.0,1.0,10.0,0.0,0.0,0.0,0.0,1.0,0.0,1.0,-7.434328959139568,1.0,-29.377170774477936,1.0,64.20234716211996,1.0,-34.82517638764203,1.0,7.434328959139568,0.0,0.0,0.0,0.0,0.0,5.233653796541884,-14.477309425963538,110.0,0.0,0.0,0.0,0.0,1.0,10.0,0.0,0.0,0.0,0.0,1.0,0.0,1.0,8.417207787817208,1.0,-44.90313091234119,1.0,83.61413452884567,1.0,-38.711003616504485,1.0,-8.417207787817208,0.0,0.0,0.0,0.0,0.0,-5.2336537965418986,14.477309425963538,96.75975270098176,0.0,0.0,0.0,0.0,0.0,0.0,0.0,0.0,0.0,0.0
0.0,0.0,-0.3196,0.132,-9.7939,5.871,7.4285,1.3425,0.0,0.0,0.0,0.0,-0.7724,-1.869,20.2612,0.0,0.0,0.0,0.0,0.0,1.0,0.0,0.0,0.0,1.0,10.0,0.0,0.0,0.0,0.0,1.0,0.0,1.0,-7.286199615393071,1.0,-28.652630092463163,1.0,64.0885177643143,1.0,-35.43588767185115,1.0,7.286199615393071,0.0,0.0,0.0,0.0,0.0,6.519076019910812,-14.180785482959879,110.0,0.0,0.0,0.0,0.0,1.0,10.0,0.0,0.0,0.0,0.0,1.0,0.0,1.0,8.215663413929157,1.0,-45.30907160346923,1.0,82.9432268065343,1.0,-37.63415520306506,1.0,-8.215663413929157,0.0,0.0,0.0,0.0,0.0,-6.51907601991081,14.180785482959879,97.18851583912418,0.0,0.0,0.0,0.0,0.0,0.0,0.0,0.0,0.0,0.0
0.0,0.0,-0.329,0.1608,-9.7932,6.5633,6.8567,1.3952,0.0,0.0,0.0,0.0,-0.9408,-1.9241,20.2676,0.0,0.0,0.0,0.0,0.0,1.0,0.0,0.0,0.0,1.0,10.0,0.0,0.0,0.0,0.0,1.0,0.0,1.0,-7.107845172589591,1.0,-27.941300237013618,1.0,63.95469216279427,1.0,-36.01339192578065,1.0,7.107845172589591,0.0,0.0,0.0,0.0,0.0,7.761493821912923,-13.824418891204047,110.0,0.0,0.0,0.0,0.0,1.0,10.0,0.0,0.0,0.0,0.0,1.0,0.0,1.0,7.975272263346091,1.0,-45.61110331016813,1.0,82.13804105914976,1.0,-36.526937748981624,1.0,-7.975272263346091,0.0,0.0,0.0,0.0,0.0,-7.7614938219129055,13.824418891204047,97.70162900011427,0.0,0.0,0.0,0.0,0.0,0.0,0.0,0.0,0.0,0.0
0.0,0.0,-0.3348,0.189,-9.7925,7.4476,6.2382,1.3416,0.0,0.0,0.0,0.0,-1.1059,-1.9577,20.2425,0.0,0.0,0.0,0.0,0.0,1.0,0.0,0.0,0.0,1.0,10.0,0.0,0.0,0.0,0.0,1.0,0.0,1.0,-6.9007626958076305,1.0,-27.246556267008557,1.0,63.803717744503444,1.0,-36.55716147749489,1.0,6.9007626958076305,0.0,0.0,0.0,0.0,0.0,8.957258884088704,-13.411533328516928,110.0,0.0,0.0,0.0,0.0,1.0,10.0,0.0,0.0,0.0,0.0,1.0,0.0,1.0,7.699232139351917,1.0,-45.810173559936715,1.0,81.20660507813807,1.0,-35.39643151820136,1.0,-7.699232139351917,0.0,0.0,0.0,0.0,0.0,-8.957258884088702,13.411533328516928,98.29310845224276,0.0,0.0,0.0,0.0,0.0,0.0,0.0,0.0,0.0,0.0
0.0,0.0,-0.3368,0.2116,-9.7919,8.3019,5.5416,1.3209,0.0,0.0,0.0,0.0,-1.2381,-1.9696,20.2019,0.0,0.0,0.0,0.0,0.0,1.0,0.0,0.0,0.0,1.0,10.0,0.0,0.0,0.0,0.0,1.0,0.0,1.0,-6.64061912757715,1.0,-26.502815682147652,1.0,63.6207327792302,1.0,-37.117917097082554,1.0,6.64061912757715,0.0,0.0,0.0,0.0,0.0,10.219012720743176,-12.894150832644044,110.0,0.0,0.0,0.0,0.0,1.0,10.0,0.0,0.0,0.0,0.0,1.0,0.0,1.0,7.357047143932306,1.0,-45.91232764281223,1.0,80.04149308875493,1.0,-34.1291654459427,1.0,-7.357047143932306,0.0,0.0,0.0,0.0,0.0,-10.219012720743175,12.894150832644044,99.02965237554974,0.0,0.0,0.0,0.0,0.0,0.0,0.0,0.0,0.0,0.0
0.0,0.0,-0.3346,0.2383,-9.7914,9.2452,4.6323,1.5225,0.0,0.0,0.0,0.0,-1.3939,-1.9565,20.1583,0.0,0.0,0.0,0.0,0.0,1.0,0.0,0.0,0.0,1.0,10.0,0.0,0.0,0.0,0.0,1.0,0.0,1.0,-6.37197028151209,1.0,-25.839414544560256,1.0,63.43951859743595,1.0,-37.60010405287569,1.0,6.37197028151209,0.0,0.0,0.0,0.0,0.0,11.329257218647907,-12.36130903733355,110.0,0.0,0.0,0.0,0.0,1.0,10.0,0.0,0.0,0.0,0.0,1.0,0.0,1.0,7.00891241868548,1.0,-45.89947739237332,1.0,78.84379239347673,1.0,-32.94431500110342,1.0,-7.00891241868548,0.0,0.0,0.0,0.0,0.0,-11.32925721864792,12.36130903733355,99.78272498308027,0.0,0.0,0.0,0.0,0.0,0.0,0.0,0.0,0.0,0.0
0.0,0.0,-0.3269,0.2604,-9.7911,10.0894,4.096,1.5547,0.0,0.0,0.0,0.0,-1.5237,-1.9115,20.1328,0.0,0.0,0.0,0.0,0.0,1.0,0.0,0.0,0.0,1.0,10.0,0.0,0.0,0.0,0.0,1.0,0.0,1.0,-6.0556473734842795,1.0,-25.15764453252541,1.0,63.23617924502906,1.0,-38.078534712503654,1.0,6.0556473734842795,0.0,0.0,0.0,0.0,0.0,12.455997174242487,-11.735717941282296,110.0,0.0,0.0,0.0,0.0,1.0,10.0,0.0,0.0,0.0,0.0,1.0,0.0,1.0,6.6056411432800255,1.0,-45.77426202870156,1.0,77.4402591538712,1.0,-31.665997125169643,1.0,-6.6056411432800255,0.0,0.0,0.0,0.0,0.0,-12.455997174242484,11.735717941282296,100.65964250519369,0.0,0.0,0.0,0.0,0.0,0.0,0.0,0.0,0.0,0.0
0.0,0.0,-0.3186,0.283,-9.7907,11.3044,3.5696,1.3646,0.0,0.0,0.0,0.0,-1.6559,-1.8629,20.1374,0.0,0.0,0.0,0.0,0.0,1.0,0.0,0.0,0.0,1.0,10.0,0.0,0.0,0.0,0.0,1.0,0.0,1.0,-5.726976660301171,1.0,-24.53668382736258,1.0,63.03631935993207,1.0,-38.4996355325695,1.0,5.726976660301171,0.0,0.0,0.0,0.0,0.0,13.470203159399627,-11.08766950716116,110.0,0.0,0.0,0.0,0.0,1.0,10.0,0.0,0.0,0.0,0.0,1.0,0.0,1.0,6.194018913857032,1.0,-45.549786761576705,1.0,75.98909205166801,1.0,-30.43930529009131,1.0,-6.194018913857032,0.0,0.0,0.0,0.0,0.0,-13.470203159399627,11.08766950716116,101.55961072119905,0.0,0.0,0.0,0.0,0.0,0.0,0.0,0.0,0.0,0.0
0.0,0.0,-0.3116,0.3021,-9.7904,12.1844,3.1548,1.0598,0.0,0.0,0.0,0.0,-1.7676,-1.8219,20.1802,0.0,0.0,0.0,0.0,0.0,1.0,0.0,0.0,0.0,1.0,10.0,0.0,0.0,0.0,0.0,1.0,0.0,1.0,-5.391544905333877,1.0,-23.976280608081325,1.0,62.844263840261625,1.0,-38.8679832321803,1.0,5.391544905333877,0.0,0.0,0.0,0.0,0.0,14.376028002442085,-10.428232022546442,110.0,0.0,0.0,0.0,0.0,1.0,10.0,0.0,0.0,0.0,0.0,1.0,0.0,1.0,5.781451717739311,1.0,-45.243981195706716,1.0,74.51503109228078,1.0,-29.271049896574063,1.0,-5.781451717739311,0.0,0.0,0.0,0.0,0.0,-14.376028002442084,10.428232022546442,102.46637425216423,0.0,0.0,0.0,0.0,0.0,0.0,0.0,0.0,0.0,0.0
0.0,0.0,-0.3011,0.3195,-9.7902,13.0013,2.6548,0.7861,0.0,0.0,0.0,0.0,-1.8693,-1.7609,20.2544,0.0,0.0,0.0,0.0,0.0,1.0,0.0,0.0,0.0,1.0,10.0,0.0,0.0,0.0,0.0,1.0,0.0,1.0,-5.03592463874582,1.0,-23.44912144361293,1.0,62.65370808344786,1.0,-39.20458663983493,1.0,5.03592463874582,0.0,0.0,0.0,0.0,0.0,15.220190210236778,-9.731110836120898,110.0,0.0,0.0,0.0,0.0,1.0,10.0,0.0,0.0,0.0,0.0,1.0,0.0,1.0,5.352077017761532,1.0,-44.85213355900614,1.0,72.95933725503835,1.0,-28.107203696032215,1.0,-5.352077017761532,0.0,0.0,0.0,0.0,0.0,-15.220190210236776,9.731110836120898,103.41480072277224,0.0,0.0,0.0,0.0,0.0,0.0,0.0,0.0,0.0,0.0
0.0,0.0,-0.2836,0.3409,-9.79,13.9885,1.7926,0.6433,0.0,0.0,0.0,0.0,-1.9943,-1.6584,20.3678,0.0,0.0,0.0,0.0,0.0,1.0,0.0,0.0,0.0,1.0,10.0,0.0,0.0,0.0,0.0,1.0,0.0,1.0,-4.631842823324193,1.0,-22.921022686530204,1.0,62.453390467959494,1.0,-39.532367781429286,1.0,4.631842823324193,0.0,0.0,0.0,0.0,0.0,16.058386987850167,-8.941315151223561,110.0,0.0,0.0,0.0,0.0,1.0,10.0,0.0,0.0,0.0,0.0,1.0,0.0,1.0,4.873850019181345,1.0,-44.33807136260698,1.0,71.1997780546741,1.0,-26.861706692067116,1.0,-4.873850019181345,0.0,0.0,0.0,0.0,0.0,-16.058386987850163,8.941315151223561,104.4763337712766,0.0,0.0,0.0,0.0,0.0,0.0,0.0,0.0,0.0,0.0
0.0,0.0,-0.2606,0.3617,-9.7899,14.1805,0.782,1.0012,0.0,0.0,0.0,0.0,-2.1158,-1.5238,20.4641,0.0,0.0,0.0,0.0,0.0,1.0,0.0,0.0,0.0,1.0,10.0,0.0,0.0,0.0,0.0,1.0,0.0,1.0,-4.206475136566331,1.0,-22.4354262148097,1.0,62.261025353909126,1.0,-39.825599139099424,1.0,4.206475136566331,0.0,0.0,0.0,0.0,0.0,16.82271125255786,-8.112365079839417,110.0,0.0,0.0,0.0,0.0,1.0,10.0,0.0,0.0,0.0,0.0,1.0,0.0,1.0,4.381091908578478,1.0,-43.7316377504609,1.0,69.35608916990157,1.0,-25.62445141944066,1.0,-4.381091908578478,0.0,0.0,0.0,0.0,0.0,-16.822711252557855,8.112365079839417,105.5751833879266,0.0,0.0,0.0,0.0,0.0,0.0,0.0,0.0,0.0,0.0
0.0,0.0,-0.224,0.3836,-9.7899,14.1805,-0.2642,1.3691,0.0,0.0,0.0,0.0,-2.2436,-1.31,20.5377,0.0,0.0,0.0,0.0,0.0,1.0,0.0,0.0,0.0,1.0,10.0,0.0,0.0,0.0,0.0,1.0,0.0,1.0,-3.7679230436980244,1.0,-22.001085885724464,1.0,62.08244368019205,1.0,-40.081357794467586,1.0,3.7679230436980244,0.0,0.0,0.0,0.0,0.0,17.501285699886484,-7.260100677928563,110.0,0.0,0.0,0.0,0.0,1.0,10.0,0.0,0.0,0.0,0.0,1.0,0.0,1.0,3.8840114809155195,1.0,-43.047763077113736,1.0,67.4636701058233,1.0,-24.41590702870956,1.0,-3.8840114809155195,0.0,0.0,0.0,0.0,0.0,-17.501285699886484,7.260100677928563,106.68800048363163,0.0,0.0,0.0,0.0,0.0,0.0,0.0,0.0,0.0,0.0
0.0,0.0,-0.1868,0.4006,-9.79,14.1981,-1.2243,1.5897,0.0,0.0,0.0,0.0,-2.3429,-1.0923,20.5746,0.0,0.0,0.0,0.0,0.0,1.0,0.0,0.0,0.0,1.0,10.0,0.0,0.0,0.0,0.0,1.0,0.0,1.0,-3.315572624449289,1.0,-21.61620094681655,1.0,61.91912373926524,1.0,-40.30292279244868,1.0,3.315572624449289,0.0,0.0,0.0,0.0,0.0,18.098680777868925,-6.3832778947574145,110.0,0.0,0.0,0.0,0.0,1.0,10.0,0.0,0.0,0.0,0.0,1.0,0.0,1.0,3.38240337052827,1.0,-42.28932664811976,1.0,65.51997279612779,1.0,-23.230646148008024,1.0,-3.38240337052827,0.0,0.0,0.0,0.0,0.0,-18.098680777868918,6.3832778947574145,107.81426188065946,0.0,0.0,0.0,0.0,0.0,0.0,0.0,0.0,0.0,0.0
0.0,0.0,-0.1476,0.4165,-9.79,14.1194,-2.1321,1.6685,0.0,0.0,0.0,0.0,-2.4361,-0.8627,20.5892,0.0,0.0,0.0,0.0,0.0,1.0,0.0,0.0,0.0,1.0,10.0,0.0,0.0,0.0,0.0,1.0,0.0,1.0,-2.8493051244670213,1.0,-21.28055262278492,1.0,61.772853937686385,1.0,-40.49230131490146,1.0,2.8493051244670213,0.0,0.0,0.0,0.0,0.0,18.6167081415818,-5.481580530173613,110.0,0.0,0.0,0.0,0.0,1.0,10.0,0.0,0.0,0.0,0.0,1.0,0.0,1.0,2.8765991567536227,1.0,-41.45889023387901,1.0,63.5247185561436,1.0,-22.06582832226459,1.0,-2.8765991567536227,0.0,0.0,0.0,0.0,0.0,-18.616708141581807,5.481580530173613,108.95194750075882,0.0,0.0,0.0,0.0,0.0,0.0,0.0,0.0,0.0,0.0
0.0,0.0,-0.1065,0.4296,-9.79,13.7737,-3.0962,1.6746,0.0,0.0,0.0,0.0,-2.5128,-0.6229,20.5872,0.0,0.0,0.0,0.0,0.0,1.0,0.0,0.0,0.0,1.0,10.0,0.0,0.0,0.0,0.0,1.0,0.0,1.0,-2.3728689230119717,1.0,-20.996794082873475,1.0,61.64643307322049,1.0,-40.649638990347015,1.0,2.3728689230119717,0.0,0.0,0.0,0.0,0.0,19.052544325023003,-4.56210609729283,110.0,0.0,0.0,0.0,0.0,1.0,10.0,0.0,0.0,0.0,0.0,1.0,0.0,1.0,2.3728689230119717,1.0,-40.649638990347015,1.0,61.64643307322049,1.0,-20.996794082873475,1.0,-2.3728689230119717,0.0,0.0,0.0,0.0,0.0,-19.052544325022996,4.56210609729283,110.0,0.0,0.0,0.0,0.0,0.0,0.0,0.0,0.0,0.0,0.0
0.0,0.0,-0.0639,0.441,-9.7899,13.4341,-4.1515,1.6574,0.0,0.0,0.0,0.0,-2.5791,-0.3738,20.5755,0.0,0.0,0.0,0.0,0.0,1.0,0.0,0.0,0.0,1.0,10.0,0.0,0.0,0.0,0.0,1.0,0.0,1.0,-1.8814254404859976,1.0,-20.762877788773164,1.0,61.54033026926316,1.0,-40.77745248048999,1.0,1.8814254404859976,0.0,0.0,0.0,0.0,0.0,19.410393888922357,-3.6153274548438885,110.0,0.0,0.0,0.0,0.0,1.0,10.0,0.0,0.0,0.0,0.0,1.0,0.0,1.0,1.8814254404859976,1.0,-40.77745248048999,1.0,61.54033026926316,1.0,-20.762877788773164,1.0,-1.8814254404859976,0.0,0.0,0.0,0.0,0.0,-19.410393888922357,3.6153274548438885,110.0,0.0,0.0,0.0,0.0,0.0,0.0,0.0,0.0,0.0,0.0
0.0,0.0,-0.0166,0.4537,-9.7895,13.0057,-5.4528,1.6316,0.0,0.0,0.0,0.0,-2.6537,-0.0969,20.5576,0.0,0.0,0.0,0.0,0.0,1.0,0.0,0.0,0.0,1.0,10.0,0.0,0.0,0.0,0.0,1.0,0.0,1.0,-1.3686159378423024,1.0,-20.579215703771666,1.0,61.45583503762371,1.0,-40.87661933385204,1.0,1.3686159378423024,0.0,0.0,0.0,0.0,0.0,19.690466434554438,-2.6288041994788824,110.0,0.0,0.0,0.0,0.0,1.0,10.0,0.0,0.0,0.0,0.0,1.0,0.0,1.0,1.3686159378423024,1.0,-40.87661933385204,1.0,61.45583503762371,1.0,-20.579215703771666,1.0,-1.3686159378423024,0.0,0.0,0.0,0.0,0.0,-19.690466434554438,2.6288041994788824,110.0,0.0,0.0,0.0,0.0,0.0,0.0,0.0,0.0,0.0,0.0
0.0,0.0,0.0242,0.4646,-9.7889,12.5404,-6.6235,1.7119,0.0,0.0,0.0,0.0,-2.7176,0.1414,20.5422,0.0,0.0,0.0,0.0,0.0,1.0,0.0,0.0,0.0,1.0,10.0,0.0,0.0,0.0,0.0,1.0,0.0,1.0,-0.8718377822643681,1.0,-20.45789411480929,1.0,61.39945017460269,1.0,-40.941556059793406,1.0,0.8718377822643681,0.0,0.0,0.0,0.0,0.0,19.8750444947898,-1.6741314347134328,110.0,0.0,0.0,0.0,0.0,1.0,10.0,0.0,0.0,0.0,0.0,1.0,0.0,1.0,0.8718377822643681,1.0,-40.941556059793406,1.0,61.39945017460269,1.0,-20.45789411480929,1.0,-0.8718377822643681,0.0,0.0,0.0,0.0,0.0,-19.8750444947898,1.6741314347134328,110.0,0.0,0.0,0.0,0.0,0.0,0.0,0.0,0.0,0.0,0.0
0.0,0.0,0.0644,0.4747,-9.7883,12.037,-7.8314,1.8286,0.0,0.0,0.0,0.0,-2.7766,0.3766,20.5241,0.0,0.0,0.0,0.0,0.0,1.0,0.0,0.0,0.0,1.0,10.0,0.0,0.0,0.0,0.0,1.0,0.0,1.0,-0.3539503515421842,1.0,-20.389160268592082,1.0,61.36730526834114,1.0,-40.978144999749055,1.0,0.3539503515421842,0.0,0.0,0.0,0.0,0.0,19.979465084523543,-0.6795575043153964,110.0,0.0,0.0,0.0,0.0,1.0,10.0,0.0,0.0,0.0,0.0,1.0,0.0,1.0,0.3539503515421842,1.0,-40.978144999749055,1.0,61.36730526834114,1.0,-20.389160268592082,1.0,-0.3539503515421842,0.0,0.0,0.0,0.0,0.0,-19.979465084523543,0.6795575043153964,110.0,0.0,0.0,0.0,0.0,0.0,0.0,0.0,0.0,0.0,0.0
0.0,0.0,0.1096,0.4825,-9.7875,11.3349,-8.7983,1.6864,0.0,0.0,0.0,0.0,-2.8221,0.6409,20.4969,0.0,0.0,0.0,0.0,0.0,1.0,0.0,0.0,0.0,1.0,10.0,0.0,0.0,0.0,0.0,1.0,0.0,1.0,0.1890492333853133,1.0,-20.37949207658571,1.0,61.36277211303162,1.0,-40.983280036445905,1.0,-0.1890492333853133,0.0,0.0,0.0,0.0,0.0,19.994144299026807,0.362951765669688,110.0,0.0,0.0,0.0,0.0,1.0,10.0,0.0,0.0,0.0,0.0,1.0,0.0,1.0,-0.1890492333853133,1.0,-40.983280036445905,1.0,61.36277211303162,1.0,-20.37949207658571,1.0,0.1890492333853133,0.0,0.0,0.0,0.0,0.0,-19.994144299026807,-0.362951765669688,110.0,0.0,0.0,0.0,0.0,0.0,0.0,0.0,0.0,0.0,0.0
0.0,0.0,0.1487,0.4812,-9.787,10.667,-9.458,1.1708,0.0,0.0,0.0,0.0,-2.815,0.8694,20.4618,0.0,0.0,0.0,0.0,0.0,1.0,0.0,0.0,0.0,1.0,10.0,0.0,0.0,0.0,0.0,1.0,0.0,1.0,0.6954093589472686,1.0,-20.427914967089592,1.0,61.385447566859966,1.0,-40.957532599770374,1.0,-0.6954093589472686,0.0,0.0,0.0,0.0,0.0,19.920602249806628,1.3352540499141277,110.0,0.0,0.0,0.0,0.0,1.0,10.0,0.0,0.0,0.0,0.0,1.0,0.0,1.0,-0.6954093589472686,1.0,-40.957532599770374,1.0,61.385447566859966,1.0,-20.427914967089592,1.0,0.6954093589472686,0.0,0.0,0.0,0.0,0.0,-19.920602249806628,-1.3352540499141277,110.0,0.0,0.0,0.0,0.0,0.0,0.0,0.0,0.0,0.0,0.0
0.0,0.0,0.1878,0.4747,-9.7867,10.1384,-10.2602,0.6345,0.0,0.0,0.0,0.0,-2.777,1.0978,20.42,0.0,0.0,0.0,0.0,0.0,1.0,0.0,0.0,0.0,1.0,10.0,0.0,0.0,0.0,0.0,1.0,0.0,1.0,1.2077532126763602,1.0,-20.53391787863313,1.0,61.434835552003285,1.0,-40.90091767337015,1.0,-1.2077532126763602,0.0,0.0,0.0,0.0,0.0,19.75942214299922,2.319578749104691,110.0,0.0,0.0,0.0,0.0,1.0,10.0,0.0,0.0,0.0,0.0,1.0,0.0,1.0,-1.2077532126763602,1.0,-40.90091767337015,1.0,61.434835552003285,1.0,-20.53391787863313,1.0,1.2077532126763602,0.0,0.0,0.0,0.0,0.0,-19.75942214299922,-2.319578749104691,110.0,0.0,0.0,0.0,0.0,0.0,0.0,0.0,0.0,0.0,0.0
0.0,0.0,0.2239,0.4662,-9.7863,9.9139,-11.1932,0.4868,0.0,0.0,0.0,0.0,-2.7275,1.309,20.3834,0.0,0.0,0.0,0.0,0.0,1.0,0.0,0.0,0.0,1.0,10.0,0.0,0.0,0.0,0.0,1.0,0.0,1.0,1.7067772138870523,1.0,-20.693534270171263,1.0,61.508550591424736,1.0,-40.815016321253474,1.0,-1.7067772138870523,0.0,0.0,0.0,0.0,0.0,19.51623048321302,3.27920273785189,110.0,0.0,0.0,0.0,0.0,1.0,10.0,0.0,0.0,0.0,0.0,1.0,0.0,1.0,-1.7067772138870523,1.0,-40.815016321253474,1.0,61.508550591424736,1.0,-20.69353427017126,1.0,1.7067772138870523,0.0,0.0,0.0,0.0,0.0,-19.516230483213022,-3.27920273785189,110.0,0.0,0.0,0.0,0.0,0.0,0.0,0.0,0.0,0.0,0.0
0.0,0.0,0.2566,0.4561,-9.786,9.9441,-12.3101,0.6033,0.0,0.0,0.0,0.0,-2.6684,1.5003,20.3643,0.0,0.0,0.0,0.0,0.0,1.0,0.0,0.0,0.0,1.0,10.0,0.0,0.0,0.0,0.0,1.0,0.0,1.0,2.176845889526648,1.0,-20.896521403272548,1.0,61.60115820177516,1.0,-40.70463679850261,1.0,-2.176845889526648,0.0,0.0,0.0,0.0,0.0,19.206100887911177,4.184280091533057,110.0,0.0,0.0,0.0,0.0,1.0,10.0,0.0,0.0,0.0,0.0,1.0,0.0,1.0,-2.176845889526648,1.0,-40.70463679850261,1.0,61.60115820177516,1.0,-20.896521403272548,1.0,2.176845889526648,0.0,0.0,0.0,0.0,0.0,-19.206100887911177,-4.184280091533057,110.0,0.0,0.0,0.0,0.0,0.0,0.0,0.0,0.0,0.0,0.0
0.0,0.0,0.2764,0.4465,-9.7859,10.0377,-13.2222,0.6275,0.0,0.0,0.0,0.0,-2.6124,1.6163,20.3814,0.0,0.0,0.0,0.0,0.0,1.0,0.0,0.0,0.0,1.0,10.0,0.0,0.0,0.0,0.0,1.0,0.0,1.0,2.682749732092189,1.0,-21.626769355014194,1.0,62.75055897197108,1.0,-41.123789616956884,1.0,-2.682749732092189,0.0,0.0,0.0,0.0,0.0,18.79339523852963,5.131244114952201,109.38816018989876,0.0,0.0,0.0,0.0,1.0,10.0,0.0,0.0,0.0,0.0,1.0,0.0,1.0,-2.6678818572626897,1.0,-40.55630602055811,1.0,61.72197381254645,1.0,-21.16566779198834,1.0,2.6678818572626897,0.0,0.0,0.0,0.0,0.0,-18.793395238529634,-5.131244114952201,110.0,0.0,0.0,0.0,0.0,0.0,0.0,0.0,0.0,0.0,0.0
0.0,0.0,0.2896,0.4356,-9.786,10.1563,-14.0716,0.4626,0.0,0.0,0.0,0.0,-2.5484,1.6935,20.4268,0.0,0.0,0.0,0.0,0.0,1.0,0.0,0.0,0.0,1.0,10.0,0.0,0.0,0.0,0.0,1.0,0.0,1.0,3.200511974938229,1.0,-22.80845290771014,1.0,64.80656986716707,1.0,-41.99811695945694,1.0,-3.200511974938229,0.0,0.0,0.0,0.0,0.0,18.294548782842853,6.061071292940131,108.22323116751585,0.0,0.0,0.0,0.0,1.0,10.0,0.0,0.0,0.0,0.0,1.0,0.0,1.0,-3.1490782183468204,1.0,-40.374828981840835,1.0,61.86432728182249,1.0,-21.48949829998166,1.0,3.1490782183468204,0.0,0.0,0.0,0.0,0.0,-18.294548782842853,-6.061071292940131,110.0,0.0,0.0,0.0,0.0,0.0,0.0,0.0,0.0,0.0,0.0
0.0,0.0,0.2986,0.4231,-9.7863,10.0493,-14.8942,-0.1474,0.0,0.0,0.0,0.0,-2.4756,1.746,20.4898,0.0,0.0,0.0,0.0,0.0,1.0,0.0,0.0,0.0,1.0,10.0,0.0,0.0,0.0,0.0,1.0,0.0,1.0,3.7034928247098664,1.0,-23.985649777162898,1.0,66.76815176502191,1.0,-42.78250198785901,1.0,-3.7034928247098664,0.0,0.0,0.0,0.0,0.0,17.726108922037547,6.946516943568497,107.09300094614004,0.0,0.0,0.0,0.0,1.0,10.0,0.0,0.0,0.0,0.0,1.0,0.0,1.0,-3.60627436668888,1.0,-40.16513835568828,1.0,62.02165213660391,1.0,-21.856513780915627,1.0,3.60627436668888,0.0,0.0,0.0,0.0,0.0,-17.726108922037547,-6.946516943568497,110.0,0.0,0.0,0.0,0.0,0.0,0.0,0.0,0.0,0.0,0.0
0.0,0.0,0.3103,0.409,-9.7865,9.6432,-15.5883,-1.2932,0.0,0.0,0.0,0.0,-2.3933,1.8145,20.5727,0.0,0.0,0.0,0.0,0.0,1.0,0.0,0.0,0.0,1.0,10.0,0.0,0.0,0.0,0.0,1.0,0.0,1.0,4.210824031084444,1.0,-25.206340218071116,1.0,68.71159797542586,1.0,-43.50525775735475,1.0,-4.210824031084444,0.0,0.0,0.0,0.0,0.0,17.065211922330867,7.822271402913556,105.9559235901451,0.0,0.0,0.0,0.0,1.0,10.0,0.0,0.0,0.0,0.0,1.0,0.0,1.0,-4.057333666562506,1.0,-39.917495544081554,1.0,62.198050339539556,1.0,-22.280554795458002,1.0,4.057333666562506,0.0,0.0,0.0,0.0,0.0,-17.06521192233087,-7.822271402913556,110.0,0.0,0.0,0.0,0.0,0.0,0.0,0.0,0.0,0.0,0.0
0.0,0.0,0.3288,0.3917,-9.7866,9.0059,-15.9665,-3.0578,0.0,0.0,0.0,0.0,-2.2921,1.9225,20.6791,0.0,0.0,0.0,0.0,0.0,1.0,0.0,0.0,0.0,1.0,10.0,0.0,0.0,0.0,0.0,1.0,0.0,1.0,4.68501130573654,1.0,-26.382494807569735,1.0,70.49696016446647,1.0,-44.11446535689674,1.0,-4.68501130573654,0.0,0.0,0.0,0.0,0.0,16.36261774699991,8.625480653962393,104.8968793540146,0.0,0.0,0.0,0.0,1.0,10.0,0.0,0.0,0.0,0.0,1.0,0.0,1.0,-4.469920881264696,1.0,-39.64973575458873,1.0,62.37793338647541,1.0,-22.728197631886683,1.0,4.469920881264696,0.0,0.0,0.0,0.0,0.0,-16.362617746999913,-8.625480653962393,110.0,0.0,0.0,0.0,0.0,0.0,0.0,0.0,0.0,0.0,0.0
0.0,0.0,0.3491,0.3705,-9.7868,8.0167,-15.9522,-3.4412,0.0,0.0,0.0,0.0,-2.1679,2.0415,20.8019,0.0,0.0,0.0,0.0,0.0,1.0,0.0,0.0,0.0,1.0,10.0,0.0,0.0,0.0,0.0,1.0,0.0,1.0,5.1621283024198155,1.0,-27.606661897837665,1.0,72.26389572343535,1.0,-44.65723382559769,1.0,-5.1621283024198155,0.0,0.0,0.0,0.0,0.0,15.565217589691526,9.419116241950523,103.83581012411909,0.0,0.0,0.0,0.0,1.0,10.0,0.0,0.0,0.0,0.0,1.0,0.0,1.0,-4.87644501794681,1.0,-39.340293217619305,1.0,62.57259515056769,1.0,-23.232301932948392,1.0,4.87644501794681,0.0,0.0,0.0,0.0,0.0,-15.565217589691526,-9.419116241950523,110.0,0.0,0.0,0.0,0.0,0.0,0.0,0.0,0.0,0.0,0.0
0.0,0.0,0.3617,0.3517,-9.787,7.3291,-16.0534,-3.3595,0.0,0.0,0.0,0.0,-2.0582,2.115,20.9154,0.0,0.0,0.0,0.0,0.0,1.0,0.0,0.0,0.0,1.0,10.0,0.0,0.0,0.0,0.0,1.0,0.0,1.0,5.637949534985636,1.0,-28.87671006987803,1.0,73.99758728451263,1.0,-45.120877214634596,1.0,-5.637949534985636,0.0,0.0,0.0,0.0,0.0,14.668583419946009,10.196488194682415,102.7828310513074,0.0,0.0,0.0,0.0,1.0,10.0,0.0,0.0,0.0,0.0,1.0,0.0,1.0,-5.273439420267095,1.0,-38.98537015538576,1.0,62.77949169466226,1.0,-23.7941215392765,1.0,5.273439420267095,0.0,0.0,0.0,0.0,0.0,-14.668583419946009,-10.196488194682415,110.0,0.0,0.0,0.0,0.0,0.0,0.0,0.0,0.0,0.0,0.0
0.0,0.0,0.3677,0.3347,-9.7874,6.7595,-16.2885,-3.1531,0.0,0.0,0.0,0.0,-1.9589,2.1504,21.0342,0.0,0.0,0.0,0.0,0.0,1.0,0.0,0.0,0.0,1.0,10.0,0.0,0.0,0.0,0.0,1.0,0.0,1.0,6.068632862625286,1.0,-30.078414957768217,1.0,75.54320577034774,1.0,-45.46479081257953,1.0,-6.068632862625286,0.0,0.0,0.0,0.0,0.0,13.756263387268499,10.888316440630502,101.83470240185862,0.0,0.0,0.0,0.0,1.0,10.0,0.0,0.0,0.0,0.0,1.0,0.0,1.0,-5.625675361522527,1.0,-38.61675506765378,1.0,62.977053034426454,1.0,-24.360297966772677,1.0,5.625675361522527,0.0,0.0,0.0,0.0,0.0,-13.7562633872685,-10.888316440630502,110.0,0.0,0.0,0.0,0.0,0.0,0.0,0.0,0.0,0.0,0.0
0.0,0.0,0.3628,0.3162,-9.7882,6.3704,-16.3423,-3.102,0.0,0.0,0.0,0.0,-1.8505,2.1219,21.1845,0.0,0.0,0.0,0.0,0.0,1.0,0.0,0.0,0.0,1.0,10.0,0.0,0.0,0.0,0.0,1.0,0.0,1.0,6.496899755855925,1.0,-31.335123945439364,1.0,77.05874662602305,1.0,-45.72362268058369,1.0,-6.496899755855925,0.0,0.0,0.0,0.0,0.0,12.735957204691871,11.565461909069825,100.8969221102293,0.0,0.0,0.0,0.0,1.0,10.0,0.0,0.0,0.0,0.0,1.0,0.0,1.0,-5.9693944406484025,1.0,-38.19568429596696,1.0,63.18260724111028,1.0,-24.98692294514332,1.0,5.9693944406484025,0.0,0.0,0.0,0.0,0.0,-12.735957204691875,-11.565461909069825,110.0,0.0,0.0,0.0,0.0,0.0,0.0,0.0,0.0,0.0,0.0
0.0,0.0,0.3399,0.3017,-9.7895,6.1258,-16.1671,-3.0561,0.0,0.0,0.0,0.0,-1.7651,1.9877,21.2885,0.0,0.0,0.0,0.0,0.0,1.0,0.0,0.0,0.0,1.0,10.0,0.0,0.0,0.0,0.0,1.0,0.0,1.0,6.90334230699657,1.0,-32.60107582142853,1.0,78.47806941239386,1.0,-45.876993590965334,1.0,-6.90334230699657,0.0,0.0,0.0,0.0,0.0,11.638913091495287,12.198415159452006,100.01181942338152,0.0,0.0,0.0,0.0,1.0,10.0,0.0,0.0,0.0,0.0,1.0,0.0,1.0,-6.2896980864794845,1.0,-37.7326917646218,1.0,63.38559093689097,1.0,-25.65289917226917,1.0,6.2896980864794845,0.0,0.0,0.0,0.0,0.0,-11.63891309149529,-12.198415159452006,110.0,0.0,0.0,0.0,0.0,0.0,0.0,0.0,0.0,0.0,0.0
0.0,0.0,0.3399,0.3017,-9.7895,6.1258,-16.1671,-3.0561,0.0,0.0,0.0,0.0,-1.7651,1.9877,21.2885,0.0,0.0,0.0,0.0,0.0,1.0,0.0,0.0,0.0,1.0,10.0,0.0,0.0,0.0,0.0,1.0,0.0,1.0,7.248651533840217,1.0,-33.75061807758231,1.0,79.66993011904279,1.0,-45.91931204146048,1.0,-7.248651533840217,0.0,0.0,0.0,0.0,0.0,10.58080516858862,12.728950903990759,99.26373115034271,0.0,0.0,0.0,0.0,1.0,10.0,0.0,0.0,0.0,0.0,1.0,0.0,1.0,-6.557406647192593,1.0,-37.27620950701777,1.0,63.5637628252526,1.0,-26.28755331823483,1.0,6.557406647192593,0.0,0.0,0.0,0.0,0.0,-10.580805168588622,-12.728950903990759,110.0,0.0,0.0,0.0,0.0,0.0,0.0,0.0,0.0,0.0,0.0
0.0,0.0,0.2978,0.2825,-9.7914,5.478,-15.7499,-2.9974,0.0,0.0,0.0,0.0,-1.6527,1.7415,21.3898,0.0,0.0,0.0,0.0,0.0,1.0,0.0,0.0,0.0,1.0,10.0,0.0,0.0,0.0,0.0,1.0,0.0,1.0,7.574493033801092,1.0,-34.920156878122185,1.0,80.78324256519397,1.0,-45.86308568707179,1.0,-7.574493033801092,0.0,0.0,0.0,0.0,0.0,9.440822168256014,13.223648066736093,98.56118128103998,0.0,0.0,0.0,0.0,1.0,10.0,0.0,0.0,0.0,0.0,1.0,0.0,1.0,-6.8063752610507,1.0,-36.77366127337012,1.0,63.736468734551174,1.0,-26.96280746118106,1.0,6.8063752610507,0.0,0.0,0.0,0.0,0.0,-9.440822168256016,-13.223648066736093,110.0,0.0,0.0,0.0,0.0,0.0,0.0,0.0,0.0,0.0,0.0
0.0,0.0,0.2533,0.2593,-9.7933,5.3084,-15.1876,-2.6443,0.0,0.0,0.0,0.0,-1.5167,1.4811,21.4613,0.0,0.0,0.0,0.0,0.0,1.0,0.0,0.0,0.0,1.0,10.0,0.0,0.0,0.0,0.0,1.0,0.0,1.0,7.867029306070092,1.0,-36.06919991996321,1.0,81.77368276602967,1.0,-45.704482846066455,1.0,-7.867029306070092,0.0,0.0,0.0,0.0,0.0,8.25405417768597,13.662986740383733,97.9332759844995,0.0,0.0,0.0,0.0,1.0,10.0,0.0,0.0,0.0,0.0,1.0,0.0,1.0,-7.02693478648189,1.0,-36.23882406959914,1.0,63.89514171195156,1.0,-27.65631764235242,1.0,7.02693478648189,0.0,0.0,0.0,0.0,0.0,-8.254054177685973,-13.662986740383733,110.0,0.0,0.0,0.0,0.0,0.0,0.0,0.0,0.0,0.0,0.0
0.0,0.0,0.2081,0.2356,-9.795,5.4242,-14.6155,-2.2609,0.0,0.0,0.0,0.0,-1.378,1.2167,21.5009,0.0,0.0,0.0,0.0,0.0,1.0,0.0,0.0,0.0,1.0,10.0,0.0,0.0,0.0,0.0,1.0,0.0,1.0,8.12635009454152,1.0,-37.205514403835224,1.0,82.64471096356587,1.0,-45.43919655973065,1.0,-8.12635009454152,0.0,0.0,0.0,0.0,0.0,7.00897956773352,14.048727364008469,97.3789381681185,0.0,0.0,0.0,0.0,1.0,10.0,0.0,0.0,0.0,0.0,1.0,0.0,1.0,-7.220148850335143,1.0,-35.66511699572913,1.0,64.03854686462645,1.0,-28.373429868897322,1.0,7.220148850335143,0.0,0.0,0.0,0.0,0.0,-7.008979567733522,-14.048727364008469,110.0,0.0,0.0,0.0,0.0,0.0,0.0,0.0,0.0,0.0,0.0
0.0,0.0,0.1493,0.2044,-9.7967,5.6438,-13.8373,-1.7325,0.0,0.0,0.0,0.0,-1.195,0.8727,21.5286,0.0,0.0,0.0,0.0,0.0,1.0,0.0,0.0,0.0,1.0,10.0,0.0,0.0,0.0,0.0,1.0,0.0,1.0,8.348084559806999,1.0,-38.32052872320424,1.0,83.38445631864663,1.0,-45.06392759544238,1.0,-8.348084559806999,0.0,0.0,0.0,0.0,0.0,5.709282842230332,14.375840855508958,96.90665699664616,0.0,0.0,0.0,0.0,1.0,10.0,0.0,0.0,0.0,0.0,1.0,0.0,1.0,-7.383668489779678,1.0,-35.05270360665052,1.0,64.16314273331186,1.0,-29.110439126661337,1.0,7.383668489779678,0.0,0.0,0.0,0.0,0.0,-5.709282842230334,-14.375840855508958,110.0,0.0,0.0,0.0,0.0,0.0,0.0,0.0,0.0,0.0,0.0
0.0,0.0,0.0861,0.171,-9.7981,6.022,-12.9352,-1.3825,0.0,0.0,0.0,0.0,-0.9997,0.5032,21.541,0.0,0.0,0.0,0.0,0.0,1.0,0.0,0.0,0.0,1.0,10.0,0.0,0.0,0.0,0.0,1.0,0.0,1.0,8.52039929105002,1.0,-39.354061727750604,1.0,83.95620346744238,1.0,-44.602141739691774,1.0,-8.52039929105002,0.0,0.0,0.0,0.0,0.0,4.424479594906013,14.62834539265366,96.54073222841451,0.0,0.0,0.0,0.0,1.0,10.0,0.0,0.0,0.0,0.0,1.0,0.0,1.0,-7.5096817948787615,1.0,-34.4339349216076,1.0,64.26118931312263,1.0,-29.827254391515027,1.0,7.5096817948787615,0.0,0.0,0.0,0.0,0.0,-4.424479594906015,-14.62834539265366,110.0,0.0,0.0,0.0,0.0,0.0,0.0,0.0,0.0,0.0,0.0
0.0,0.0,0.0196,0.136,-9.799,6.639,-11.9054,-1.2172,0.0,0.0,0.0,0.0,-0.7949,0.1146,21.5408,0.0,0.0,0.0,0.0,0.0,1.0,0.0,0.0,0.0,1.0,10.0,0.0,0.0,0.0,0.0,1.0,0.0,1.0,8.650210882873482,1.0,-40.34249142083892,1.0,84.38515518795127,1.0,-44.04266376711236,1.0,-8.650210882873482,0.0,0.0,0.0,0.0,0.0,3.109509449787998,14.817596293839108,96.26570155131292,0.0,0.0,0.0,0.0,1.0,10.0,0.0,0.0,0.0,0.0,1.0,0.0,1.0,-7.604006168520941,1.0,-33.78709112573695,1.0,64.33573980579874,1.0,-30.54864868006179,1.0,7.604006168520941,0.0,0.0,0.0,0.0,0.0,-3.1095094497880007,-14.817596293839108,110.0,0.0,0.0,0.0,0.0,0.0,0.0,0.0,0.0,0.0,0.0
0.0,0.0,-0.046,0.1016,-9.7994,7.3183,-10.897,-1.0331,0.0,0.0,0.0,0.0,-0.5943,-0.2691,21.531,0.0,0.0,0.0,0.0,0.0,1.0,0.0,0.0,0.0,1.0,10.0,0.0,0.0,0.0,0.0,1.0,0.0,1.0,8.732712549693925,1.0,-41.24066163458906,1.0,84.65699743961873,1.0,-43.416335805029675,1.0,-8.732712549693925,0.0,0.0,0.0,0.0,0.0,1.8246391552357792,14.937445036674246,96.09119029749651,0.0,0.0,0.0,0.0,1.0,10.0,0.0,0.0,0.0,0.0,1.0,0.0,1.0,-7.663685236245265,1.0,-33.14202508584278,1.0,64.3834222463486,1.0,-31.24139716050582,1.0,7.663685236245265,0.0,0.0,0.0,0.0,0.0,-1.8246391552357815,-14.937445036674246,110.0,0.0,0.0,0.0,0.0,0.0,0.0,0.0,0.0,0.0,0.0
0.0,0.0,-0.1644,0.027,-9.7986,8.0568,-8.2193,-0.0644,0.0,0.0,0.0,0.0,-0.1579,-0.9611,21.4864,0.0,0.0,0.0,0.0,0.0,1.0,0.0,0.0,0.0,1.0,10.0,0.0,0.0,0.0,0.0,1.0,0.0,1.0,8.775865068191042,1.0,-42.397634359201405,1.0,84.79894632495973,1.0,-42.40131196575832,1.0,-8.775865068191042,0.0,0.0,0.0,0.0,0.0,0.0030809444739154602,14.999999822020895,96.00000025955285,0.0,0.0,0.0,0.0,1.0,10.0,0.0,0.0,0.0,0.0,1.0,0.0,1.0,-7.694817644821209,1.0,-32.20583224206498,1.0,64.40845493658044,1.0,-32.20262269451546,1.0,7.694817644821209,0.0,0.0,0.0,0.0,0.0,-0.0030809444739179096,-14.999999822020895,110.0,0.0,0.0,0.0,0.0,0.0,0.0,0.0,0.0,0.0,0.0
0.0,0.0,-0.1995,-0.0055,-9.798,8.1897,-7.0056,0.3821,0.0,0.0,0.0,0.0,0.0321,-1.1662,21.4648,0.0,0.0,0.0,0.0,0.0,1.0,0.0,0.0,0.0,1.0,10.0,0.0,0.0,0.0,0.0,1.0,0.0,1.0,8.751274228351136,1.0,-43.180854996214244,1.0,84.71807548766128,1.0,-41.53722049144703,1.0,-8.751274228351136,0.0,0.0,0.0,0.0,0.0,-1.3778077704319398,14.964363525827023,96.0519582785567,0.0,0.0,0.0,0.0,1.0,10.0,0.0,0.0,0.0,0.0,1.0,0.0,1.0,-7.677083520298836,1.0,-31.47946884746929,1.0,64.39418209881944,1.0,-32.91471325135015,1.0,7.677083520298836,0.0,0.0,0.0,0.0,0.0,1.3778077704319371,-14.964363525827023,110.0,0.0,0.0,0.0,0.0,0.0,0.0,0.0,0.0,0.0,0.0
0.0,0.0,-0.2332,-0.0445,-9.7971,8.4931,-5.5399,0.8478,0.0,0.0,0.0,0.0,0.2603,-1.3636,21.4414,0.0,0.0,0.0,0.0,0.0,1.0,0.0,0.0,0.0,1.0,10.0,0.0,0.0,0.0,0.0,1.0,0.0,1.0,8.676070520708503,1.0,-43.88570758213092,1.0,84.47042708952482,1.0,-40.58471950739389,1.0,-8.676070520708503,0.0,0.0,0.0,0.0,0.0,-2.7722737299255957,14.855197922985743,96.2109782837646,0.0,0.0,0.0,0.0,1.0,10.0,0.0,0.0,0.0,0.0,1.0,0.0,1.0,-7.62273460202499,1.0,-30.731639639464618,1.0,64.35066050413302,1.0,-33.61902086466839,1.0,7.62273460202499,0.0,0.0,0.0,0.0,0.0,2.7722737299255935,-14.855197922985743,110.0,0.0,0.0,0.0,0.0,0.0,0.0,0.0,0.0,0.0,0.0
0.0,0.0,-0.2637,-0.083,-9.7961,8.8709,-4.1269,1.1489,0.0,0.0,0.0,0.0,0.4853,-1.542,21.4203,0.0,0.0,0.0,0.0,0.0,1.0,0.0,0.0,0.0,1.0,10.0,0.0,0.0,0.0,0.0,1.0,0.0,1.0,8.557268301186097,1.0,-44.47006527030539,1.0,84.07818729593886,1.0,-39.60812202563347,1.0,-8.557268301186097,0.0,0.0,0.0,0.0,0.0,-4.095215528783293,14.682180713273041,96.46256261614043,0.0,0.0,0.0,0.0,1.0,10.0,0.0,0.0,0.0,0.0,1.0,0.0,1.0,-7.536524508843295,1.0,-30.009058580257758,1.0,64.28230355705125,1.0,-34.27324497679349,1.0,7.536524508843295,0.0,0.0,0.0,0.0,0.0,4.095215528783291,-14.682180713273041,110.0,0.0,0.0,0.0,0.0,0.0,0.0,0.0,0.0,0.0,0.0
0.0,0.0,-0.2907,-0.1192,-9.795,9.1939,-2.8756,1.2968,0.0,0.0,0.0,0.0,0.6971,-1.6998,21.4003,0.0,0.0,0.0,0.0,0.0,1.0,0.0,0.0,0.0,1.0,10.0,0.0,0.0,0.0,0.0,1.0,0.0,1.0,8.39558556584444,1.0,-44.95636680870626,1.0,83.54233656911738,1.0,-38.585969760411125,1.0,-8.39558556584444,0.0,0.0,0.0,0.0,0.0,-5.387192201465096,14.445595006913576,96.80568878546899,0.0,0.0,0.0,0.0,1.0,10.0,0.0,0.0,0.0,0.0,1.0,0.0,1.0,-7.418498015715786,1.0,-29.29124221615933,1.0,64.19006542895696,1.0,-34.89882321279763,1.0,7.418498015715786,0.0,0.0,0.0,0.0,0.0,5.387192201465094,-14.445595006913576,110.0,0.0,0.0,0.0,0.0,0.0,0.0,0.0,0.0,0.0,0.0
0.0,0.0,-0.3167,-0.1562,-9.7936,9.6219,-1.5878,1.3275,0.0,0.0,0.0,0.0,0.9139,-1.8521,21.3804,0.0,0.0,0.0,0.0,0.0,1.0,0.0,0.0,0.0,1.0,10.0,0.0,0.0,0.0,0.0,1.0,0.0,1.0,8.189203106566438,1.0,-45.35018872734577,1.0,82.85486528774675,1.0,-37.50467656040099,1.0,-8.189203106566438,0.0,0.0,0.0,0.0,0.0,-6.668295667718751,14.14170361022441,97.24490437124054,0.0,0.0,0.0,0.0,1.0,10.0,0.0,0.0,0.0,0.0,1.0,0.0,1.0,-7.266657406004361,1.0,-28.567766676286187,1.0,64.07368265638324,1.0,-35.505915980097065,1.0,7.266657406004361,0.0,0.0,0.0,0.0,0.0,6.668295667718748,-14.14170361022441,110.0,0.0,0.0,0.0,0.0,0.0,0.0,0.0,0.0,0.0,0.0
0.0,0.0,-0.3351,-0.1845,-9.7925,9.8539,-0.6421,1.3372,0.0,0.0,0.0,0.0,1.0796,-1.9598,21.3803,0.0,0.0,0.0,0.0,0.0,1.0,0.0,0.0,0.0,1.0,10.0,0.0,0.0,0.0,0.0,1.0,0.0,1.0,7.955529907842142,1.0,-45.6298075117421,1.0,82.07167019152664,1.0,-36.44186267978454,1.0,-7.955529907842142,0.0,0.0,0.0,0.0,0.0,-7.853934282804325,13.795020493217196,97.74385108597349,0.0,0.0,0.0,0.0,1.0,10.0,0.0,0.0,0.0,0.0,1.0,0.0,1.0,-7.093115967061703,1.0,-27.887944795175184,1.0,63.94379760556725,1.0,-36.05585281039206,1.0,7.093115967061703,0.0,0.0,0.0,0.0,0.0,7.853934282804324,-13.795020493217196,110.0,0.0,0.0,0.0,0.0,0.0,0.0,0.0,0.0,0.0,0.0
0.0,0.0,-0.3482,-0.2129,-9.7915,9.9648,0.3743,1.2406,0.0,0.0,0.0,0.0,1.2453,-2.0364,21.4066,0.0,0.0,0.0,0.0,0.0,1.0,0.0,0.0,0.0,1.0,10.0,0.0,0.0,0.0,0.0,1.0,0.0,1.0,7.690827596724155,1.0,-45.81437584185888,1.0,81.17812877348165,1.0,-35.363752931622756,1.0,-7.690827596724155,0.0,0.0,0.0,0.0,0.0,-8.990808205130284,13.398899932380312,98.311154989844,0.0,0.0,0.0,0.0,1.0,10.0,0.0,0.0,0.0,0.0,1.0,0.0,1.0,-6.894419076338445,1.0,-27.226921772355333,1.0,63.79916739825164,1.0,-36.57224562589631,1.0,6.894419076338445,0.0,0.0,0.0,0.0,0.0,8.99080820513028,-13.398899932380312,110.0,0.0,0.0,0.0,0.0,0.0,0.0,0.0,0.0,0.0,0.0
0.0,0.0,-0.3521,-0.2358,-9.7908,9.999,1.3996,1.2546,0.0,0.0,0.0,0.0,1.3794,-2.0588,21.4438,0.0,0.0,0.0,0.0,0.0,1.0,0.0,0.0,0.0,1.0,10.0,0.0,0.0,0.0,0.0,1.0,0.0,1.0,7.38786512749445,1.0,-45.90833156572333,1.0,80.14691157352732,1.0,-34.23858000780398,1.0,-7.38786512749445,0.0,0.0,0.0,0.0,0.0,-10.113175900353973,12.941003291081454,98.96316775470963,0.0,0.0,0.0,0.0,1.0,10.0,0.0,0.0,0.0,0.0,1.0,0.0,1.0,-6.664206102900862,1.0,-26.565619025846573,1.0,63.6370186123913,1.0,-37.07139958654473,1.0,6.664206102900862,0.0,0.0,0.0,0.0,0.0,10.113175900353971,-12.941003291081454,110.0,0.0,0.0,0.0,0.0,0.0,0.0,0.0,0.0,0.0,0.0
0.0,0.0,-0.3521,-0.2358,-9.7908,9.999,1.3996,1.2546,0.0,0.0,0.0,0.0,1.3794,-2.0588,21.4438,0.0,0.0,0.0,0.0,0.0,1.0,0.0,0.0,0.0,1.0,10.0,0.0,0.0,0.0,0.0,1.0,0.0,1.0,7.053045330730209,1.0,-45.90650010050652,1.0,78.99632847565857,1.0,-33.08982837515206,1.0,-7.053045330730209,0.0,0.0,0.0,0.0,0.0,-11.196380622156832,12.429223499162465,99.6870533103862,0.0,0.0,0.0,0.0,1.0,10.0,0.0,0.0,0.0,0.0,1.0,0.0,1.0,-6.406251864212704,1.0,-25.919251749379253,1.0,63.46220607618097,1.0,-37.54295432680171,1.0,6.406251864212704,0.0,0.0,0.0,0.0,0.0,11.19638062215683,-12.429223499162465,110.0,0.0,0.0,0.0,0.0,0.0,0.0,0.0,0.0,0.0,0.0
0.0,0.0,-0.3491,-0.2594,-9.7903,10.0005,2.5101,1.4737,0.0,0.0,0.0,0.0,1.5175,-2.0412,21.4781,0.0,0.0,0.0,0.0,0.0,1.0,0.0,0.0,0.0,1.0,10.0,0.0,0.0,0.0,0.0,1.0,0.0,1.0,6.677615741455889,1.0,-45.804079434568386,1.0,77.69205688517017,1.0,-31.887977450601788,1.0,-6.677615741455889,0.0,0.0,0.0,0.0,0.0,-12.265504090576725,11.848039618003297,100.50277965918666,0.0,0.0,0.0,0.0,1.0,10.0,0.0,0.0,0.0,0.0,1.0,0.0,1.0,-6.112512210133129,1.0,-25.273508101425957,1.0,63.27193642522968,1.0,-37.99842832380372,1.0,6.112512210133129,0.0,0.0,0.0,0.0,0.0,12.265504090576723,-11.848039618003297,110.0,0.0,0.0,0.0,0.0,0.0,0.0,0.0,0.0,0.0,0.0
0.0,0.0,-0.3381,-0.2852,-9.79,10.2442,3.6182,1.6055,0.0,0.0,0.0,0.0,1.6688,-1.977,21.5085,0.0,0.0,0.0,0.0,0.0,1.0,0.0,0.0,0.0,1.0,10.0,0.0,0.0,0.0,0.0,1.0,0.0,1.0,6.270736697152231,1.0,-45.598150397769786,1.0,76.2610153723814,1.0,-30.66286497461161,1.0,-6.270736697152231,0.0,0.0,0.0,0.0,0.0,-13.290197504027375,11.209192245472838,101.39151053686871,0.0,0.0,0.0,0.0,1.0,10.0,0.0,0.0,0.0,0.0,1.0,0.0,1.0,-5.788684000651992,1.0,-24.647396353873262,1.0,63.072959154719165,1.0,-38.4255628008459,1.0,5.788684000651992,0.0,0.0,0.0,0.0,0.0,13.290197504027372,-11.209192245472838,110.0,0.0,0.0,0.0,0.0,0.0,0.0,0.0,0.0,0.0,0.0
0.0,0.0,-0.3277,-0.3052,-9.7898,10.7036,4.6605,1.5302,0.0,0.0,0.0,0.0,1.7857,-1.9161,21.5133,0.0,0.0,0.0,0.0,0.0,1.0,0.0,0.0,0.0,1.0,10.0,0.0,0.0,0.0,0.0,1.0,0.0,1.0,5.825732666142409,1.0,-45.28029692282043,1.0,74.67420283947862,1.0,-29.3939059166582,1.0,-5.825732666142409,0.0,0.0,0.0,0.0,0.0,-14.283519836023068,10.499492695618143,102.36883235046926,0.0,0.0,0.0,0.0,1.0,10.0,0.0,0.0,0.0,0.0,1.0,0.0,1.0,-5.4278388491919065,1.0,-24.0337624292479,1.0,62.86446604090024,1.0,-38.83070361165234,1.0,5.4278388491919065,0.0,0.0,0.0,0.0,0.0,14.283519836023066,-10.499492695618143,110.0,0.0,0.0,0.0,0.0,0.0,0.0,0.0,0.0,0.0,0.0
0.0,0.0,-0.3181,-0.3246,-9.7895,11.1239,5.5994,1.3064,0.0,0.0,0.0,0.0,1.8992,-1.8599,21.4801,0.0,0.0,0.0,0.0,0.0,1.0,0.0,0.0,0.0,1.0,10.0,0.0,0.0,0.0,0.0,1.0,0.0,1.0,5.383218516622598,1.0,-44.88287081174974,1.0,73.07292526029201,1.0,-28.19005444854227,1.0,-5.383218516622598,0.0,0.0,0.0,0.0,0.0,-15.16202964579513,9.782048971139261,103.34585945680699,0.0,0.0,0.0,0.0,1.0,10.0,0.0,0.0,0.0,0.0,1.0,0.0,1.0,-5.061943683819975,1.0,-23.48559272734356,1.0,62.66719628852949,1.0,-39.18160356118593,1.0,5.061943683819975,0.0,0.0,0.0,0.0,0.0,15.16202964579513,-9.782048971139261,110.0,0.0,0.0,0.0,0.0,0.0,0.0,0.0,0.0,0.0,0.0
0.0,0.0,-0.3061,-0.3427,-9.7892,11.4009,6.5498,1.0791,0.0,0.0,0.0,0.0,2.0053,-1.7899,21.4133,0.0,0.0,0.0,0.0,0.0,1.0,0.0,0.0,0.0,1.0,10.0,0.0,0.0,0.0,0.0,1.0,0.0,1.0,4.924688323921417,1.0,-44.39633645709495,1.0,71.3882041162762,1.0,-26.99186765918126,1.0,-4.924688323921417,0.0,0.0,0.0,0.0,0.0,-15.973985684267205,9.025955739662137,104.3632439284964,0.0,0.0,0.0,0.0,1.0,10.0,0.0,0.0,0.0,0.0,1.0,0.0,1.0,-4.675204886400268,1.0,-22.974409065973074,1.0,62.474064181828055,1.0,-39.499655115854985,1.0,4.675204886400268,0.0,0.0,0.0,0.0,0.0,15.973985684267202,-9.025955739662137,110.0,0.0,0.0,0.0,0.0,0.0,0.0,0.0,0.0,0.0,0.0
0.0,0.0,-0.2876,-0.3653,-9.789,11.606,7.866,0.9288,0.0,0.0,0.0,0.0,2.1373,-1.6817,21.3077,0.0,0.0,0.0,0.0,0.0,1.0,0.0,0.0,0.0,1.0,10.0,0.0,0.0,0.0,0.0,1.0,0.0,1.0,4.436068899026823,1.0,-43.80293179168431,1.0,69.56336434730083,1.0,-25.76043255561653,1.0,-4.436068899026823,0.0,0.0,0.0,0.0,0.0,-16.742105475922973,8.205627406304869,105.45235545829964,0.0,0.0,0.0,0.0,1.0,10.0,0.0,0.0,0.0,0.0,1.0,0.0,1.0,-4.254392424559475,1.0,-22.486818837219,1.0,62.28175032404877,1.0,-39.79493148682977,1.0,4.254392424559475,0.0,0.0,0.0,0.0,0.0,16.742105475922973,-8.205627406304869,110.0,0.0,0.0,0.0,0.0,0.0,0.0,0.0,0.0,0.0,0.0
0.0,0.0,-0.265,-0.3873,-9.7888,11.1388,8.7434,1.2223,0.0,0.0,0.0,0.0,2.2659,-1.5498,21.2116,0.0,0.0,0.0,0.0,0.0,1.0,0.0,0.0,0.0,1.0,10.0,0.0,0.0,0.0,0.0,1.0,0.0,1.0,3.918185730904006,1.0,-43.09698667868451,1.0,67.59483976522053,1.0,-24.497853086536015,1.0,-3.918185730904006,0.0,0.0,0.0,0.0,0.0,-17.45745470909216,7.319219031597411,106.61137627992765,0.0,0.0,0.0,0.0,1.0,10.0,0.0,0.0,0.0,0.0,1.0,0.0,1.0,-3.7983811436203845,1.0,-22.029232611761863,1.0,62.094201119846204,1.0,-40.06496850808434,1.0,3.7983811436203845,0.0,0.0,0.0,0.0,0.0,17.457454709092158,-7.319219031597411,110.0,0.0,0.0,0.0,0.0,0.0,0.0,0.0,0.0,0.0,0.0
0.0,0.0,-0.2297,-0.4106,-9.7887,10.4843,9.5042,1.5069,0.0,0.0,0.0,0.0,2.4022,-1.3431,21.1352,0.0,0.0,0.0,0.0,0.0,1.0,0.0,0.0,0.0,1.0,10.0,0.0,0.0,0.0,0.0,1.0,0.0,1.0,3.409058217285368,1.0,-42.331289412878725,1.0,65.62413083341056,1.0,-23.292841420531836,1.0,-3.409058217285368,0.0,0.0,0.0,0.0,0.0,-18.069062701969894,6.430303052979544,107.75435087999311,0.0,0.0,0.0,0.0,1.0,10.0,0.0,0.0,0.0,0.0,1.0,0.0,1.0,-3.3398604278585187,1.0,-21.63533828780634,1.0,61.92735600001765,1.0,-40.29201771221131,1.0,3.3398604278585187,0.0,0.0,0.0,0.0,0.0,18.06906270196989,-6.430303052979544,110.0,0.0,0.0,0.0,0.0,0.0,0.0,0.0,0.0,0.0,0.0
0.0,0.0,-0.1936,-0.4288,-9.7887,9.7754,10.1774,1.7089,0.0,0.0,0.0,0.0,2.5085,-1.1319,21.0945,0.0,0.0,0.0,0.0,0.0,1.0,0.0,0.0,0.0,1.0,10.0,0.0,0.0,0.0,0.0,1.0,0.0,1.0,2.8755187177692956,1.0,-41.45704801123186,1.0,63.52041828306111,1.0,-22.063370271829253,1.0,-2.8755187177692956,0.0,0.0,0.0,0.0,0.0,-18.61772619456718,5.479635264419686,108.95437871621749,0.0,0.0,0.0,0.0,1.0,10.0,0.0,0.0,0.0,0.0,1.0,0.0,1.0,-2.8482981472200395,1.0,-21.279891255216484,1.0,61.7725622174343,1.0,-40.49267096221781,1.0,2.8482981472200395,0.0,0.0,0.0,0.0,0.0,18.617726194567176,-5.479635264419686,110.0,0.0,0.0,0.0,0.0,0.0,0.0,0.0,0.0,0.0,0.0
0.0,0.0,-0.1557,-0.4458,-9.7886,9.0344,10.7575,1.7738,0.0,0.0,0.0,0.0,2.6077,-0.9103,21.0749,0.0,0.0,0.0,0.0,0.0,1.0,0.0,0.0,0.0,1.0,10.0,0.0,0.0,0.0,0.0,1.0,0.0,1.0,2.3605644283454863,1.0,-40.65325267470497,1.0,61.643475717012294,1.0,-20.99022304230733,1.0,-2.3605644283454863,0.0,0.0,0.0,0.0,0.0,-19.062614412728127,4.538382047635817,110.0,0.0,0.0,0.0,0.0,1.0,10.0,0.0,0.0,0.0,0.0,1.0,0.0,1.0,-2.3605644283454863,1.0,-20.990223042307335,1.0,61.643475717012294,1.0,-40.653252674704966,1.0,2.3605644283454863,0.0,0.0,0.0,0.0,0.0,19.062614412728124,-4.538382047635817,110.0,0.0,0.0,0.0,0.0,0.0,0.0,0.0,0.0,0.0,0.0
0.0,0.0,-0.1162,-0.4599,-9.7885,8.1481,11.2402,1.7372,0.0,0.0,0.0,0.0,2.6901,-0.6795,21.0743,0.0,0.0,0.0,0.0,0.0,1.0,0.0,0.0,0.0,1.0,10.0,0.0,0.0,0.0,0.0,1.0,0.0,1.0,1.8837231511307118,1.0,-40.776931546608594,1.0,61.540769062459376,1.0,-20.763837515850785,1.0,-1.8837231511307118,0.0,0.0,0.0,0.0,0.0,-19.408928303079534,3.619750674539508,110.0,0.0,0.0,0.0,0.0,1.0,10.0,0.0,0.0,0.0,0.0,1.0,0.0,1.0,-1.8837231511307118,1.0,-20.763837515850785,1.0,61.540769062459376,1.0,-40.776931546608594,1.0,1.8837231511307118,0.0,0.0,0.0,0.0,0.0,19.408928303079534,-3.619750674539508,110.0,0.0,0.0,0.0,0.0,0.0,0.0,0.0,0.0,0.0,0.0
0.0,0.0,-0.075,-0.4722,-9.7883,7.2337,11.8101,1.6853,0.0,0.0,0.0,0.0,2.762,-0.4387,21.0858,0.0,0.0,0.0,0.0,0.0,1.0,0.0,0.0,0.0,1.0,10.0,0.0,0.0,0.0,0.0,1.0,0.0,1.0,1.383613869703342,1.0,-40.87419148904311,1.0,61.457926808733745,1.0,-20.583735319690632,1.0,-1.383613869703342,0.0,0.0,0.0,0.0,0.0,-19.683583731472538,2.6576397349785448,110.0,0.0,0.0,0.0,0.0,1.0,10.0,0.0,0.0,0.0,0.0,1.0,0.0,1.0,-1.383613869703342,1.0,-20.583735319690632,1.0,61.457926808733745,1.0,-40.87419148904311,1.0,1.383613869703342,0.0,0.0,0.0,0.0,0.0,19.683583731472535,-2.6576397349785448,110.0,0.0,0.0,0.0,0.0,0.0,0.0,0.0,0.0,0.0,0.0
0.0,0.0,-0.0288,-0.4861,-9.7879,6.0752,12.4978,1.6292,0.0,0.0,0.0,0.0,2.8433,-0.1686,21.1062,0.0,0.0,0.0,0.0,0.0,1.0,0.0,0.0,0.0,1.0,10.0,0.0,0.0,0.0,0.0,1.0,0.0,1.0,0.84881165026048,1.0,-40.94384906270146,1.0,61.39744365354698,1.0,-20.45359459084552,1.0,-0.84881165026048,0.0,0.0,0.0,0.0,0.0,-19.88157953065484,1.629899504114789,110.0,0.0,0.0,0.0,0.0,1.0,10.0,0.0,0.0,0.0,0.0,1.0,0.0,1.0,-0.84881165026048,1.0,-20.45359459084552,1.0,61.39744365354698,1.0,-40.94384906270146,1.0,0.84881165026048,0.0,0.0,0.0,0.0,0.0,19.88157953065484,-1.629899504114789,110.0,0.0,0.0,0.0,0.0,0.0,0.0,0.0,0.0,0.0,0.0
0.0,0.0,0.0116,-0.498,-9.7873,4.9602,13.0607,1.7049,0.0,0.0,0.0,0.0,2.913,0.0676,21.1274,0.0,0.0,0.0,0.0,0.0,1.0,0.0,0.0,0.0,1.0,10.0,0.0,0.0,0.0,0.0,1.0,0.0,1.0,0.3220735177153152,1.0,-40.97938140687966,1.0,61.36621427379779,1.0,-20.386832866918123,1.0,-0.3220735177153152,0.0,0.0,0.0,0.0,0.0,-19.982998974507613,0.6183530475914853,110.0,0.0,0.0,0.0,0.0,1.0,10.0,0.0,0.0,0.0,0.0,1.0,0.0,1.0,-0.3220735177153152,1.0,-20.386832866918123,1.0,61.36621427379779,1.0,-40.97938140687966,1.0,0.3220735177153152,0.0,0.0,0.0,0.0,0.0,19.982998974507613,-0.6183530475914853,110.0,0.0,0.0,0.0,0.0,0.0,0.0,0.0,0.0,0.0,0.0
0.0,0.0,0.0518,-0.5091,-9.7866,3.7801,13.6225,1.8271,0.0,0.0,0.0,0.0,2.9779,0.3028,21.1526,0.0,0.0,0.0,0.0,0.0,1.0,0.0,0.0,0.0,1.0,10.0,0.0,0.0,0.0,0.0,1.0,0.0,1.0,-0.19634826619232804,1.0,-40.98311881060412,1.0,61.362914523420265,1.0,-20.379795712816147,1.0,0.19634826619232804,0.0,0.0,0.0,0.0,0.0,-19.993683320859905,-0.3769652990093956,110.0,0.0,0.0,0.0,0.0,1.0,10.0,0.0,0.0,0.0,0.0,1.0,0.0,1.0,0.19634826619232804,1.0,-20.379795712816147,1.0,61.362914523420265,1.0,-40.98311881060412,1.0,-0.19634826619232804,0.0,0.0,0.0,0.0,0.0,19.993683320859905,0.3769652990093956,110.0,0.0,0.0,0.0,0.0,0.0,0.0,0.0,0.0,0.0,0.0
0.0,0.0,0.0973,-0.5206,-9.7857,2.4357,14.2311,1.8965,0.0,0.0,0.0,0.0,3.0456,0.5691,21.1863,0.0,0.0,0.0,0.0,0.0,1.0,0.0,0.0,0.0,1.0,10.0,0.0,0.0,0.0,0.0,1.0,0.0,1.0,-0.6996588619817862,1.0,-40.95719070357476,1.0,61.38574776301227,1.0,-20.42855705943751,1.0,0.6996588619817862,0.0,0.0,0.0,0.0,0.0,-19.919626712395093,-1.3434155339451628,110.0,0.0,0.0,0.0,0.0,1.0,10.0,0.0,0.0,0.0,0.0,1.0,0.0,1.0,0.6996588619817862,1.0,-20.42855705943751,1.0,61.38574776301227,1.0,-40.95719070357476,1.0,-0.6996588619817862,0.0,0.0,0.0,0.0,0.0,19.919626712395093,1.3434155339451628,110.0,0.0,0.0,0.0,0.0,0.0,0.0,0.0,0.0,0.0,0.0
0.0,0.0,0.1368,-0.5286,-9.7848,1.3247,14.6658,1.7025,0.0,0.0,0.0,0.0,3.0923,0.7998,21.226,0.0,0.0,0.0,0.0,0.0,1.0,0.0,0.0,0.0,1.0,10.0,0.0,0.0,0.0,0.0,1.0,0.0,1.0,-1.222983888819231,1.0,-40.898752870475,1.0,61.436711230856915,1.0,-20.537958360381914,1.0,1.222983888819231,0.0,0.0,0.0,0.0,0.0,-19.753273352075464,-2.348852471203596,110.0,0.0,0.0,0.0,0.0,1.0,10.0,0.0,0.0,0.0,0.0,1.0,0.0,1.0,1.222983888819231,1.0,-20.537958360381914,1.0,61.436711230856915,1.0,-40.898752870475,1.0,-1.222983888819231,0.0,0.0,0.0,0.0,0.0,19.753273352075464,2.348852471203596,110.0,0.0,0.0,0.0,0.0,0.0,0.0,0.0,0.0,0.0,0.0
0.0,0.0,0.1752,-0.5341,-9.7839,0.3829,15.1441,1.5298,0.0,0.0,0.0,0.0,3.1246,1.0245,21.2701,0.0,0.0,0.0,0.0,0.0,1.0,0.0,0.0,0.0,1.0,10.0,0.0,0.0,0.0,0.0,1.0,0.0,1.0,-1.7272695116627639,1.0,-40.810814898181896,1.0,61.51211871890726,1.0,-20.701303820725357,1.0,1.7272695116627639,0.0,0.0,0.0,0.0,0.0,-19.504377670183462,-3.3186336165058092,110.0,0.0,0.0,0.0,0.0,1.0,10.0,0.0,0.0,0.0,0.0,1.0,0.0,1.0,1.7272695116627639,1.0,-20.701303820725357,1.0,61.51211871890726,1.0,-40.810814898181896,1.0,-1.7272695116627639,0.0,0.0,0.0,0.0,0.0,19.504377670183462,3.3186336165058092,110.0,0.0,0.0,0.0,0.0,0.0,0.0,0.0,0.0,0.0,0.0
0.0,0.0,0.2132,-0.5372,-9.7829,-0.4827,15.7636,1.4537,0.0,0.0,0.0,0.0,3.143,1.2468,21.3151,0.0,0.0,0.0,0.0,0.0,1.0,0.0,0.0,0.0,1.0,10.0,0.0,0.0,0.0,0.0,1.0,0.0,1.0,-2.21362099571406,1.0,-40.694733213631736,1.0,61.60935312840362,1.0,-20.914619914771887,1.0,2.21362099571406,0.0,0.0,0.0,0.0,0.0,-19.17840253405744,-4.255143109923948,110.0,0.0,0.0,0.0,0.0,1.0,10.0,0.0,0.0,0.0,0.0,1.0,0.0,1.0,2.21362099571406,1.0,-20.914619914771887,1.0,61.60935312840362,1.0,-40.694733213631736,1.0,-2.21362099571406,0.0,0.0,0.0,0.0,0.0,19.17840253405744,4.255143109923948,110.0,0.0,0.0,0.0,0.0,0.0,0.0,0.0,0.0,0.0,0.0
0.0,0.0,0.2403,-0.5363,-9.7824,-1.0968,16.2942,1.3174,0.0,0.0,0.0,0.0,3.1383,1.4048,21.341,0.0,0.0,0.0,0.0,0.0,1.0,0.0,0.0,0.0,1.0,10.0,0.0,0.0,0.0,0.0,1.0,0.0,1.0,-2.684734077898016,1.0,-40.55057763714574,1.0,61.72655790622702,1.0,-21.175980269081283,1.0,2.684734077898016,0.0,0.0,0.0,0.0,0.0,-18.77754803488122,-5.163775315718361,110.0,0.0,0.0,0.0,0.0,1.0,10.0,0.0,0.0,0.0,0.0,1.0,0.0,1.0,2.7006880755769713,1.0,-21.667235204784102,1.0,62.822418730109334,1.0,-41.15518352532523,1.0,-2.7006880755769713,0.0,0.0,0.0,0.0,0.0,18.77754803488122,5.163775315718361,109.3477945883694,0.0,0.0,0.0,0.0,0.0,0.0,0.0,0.0,0.0,0.0
0.0,0.0,0.2634,-0.5312,-9.782,-1.7084,16.9228,0.9309,0.0,0.0,0.0,0.0,3.1086,1.54,21.3335,0.0,0.0,0.0,0.0,0.0,1.0,0.0,0.0,0.0,1.0,10.0,0.0,0.0,0.0,0.0,1.0,0.0,1.0,-3.199856550422871,1.0,-40.3534187888971,1.0,61.88073687106243,1.0,-21.52731808216533,1.0,3.199856550422871,0.0,0.0,0.0,0.0,0.0,-18.236124428158583,-6.159311510664461,110.0,0.0,0.0,0.0,0.0,1.0,10.0,0.0,0.0,0.0,0.0,1.0,0.0,1.0,3.2558335652195147,1.0,-22.93645591830079,1.0,65.02403549889789,1.0,-42.0875795805971,1.0,-3.2558335652195147,0.0,0.0,0.0,0.0,0.0,18.236124428158583,6.159311510664461,108.09882107132691,0.0,0.0,0.0,0.0,0.0,0.0,0.0,0.0,0.0,0.0
0.0,0.0,0.2817,-0.5217,-9.782,-2.3393,17.3684,0.0161,0.0,0.0,0.0,0.0,3.0531,1.6471,21.2781,0.0,0.0,0.0,0.0,0.0,1.0,0.0,0.0,0.0,1.0,10.0,0.0,0.0,0.0,0.0,1.0,0.0,1.0,-3.666488694249514,1.0,-40.13455061710713,1.0,62.04398094383288,1.0,-21.90943032672575,1.0,3.666488694249514,0.0,0.0,0.0,0.0,0.0,-17.643878638700265,-7.0632938458508345,110.0,0.0,0.0,0.0,0.0,1.0,10.0,0.0,0.0,0.0,0.0,1.0,0.0,1.0,3.770569361565335,1.0,-24.145019004621776,1.0,67.0271098519107,1.0,-42.882090847288914,1.0,-3.770569361565335,0.0,0.0,0.0,0.0,0.0,17.643878638700265,7.0632938458508345,106.94246527115114,0.0,0.0,0.0,0.0,0.0,0.0,0.0,0.0,0.0,0.0
0.0,0.0,0.2972,-0.5098,-9.7822,-2.9109,17.6033,-1.269,0.0,0.0,0.0,0.0,2.9833,1.7377,21.2002,0.0,0.0,0.0,0.0,0.0,1.0,0.0,0.0,0.0,1.0,10.0,0.0,0.0,0.0,0.0,1.0,0.0,1.0,-4.109617538440247,1.0,-39.88588129036963,1.0,62.21986359075474,1.0,-22.333982300385106,1.0,4.109617538440247,0.0,0.0,0.0,0.0,0.0,-16.98162253936409,-7.923937087139248,110.0,0.0,0.0,0.0,0.0,1.0,10.0,0.0,0.0,0.0,0.0,1.0,0.0,1.0,4.270368939510418,1.0,-25.352047593820448,1.0,68.93742381154591,1.0,-43.58537621772546,1.0,-4.270368939510418,0.0,0.0,0.0,0.0,0.0,16.98162253936409,7.923937087139248,105.82271801543725,0.0,0.0,0.0,0.0,0.0,0.0,0.0,0.0,0.0,0.0
0.0,0.0,0.3163,-0.495,-9.7824,-3.651,17.6376,-2.8992,0.0,0.0,0.0,0.0,2.897,1.8497,21.0957,0.0,0.0,0.0,0.0,0.0,1.0,0.0,0.0,0.0,1.0,10.0,0.0,0.0,0.0,0.0,1.0,0.0,1.0,-4.5365980987256584,1.0,-39.602301179845185,1.0,62.40867291952205,1.0,-22.80637173967687,1.0,4.5365980987256584,0.0,0.0,0.0,0.0,0.0,-16.239394146483615,-8.75549363184475,110.0,0.0,0.0,0.0,0.0,1.0,10.0,0.0,0.0,0.0,0.0,1.0,0.0,1.0,4.762582170670213,1.0,-26.578547143225062,1.0,70.78621957965876,1.0,-44.2076724364337,1.0,-4.762582170670213,0.0,0.0,0.0,0.0,0.0,16.239394146483615,8.75549363184475,104.72403953703471,0.0,0.0,0.0,0.0,0.0,0.0,0.0,0.0,0.0,0.0
0.0,0.0,0.3424,-0.4765,-9.7824,-4.344,17.4442,-4.7886,0.0,0.0,0.0,0.0,2.7885,2.0024,20.9712,0.0,0.0,0.0,0.0,0.0,1.0,0.0,0.0,0.0,1.0,10.0,0.0,0.0,0.0,0.0,1.0,0.0,1.0,-4.952093254499931,1.0,-39.27700780162197,1.0,62.6107362078173,1.0,-23.333728406195323,1.0,4.952093254499931,0.0,0.0,0.0,0.0,0.0,-15.403972363790446,-9.567061718273997,110.0,0.0,0.0,0.0,0.0,1.0,10.0,0.0,0.0,0.0,0.0,1.0,0.0,1.0,5.252031149847237,1.0,-27.842558099267023,1.0,72.59360897079789,1.0,-44.751050871530865,1.0,-5.252031149847237,0.0,0.0,0.0,0.0,0.0,15.403972363790448,9.567061718273997,103.63644018623388,0.0,0.0,0.0,0.0,0.0,0.0,0.0,0.0,0.0,0.0
0.0,0.0,0.3706,-0.4531,-9.7825,-5.0177,16.9809,-5.165,0.0,0.0,0.0,0.0,2.6517,2.1671,20.8383,0.0,0.0,0.0,0.0,0.0,1.0,0.0,0.0,0.0,1.0,10.0,0.0,0.0,0.0,0.0,1.0,0.0,1.0,-5.333932666602997,1.0,-38.9259811177503,1.0,62.81248276792114,1.0,-23.886501650170842,1.0,5.333932666602997,0.0,0.0,0.0,0.0,0.0,-14.52033090829531,-10.315158484066165,110.0,0.0,0.0,0.0,0.0,1.0,10.0,0.0,0.0,0.0,0.0,1.0,0.0,1.0,5.711337696535015,1.0,-29.077666192515945,1.0,74.26252110944257,1.0,-45.184854916926625,1.0,-5.711337696535015,0.0,0.0,0.0,0.0,0.0,14.520330908295312,10.315158484066165,102.62092598722724,0.0,0.0,0.0,0.0,0.0,0.0,0.0,0.0,0.0,0.0
0.0,0.0,0.3884,-0.4301,-9.7828,-5.7962,16.5196,-4.3159,0.0,0.0,0.0,0.0,2.5175,2.2714,20.7039,0.0,0.0,0.0,0.0,0.0,1.0,0.0,0.0,0.0,1.0,10.0,0.0,0.0,0.0,0.0,1.0,0.0,1.0,-5.7100669920620595,1.0,-38.519565613138134,1.0,63.02635008521446,1.0,-24.506784472076323,1.0,5.7100669920620595,0.0,0.0,0.0,0.0,0.0,-13.51875585284194,-11.054380245295487,110.0,0.0,0.0,0.0,0.0,1.0,10.0,0.0,0.0,0.0,0.0,1.0,0.0,1.0,6.173040898874267,1.0,-30.37854467210872,1.0,75.91461854879788,1.0,-45.53607387668916,1.0,-6.173040898874267,0.0,0.0,0.0,0.0,0.0,13.518755852841942,11.054380245295487,101.60560530255628,0.0,0.0,0.0,0.0,0.0,0.0,0.0,0.0,0.0,0.0
0.0,0.0,0.3949,-0.4091,-9.7835,-6.3278,16.1198,-3.5852,0.0,0.0,0.0,0.0,2.3943,2.3094,20.5686,0.0,0.0,0.0,0.0,0.0,1.0,0.0,0.0,0.0,1.0,10.0,0.0,0.0,0.0,0.0,1.0,0.0,1.0,-6.065485994828902,1.0,-38.0648427520778,1.0,63.2423409381486,1.0,-25.1774981860708,1.0,6.065485994828902,0.0,0.0,0.0,0.0,0.0,-12.423383874243052,-11.755147271564644,110.0,0.0,0.0,0.0,0.0,1.0,10.0,0.0,0.0,0.0,0.0,1.0,0.0,1.0,6.6180778489161725,1.0,-31.704179531279063,1.0,77.48380890645234,1.0,-45.77962937517328,1.0,-6.6180778489161725,0.0,0.0,0.0,0.0,0.0,12.423383874243054,11.755147271564644,100.63252686642755,0.0,0.0,0.0,0.0,0.0,0.0,0.0,0.0,0.0,0.0
0.0,0.0,0.3812,-0.3862,-9.785,-6.4147,15.7798,-3.0912,0.0,0.0,0.0,0.0,2.2601,2.2292,20.4218,0.0,0.0,0.0,0.0,0.0,1.0,0.0,0.0,0.0,1.0,10.0,0.0,0.0,0.0,0.0,1.0,0.0,1.0,-6.361778461996938,1.0,-37.61687310294342,1.0,63.43279826147278,1.0,-25.815925158529357,1.0,6.361778461996938,0.0,0.0,0.0,0.0,0.0,-11.368313892350805,-12.341122703194523,110.0,0.0,0.0,0.0,0.0,1.0,10.0,0.0,0.0,0.0,0.0,1.0,0.0,1.0,6.9958081352286765,1.0,-32.90134364609739,1.0,78.79846036198923,1.0,-45.89711671589185,1.0,-6.9958081352286765,0.0,0.0,0.0,0.0,0.0,11.368313892350807,12.341122703194523,99.81114390852272,0.0,0.0,0.0,0.0,0.0,0.0,0.0,0.0,0.0,0.0
0.0,0.0,0.3501,-0.3677,-9.7868,-6.5592,15.4853,-2.7803,0.0,0.0,0.0,0.0,2.1515,2.0476,20.3197,0.0,0.0,0.0,0.0,0.0,1.0,0.0,0.0,0.0,1.0,10.0,0.0,0.0,0.0,0.0,1.0,0.0,1.0,-6.630437431602134,1.0,-37.13776467057939,1.0,63.61372150636506,1.0,-26.475956835785674,1.0,6.630437431602134,0.0,0.0,0.0,0.0,0.0,-10.264236325024028,-12.873929746721945,110.0,0.0,0.0,0.0,0.0,1.0,10.0,0.0,0.0,0.0,0.0,1.0,0.0,1.0,7.343756752796668,1.0,-34.08223227267151,1.0,79.9960008504621,1.0,-45.91376857779059,1.0,-7.343756752796668,0.0,0.0,0.0,0.0,0.0,10.264236325024028,12.873929746721945,99.05833324819898,0.0,0.0,0.0,0.0,0.0,0.0,0.0,0.0,0.0,0.0
0.0,0.0,0.3061,-0.3488,-9.789,-6.3683,15.0771,-2.4256,0.0,0.0,0.0,0.0,2.0408,1.7902,20.2356,0.0,0.0,0.0,0.0,0.0,1.0,0.0,0.0,0.0,1.0,10.0,0.0,0.0,0.0,0.0,1.0,0.0,1.0,-6.87480135439896,1.0,-36.6183873930875,1.0,63.78512336515855,1.0,-27.166735972071045,1.0,6.87480135439896,0.0,0.0,0.0,0.0,0.0,-9.093565029733586,-13.359836440451978,110.0,0.0,0.0,0.0,0.0,1.0,10.0,0.0,0.0,0.0,0.0,1.0,0.0,1.0,7.664855669955956,1.0,-35.26332727090202,1.0,81.09008637528407,1.0,-45.826759104382056,1.0,-7.664855669955956,0.0,0.0,0.0,0.0,0.0,9.093565029733588,13.359836440451978,98.36693692910275,0.0,0.0,0.0,0.0,0.0,0.0,0.0,0.0,0.0,0.0
0.0,0.0,0.2506,-0.3257,-9.7914,-5.8984,14.7328,-2.0371,0.0,0.0,0.0,0.0,1.9054,1.4654,20.1818,0.0,0.0,0.0,0.0,0.0,1.0,0.0,0.0,0.0,1.0,10.0,0.0,0.0,0.0,0.0,1.0,0.0,1.0,-7.088330947237999,1.0,-36.06950399195213,1.0,63.94026348815452,1.0,-27.87075949620239,1.0,7.088330947237999,0.0,0.0,0.0,0.0,0.0,-7.883686653156528,-13.785470981239573,110.0,0.0,0.0,0.0,0.0,1.0,10.0,0.0,0.0,0.0,0.0,1.0,0.0,1.0,7.9491198780455665,1.0,-36.41439983372882,1.0,82.05011257120958,1.0,-45.63571273748075,1.0,-7.9491198780455665,0.0,0.0,0.0,0.0,0.0,7.8836866531565315,13.785470981239573,97.75756260182207,0.0,0.0,0.0,0.0,0.0,0.0,0.0,0.0,0.0,0.0
0.0,0.0,0.189,-0.299,-9.7936,-5.3508,14.3563,-1.68,0.0,0.0,0.0,0.0,1.7484,1.1049,20.1527,0.0,0.0,0.0,0.0,0.0,1.0,0.0,0.0,0.0,1.0,10.0,0.0,0.0,0.0,0.0,1.0,0.0,1.0,-7.269963176405503,1.0,-35.494207694330264,1.0,64.07618919378899,1.0,-28.581981499458717,1.0,7.269963176405503,0.0,0.0,0.0,0.0,0.0,-6.643320164194715,-14.148314110619404,110.0,0.0,0.0,0.0,0.0,1.0,10.0,0.0,0.0,0.0,0.0,1.0,0.0,1.0,8.193677047194244,1.0,-37.526413634211124,1.0,82.86981015719016,1.0,-45.343396522979035,1.0,-8.193677047194244,0.0,0.0,0.0,0.0,0.0,6.6433201641947175,14.148314110619404,97.23536854897974,0.0,0.0,0.0,0.0,0.0,0.0,0.0,0.0,0.0,0.0
0.0,0.0,0.1153,-0.2614,-9.7958,-4.4044,13.905,-1.4843,0.0,0.0,0.0,0.0,1.5285,0.6739,20.1404,0.0,0.0,0.0,0.0,0.0,1.0,0.0,0.0,0.0,1.0,10.0,0.0,0.0,0.0,0.0,1.0,0.0,1.0,-7.422376793509914,1.0,-34.88100772558942,1.0,64.1930720240133,1.0,-29.312064298423877,1.0,7.422376793509914,0.0,0.0,0.0,0.0,0.0,-5.350014450944486,-14.45336489448946,110.0,0.0,0.0,0.0,0.0,1.0,10.0,0.0,0.0,0.0,0.0,1.0,0.0,1.0,8.400881441109773,1.0,-38.61633409022329,1.0,83.55992580451465,1.0,-44.94359171429135,1.0,-8.400881441109773,0.0,0.0,0.0,0.0,0.0,5.350014450944489,14.45336489448946,96.7944363810706,0.0,0.0,0.0,0.0,0.0,0.0,0.0,0.0,0.0,0.0
0.0,0.0,0.0504,-0.2223,-9.7973,-3.5121,13.5304,-1.3231,0.0,0.0,0.0,0.0,1.2998,0.2946,20.1423,0.0,0.0,0.0,0.0,0.0,1.0,0.0,0.0,0.0,1.0,10.0,0.0,0.0,0.0,0.0,1.0,0.0,1.0,-7.537853640589875,1.0,-34.264910542677484,1.0,64.28335113199927,1.0,-30.01844058932178,1.0,7.537853640589875,0.0,0.0,0.0,0.0,0.0,-4.078185490715866,-14.684846841067648,110.0,0.0,0.0,0.0,0.0,1.0,10.0,0.0,0.0,0.0,0.0,1.0,0.0,1.0,8.559095388558204,1.0,-39.621143080612065,1.0,84.08422917592789,1.0,-44.46308609531582,1.0,-8.559095388558204,0.0,0.0,0.0,0.0,0.0,4.0781854907158674,14.684846841067648,96.45868997444757,0.0,0.0,0.0,0.0,0.0,0.0,0.0,0.0,0.0,0.0
0.0,0.0,-0.0206,-0.1751,-9.7984,-2.3615,13.0917,-1.0086,0.0,0.0,0.0,0.0,1.0236,-0.1202,20.1549,0.0,0.0,0.0,0.0,0.0,1.0,0.0,0.0,0.0,1.0,10.0,0.0,0.0,0.0,0.0,1.0,0.0,1.0,-7.620198282754899,1.0,-33.64304137405138,1.0,64.3486375520078,1.0,-30.705596177956426,1.0,7.620198282754899,0.0,0.0,0.0,0.0,0.0,-2.8203627493133383,-14.850105188307108,110.0,0.0,0.0,0.0,0.0,1.0,10.0,0.0,0.0,0.0,0.0,1.0,0.0,1.0,8.672566794098442,1.0,-40.55045987151747,1.0,84.45887704989059,1.0,-43.90841717837312,1.0,-8.672566794098442,0.0,0.0,0.0,0.0,0.0,2.820362749313341,14.850105188307108,96.21839147634698,0.0,0.0,0.0,0.0,0.0,0.0,0.0,0.0,0.0,0.0
0.0,0.0,-0.0773,-0.1325,-9.7988,-1.3078,12.4584,-0.5755,0.0,0.0,0.0,0.0,0.7749,-0.452,20.1729,0.0,0.0,0.0,0.0,0.0,1.0,0.0,0.0,0.0,1.0,10.0,0.0,0.0,0.0,0.0,1.0,0.0,1.0,-7.672410238778519,1.0,-33.001717209582395,1.0,64.3904268075041,1.0,-31.388709597921707,1.0,7.672410238778519,0.0,0.0,0.0,0.0,0.0,-1.5484784246869692,-14.954973944967504,110.0,0.0,0.0,0.0,0.0,1.0,10.0,0.0,0.0,0.0,0.0,1.0,0.0,1.0,8.744798318008648,1.0,-41.424916329371875,1.0,84.69676963961459,1.0,-43.27185331024272,1.0,-8.744798318008648,0.0,0.0,0.0,0.0,0.0,1.5484784246869718,14.954973944967504,96.06564450949105,0.0,0.0,0.0,0.0,0.0,0.0,0.0,0.0,0.0,0.0
0.0,0.0,-0.1265,-0.0883,-9.7988,-0.2,11.693,-0.0322,0.0,0.0,0.0,0.0,0.5162,-0.7396,20.1937,0.0,0.0,0.0,0.0,0.0,1.0,0.0,0.0,0.0,1.0,10.0,0.0,0.0,0.0,0.0,1.0,0.0,1.0,-7.694307803855505,1.0,-32.32579203892957,1.0,64.40804411188266,1.0,-32.082252072953096,1.0,7.694307803855505,0.0,0.0,0.0,0.0,0.0,-0.23378193664236857,-14.99897520260738,110.0,0.0,0.0,0.0,0.0,1.0,10.0,0.0,0.0,0.0,0.0,1.0,0.0,1.0,8.775157746113372,1.0,-42.2587845939517,1.0,84.79662092329875,1.0,-42.537836329347044,1.0,-8.775157746113372,0.0,0.0,0.0,0.0,0.0,0.23378193664237104,14.99897520260738,96.00149448662523,0.0,0.0,0.0,0.0,0.0,0.0,0.0,0.0,0.0,0.0
0.0,0.0,-0.1672,-0.0425,-9.7985,0.9087,10.831,0.5076,0.0,0.0,0.0,0.0,0.2486,-0.9776,20.2135,0.0,0.0,0.0,0.0,0.0,1.0,0.0,0.0,0.0,1.0,10.0,0.0,0.0,0.0,0.0,1.0,0.0,1.0,-7.685069991243772,1.0,-31.668097844987926,1.0,64.40060542915575,1.0,-32.73250758416782,1.0,7.685069991243772,0.0,0.0,0.0,0.0,0.0,1.0217893866305952,-14.980411205229652,110.0,0.0,0.0,0.0,0.0,1.0,10.0,0.0,0.0,0.0,0.0,1.0,0.0,1.0,8.762345426912505,1.0,-42.98687692012728,1.0,84.75449140473359,1.0,-41.76761448460631,1.0,-8.762345426912505,0.0,0.0,0.0,0.0,0.0,-1.0217893866305927,14.980411205229652,96.02856349417502,0.0,0.0,0.0,0.0,0.0,0.0,0.0,0.0,0.0,0.0
0.0,0.0,-0.2009,0.0034,-9.7979,2.1196,10.0059,0.973,0.0,0.0,0.0,0.0,-0.0201,-1.1744,20.231,0.0,0.0,0.0,0.0,0.0,1.0,0.0,0.0,0.0,1.0,10.0,0.0,0.0,0.0,0.0,1.0,0.0,1.0,-7.643055476958458,1.0,-30.959076900885364,1.0,64.36689432371176,1.0,-33.407817422826405,1.0,7.643055476958458,0.0,0.0,0.0,0.0,0.0,2.3509800215331382,-14.896006252610903,110.0,0.0,0.0,0.0,0.0,1.0,10.0,0.0,0.0,0.0,0.0,1.0,0.0,1.0,8.704160969453968,1.0,-43.682141133632754,1.0,84.56298812518342,1.0,-40.880846991550676,1.0,-8.704160969453968,0.0,0.0,0.0,0.0,0.0,-2.3509800215331356,14.896006252610903,96.1515588655405,0.0,0.0,0.0,0.0,0.0,0.0,0.0,0.0,0.0,0.0
0.0,0.0,-0.2314,0.0478,-9.7972,3.344,9.2423,1.2722,0.0,0.0,0.0,0.0,-0.2797,-1.353,20.2474,0.0,0.0,0.0,0.0,0.0,1.0,0.0,0.0,0.0,1.0,10.0,0.0,0.0,0.0,0.0,1.0,0.0,1.0,-7.571041390080958,1.0,-30.266848111339673,1.0,64.30957257435001,1.0,-34.042724463010344,1.0,7.571041390080958,0.0,0.0,0.0,0.0,0.0,3.625893464250448,-14.751432280615061,110.0,0.0,0.0,0.0,0.0,1.0,10.0,0.0,0.0,0.0,0.0,1.0,0.0,1.0,8.604762753145772,1.0,-44.272474444432234,1.0,84.23514669654625,1.0,-39.96267225211402,1.0,-8.604762753145772,0.0,0.0,0.0,0.0,0.0,-3.625893464250445,14.751432280615061,96.3619299147557,0.0,0.0,0.0,0.0,0.0,0.0,0.0,0.0,0.0,0.0
0.0,0.0,-0.2585,0.0891,-9.7962,4.4327,8.5292,1.391,0.0,0.0,0.0,0.0,-0.5211,-1.5116,20.2633,0.0,0.0,0.0,0.0,0.0,1.0,0.0,0.0,0.0,1.0,10.0,0.0,0.0,0.0,0.0,1.0,0.0,1.0,-7.466761828080347,1.0,-29.56172280425103,1.0,64.22759598185856,1.0,-34.66587317760753,1.0,7.466761828080347,0.0,0.0,0.0,0.0,0.0,4.902875488175009,-14.542301029082093,110.0,0.0,0.0,0.0,0.0,1.0,10.0,0.0,0.0,0.0,0.0,1.0,0.0,1.0,8.461567387472828,1.0,-44.78420292411906,1.0,83.76130014460253,1.0,-38.97709722048347,1.0,-8.461567387472828,0.0,0.0,0.0,0.0,0.0,-4.902875488175006,14.542301029082093,96.66555872184742,0.0,0.0,0.0,0.0,0.0,0.0,0.0,0.0,0.0,0.0
0.0,0.0,-0.28,0.1261,-9.7952,5.2709,7.8669,1.4829,0.0,0.0,0.0,0.0,-0.7376,-1.637,20.277,0.0,0.0,0.0,0.0,0.0,1.0,0.0,0.0,0.0,1.0,10.0,0.0,0.0,0.0,0.0,1.0,0.0,1.0,-7.322825385950064,1.0,-28.817423788980783,1.0,64.11643570763646,1.0,-35.29901191865567,1.0,7.322825385950064,0.0,0.0,0.0,0.0,0.0,6.228521709847073,-14.254055685553306,110.0,0.0,0.0,0.0,0.0,1.0,10.0,0.0,0.0,0.0,0.0,1.0,0.0,1.0,8.265335572366068,1.0,-45.225348549642206,1.0,83.10892569116324,1.0,-37.88357714152103,1.0,-8.265335572366068,0.0,0.0,0.0,0.0,0.0,-6.228521709847104,14.254055685553306,97.0827222698145,0.0,0.0,0.0,0.0,0.0,0.0,0.0,0.0,0.0,0.0
0.0,0.0,-0.294,0.1628,-9.7942,5.9954,7.1646,1.5518,0.0,0.0,0.0,0.0,-0.9524,-1.7193,20.273,0.0,0.0,0.0,0.0,0.0,1.0,0.0,0.0,0.0,1.0,10.0,0.0,0.0,0.0,0.0,1.0,0.0,1.0,-7.150176894222069,1.0,-28.098671411320122,1.0,63.98613653540707,1.0,-35.887465124086944,1.0,7.150176894222069,0.0,0.0,0.0,0.0,0.0,7.488240489866689,-13.908936626530123,110.0,0.0,0.0,0.0,0.0,1.0,10.0,0.0,0.0,0.0,0.0,1.0,0.0,1.0,8.032104883482488,1.0,-45.55268983750993,1.0,82.32889550618427,1.0,-36.77620566867434,1.0,-8.032104883482488,0.0,0.0,0.0,0.0,0.0,-7.48824048986672,13.908936626530123,97.58015312583179,0.0,0.0,0.0,0.0,0.0,0.0,0.0,0.0,0.0,0.0
0.0,0.0,-0.2992,0.1942,-9.7935,6.8638,6.5021,1.469,0.0,0.0,0.0,0.0,-1.1362,-1.7497,20.2446,0.0,0.0,0.0,0.0,0.0,1.0,0.0,0.0,0.0,1.0,10.0,0.0,0.0,0.0,0.0,1.0,0.0,1.0,-6.947894977833717,1.0,-27.395196758195162,1.0,63.83766473492583,1.0,-36.44246797673067,1.0,6.947894977833717,0.0,0.0,0.0,0.0,0.0,8.702847411908463,-13.505424887626994,110.0,0.0,0.0,0.0,0.0,1.0,10.0,0.0,0.0,0.0,0.0,1.0,0.0,1.0,7.761772176199289,1.0,-45.77578475420123,1.0,81.41828453938804,1.0,-35.6424997851868,1.0,-7.761772176199289,0.0,0.0,0.0,0.0,0.0,-8.702847411908461,13.505424887626994,98.15889029847247,0.0,0.0,0.0,0.0,0.0,0.0,0.0,0.0,0.0,0.0
0.0,0.0,-0.3018,0.2194,-9.7929,7.8317,5.8265,1.4417,0.0,0.0,0.0,0.0,-1.2835,-1.7648,20.2033,0.0,0.0,0.0,0.0,0.0,1.0,0.0,0.0,0.0,1.0,10.0,0.0,0.0,0.0,0.0,1.0,0.0,1.0,-6.719771032085737,1.0,-26.716909168590984,1.0,63.675624151233755,1.0,-36.95871498264277,1.0,6.719771032085737,0.0,0.0,0.0,0.0,0.0,9.857690126273782,-13.051421159133604,110.0,0.0,0.0,0.0,0.0,1.0,10.0,0.0,0.0,0.0,0.0,1.0,0.0,1.0,7.46062720034903,1.0,-45.89513274254564,1.0,80.39542262035768,1.0,-34.50028987781203,1.0,-7.46062720034903,0.0,0.0,0.0,0.0,0.0,-9.85769012627381,13.051421159133604,98.80631290735974,0.0,0.0,0.0,0.0,0.0,0.0,0.0,0.0,0.0,0.0
0.0,0.0,-0.3024,0.2482,-9.7922,8.8669,5.0352,1.6094,0.0,0.0,0.0,0.0,-1.4521,-1.7683,20.1624,0.0,0.0,0.0,0.0,0.0,1.0,0.0,0.0,0.0,1.0,10.0,0.0,0.0,0.0,0.0,1.0,0.0,1.0,-6.4681721278727755,1.0,-26.066806837138312,1.0,63.50350818427688,1.0,-37.43670134713857,1.0,6.4681721278727755,0.0,0.0,0.0,0.0,0.0,10.950273297061925,-12.551951124419075,110.0,0.0,0.0,0.0,0.0,1.0,10.0,0.0,0.0,0.0,0.0,1.0,0.0,1.0,7.1329743740816935,1.0,-45.91545742760663,1.0,79.2720619856372,1.0,-33.356604558030554,1.0,-7.1329743740816935,0.0,0.0,0.0,0.0,0.0,-10.950273297061955,12.551951124419075,99.51393316908874,0.0,0.0,0.0,0.0,0.0,0.0,0.0,0.0,0.0,0.0
0.0,0.0,-0.3024,0.2482,-9.7922,8.8669,5.0352,1.6094,0.0,0.0,0.0,0.0,-1.4521,-1.7683,20.1624,0.0,0.0,0.0,0.0,0.0,1.0,0.0,0.0,0.0,1.0,10.0,0.0,0.0,0.0,0.0,1.0,0.0,1.0,-6.18651573682254,1.0,-25.428459419257223,1.0,63.31899289665087,1.0,-37.890533477393646,1.0,6.18651573682254,0.0,0.0,0.0,0.0,0.0,12.010117665989139,-11.994305062304205,110.0,0.0,0.0,0.0,0.0,1.0,10.0,0.0,0.0,0.0,0.0,1.0,0.0,1.0,6.771622837377861,1.0,-45.83836227629398,1.0,78.02007666946092,1.0,-32.18171439316695,1.0,-6.771622837377861,0.0,0.0,0.0,0.0,0.0,-12.010117665989139,11.994305062304205,100.29812831083994,0.0,0.0,0.0,0.0,0.0,0.0,0.0,0.0,0.0,0.0
0.0,0.0,-0.2972,0.275,-9.7916,9.8081,4.4416,1.5251,0.0,0.0,0.0,0.0,-1.6088,-1.7379,20.1539,0.0,0.0,0.0,0.0,0.0,1.0,0.0,0.0,0.0,1.0,10.0,0.0,0.0,0.0,0.0,1.0,0.0,1.0,-5.880676811059524,1.0,-24.81728831351007,1.0,63.128338897692686,1.0,-38.31105058418262,1.0,5.880676811059524,0.0,0.0,0.0,0.0,0.0,13.013286328920708,-11.390482349020958,110.0,0.0,0.0,0.0,0.0,1.0,10.0,0.0,0.0,0.0,0.0,1.0,0.0,1.0,6.38558789650611,1.0,-45.66515206060765,1.0,76.66684570310306,1.0,-31.001693642495418,1.0,-6.38558789650611,0.0,0.0,0.0,0.0,0.0,-13.01328632892068,11.390482349020958,101.14016409946684,0.0,0.0,0.0,0.0,0.0,0.0,0.0,0.0,0.0,0.0
0.0,0.0,-0.29,0.2967,-9.7912,10.8115,3.9157,1.2228,0.0,0.0,0.0,0.0,-1.7358,-1.696,20.1829,0.0,0.0,0.0,0.0,0.0,1.0,0.0,0.0,0.0,1.0,10.0,0.0,0.0,0.0,0.0,1.0,0.0,1.0,-5.533732478718243,1.0,-24.20569738508568,1.0,62.9242103915297,1.0,-38.71851300644402,1.0,5.533732478718243,0.0,0.0,0.0,0.0,0.0,14.006268867908874,-10.70753207909805,110.0,0.0,0.0,0.0,0.0,1.0,10.0,0.0,0.0,0.0,0.0,1.0,0.0,1.0,5.95542453844113,1.0,-45.38196422040191,1.0,75.13905360760445,1.0,-29.757089387202544,1.0,-5.95542453844113,0.0,0.0,0.0,0.0,0.0,-14.006268867908844,10.70753207909805,102.08344651935919,0.0,0.0,0.0,0.0,0.0,0.0,0.0,0.0,0.0,0.0
0.0,0.0,-0.2843,0.3218,-9.7906,11.9561,3.426,0.616,0.0,0.0,0.0,0.0,-1.8828,-1.6622,20.2402,0.0,0.0,0.0,0.0,0.0,1.0,0.0,0.0,0.0,1.0,10.0,0.0,0.0,0.0,0.0,1.0,0.0,1.0,-5.176775582602924,1.0,-23.650386470385993,1.0,62.72757971992014,1.0,-39.077193249534155,1.0,5.176775582602924,0.0,0.0,0.0,0.0,0.0,14.898787406473659,-10.006982575776558,110.0,0.0,0.0,0.0,0.0,1.0,10.0,0.0,0.0,0.0,0.0,1.0,0.0,1.0,5.521170404688553,1.0,-45.014780719871766,1.0,73.57466747656325,1.0,-28.559886756691487,1.0,-5.521170404688553,0.0,0.0,0.0,0.0,0.0,-14.898787406473632,10.006982575776558,103.04074560369803,0.0,0.0,0.0,0.0,0.0,0.0,0.0,0.0,0.0,0.0
0.0,0.0,-0.2775,0.3453,-9.79,12.9395,2.8203,0.2532,0.0,0.0,0.0,0.0,-2.0198,-1.6226,20.3125,0.0,0.0,0.0,0.0,0.0,1.0,0.0,0.0,0.0,1.0,10.0,0.0,0.0,0.0,0.0,1.0,0.0,1.0,-4.803050810254326,1.0,-23.13627515559265,1.0,62.536166594559795,1.0,-39.399891438967146,1.0,4.803050810254326,0.0,0.0,0.0,0.0,0.0,15.717627439686716,-9.275659306098087,110.0,0.0,0.0,0.0,0.0,1.0,10.0,0.0,0.0,0.0,0.0,1.0,0.0,1.0,5.075243435267037,1.0,-44.563943322095,1.0,71.94428703194525,1.0,-27.380343709850255,1.0,-5.075243435267037,0.0,0.0,0.0,0.0,0.0,-15.717627439686716,9.275659306098087,104.0286641917324,0.0,0.0,0.0,0.0,0.0,0.0,0.0,0.0,0.0,0.0
0.0,0.0,-0.2646,0.3648,-9.7896,13.267,2.0316,0.4709,0.0,0.0,0.0,0.0,-2.1338,-1.5471,20.3796,0.0,0.0,0.0,0.0,0.0,1.0,0.0,0.0,0.0,1.0,10.0,0.0,0.0,0.0,0.0,1.0,0.0,1.0,-4.407533164320261,1.0,-22.656573583130026,1.0,62.34959268674695,1.0,-39.693019103616926,1.0,4.407533164320261,0.0,0.0,0.0,0.0,0.0,16.475378453153024,-8.50388566857982,110.0,0.0,0.0,0.0,0.0,1.0,10.0,0.0,0.0,0.0,0.0,1.0,0.0,1.0,4.61267016939179,1.0,-44.02586852271274,1.0,70.22649823935758,1.0,-26.200629716644837,1.0,-4.61267016939179,0.0,0.0,0.0,0.0,0.0,-16.47537845315304,8.50388566857982,105.05817479932198,0.0,0.0,0.0,0.0,0.0,0.0,0.0,0.0,0.0,0.0
0.0,0.0,-0.2424,0.382,-9.7896,13.348,1.1498,0.9226,0.0,0.0,0.0,0.0,-2.2344,-1.4174,20.4277,0.0,0.0,0.0,0.0,0.0,1.0,0.0,0.0,0.0,1.0,10.0,0.0,0.0,0.0,0.0,1.0,0.0,1.0,-3.9734457225008266,1.0,-22.196743842594074,1.0,62.163645642700956,1.0,-39.96690180010688,1.0,3.9734457225008266,0.0,0.0,0.0,0.0,0.0,17.196192730429523,-7.65922075100213,110.0,0.0,0.0,0.0,0.0,1.0,10.0,0.0,0.0,0.0,0.0,1.0,0.0,1.0,4.115610691510074,1.0,-43.375051106820464,1.0,68.3495128689257,1.0,-24.974461762105232,1.0,-4.115610691510074,0.0,0.0,0.0,0.0,0.0,-17.196192730429523,7.65922075100213,106.16904069090256,0.0,0.0,0.0,0.0,0.0,0.0,0.0,0.0,0.0,0.0
0.0,0.0,-0.2126,0.3981,-9.7896,13.4564,0.087,1.5233,0.0,0.0,0.0,0.0,-2.3287,-1.243,20.457,0.0,0.0,0.0,0.0,0.0,1.0,0.0,0.0,0.0,1.0,10.0,0.0,0.0,0.0,0.0,1.0,0.0,1.0,-3.5526995923726994,1.0,-21.810352633892116,1.0,62.00210066513716,1.0,-40.19174803124504,1.0,3.5526995923726994,0.0,0.0,0.0,0.0,0.0,17.797785247956657,-6.8426491690378395,110.0,0.0,0.0,0.0,0.0,1.0,10.0,0.0,0.0,0.0,0.0,1.0,0.0,1.0,3.643977766686091,1.0,-42.69313543216319,1.0,66.53786952586746,1.0,-23.844734093704282,1.0,-3.643977766686091,0.0,0.0,0.0,0.0,0.0,-17.79778524795667,6.8426491690378395,107.22661025850319,0.0,0.0,0.0,0.0,0.0,0.0,0.0,0.0,0.0,0.0
0.0,0.0,-0.1775,0.415,-9.7896,13.3279,-0.9795,1.8132,0.0,0.0,0.0,0.0,-2.4277,-1.0376,20.4702,0.0,0.0,0.0,0.0,0.0,1.0,0.0,0.0,0.0,1.0,10.0,0.0,0.0,0.0,0.0,1.0,0.0,1.0,-3.1018111257231555,1.0,-21.454934396508122,1.0,61.84929080898323,1.0,-40.39435641247511,1.0,3.1018111257231555,0.0,0.0,0.0,0.0,0.0,18.34791316539834,-5.969645834736715,110.0,0.0,0.0,0.0,0.0,1.0,10.0,0.0,0.0,0.0,0.0,1.0,0.0,1.0,3.149135175096098,1.0,-41.914340138608175,1.0,64.60422912921742,1.0,-22.68988899060924,1.0,-3.149135175096098,0.0,0.0,0.0,0.0,0.0,-18.34791316539834,5.969645834736715,108.33878588754706,0.0,0.0,0.0,0.0,0.0,0.0,0.0,0.0,0.0,0.0
0.0,0.0,-0.1371,0.4311,-9.7896,13.1059,-2.0113,1.951,0.0,0.0,0.0,0.0,-2.5215,-0.8013,20.4698,0.0,0.0,0.0,0.0,0.0,1.0,0.0,0.0,0.0,1.0,10.0,0.0,0.0,0.0,0.0,1.0,0.0,1.0,-2.610916751513137,1.0,-21.13134713480252,1.0,61.7066936387405,1.0,-40.57534650393798,1.0,2.610916751513137,0.0,0.0,0.0,0.0,0.0,18.84611762359584,-5.021296238636443,110.0,0.0,0.0,0.0,0.0,1.0,10.0,0.0,0.0,0.0,0.0,1.0,0.0,1.0,2.6222155834306524,1.0,-41.01727356059671,1.0,62.50773080506064,1.0,-21.490457244463926,1.0,-2.6222155834306524,0.0,0.0,0.0,0.0,0.0,-18.84611762359584,5.021296238636443,109.52437299009338,0.0,0.0,0.0,0.0,0.0,0.0,0.0,0.0,0.0,0.0
0.0,0.0,-0.0936,0.4467,-9.7894,12.9736,-3.0921,2.1296,0.0,0.0,0.0,0.0,-2.6127,-0.5474,20.4567,0.0,0.0,0.0,0.0,0.0,1.0,0.0,0.0,0.0,1.0,10.0,0.0,0.0,0.0,0.0,1.0,0.0,1.0,-2.1249305204385673,1.0,-20.871527424346024,1.0,61.58982430648802,1.0,-40.718296882142,1.0,2.1249305204385673,0.0,0.0,0.0,0.0,0.0,19.244339548791096,-4.084257566999747,110.0,0.0,0.0,0.0,0.0,1.0,10.0,0.0,0.0,0.0,0.0,1.0,0.0,1.0,2.1249305204385673,1.0,-40.718296882142,1.0,61.58982430648802,1.0,-20.871527424346027,1.0,-2.1249305204385673,0.0,0.0,0.0,0.0,0.0,-19.244339548791086,4.084257566999747,110.0,0.0,0.0,0.0,0.0,0.0,0.0,0.0,0.0,0.0,0.0
0.0,0.0,-0.0521,0.4629,-9.7889,12.9862,-4.1531,2.2058,0.0,0.0,0.0,0.0,-2.7076,-0.3044,20.4374,0.0,0.0,0.0,0.0,0.0,1.0,0.0,0.0,0.0,1.0,10.0,0.0,0.0,0.0,0.0,1.0,0.0,1.0,-1.6261372986316405,1.0,-20.66390042668921,1.0,61.494924282200586,1.0,-40.831023855511376,1.0,1.6261372986316405,0.0,0.0,0.0,0.0,0.0,19.561425387085354,-3.1240571720664705,110.0,0.0,0.0,0.0,0.0,1.0,10.0,0.0,0.0,0.0,0.0,1.0,0.0,1.0,1.6261372986316405,1.0,-40.831023855511376,1.0,61.494924282200586,1.0,-20.66390042668921,1.0,-1.6261372986316405,0.0,0.0,0.0,0.0,0.0,-19.561425387085354,3.1240571720664705,110.0,0.0,0.0,0.0,0.0,0.0,0.0,0.0,0.0,0.0,0.0
0.0,0.0,-0.0111,0.4828,-9.7881,12.9918,-5.3606,2.2783,0.0,0.0,0.0,0.0,-2.824,-0.0649,20.4152,0.0,0.0,0.0,0.0,0.0,1.0,0.0,0.0,0.0,1.0,10.0,0.0,0.0,0.0,0.0,1.0,0.0,1.0,-1.1391611968814073,1.0,-20.516362371652644,1.0,61.426680079272934,1.0,-40.91031770762029,1.0,1.1391611968814073,0.0,0.0,0.0,0.0,0.0,19.786133666444687,-2.1877532825118355,110.0,0.0,0.0,0.0,0.0,1.0,10.0,0.0,0.0,0.0,0.0,1.0,0.0,1.0,1.1391611968814073,1.0,-40.91031770762029,1.0,61.426680079272934,1.0,-20.516362371652644,1.0,-1.1391611968814073,0.0,0.0,0.0,0.0,0.0,-19.786133666444687,2.1877532825118355,110.0,0.0,0.0,0.0,0.0,0.0,0.0,0.0,0.0,0.0,0.0
0.0,0.0,0.0212,0.5,-9.7872,12.6809,-6.46,2.2985,0.0,0.0,0.0,0.0,-2.9245,0.1238,20.3964,0.0,0.0,0.0,0.0,0.0,1.0,0.0,0.0,0.0,1.0,10.0,0.0,0.0,0.0,0.0,1.0,0.0,1.0,-0.6218940432743275,1.0,-20.417430236531533,1.0,61.380543873920786,1.0,-40.963113637389256,1.0,0.6218940432743275,0.0,0.0,0.0,0.0,0.0,19.93653046402957,-1.1940680861918398,110.0,0.0,0.0,0.0,0.0,1.0,10.0,0.0,0.0,0.0,0.0,1.0,0.0,1.0,0.6218940432743275,1.0,-40.963113637389256,1.0,61.380543873920786,1.0,-20.417430236531537,1.0,-0.6218940432743275,0.0,0.0,0.0,0.0,0.0,-19.936530464029563,1.1940680861918398,110.0,0.0,0.0,0.0,0.0,0.0,0.0,0.0,0.0,0.0,0.0
0.0,0.0,0.0547,0.5159,-9.7863,12.0991,-7.644,2.2312,0.0,0.0,0.0,0.0,-3.0175,0.3201,20.3758,0.0,0.0,0.0,0.0,0.0,1.0,0.0,0.0,0.0,1.0,10.0,0.0,0.0,0.0,0.0,1.0,0.0,1.0,-0.11427715714132528,1.0,-20.37704421375495,1.0,61.361623921999374,1.0,-40.984579708244425,1.0,0.11427715714132528,0.0,0.0,0.0,0.0,0.0,19.997860547975797,-0.21939711903015577,110.0,0.0,0.0,0.0,0.0,1.0,10.0,0.0,0.0,0.0,0.0,1.0,0.0,1.0,0.11427715714132528,1.0,-40.984579708244425,1.0,61.361623921999374,1.0,-20.377044213754953,1.0,-0.11427715714132528,0.0,0.0,0.0,0.0,0.0,-19.997860547975794,0.21939711903015577,110.0,0.0,0.0,0.0,0.0,0.0,0.0,0.0,0.0,0.0,0.0
0.0,0.0,0.0962,0.5319,-9.7851,11.3792,-8.9725,2.1233,0.0,0.0,0.0,0.0,-3.1112,0.5622,20.3467,0.0,0.0,0.0,0.0,0.0,1.0,0.0,0.0,0.0,1.0,10.0,0.0,0.0,0.0,0.0,1.0,0.0,1.0,0.39070258122529494,1.0,-20.39211659472048,1.0,61.368690838839804,1.0,-40.97657424411933,1.0,-0.39070258122529494,0.0,0.0,0.0,0.0,0.0,19.974976066004952,0.7501241756687379,110.0,0.0,0.0,0.0,0.0,1.0,10.0,0.0,0.0,0.0,0.0,1.0,0.0,1.0,-0.39070258122529494,1.0,-40.97657424411933,1.0,61.368690838839804,1.0,-20.39211659472048,1.0,0.39070258122529494,0.0,0.0,0.0,0.0,0.0,-19.974976066004952,-0.7501241756687379,110.0,0.0,0.0,0.0,0.0,0.0,0.0,0.0,0.0,0.0,0.0
0.0,0.0,0.1346,0.5427,-9.784,10.7429,-10.0187,1.8222,0.0,0.0,0.0,0.0,-3.1747,0.7868,20.3075,0.0,0.0,0.0,0.0,0.0,1.0,0.0,0.0,0.0,1.0,10.0,0.0,0.0,0.0,0.0,1.0,0.0,1.0,0.9142792302794516,1.0,-20.46612410591131,1.0,61.40328940181952,1.0,-40.93716529590822,1.0,-0.9142792302794516,0.0,0.0,0.0,0.0,0.0,19.86253417973528,1.7556626888021178,110.0,0.0,0.0,0.0,0.0,1.0,10.0,0.0,0.0,0.0,0.0,1.0,0.0,1.0,-0.9142792302794516,1.0,-40.93716529590822,1.0,61.40328940181952,1.0,-20.466124105911305,1.0,0.9142792302794516,0.0,0.0,0.0,0.0,0.0,-19.862534179735285,-1.7556626888021178,110.0,0.0,0.0,0.0,0.0,0.0,0.0,0.0,0.0,0.0,0.0
0.0,0.0,0.1741,0.5503,-9.783,10.2345,-10.9845,1.407,0.0,0.0,0.0,0.0,-3.2196,1.0177,20.262,0.0,0.0,0.0,0.0,0.0,1.0,0.0,0.0,0.0,1.0,10.0,0.0,0.0,0.0,0.0,1.0,0.0,1.0,1.4273685139465169,1.0,-20.597210881670936,1.0,61.464159842292965,1.0,-40.866948960622025,1.0,-1.4273685139465169,0.0,0.0,0.0,0.0,0.0,19.663059641960174,2.7417691557009767,110.0,0.0,0.0,0.0,0.0,1.0,10.0,0.0,0.0,0.0,0.0,1.0,0.0,1.0,-1.4273685139465169,1.0,-40.866948960622025,1.0,61.464159842292965,1.0,-20.59721088167094,1.0,1.4273685139465169,0.0,0.0,0.0,0.0,0.0,-19.66305964196017,-2.7417691557009767,110.0,0.0,0.0,0.0,0.0,0.0,0.0,0.0,0.0,0.0,0.0
0.0,0.0,0.2109,0.5549,-9.782,9.9759,-11.8878,1.2231,0.0,0.0,0.0,0.0,-3.2467,1.2333,20.2171,0.0,0.0,0.0,0.0,0.0,1.0,0.0,0.0,0.0,1.0,10.0,0.0,0.0,0.0,0.0,1.0,0.0,1.0,1.9223554844622683,1.0,-20.78015943779765,1.0,61.54822718114562,1.0,-40.76806774334797,1.0,-1.9223554844622683,0.0,0.0,0.0,0.0,0.0,19.38400002552485,3.6941244488213485,110.0,0.0,0.0,0.0,0.0,1.0,10.0,0.0,0.0,0.0,0.0,1.0,0.0,1.0,-1.9223554844622683,1.0,-40.76806774334797,1.0,61.54822718114562,1.0,-20.780159437797654,1.0,1.9223554844622683,0.0,0.0,0.0,0.0,0.0,-19.38400002552484,-3.6941244488213485,110.0,0.0,0.0,0.0,0.0,0.0,0.0,0.0,0.0,0.0,0.0
0.0,0.0,0.2408,0.5548,-9.7813,9.8515,-12.4214,0.9968,0.0,0.0,0.0,0.0,-3.2462,1.4082,20.187,0.0,0.0,0.0,0.0,0.0,1.0,0.0,0.0,0.0,1.0,10.0,0.0,0.0,0.0,0.0,1.0,0.0,1.0,2.405555736230552,1.0,-21.014431734202443,1.0,61.654364403803434,1.0,-40.639932669600995,1.0,-2.405555736230552,0.0,0.0,0.0,0.0,0.0,19.02550966431882,4.62513403938332,110.0,0.0,0.0,0.0,0.0,1.0,10.0,0.0,0.0,0.0,0.0,1.0,0.0,1.0,-2.405555736230552,1.0,-40.639932669600995,1.0,61.654364403803434,1.0,-21.014431734202443,1.0,2.405555736230552,0.0,0.0,0.0,0.0,0.0,-19.02550966431882,-4.62513403938332,110.0,0.0,0.0,0.0,0.0,0.0,0.0,0.0,0.0,0.0,0.0
0.0,0.0,0.2621,0.5463,-9.7813,9.805,-12.8119,0.639,0.0,0.0,0.0,0.0,-3.1965,1.5324,20.1888,0.0,0.0,0.0,0.0,0.0,1.0,0.0,0.0,0.0,1.0,10.0,0.0,0.0,0.0,0.0,1.0,0.0,1.0,2.920335764629105,1.0,-22.165435442160415,1.0,63.698658169465745,1.0,-41.53322272730533,1.0,-2.920335764629105,0.0,0.0,0.0,0.0,0.0,18.575182814082606,5.560256574625689,108.85353257376237,0.0,0.0,0.0,0.0,1.0,10.0,0.0,0.0,0.0,0.0,1.0,0.0,1.0,-2.890028481625377,1.0,-40.4772153096427,1.0,61.78473863144619,1.0,-21.30752332180348,1.0,2.890028481625377,0.0,0.0,0.0,0.0,0.0,-18.57518281408262,-5.560256574625689,110.0,0.0,0.0,0.0,0.0,0.0,0.0,0.0,0.0,0.0,0.0
0.0,0.0,0.2772,0.5313,-9.7817,9.7021,-13.4047,0.2285,0.0,0.0,0.0,0.0,-3.1092,1.6207,20.2269,0.0,0.0,0.0,0.0,0.0,1.0,0.0,0.0,0.0,1.0,10.0,0.0,0.0,0.0,0.0,1.0,0.0,1.0,3.4327915647850973,1.0,-23.348291276831755,1.0,65.71678981080703,1.0,-42.36849853397528,1.0,-3.4327915647850973,0.0,0.0,0.0,0.0,0.0,18.042492832343754,6.472132915205647,107.70101135503052,0.0,0.0,0.0,0.0,1.0,10.0,0.0,0.0,0.0,0.0,1.0,0.0,1.0,-3.361462403189513,1.0,-40.282227845858664,1.0,61.93472901198551,1.0,-21.652501166126857,1.0,3.361462403189513,0.0,0.0,0.0,0.0,0.0,-18.042492832343758,-6.472132915205647,110.0,0.0,0.0,0.0,0.0,0.0,0.0,0.0,0.0,0.0,0.0
0.0,0.0,0.2911,0.5135,-9.7822,9.437,-14.1596,-0.549,0.0,0.0,0.0,0.0,-3.0047,1.7024,20.2973,0.0,0.0,0.0,0.0,0.0,1.0,0.0,0.0,0.0,1.0,10.0,0.0,0.0,0.0,0.0,1.0,0.0,1.0,3.9267257691515063,1.0,-24.51835623057588,1.0,67.62759388267796,1.0,-43.10923765210208,1.0,-3.9267257691515063,0.0,0.0,0.0,0.0,0.0,17.446437792823726,7.333980310301227,106.5922306012976,0.0,0.0,0.0,0.0,1.0,10.0,0.0,0.0,0.0,0.0,1.0,0.0,1.0,-3.8059853940980584,1.0,-40.06084621130384,1.0,62.097151514285706,1.0,-22.036305302981866,1.0,3.8059853940980584,0.0,0.0,0.0,0.0,0.0,-17.446437792823744,-7.333980310301227,110.0,0.0,0.0,0.0,0.0,0.0,0.0,0.0,0.0,0.0,0.0
0.0,0.0,0.3116,0.4927,-9.7826,8.9496,-15.023,-2.1201,0.0,0.0,0.0,0.0,-2.8835,1.822,20.4102,0.0,0.0,0.0,0.0,0.0,1.0,0.0,0.0,0.0,1.0,10.0,0.0,0.0,0.0,0.0,1.0,0.0,1.0,4.435360334535578,1.0,-25.758676859218216,1.0,69.56069544514418,1.0,-43.80201858592596,1.0,-4.435360334535578,0.0,0.0,0.0,0.0,0.0,16.7431516073294,8.204426656864316,105.45393816637588,0.0,0.0,0.0,0.0,1.0,10.0,0.0,0.0,0.0,0.0,1.0,0.0,1.0,-4.253775585996986,1.0,-39.795329891648564,1.0,62.28148201050342,1.0,-22.48615211885485,1.0,4.253775585996986,0.0,0.0,0.0,0.0,0.0,-16.7431516073294,-8.204426656864316,110.0,0.0,0.0,0.0,0.0,0.0,0.0,0.0,0.0,0.0,0.0
0.0,0.0,0.3361,0.4747,-9.7827,8.4382,-15.7127,-3.701,0.0,0.0,0.0,0.0,-2.7781,1.9657,20.5317,0.0,0.0,0.0,0.0,0.0,1.0,0.0,0.0,0.0,1.0,10.0,0.0,0.0,0.0,0.0,1.0,0.0,1.0,4.929241062684882,1.0,-27.003548561837654,1.0,71.40506217404418,1.0,-44.40151361220653,1.0,-4.929241062684882,0.0,0.0,0.0,0.0,0.0,15.96637460067139,9.03352761591266,104.35311906549602,0.0,0.0,0.0,0.0,1.0,10.0,0.0,0.0,0.0,0.0,1.0,0.0,1.0,-4.679083363079307,1.0,-39.49670193985004,1.0,62.47592293629796,1.0,-22.979220996447918,1.0,4.679083363079307,0.0,0.0,0.0,0.0,0.0,-15.966374600671372,-9.03352761591266,110.0,0.0,0.0,0.0,0.0,0.0,0.0,0.0,0.0,0.0,0.0
0.0,0.0,0.3654,0.4558,-9.7826,7.8946,-16.1985,-4.6976,0.0,0.0,0.0,0.0,-2.6679,2.1369,20.6632,0.0,0.0,0.0,0.0,0.0,1.0,0.0,0.0,0.0,1.0,10.0,0.0,0.0,0.0,0.0,1.0,0.0,1.0,5.365397977222827,1.0,-28.142615593800635,1.0,73.00793985285259,1.0,-44.86532425905195,1.0,-5.365397977222827,0.0,0.0,0.0,0.0,0.0,15.195367764634023,9.752907215536078,103.38530782244985,0.0,0.0,0.0,0.0,1.0,10.0,0.0,0.0,0.0,0.0,1.0,0.0,1.0,-5.047058808162076,1.0,-39.19478143277913,1.0,62.659471254884124,1.0,-23.464689822104994,1.0,5.047058808162076,0.0,0.0,0.0,0.0,0.0,-15.195367764634,-9.752907215536078,110.0,0.0,0.0,0.0,0.0,0.0,0.0,0.0,0.0,0.0,0.0
0.0,0.0,0.3857,0.4375,-9.7826,7.1417,-16.2977,-4.2346,0.0,0.0,0.0,0.0,-2.5604,2.2557,20.8135,0.0,0.0,0.0,0.0,0.0,1.0,0.0,0.0,0.0,1.0,10.0,0.0,0.0,0.0,0.0,1.0,0.0,1.0,5.805670329150103,1.0,-29.33817315163726,1.0,74.6021159506168,1.0,-45.26394279897955,1.0,-5.805670329150103,0.0,0.0,0.0,0.0,0.0,14.325565683389446,10.467221188841279,102.41301920377742,0.0,0.0,0.0,0.0,1.0,10.0,0.0,0.0,0.0,0.0,1.0,0.0,1.0,-5.411403934289123,1.0,-38.84765713148649,1.0,62.8553005672736,1.0,-24.00764343578711,1.0,5.411403934289123,0.0,0.0,0.0,0.0,0.0,-14.325565683389447,-10.467221188841279,110.0,0.0,0.0,0.0,0.0,0.0,0.0,0.0,0.0,0.0,0.0
0.0,0.0,0.3934,0.4191,-9.7831,6.3968,-16.2509,-3.4546,0.0,0.0,0.0,0.0,-2.453,2.3009,20.9735,0.0,0.0,0.0,0.0,0.0,1.0,0.0,0.0,0.0,1.0,10.0,0.0,0.0,0.0,0.0,1.0,0.0,1.0,6.241526569819662,1.0,-30.577490970360433,1.0,76.1575607020821,1.0,-45.580069731721665,1.0,-6.241526569819662,0.0,0.0,0.0,0.0,0.0,13.359192023722274,11.162963025838621,101.45549489021616,0.0,0.0,0.0,0.0,1.0,10.0,0.0,0.0,0.0,0.0,1.0,0.0,1.0,-5.7652135269956055,1.0,-38.45398831411375,1.0,63.05897512013483,1.0,-24.60498680602108,1.0,5.7652135269956055,0.0,0.0,0.0,0.0,0.0,-13.359192023722274,-11.162963025838621,110.0,0.0,0.0,0.0,0.0,0.0,0.0,0.0,0.0,0.0,0.0
0.0,0.0,0.3883,0.3984,-9.7842,5.7897,-16.0049,-2.9617,0.0,0.0,0.0,0.0,-2.3316,2.2707,21.1352,0.0,0.0,0.0,0.0,0.0,1.0,0.0,0.0,0.0,1.0,10.0,0.0,0.0,0.0,0.0,1.0,0.0,1.0,6.643627737728648,1.0,-31.782847833439366,1.0,77.57322360994056,1.0,-45.79037577650119,1.0,-6.643627737728648,0.0,0.0,0.0,0.0,0.0,12.355989435204885,11.795035305410156,100.57683486280054,0.0,0.0,0.0,0.0,1.0,10.0,0.0,0.0,0.0,0.0,1.0,0.0,1.0,-6.085681638660313,1.0,-38.03651908462671,1.0,63.25502166435611,1.0,-25.2185025797294,1.0,6.085681638660313,0.0,0.0,0.0,0.0,0.0,-12.355989435204888,-11.795035305410156,110.0,0.0,0.0,0.0,0.0,0.0,0.0,0.0,0.0,0.0,0.0
0.0,0.0,0.3676,0.3752,-9.7859,5.4236,-15.6942,-2.7725,0.0,0.0,0.0,0.0,-2.196,2.1499,21.272,0.0,0.0,0.0,0.0,0.0,1.0,0.0,0.0,0.0,1.0,10.0,0.0,0.0,0.0,0.0,1.0,0.0,1.0,7.01479586745387,1.0,-32.96364263210167,1.0,78.86413923776848,1.0,-45.90049660566682,1.0,-7.01479586745387,0.0,0.0,0.0,0.0,0.0,11.311663177705025,12.37036904610008,99.76996738760069,0.0,0.0,0.0,0.0,1.0,10.0,0.0,0.0,0.0,0.0,1.0,0.0,1.0,-6.376544228996769,1.0,-37.59254570277389,1.0,63.442538254110296,1.0,-25.84999255133641,1.0,6.376544228996769,0.0,0.0,0.0,0.0,0.0,-11.311663177705027,-12.37036904610008,110.0,0.0,0.0,0.0,0.0,0.0,0.0,0.0,0.0,0.0,0.0
0.0,0.0,0.3329,0.3525,-9.788,5.1184,-15.5731,-2.6525,0.0,0.0,0.0,0.0,-2.0625,1.9465,21.3825,0.0,0.0,0.0,0.0,0.0,1.0,0.0,0.0,0.0,1.0,10.0,0.0,0.0,0.0,0.0,1.0,0.0,1.0,7.378988095761066,1.0,-34.20697860361911,1.0,80.11655605401602,1.0,-45.9095774503969,1.0,-7.378988095761066,0.0,0.0,0.0,0.0,0.0,10.143802719501787,12.927512805762483,98.98231543764913,0.0,0.0,0.0,0.0,1.0,10.0,0.0,0.0,0.0,0.0,1.0,0.0,1.0,-6.657415165958269,1.0,-37.08487054272721,1.0,63.632323523122935,1.0,-26.54745298039573,1.0,6.657415165958269,0.0,0.0,0.0,0.0,0.0,-10.143802719501789,-12.927512805762483,110.0,0.0,0.0,0.0,0.0,0.0,0.0,0.0,0.0,0.0,0.0
0.0,0.0,0.2808,0.327,-9.7905,4.7049,-15.2447,-2.6445,0.0,0.0,0.0,0.0,-1.9131,1.6417,21.4842,0.0,0.0,0.0,0.0,0.0,1.0,0.0,0.0,0.0,1.0,10.0,0.0,0.0,0.0,0.0,1.0,0.0,1.0,7.695137451767001,1.0,-35.380499344323795,1.0,81.19273231437361,1.0,-45.81223297004981,1.0,-7.695137451767001,0.0,0.0,0.0,0.0,0.0,8.973622478795082,13.405378809624706,98.30190043494353,0.0,0.0,0.0,0.0,1.0,10.0,0.0,0.0,0.0,0.0,1.0,0.0,1.0,-6.897672375273211,1.0,-36.56451991281206,1.0,63.80150047223123,1.0,-27.236980559419173,1.0,6.897672375273211,0.0,0.0,0.0,0.0,0.0,-8.973622478795052,-13.405378809624706,110.0,0.0,0.0,0.0,0.0,0.0,0.0,0.0,0.0,0.0,0.0
0.0,0.0,0.2268,0.3014,-9.7927,4.7864,-14.7536,-2.3057,0.0,0.0,0.0,0.0,-1.7631,1.3263,21.5443,0.0,0.0,0.0,0.0,0.0,1.0,0.0,0.0,0.0,1.0,10.0,0.0,0.0,0.0,0.0,1.0,0.0,1.0,7.971156077686932,1.0,-36.50913793472927,1.0,82.12420614106266,1.0,-45.61506820633339,1.0,-7.971156077686932,0.0,0.0,0.0,0.0,0.0,7.780868895183506,13.81829112337088,97.71043107458308,0.0,0.0,0.0,0.0,1.0,10.0,0.0,0.0,0.0,0.0,1.0,0.0,1.0,-7.104775232413059,1.0,-36.022297376206716,1.0,63.95241948426776,1.0,-27.93012210806104,1.0,7.104775232413059,0.0,0.0,0.0,0.0,0.0,-7.780868895183508,-13.81829112337088,110.0,0.0,0.0,0.0,0.0,0.0,0.0,0.0,0.0,0.0,0.0
0.0,0.0,0.1678,0.2733,-9.7948,5.076,-14.1232,-1.973,0.0,0.0,0.0,0.0,-1.5982,0.9812,21.5793,0.0,0.0,0.0,0.0,0.0,1.0,0.0,0.0,0.0,1.0,10.0,0.0,0.0,0.0,0.0,1.0,0.0,1.0,8.22338090120203,1.0,-37.672346536122824,1.0,82.96898626035775,1.0,-45.296639724234936,1.0,-8.22338090120203,0.0,0.0,0.0,0.0,0.0,6.474853473214804,14.192177538400298,97.17207364367931,0.0,0.0,0.0,0.0,1.0,10.0,0.0,0.0,0.0,0.0,1.0,0.0,1.0,-7.291895196764652,1.0,-35.41509935253633,1.0,64.0928494348006,1.0,-28.67775008226428,1.0,7.291895196764652,0.0,0.0,0.0,0.0,0.0,-6.474853473214839,-14.192177538400298,110.0,0.0,0.0,0.0,0.0,0.0,0.0,0.0,0.0,0.0,0.0
0.0,0.0,0.1154,0.2456,-9.7962,5.4946,-13.392,-1.7413,0.0,0.0,0.0,0.0,-1.436,0.6748,21.5966,0.0,0.0,0.0,0.0,0.0,1.0,0.0,0.0,0.0,1.0,10.0,0.0,0.0,0.0,0.0,1.0,0.0,1.0,8.423695504586847,1.0,-38.749085060137595,1.0,83.63566908916512,1.0,-44.886584029027524,1.0,-8.423695504586847,0.0,0.0,0.0,0.0,0.0,5.1866537563023165,14.486820746177624,96.74597259220987,0.0,0.0,0.0,0.0,1.0,10.0,0.0,0.0,0.0,0.0,1.0,0.0,1.0,-7.439076174416354,1.0,-34.80259442066082,1.0,64.2060355197862,1.0,-29.403441099125374,1.0,7.439076174416354,0.0,0.0,0.0,0.0,0.0,-5.186653756302319,-14.486820746177624,110.0,0.0,0.0,0.0,0.0,0.0,0.0,0.0,0.0,0.0,0.0
0.0,0.0,0.0527,0.2091,-9.7976,6.0876,-12.5041,-1.4834,0.0,0.0,0.0,0.0,-1.2224,0.3083,21.6054,0.0,0.0,0.0,0.0,0.0,1.0,0.0,0.0,0.0,1.0,10.0,0.0,0.0,0.0,0.0,1.0,0.0,1.0,8.578527184467958,1.0,-39.762488828307504,1.0,84.14846846083067,1.0,-44.385979632523174,1.0,-8.578527184467958,0.0,0.0,0.0,0.0,0.0,3.892324464098468,14.713191981168686,96.41750959762126,0.0,0.0,0.0,0.0,1.0,10.0,0.0,0.0,0.0,0.0,1.0,0.0,1.0,-7.551983116751803,1.0,-34.17380218336181,1.0,64.29449969414489,1.0,-30.120697510783078,1.0,7.551983116751803,0.0,0.0,0.0,0.0,0.0,-3.8923244640985053,-14.713191981168686,110.0,0.0,0.0,0.0,0.0,0.0,0.0,0.0,0.0,0.0,0.0
0.0,0.0,-0.0101,0.1709,-9.7985,6.7973,-11.4615,-1.1413,0.0,0.0,0.0,0.0,-0.9995,-0.0591,21.6036,0.0,0.0,0.0,0.0,0.0,1.0,0.0,0.0,0.0,1.0,10.0,0.0,0.0,0.0,0.0,1.0,0.0,1.0,8.690591138542393,1.0,-40.732541533907394,1.0,84.5182827693914,1.0,-43.78574123548401,1.0,-8.690591138542393,0.0,0.0,0.0,0.0,0.0,2.5632520678762325,14.876297526452852,96.18025977916199,0.0,0.0,0.0,0.0,1.0,10.0,0.0,0.0,0.0,0.0,1.0,0.0,1.0,-7.633241955621303,1.0,-33.51440576995352,1.0,64.3590487792964,1.0,-30.844643009342875,1.0,7.633241955621303,0.0,0.0,0.0,0.0,0.0,-2.5632520678762356,-14.876297526452852,110.0,0.0,0.0,0.0,0.0,0.0,0.0,0.0,0.0,0.0,0.0
0.0,0.0,-0.0782,0.126,-9.7989,7.4663,-10.0817,-0.5717,0.0,0.0,0.0,0.0,-0.7365,-0.4571,21.59,0.0,0.0,0.0,0.0,0.0,1.0,0.0,0.0,0.0,1.0,10.0,0.0,0.0,0.0,0.0,1.0,0.0,1.0,8.756853684813581,1.0,-41.64545452343821,1.0,84.73642904371567,1.0,-43.09097452027747,1.0,-8.756853684813581,0.0,0.0,0.0,0.0,0.0,1.211566962885314,14.972451681024895,96.040167712626,0.0,0.0,0.0,0.0,1.0,10.0,0.0,0.0,0.0,0.0,1.0,0.0,1.0,-7.681108859672296,1.0,-32.829753587407225,1.0,64.3974186898582,1.0,-31.56766510245097,1.0,7.681108859672296,0.0,0.0,0.0,0.0,0.0,-1.2115669628853167,-14.972451681024895,110.0,0.0,0.0,0.0,0.0,0.0,0.0,0.0,0.0,0.0,0.0
0.0,0.0,-0.1311,0.0842,-9.7988,7.9621,-8.6796,0.0392,0.0,0.0,0.0,0.0,-0.4923,-0.7667,21.5714,0.0,0.0,0.0,0.0,0.0,1.0,0.0,0.0,0.0,1.0,10.0,0.0,0.0,0.0,0.0,1.0,0.0,1.0,8.775801126489087,1.0,-42.44135639428448,1.0,84.79873611114816,1.0,-42.35737971686367,1.0,-8.775801126489087,0.0,0.0,0.0,0.0,0.0,-0.07035224853564917,14.999907197734036,96.00013533655937,0.0,0.0,0.0,0.0,1.0,10.0,0.0,0.0,0.0,0.0,1.0,0.0,1.0,-7.694771555977637,1.0,-32.16756447717601,1.0,64.40841779745644,1.0,-32.240853320280436,1.0,7.694771555977637,0.0,0.0,0.0,0.0,0.0,0.07035224853564671,-14.999907197734036,110.0,0.0,0.0,0.0,0.0,0.0,0.0,0.0,0.0,0.0,0.0
0.0,0.0,-0.1791,0.0402,-9.7983,8.3951,-7.1898,0.6103,0.0,0.0,0.0,0.0,-0.2348,-1.0474,21.5491,0.0,0.0,0.0,0.0,0.0,1.0,0.0,0.0,0.0,1.0,10.0,0.0,0.0,0.0,0.0,1.0,0.0,1.0,8.752107739584652,1.0,-43.168205505722625,1.0,84.72081748612415,1.0,-41.55261198040152,1.0,-8.752107739584652,0.0,0.0,0.0,0.0,0.0,-1.354273910000141,14.9655719060245,96.05019682955798,0.0,0.0,0.0,0.0,1.0,10.0,0.0,0.0,0.0,0.0,1.0,0.0,1.0,-7.677684923266829,1.0,-31.491966778693186,1.0,64.39466554388804,1.0,-32.902698765194856,1.0,7.677684923266829,0.0,0.0,0.0,0.0,0.0,1.3542739100001386,-14.9655719060245,110.0,0.0,0.0,0.0,0.0,0.0,0.0,0.0,0.0,0.0,0.0
0.0,0.0,-0.221,-0.0047,-9.7975,8.6919,-5.766,1.0318,0.0,0.0,0.0,0.0,0.0275,-1.292,21.5257,0.0,0.0,0.0,0.0,0.0,1.0,0.0,0.0,0.0,1.0,10.0,0.0,0.0,0.0,0.0,1.0,0.0,1.0,8.684782695136622,1.0,-43.82693402038664,1.0,84.49914208401582,1.0,-40.672208063629185,1.0,-8.684782695136622,0.0,0.0,0.0,0.0,0.0,-2.648867119524605,14.867858636266172,96.1925467742396,0.0,0.0,0.0,0.0,1.0,10.0,0.0,0.0,0.0,0.0,1.0,0.0,1.0,-7.629039646101758,1.0,-30.7983955089521,1.0,64.35569248949483,1.0,-33.55729698054272,1.0,7.629039646101758,0.0,0.0,0.0,0.0,0.0,2.6488671195246023,-14.867858636266172,110.0,0.0,0.0,0.0,0.0,0.0,0.0,0.0,0.0,0.0,0.0
0.0,0.0,-0.2549,-0.0484,-9.7966,8.8829,-4.4559,1.2771,0.0,0.0,0.0,0.0,0.2833,-1.4904,21.5031,0.0,0.0,0.0,0.0,0.0,1.0,0.0,0.0,0.0,1.0,10.0,0.0,0.0,0.0,0.0,1.0,0.0,1.0,8.574643507788545,1.0,-44.401828796006406,1.0,84.13563217354205,1.0,-39.73380337753564,1.0,-8.574643507788545,0.0,0.0,0.0,0.0,0.0,-3.9301930337179325,14.707528353830039,96.42573900909258,0.0,0.0,0.0,0.0,1.0,10.0,0.0,0.0,0.0,0.0,1.0,0.0,1.0,-7.549160102105544,1.0,-30.099883176281303,1.0,64.29227047077347,1.0,-34.19238729449218,1.0,7.549160102105544,0.0,0.0,0.0,0.0,0.0,3.93019303371793,-14.707528353830039,110.0,0.0,0.0,0.0,0.0,0.0,0.0,0.0,0.0,0.0,0.0
0.0,0.0,-0.2803,-0.0892,-9.7956,9.0371,-3.2828,1.3891,0.0,0.0,0.0,0.0,0.522,-1.6389,21.4822,0.0,0.0,0.0,0.0,0.0,1.0,0.0,0.0,0.0,1.0,10.0,0.0,0.0,0.0,0.0,1.0,0.0,1.0,8.424349144905792,1.0,-44.88490167111217,1.0,83.63783849300948,1.0,-38.75293682189732,1.0,-8.424349144905792,0.0,0.0,0.0,0.0,0.0,-5.181893700401114,14.487778899601235,96.74458431565178,0.0,0.0,0.0,0.0,1.0,10.0,0.0,0.0,0.0,0.0,1.0,0.0,1.0,-7.439554385880913,1.0,-29.406100821122358,1.0,64.20640720629494,1.0,-34.80030638517258,1.0,7.439554385880913,0.0,0.0,0.0,0.0,0.0,5.18189370040111,-14.487778899601235,110.0,0.0,0.0,0.0,0.0,0.0,0.0,0.0,0.0,0.0,0.0
0.0,0.0,-0.2967,-0.1258,-9.7947,9.0998,-2.2941,1.5062,0.0,0.0,0.0,0.0,0.7358,-1.735,21.4646,0.0,0.0,0.0,0.0,0.0,1.0,0.0,0.0,0.0,1.0,10.0,0.0,0.0,0.0,0.0,1.0,0.0,1.0,8.225692692275102,1.0,-45.29287589313267,1.0,82.97670148313232,1.0,-37.68382558999964,1.0,-8.225692692275102,0.0,0.0,0.0,0.0,0.0,-6.461542937002458,14.195589468782766,97.16714871916656,0.0,0.0,0.0,0.0,1.0,10.0,0.0,0.0,0.0,0.0,1.0,0.0,1.0,-7.293600956390297,1.0,-28.685308253817144,1.0,64.09414741975849,1.0,-35.40883916594134,1.0,7.293600956390297,0.0,0.0,0.0,0.0,0.0,6.461542937002456,-14.195589468782766,110.0,0.0,0.0,0.0,0.0,0.0,0.0,0.0,0.0,0.0,0.0
0.0,0.0,-0.3053,-0.1577,-9.794,9.2815,-1.3614,1.5728,0.0,0.0,0.0,0.0,0.9227,-1.785,21.4631,0.0,0.0,0.0,0.0,0.0,1.0,0.0,0.0,0.0,1.0,10.0,0.0,0.0,0.0,0.0,1.0,0.0,1.0,7.982186584088461,1.0,-45.60436467586403,1.0,82.16127713682309,1.0,-36.556912460959055,1.0,-7.982186584088461,0.0,0.0,0.0,0.0,0.0,-7.7288252855561534,13.834710281905378,97.68684459521398,0.0,0.0,0.0,0.0,1.0,10.0,0.0,0.0,0.0,0.0,1.0,0.0,1.0,-7.113000804095894,1.0,-27.960141907034885,1.0,63.95851122184881,1.0,-35.99836931481392,1.0,7.113000804095894,0.0,0.0,0.0,0.0,0.0,7.728825285556152,-13.834710281905378,110.0,0.0,0.0,0.0,0.0,0.0,0.0,0.0,0.0,0.0,0.0
0.0,0.0,-0.311,-0.1857,-9.7933,9.5523,-0.3813,1.5072,0.0,0.0,0.0,0.0,1.086,-1.8183,21.4872,0.0,0.0,0.0,0.0,0.0,1.0,0.0,0.0,0.0,1.0,10.0,0.0,0.0,0.0,0.0,1.0,0.0,1.0,7.7074775772191515,1.0,-45.8059565233397,1.0,81.23453551550384,1.0,-35.428578992164134,1.0,-7.7074775772191515,0.0,0.0,0.0,0.0,0.0,-8.924200853105212,13.423923961068866,98.27540571655055,0.0,0.0,0.0,0.0,1.0,10.0,0.0,0.0,0.0,0.0,1.0,0.0,1.0,-6.906983995987009,1.0,-27.265895669384225,1.0,63.808184643817086,1.0,-36.54228897443286,1.0,6.906983995987009,0.0,0.0,0.0,0.0,0.0,8.924200853105209,-13.423923961068866,110.0,0.0,0.0,0.0,0.0,0.0,0.0,0.0,0.0,0.0,0.0
0.0,0.0,-0.3157,-0.2153,-9.7925,9.8159,0.9389,1.5046,0.0,0.0,0.0,0.0,1.2598,-1.8462,21.5351,0.0,0.0,0.0,0.0,0.0,1.0,0.0,0.0,0.0,1.0,10.0,0.0,0.0,0.0,0.0,1.0,0.0,1.0,7.382731287814366,1.0,-45.90906152551244,1.0,80.1293570971278,1.0,-34.22029557161535,1.0,-7.382731287814366,0.0,0.0,0.0,0.0,0.0,-10.130902273052524,12.933201875900497,98.9742411055597,0.0,0.0,0.0,0.0,1.0,10.0,0.0,0.0,0.0,0.0,1.0,0.0,1.0,-6.660279029011011,1.0,-26.555105552796967,1.0,63.63430291450781,1.0,-37.07919736171085,1.0,6.660279029011011,0.0,0.0,0.0,0.0,0.0,10.130902273052522,-12.933201875900497,110.0,0.0,0.0,0.0,0.0,0.0,0.0,0.0,0.0,0.0,0.0
0.0,0.0,-0.3161,-0.2457,-9.7918,9.9325,2.2522,1.6474,0.0,0.0,0.0,0.0,1.4373,-1.8486,21.5782,0.0,0.0,0.0,0.0,0.0,1.0,0.0,0.0,0.0,1.0,10.0,0.0,0.0,0.0,0.0,1.0,0.0,1.0,7.028567633415884,1.0,-45.902783071966304,1.0,78.91175201890721,1.0,-33.00896894694091,1.0,-7.028567633415884,0.0,0.0,0.0,0.0,0.0,-11.270336230289589,12.391568936443244,99.74010896353433,0.0,0.0,0.0,0.0,1.0,10.0,0.0,0.0,0.0,0.0,1.0,0.0,1.0,-6.387246188886415,1.0,-25.87483118977182,1.0,63.4496124078031,1.0,-37.57478121803128,1.0,6.387246188886415,0.0,0.0,0.0,0.0,0.0,11.270336230289589,-12.391568936443244,110.0,0.0,0.0,0.0,0.0,0.0,0.0,0.0,0.0,0.0,0.0
0.0,0.0,-0.3115,-0.2707,-9.7913,10.2883,3.2043,1.5357,0.0,0.0,0.0,0.0,1.5838,-1.8215,21.5979,0.0,0.0,0.0,0.0,0.0,1.0,0.0,0.0,0.0,1.0,10.0,0.0,0.0,0.0,0.0,1.0,0.0,1.0,6.6460321705530685,1.0,-45.791367544757534,1.0,77.58163448319642,1.0,-31.79026693843889,1.0,-6.6460321705530685,0.0,0.0,0.0,0.0,0.0,-12.34961962316507,11.79878716348692,100.57159481899758,0.0,0.0,0.0,0.0,1.0,10.0,0.0,0.0,0.0,0.0,1.0,0.0,1.0,-6.087581037931679,1.0,-25.222376549939174,1.0,63.256216547464966,1.0,-38.033839997525796,1.0,6.087581037931679,0.0,0.0,0.0,0.0,0.0,12.349619623165069,-11.79878716348692,110.0,0.0,0.0,0.0,0.0,0.0,0.0,0.0,0.0,0.0,0.0
0.0,0.0,-0.3115,-0.2707,-9.7913,10.2883,3.2043,1.5357,0.0,0.0,0.0,0.0,1.5838,-1.8215,21.5979,0.0,0.0,0.0,0.0,0.0,1.0,0.0,0.0,0.0,1.0,10.0,0.0,0.0,0.0,0.0,1.0,0.0,1.0,6.240771398712044,1.0,-45.57959681419431,1.0,76.15488478740306,1.0,-30.575287973208752,1.0,-6.240771398712044,0.0,0.0,0.0,0.0,0.0,-13.360968222517085,11.161767202743976,101.45714939873837,0.0,0.0,0.0,0.0,1.0,10.0,0.0,0.0,0.0,0.0,1.0,0.0,1.0,-5.764606344940594,1.0,-24.603894592827366,1.0,63.05861413536108,1.0,-38.454719542533724,1.0,5.764606344940594,0.0,0.0,0.0,0.0,0.0,13.360968222517085,-11.161767202743976,110.0,0.0,0.0,0.0,0.0,0.0,0.0,0.0,0.0,0.0,0.0
0.0,0.0,-0.307,-0.2962,-9.7907,10.8561,4.3893,1.2668,0.0,0.0,0.0,0.0,1.7326,-1.7952,21.5823,0.0,0.0,0.0,0.0,0.0,1.0,0.0,0.0,0.0,1.0,10.0,0.0,0.0,0.0,0.0,1.0,0.0,1.0,5.818375929983619,1.0,-45.27431916936295,1.0,74.64777457979345,1.0,-29.373455410430495,1.0,-5.818375929983619,0.0,0.0,0.0,0.0,0.0,-14.298963543652981,10.48766172162423,102.38503416825394,0.0,0.0,0.0,0.0,1.0,10.0,0.0,0.0,0.0,0.0,1.0,0.0,1.0,-5.421813949865151,1.0,-24.02417012076088,1.0,62.861102721706345,1.0,-38.83693260094547,1.0,5.421813949865151,0.0,0.0,0.0,0.0,0.0,14.298963543652977,-10.48766172162423,110.0,0.0,0.0,0.0,0.0,0.0,0.0,0.0,0.0,0.0,0.0
0.0,0.0,-0.3026,-0.3174,-9.7902,11.2201,5.2824,0.9598,0.0,0.0,0.0,0.0,1.8568,-1.7692,21.533,0.0,0.0,0.0,0.0,0.0,1.0,0.0,0.0,0.0,1.0,10.0,0.0,0.0,0.0,0.0,1.0,0.0,1.0,5.363348777786515,1.0,-44.863299241319886,1.0,73.00046461017784,1.0,-28.137165368857957,1.0,-5.363348777786515,0.0,0.0,0.0,0.0,0.0,-15.199191714514717,9.749554929036668,103.38984451689839,0.0,0.0,0.0,0.0,1.0,10.0,0.0,0.0,0.0,0.0,1.0,0.0,1.0,-5.045346433900959,1.0,-23.462291746327626,1.0,62.65858405868538,1.0,-39.19629231235775,1.0,5.045346433900959,0.0,0.0,0.0,0.0,0.0,15.199191714514715,-9.749554929036668,110.0,0.0,0.0,0.0,0.0,0.0,0.0,0.0,0.0,0.0,0.0
0.0,0.0,-0.2918,-0.3394,-9.7898,11.4547,6.3425,0.6943,0.0,0.0,0.0,0.0,1.9858,-1.7064,21.4472,0.0,0.0,0.0,0.0,0.0,1.0,0.0,0.0,0.0,1.0,10.0,0.0,0.0,0.0,0.0,1.0,0.0,1.0,4.890857612685776,1.0,-44.35765609702976,1.0,71.26285146935747,1.0,-26.905195372327714,1.0,-4.890857612685776,0.0,0.0,0.0,0.0,0.0,-16.03027093372734,8.969649254993412,104.43849421473998,0.0,0.0,0.0,0.0,1.0,10.0,0.0,0.0,0.0,0.0,1.0,0.0,1.0,-4.646360113890569,1.0,-22.938812162163014,1.0,62.460289900646046,1.0,-39.52147773848303,1.0,4.646360113890569,0.0,0.0,0.0,0.0,0.0,16.030270933727337,-8.969649254993412,110.0,0.0,0.0,0.0,0.0,0.0,0.0,0.0,0.0,0.0,0.0
0.0,0.0,-0.2761,-0.3595,-9.7895,11.5829,7.4628,0.5751,0.0,0.0,0.0,0.0,2.1033,-1.6145,21.355,0.0,0.0,0.0,0.0,0.0,1.0,0.0,0.0,0.0,1.0,10.0,0.0,0.0,0.0,0.0,1.0,0.0,1.0,4.383134156518159,1.0,-43.73430199782272,1.0,69.36379603508973,1.0,-25.629494037267015,1.0,-4.383134156518159,0.0,0.0,0.0,0.0,0.0,-16.819737292870464,8.115833046387662,105.57061969602944,0.0,0.0,0.0,0.0,1.0,10.0,0.0,0.0,0.0,0.0,1.0,0.0,1.0,-4.2082572111054946,1.0,-22.43732311167852,1.0,62.26179184287542,1.0,-39.824468731196895,1.0,4.2082572111054946,0.0,0.0,0.0,0.0,0.0,16.819737292870464,-8.115833046387662,110.0,0.0,0.0,0.0,0.0,0.0,0.0,0.0,0.0,0.0,0.0
0.0,0.0,-0.2493,-0.3847,-9.7893,10.913,8.4747,1.1158,0.0,0.0,0.0,0.0,2.2503,-1.4578,21.2585,0.0,0.0,0.0,0.0,0.0,1.0,0.0,0.0,0.0,1.0,10.0,0.0,0.0,0.0,0.0,1.0,0.0,1.0,3.875928430410057,1.0,-43.03607390763686,1.0,67.43262204302455,1.0,-24.39654813538769,1.0,-3.875928430410057,0.0,0.0,0.0,0.0,0.0,-17.511593299003334,7.246106287054743,106.70612627748366,0.0,0.0,0.0,0.0,1.0,10.0,0.0,0.0,0.0,0.0,1.0,0.0,1.0,-3.760712270588179,1.0,-21.994464872562858,1.0,62.079674251384596,1.0,-40.08520937882173,1.0,3.760712270588179,0.0,0.0,0.0,0.0,0.0,17.51159329900333,-7.246106287054743,110.0,0.0,0.0,0.0,0.0,0.0,0.0,0.0,0.0,0.0,0.0
0.0,0.0,-0.2127,-0.4077,-9.7892,10.2198,9.2274,1.4624,0.0,0.0,0.0,0.0,2.3848,-1.2439,21.1957,0.0,0.0,0.0,0.0,0.0,1.0,0.0,0.0,0.0,1.0,10.0,0.0,0.0,0.0,0.0,1.0,0.0,1.0,3.346228122055678,1.0,-42.23208344303754,1.0,65.3784546995972,1.0,-23.146371256559657,1.0,-3.346228122055678,0.0,0.0,0.0,0.0,0.0,-18.138502071658394,6.319378348421636,107.89558050862024,0.0,0.0,0.0,0.0,1.0,10.0,0.0,0.0,0.0,0.0,1.0,0.0,1.0,-3.282564652194459,1.0,-21.590461845728264,1.0,61.90803327496328,1.0,-40.31757142923502,1.0,3.282564652194459,0.0,0.0,0.0,0.0,0.0,18.13850207165839,-6.319378348421636,110.0,0.0,0.0,0.0,0.0,0.0,0.0,0.0,0.0,0.0,0.0
0.0,0.0,-0.1705,-0.4281,-9.7892,9.4845,10.0382,1.6829,0.0,0.0,0.0,0.0,2.5039,-0.9968,21.1631,0.0,0.0,0.0,0.0,0.0,1.0,0.0,0.0,0.0,1.0,10.0,0.0,0.0,0.0,0.0,1.0,0.0,1.0,2.8489179658337043,1.0,-41.411601382085124,1.0,63.41449264745542,1.0,-22.002891265370295,1.0,-2.8489179658337043,0.0,0.0,0.0,0.0,0.0,-18.64267310155029,5.43171621507998,109.01423651610182,0.0,0.0,0.0,0.0,1.0,10.0,0.0,0.0,0.0,0.0,1.0,0.0,1.0,-2.8234912040756175,1.0,-21.263682629297694,1.0,61.76540851618589,1.0,-40.501725886888195,1.0,2.8234912040756175,0.0,0.0,0.0,0.0,0.0,18.642673101550287,-5.43171621507998,110.0,0.0,0.0,0.0,0.0,0.0,0.0,0.0,0.0,0.0,0.0
0.0,0.0,-0.1314,-0.4445,-9.789,8.7885,10.6016,1.6952,0.0,0.0,0.0,0.0,2.6001,-0.7684,21.1566,0.0,0.0,0.0,0.0,0.0,1.0,0.0,0.0,0.0,1.0,10.0,0.0,0.0,0.0,0.0,1.0,0.0,1.0,2.3304380902731587,1.0,-40.662008231809125,1.0,61.63630021631136,1.0,-20.974291984502237,1.0,-2.3304380902731587,0.0,0.0,0.0,0.0,0.0,-19.08702444763325,4.480300489497463,110.0,0.0,0.0,0.0,0.0,1.0,10.0,0.0,0.0,0.0,0.0,1.0,0.0,1.0,-2.3304380902731587,1.0,-20.974291984502237,1.0,61.63630021631136,1.0,-40.662008231809125,1.0,2.3304380902731587,0.0,0.0,0.0,0.0,0.0,19.08702444763325,-4.480300489497463,110.0,0.0,0.0,0.0,0.0,0.0,0.0,0.0,0.0,0.0,0.0
0.0,0.0,-0.0907,-0.4578,-9.7889,7.8751,11.0499,1.6582,0.0,0.0,0.0,0.0,2.6775,-0.5304,21.1649,0.0,0.0,0.0,0.0,0.0,1.0,0.0,0.0,0.0,1.0,10.0,0.0,0.0,0.0,0.0,1.0,0.0,1.0,1.8140843119798986,1.0,-40.792409920833634,1.0,61.527708880758475,1.0,-20.735298959924844,1.0,-1.8140843119798986,0.0,0.0,0.0,0.0,0.0,-19.452499937713707,3.4857048745486114,110.0,0.0,0.0,0.0,0.0,1.0,10.0,0.0,0.0,0.0,0.0,1.0,0.0,1.0,-1.8140843119798986,1.0,-20.735298959924844,1.0,61.527708880758475,1.0,-40.792409920833634,1.0,1.8140843119798986,0.0,0.0,0.0,0.0,0.0,19.452499937713707,-3.4857048745486114,110.0,0.0,0.0,0.0,0.0,0.0,0.0,0.0,0.0,0.0,0.0
0.0,0.0,-0.043,-0.4706,-9.7886,6.7976,11.674,1.6125,0.0,0.0,0.0,0.0,2.7527,-0.2513,21.1835,0.0,0.0,0.0,0.0,0.0,1.0,0.0,0.0,0.0,1.0,10.0,0.0,0.0,0.0,0.0,1.0,0.0,1.0,1.3020546810022204,1.0,-40.887058767734906,1.0,61.44682732588263,1.0,-20.559768558147724,1.0,-1.3020546810022204,0.0,0.0,0.0,0.0,0.0,-19.72007614400624,2.5008420065970696,110.0,0.0,0.0,0.0,0.0,1.0,10.0,0.0,0.0,0.0,0.0,1.0,0.0,1.0,-1.3020546810022204,1.0,-20.559768558147724,1.0,61.44682732588263,1.0,-40.887058767734906,1.0,1.3020546810022204,0.0,0.0,0.0,0.0,0.0,19.72007614400624,-2.5008420065970696,110.0,0.0,0.0,0.0,0.0,0.0,0.0,0.0,0.0,0.0,0.0
0.0,0.0,-0.003,-0.4813,-9.7882,5.7927,12.2418,1.5655,0.0,0.0,0.0,0.0,2.8149,-0.0175,21.2018,0.0,0.0,0.0,0.0,0.0,1.0,0.0,0.0,0.0,1.0,10.0,0.0,0.0,0.0,0.0,1.0,0.0,1.0,0.8089603954959466,1.0,-40.94766972755024,1.0,61.39409796970516,1.0,-20.44642824215492,1.0,-0.8089603954959466,0.0,0.0,0.0,0.0,0.0,-19.892471032496346,1.5533505317466838,110.0,0.0,0.0,0.0,0.0,1.0,10.0,0.0,0.0,0.0,0.0,1.0,0.0,1.0,-0.8089603954959466,1.0,-20.44642824215492,1.0,61.39409796970516,1.0,-40.94766972755024,1.0,0.8089603954959466,0.0,0.0,0.0,0.0,0.0,19.892471032496346,-1.5533505317466838,110.0,0.0,0.0,0.0,0.0,0.0,0.0,0.0,0.0,0.0,0.0
0.0,0.0,0.0358,-0.4919,-9.7876,4.6927,12.8489,1.6791,0.0,0.0,0.0,0.0,2.8768,0.2093,21.2179,0.0,0.0,0.0,0.0,0.0,1.0,0.0,0.0,0.0,1.0,10.0,0.0,0.0,0.0,0.0,1.0,0.0,1.0,0.2640538618824741,1.0,-40.98133181210514,1.0,61.36449261892261,1.0,-20.383160806817468,1.0,-0.2640538618824741,0.0,0.0,0.0,0.0,0.0,-19.98857431941554,0.5069559950586671,110.0,0.0,0.0,0.0,0.0,1.0,10.0,0.0,0.0,0.0,0.0,1.0,0.0,1.0,-0.2640538618824741,1.0,-20.383160806817468,1.0,61.36449261892261,1.0,-40.98133181210514,1.0,0.2640538618824741,0.0,0.0,0.0,0.0,0.0,19.98857431941554,-0.5069559950586671,110.0,0.0,0.0,0.0,0.0,0.0,0.0,0.0,0.0,0.0,0.0
