90.0,5216.0,0.16,0.06,-1.02,-3.49,0.0,3.49,0.0,0.0,0.0,0.0,0.65,-1.31,-159.57,0.0,0.0,0.0,0.0,0.0,1.0,-0.14,1.0,-0.18,1.0,4.74,1.0,-0.17,1.0,0.16,1.0,-0.3,1.0,0.09,1.0,-32.05,1.0,64.9,1.0,-32.39,1.0,0.51,0.0,0.0,0.0,0.0,0.0,0.0,0.0,0.0,1.0,0.14,1.0,-0.12,1.0,4.74,1.0,0.0,1.0,-0.38,1.0,0.0,1.0,0.21,1.0,-32.46,1.0,64.86,1.0,-32.65,1.0,0.64,0.0,0.0,0.0,0.0,0.0,0.0,0.0,0.0,0.0,0.0,0.0,0.0,0.0,256.0,0.0,0.0,1536.0,7967.0
90.0,5218.0,0.16,0.06,-1.02,-3.49,3.49,0.0,0.0,0.0,0.0,0.0,0.65,-1.31,-159.57,0.0,0.0,0.0,0.0,0.0,1.0,-0.14,1.0,-0.18,1.0,4.44,1.0,0.14,1.0,-0.18,1.0,-0.3,1.0,0.09,1.0,-32.05,1.0,65.24,1.0,-32.39,1.0,0.51,0.0,0.0,0.0,0.0,0.0,0.0,0.0,0.0,1.0,0.14,1.0,-0.12,1.0,5.07,1.0,0.3,1.0,0.53,1.0,0.0,1.0,0.55,1.0,-32.46,1.0,65.2,1.0,-32.65,1.0,0.95,0.0,0.0,0.0,0.0,0.0,0.0,0.0,0.0,0.0,0.0,0.0,0.0,0.0,0.0,0.0,0.0,1536.0,7967.0
90.0,5219.0,0.16,0.06,-1.02,0.0,0.0,0.0,0.0,0.0,0.0,0.0,0.65,-1.31,-159.57,0.0,0.0,0.0,0.0,0.0,1.0,-0.14,1.0,-0.18,1.0,4.74,1.0,0.14,1.0,-0.18,1.0,-0.3,1.0,0.09,1.0,-32.05,1.0,64.9,1.0,-32.39,1.0,0.51,0.0,0.0,0.0,0.0,0.0,0.0,0.0,0.0,1.0,0.14,1.0,-0.12,1.0,4.74,1.0,0.3,1.0,-0.08,1.0,0.0,1.0,0.21,1.0,-32.46,1.0,65.2,1.0,-32.65,1.0,0.64,0.0,0.0,0.0,0.0,0.0,0.0,0.0,0.0,0.0,0.0,0.0,0.0,0.0,0.0,0.0,0.0,1536.0,8129.0
90.0,5219.0,0.16,0.06,-1.02,0.0,0.0,0.0,0.0,0.0,0.0,0.0,0.65,-1.31,-159.57,0.0,0.0,0.0,0.0,0.0,1.0,-0.14,1.0,-0.18,1.0,4.74,1.0,0.14,1.0,-0.18,1.0,-0.3,1.0,0.09,1.0,-32.05,1.0,64.9,1.0,-32.39,1.0,0.51,0.0,0.0,0.0,0.0,0.0,0.0,0.0,0.0,1.0,0.14,1.0,-0.12,1.0,4.74,1.0,0.3,1.0,-0.08,1.0,0.0,1.0,0.21,1.0,-32.46,1.0,65.2,1.0,-32.65,1.0,0.64,0.0,0.0,0.0,0.0,0.0,0.0,0.0,0.0,0.0,0.0,0.0,0.0,0.0,0.0,0.0,0.0,1536.0,8129.0
90.0,5221.0,0.16,0.06,-1.02,0.0,0.0,3.49,0.0,0.0,0.0,0.0,0.65,-1.31,-159.57,0.0,0.0,0.0,0.0,0.0,1.0,-0.14,1.0,-0.18,1.0,4.74,1.0,0.14,1.0,-0.18,1.0,-0.3,1.0,0.43,1.0,-31.75,1.0,64.9,1.0,-32.39,1.0,0.51,0.0,0.0,0.0,0.0,0.0,0.0,0.0,0.0,1.0,0.14,1.0,-0.12,1.0,4.74,1.0,0.0,1.0,-0.08,1.0,0.0,1.0,0.55,1.0,-32.46,1.0,65.2,1.0,-32.65,1.0,0.64,0.0,0.0,0.0,0.0,0.0,0.0,0.0,0.0,0.0,0.0,0.0,0.0,0.0,1024.0,0.0,0.0,1536.0,6686.0
90.0,5222.0,0.16,0.06,-1.02,0.0,0.0,0.0,0.0,0.0,0.0,0.0,0.65,-1.31,-159.57,0.0,0.0,0.0,0.0,0.0,1.0,-0.14,1.0,-0.18,1.0,4.74,1.0,0.14,1.0,-0.18,1.0,-0.3,1.0,0.09,1.0,-32.05,1.0,64.86,1.0,-32.39,1.0,0.51,0.0,0.0,0.0,0.0,0.0,0.0,0.0,0.0,1.0,0.14,1.0,-0.12,1.0,4.74,1.0,0.3,1.0,0.23,1.0,0.0,1.0,0.55,1.0,-32.46,1.0,64.86,1.0,-32.65,1.0,0.3,0.0,0.0,0.0,0.0,0.0,0.0,0.0,0.0,0.0,0.0,0.0,0.0,0.0,0.0,0.0,0.0,1536.0,8133.0
90.0,5223.0,0.16,0.06,-1.02,-3.49,0.0,0.0,0.0,0.0,0.0,0.0,0.65,-1.31,-159.57,0.0,0.0,0.0,0.0,0.0,1.0,-0.14,1.0,-0.18,1.0,4.74,1.0,0.14,1.0,-0.18,1.0,-0.3,1.0,0.09,1.0,-32.05,1.0,64.9,1.0,-32.39,1.0,0.51,0.0,0.0,0.0,0.0,0.0,0.0,0.0,0.0,1.0,0.14,1.0,-0.12,1.0,5.07,1.0,0.0,1.0,-0.38,1.0,-0.3,1.0,0.55,1.0,-32.46,1.0,65.2,1.0,-32.65,1.0,0.64,0.0,0.0,0.0,0.0,0.0,0.0,0.0,0.0,0.0,0.0,0.0,0.0,0.0,256.0,0.0,0.0,1536.0,8241.0
90.0,5225.0,0.16,0.06,-1.02,-3.49,3.49,3.49,0.0,0.0,0.0,0.0,0.65,-1.31,-159.57,0.0,0.0,0.0,0.0,0.0,1.0,-0.14,1.0,-0.18,1.0,4.74,1.0,0.14,1.0,-0.18,1.0,-0.3,1.0,0.09,1.0,-32.05,1.0,64.9,1.0,-32.39,1.0,0.51,0.0,0.0,0.0,0.0,0.0,0.0,0.0,0.0,1.0,0.14,1.0,-0.43,1.0,5.07,1.0,0.0,1.0,0.23,1.0,0.0,1.0,0.21,1.0,-32.46,1.0,64.86,1.0,-32.65,1.0,0.95,0.0,0.0,0.0,0.0,0.0,0.0,0.0,0.0,0.0,0.0,0.0,0.0,0.0,0.0,0.0,0.0,1536.0,7774.0
90.0,5226.0,0.16,0.06,-1.02,-3.49,0.0,3.49,0.0,0.0,0.0,0.0,0.65,-1.31,-159.57,0.0,0.0,0.0,0.0,0.0,1.0,-0.14,1.0,-0.18,1.0,4.74,1.0,0.14,1.0,-0.18,1.0,-0.3,1.0,0.09,1.0,-32.05,1.0,64.9,1.0,-32.39,1.0,0.51,0.0,0.0,0.0,0.0,0.0,0.0,0.0,0.0,1.0,0.14,1.0,-0.12,1.0,4.74,1.0,0.0,1.0,-0.08,1.0,0.0,1.0,0.21,1.0,-32.46,1.0,65.2,1.0,-32.65,1.0,0.64,0.0,0.0,0.0,0.0,0.0,0.0,0.0,0.0,0.0,0.0,0.0,0.0,0.0,0.0,0.0,0.0,1536.0,8152.0
90.0,5227.0,0.16,0.06,-1.02,0.0,3.49,3.49,0.0,0.0,0.0,0.0,0.65,-1.31,-159.57,0.0,0.0,0.0,0.0,0.0,1.0,-0.14,1.0,-0.18,1.0,4.44,1.0,-0.17,1.0,-0.18,1.0,-0.3,1.0,0.09,1.0,-32.05,1.0,64.9,1.0,-32.39,1.0,0.51,0.0,0.0,0.0,0.0,0.0,0.0,0.0,0.0,1.0,0.14,1.0,-0.12,1.0,4.74,1.0,0.0,1.0,-0.08,1.0,0.0,1.0,0.21,1.0,-32.46,1.0,64.86,1.0,-32.65,1.0,0.64,0.0,0.0,0.0,0.0,0.0,0.0,0.0,0.0,0.0,0.0,0.0,0.0,0.0,0.0,0.0,0.0,1536.0,7548.0
90.0,5228.0,0.16,0.06,-1.02,0.0,3.49,0.0,0.0,0.0,0.0,0.0,0.65,-1.31,-159.57,0.0,0.0,0.0,0.0,0.0,1.0,-0.14,1.0,-0.18,1.0,4.74,1.0,-0.17,1.0,-0.18,1.0,-0.3,1.0,0.43,1.0,-31.75,1.0,64.9,1.0,-32.39,1.0,0.51,0.0,0.0,0.0,0.0,0.0,0.0,0.0,0.0,1.0,0.14,1.0,-0.12,1.0,4.74,1.0,0.0,1.0,0.53,1.0,0.0,1.0,0.21,1.0,-32.46,1.0,65.2,1.0,-32.34,1.0,0.95,0.0,0.0,0.0,0.0,0.0,0.0,0.0,0.0,0.0,0.0,0.0,0.0,0.0,1024.0,0.0,0.0,1536.0,6621.0
90.0,5229.0,0.16,0.06,-1.02,-3.49,3.49,3.49,0.0,0.0,0.0,0.0,0.65,-1.3,-159.57,0.0,0.0,0.0,0.0,0.0,1.0,-0.14,1.0,-0.18,1.0,4.74,1.0,0.14,1.0,-0.18,1.0,-0.3,1.0,0.09,1.0,-32.05,1.0,65.24,1.0,-32.39,1.0,0.51,0.0,0.0,0.0,0.0,0.0,0.0,0.0,0.0,1.0,0.14,1.0,-0.12,1.0,5.07,1.0,0.3,1.0,-0.08,1.0,0.0,1.0,0.55,1.0,-32.46,1.0,65.2,1.0,-32.65,1.0,0.64,0.0,0.0,0.0,0.0,0.0,0.0,0.0,0.0,0.0,0.0,0.0,0.0,0.0,0.0,0.0,0.0,1536.0,7668.0
90.0,5230.0,0.16,0.04,-1.02,6.99,3.49,13.97,0.0,0.0,0.0,0.0,0.7,-1.29,-159.53,0.0,0.0,0.0,0.0,0.0,1.0,-0.14,1.0,0.49,1.0,4.1,1.0,0.14,1.0,-0.18,1.0,-0.3,1.0,0.09,1.0,-31.75,1.0,64.9,1.0,-32.39,1.0,0.82,0.0,0.0,0.0,0.0,0.0,0.0,0.0,0.0,1.0,0.14,1.0,-0.43,1.0,4.74,1.0,0.0,1.0,-0.38,1.0,0.0,1.0,1.19,1.0,-32.15,1.0,65.2,1.0,-32.65,1.0,0.3,0.0,0.0,0.0,0.0,0.0,0.0,0.0,0.0,0.0,0.0,0.0,0.0,0.0,0.0,0.0,0.0,1536.0,5596.0
90.0,5231.0,0.17,0.02,-1.03,17.47,13.97,6.99,0.0,0.0,0.0,0.0,0.8,-1.24,-159.51,0.0,0.0,0.0,0.0,0.0,1.0,-0.14,1.0,0.15,1.0,4.44,1.0,-0.17,1.0,-0.18,1.0,-0.3,1.0,-0.25,1.0,-31.75,1.0,64.9,1.0,-32.39,1.0,0.82,0.0,0.0,0.0,0.0,0.0,0.0,0.0,0.0,1.0,0.14,1.0,-0.12,1.0,5.07,1.0,0.0,1.0,-0.08,1.0,0.0,1.0,1.53,1.0,-32.15,1.0,65.2,1.0,-32.65,1.0,0.0,0.0,0.0,0.0,0.0,0.0,0.0,0.0,0.0,0.0,0.0,0.0,0.0,0.0,0.0,0.0,0.0,9728.0,-4043.0
90.0,5231.0,0.17,0.02,-1.03,17.47,13.97,6.99,0.0,0.0,0.0,0.0,0.8,-1.24,-159.51,0.0,0.0,0.0,0.0,0.0,1.0,-0.14,1.0,0.15,1.0,4.44,1.0,-0.17,1.0,-0.18,1.0,-0.3,1.0,-0.25,1.0,-31.75,1.0,64.9,1.0,-32.39,1.0,0.82,0.0,0.0,0.0,0.0,0.0,0.0,0.0,0.0,1.0,0.14,1.0,-0.12,1.0,5.07,1.0,0.0,1.0,-0.08,1.0,0.0,1.0,1.53,1.0,-32.15,1.0,65.2,1.0,-32.65,1.0,0.0,0.0,0.0,0.0,0.0,0.0,0.0,0.0,0.0,0.0,0.0,0.0,0.0,0.0,0.0,0.0,0.0,9728.0,-4043.0
90.0,5234.0,0.15,-0.08,-1.02,66.38,0.0,-3.49,0.0,0.0,0.0,0.0,1.72,-1.18,-159.67,0.0,0.0,0.0,0.0,0.0,1.0,-0.14,1.0,-0.18,1.0,4.74,1.0,0.14,1.0,-0.18,1.0,-0.3,1.0,-2.14,1.0,-32.05,1.0,64.9,1.0,-32.39,1.0,3.41,0.0,0.0,0.0,0.0,0.0,0.0,0.0,0.0,1.0,0.14,1.0,-0.12,1.0,5.07,1.0,0.0,1.0,0.53,1.0,0.0,1.0,2.81,1.0,-32.15,1.0,64.86,1.0,-32.65,1.0,-0.3,0.0,0.0,0.0,0.0,0.0,0.0,0.0,0.0,0.0,0.0,0.0,0.0,0.0,256.0,0.0,0.0,1536.0,1180.0
90.0,5235.0,0.15,-0.07,-1.01,52.4,13.97,-6.99,0.0,0.0,0.0,0.0,2.0,-1.14,-159.75,0.0,0.0,0.0,0.0,0.0,1.0,-0.14,1.0,-0.18,1.0,4.74,1.0,0.14,1.0,-0.18,1.0,-0.3,1.0,-2.47,1.0,-31.75,1.0,64.9,1.0,-32.39,1.0,3.41,0.0,0.0,0.0,0.0,0.0,0.0,0.0,0.0,1.0,0.14,1.0,-0.43,1.0,5.07,1.0,0.0,1.0,-0.08,1.0,0.0,1.0,3.11,1.0,-32.15,1.0,65.2,1.0,-32.34,1.0,0.0,0.0,0.0,0.0,0.0,0.0,0.0,0.0,0.0,0.0,0.0,0.0,0.0,0.0,0.0,0.0,0.0,1536.0,1730.0
90.0,5237.0,0.15,-0.05,-1.02,24.46,6.99,0.0,0.0,0.0,0.0,0.0,2.35,-1.09,-159.81,0.0,0.0,0.0,0.0,0.0,1.0,-0.14,1.0,-0.18,1.0,4.74,1.0,0.14,1.0,-0.18,1.0,-0.3,1.0,-3.49,1.0,-31.75,1.0,64.9,1.0,-32.39,1.0,3.41,0.0,0.0,0.0,0.0,0.0,0.0,0.0,0.0,1.0,0.14,1.0,-0.12,1.0,5.07,1.0,0.3,1.0,-0.08,1.0,0.0,1.0,3.76,1.0,-32.15,1.0,65.2,1.0,-32.34,1.0,-0.64,0.0,0.0,0.0,0.0,0.0,0.0,0.0,0.0,0.0,0.0,0.0,0.0,0.0,0.0,0.0,0.0,1536.0,4526.0
90.0,5237.0,0.15,-0.05,-1.02,24.46,6.99,0.0,0.0,0.0,0.0,0.0,2.35,-1.09,-159.81,0.0,0.0,0.0,0.0,0.0,1.0,-0.14,1.0,-0.18,1.0,4.74,1.0,0.14,1.0,-0.18,1.0,-0.3,1.0,-3.49,1.0,-31.75,1.0,64.9,1.0,-32.39,1.0,3.41,0.0,0.0,0.0,0.0,0.0,0.0,0.0,0.0,1.0,0.14,1.0,-0.12,1.0,5.07,1.0,0.3,1.0,-0.08,1.0,0.0,1.0,3.76,1.0,-32.15,1.0,65.2,1.0,-32.34,1.0,-0.64,0.0,0.0,0.0,0.0,0.0,0.0,0.0,0.0,0.0,0.0,0.0,0.0,0.0,0.0,0.0,0.0,1536.0,4526.0
90.0,5238.0,0.16,-0.02,-1.03,-6.99,13.97,0.0,0.0,0.0,0.0,0.0,2.36,-1.04,-159.83,0.0,0.0,0.0,0.0,0.0,1.0,-0.14,1.0,-0.18,1.0,4.74,1.0,-0.17,1.0,-0.18,1.0,-0.3,1.0,-3.49,1.0,-31.75,1.0,64.9,1.0,-32.39,1.0,3.41,0.0,0.0,0.0,0.0,0.0,0.0,0.0,0.0,1.0,0.14,1.0,-0.12,1.0,5.07,1.0,0.0,1.0,-0.08,1.0,0.0,1.0,3.76,1.0,-32.15,1.0,64.86,1.0,-32.34,1.0,-1.32,0.0,0.0,0.0,0.0,0.0,0.0,0.0,0.0,0.0,0.0,0.0,0.0,0.0,0.0,0.0,0.0,1536.0,7128.0
90.0,5238.0,0.16,-0.02,-1.03,-6.99,13.97,0.0,0.0,0.0,0.0,0.0,2.36,-1.04,-159.83,0.0,0.0,0.0,0.0,0.0,1.0,-0.14,1.0,-0.18,1.0,4.74,1.0,-0.17,1.0,-0.18,1.0,-0.3,1.0,-3.49,1.0,-31.75,1.0,64.9,1.0,-32.39,1.0,3.41,0.0,0.0,0.0,0.0,0.0,0.0,0.0,0.0,1.0,0.14,1.0,-0.12,1.0,5.07,1.0,0.0,1.0,-0.08,1.0,0.0,1.0,3.76,1.0,-32.15,1.0,64.86,1.0,-32.34,1.0,-1.32,0.0,0.0,0.0,0.0,0.0,0.0,0.0,0.0,0.0,0.0,0.0,0.0,0.0,0.0,0.0,0.0,1536.0,7128.0
90.0,5240.0,0.17,0.0,-1.02,-62.89,10.48,6.99,0.0,0.0,0.0,0.0,1.98,-0.94,-159.75,0.0,0.0,0.0,0.0,0.0,1.0,-0.14,1.0,-0.18,1.0,4.74,1.0,0.14,1.0,-0.18,1.0,-0.3,1.0,-3.49,1.0,-32.39,1.0,64.86,1.0,-32.39,1.0,4.05,0.0,0.0,0.0,0.0,0.0,0.0,0.0,0.0,1.0,0.14,1.0,-0.12,1.0,4.74,1.0,0.3,1.0,-0.08,1.0,0.0,1.0,4.09,1.0,-34.41,1.0,69.55,1.0,-36.53,1.0,-3.0,0.0,0.0,0.0,0.0,0.0,0.0,0.0,0.0,0.0,0.0,0.0,0.0,0.0,0.0,0.0,0.0,1536.0,12669.0
90.0,5242.0,0.09,-0.04,-1.03,0.0,-97.82,34.94,0.0,0.0,0.0,0.0,1.99,-1.44,-159.63,0.0,0.0,0.0,0.0,0.0,1.0,-0.14,1.0,-0.18,1.0,4.74,1.0,-0.17,1.0,0.16,1.0,0.0,1.0,-3.79,1.0,-32.39,1.0,65.54,1.0,-32.73,1.0,4.05,0.0,0.0,0.0,0.0,0.0,0.0,0.0,0.0,1.0,0.14,1.0,-0.12,1.0,5.07,1.0,0.0,1.0,-0.08,1.0,0.0,1.0,4.43,1.0,-39.64,1.0,75.59,1.0,-41.08,1.0,-4.02,0.0,0.0,0.0,0.0,0.0,0.0,0.0,0.0,0.0,0.0,0.0,0.0,0.0,0.0,0.0,0.0,1536.0,14865.0
90.0,5242.0,0.09,-0.04,-1.03,0.0,-97.82,34.94,0.0,0.0,0.0,0.0,1.99,-1.44,-159.63,0.0,0.0,0.0,0.0,0.0,1.0,-0.14,1.0,-0.18,1.0,4.74,1.0,-0.17,1.0,0.16,1.0,0.0,1.0,-3.79,1.0,-32.39,1.0,65.54,1.0,-32.73,1.0,4.05,0.0,0.0,0.0,0.0,0.0,0.0,0.0,0.0,1.0,0.14,1.0,-0.12,1.0,5.07,1.0,0.0,1.0,-0.08,1.0,0.0,1.0,4.43,1.0,-39.64,1.0,75.59,1.0,-41.08,1.0,-4.02,0.0,0.0,0.0,0.0,0.0,0.0,0.0,0.0,0.0,0.0,0.0,0.0,0.0,0.0,0.0,0.0,1536.0,14865.0
90.0,5243.0,0.19,0.0,-1.14,41.92,-90.83,83.85,0.0,0.0,0.0,0.0,2.24,-1.81,-159.37,0.0,0.0,0.0,0.0,0.0,1.0,-0.14,1.0,-0.49,1.0,4.74,1.0,0.14,1.0,0.16,1.0,0.0,1.0,-3.79,1.0,-32.39,1.0,65.24,1.0,-32.73,1.0,4.05,0.0,0.0,0.0,0.0,0.0,0.0,0.0,0.0,1.0,0.47,1.0,0.52,1.0,5.07,1.0,0.3,1.0,-0.08,1.0,0.0,1.0,4.43,1.0,-42.58,1.0,79.95,1.0,-43.11,1.0,-4.35,0.0,0.0,0.0,0.0,0.0,0.0,0.0,0.0,0.0,0.0,0.0,0.0,0.0,0.0,0.0,0.0,1536.0,5062.0
90.0,5245.0,0.25,0.15,-0.94,13.97,27.95,59.39,0.0,0.0,0.0,0.0,2.3,-1.77,-158.74,0.0,0.0,0.0,0.0,0.0,1.0,-0.14,1.0,-1.5,1.0,4.74,1.0,0.14,1.0,0.16,1.0,0.0,1.0,-3.79,1.0,-31.75,1.0,65.24,1.0,-33.74,1.0,4.36,0.0,0.0,0.0,0.0,0.0,0.0,0.0,0.0,1.0,0.14,1.0,1.8,1.0,4.74,1.0,0.0,1.0,-0.08,1.0,0.0,1.0,4.09,1.0,-46.83,1.0,86.66,1.0,-43.45,1.0,-4.35,0.0,0.0,0.0,0.0,0.0,0.0,0.0,0.0,0.0,0.0,0.0,0.0,0.0,0.0,0.0,0.0,1536.0,-1794.0
90.0,5246.0,0.33,0.15,-0.92,48.91,48.91,24.46,0.0,0.0,0.0,0.0,2.41,-1.44,-158.66,0.0,0.0,0.0,0.0,0.0,1.0,-0.14,1.0,-1.84,1.0,5.35,1.0,0.14,1.0,0.16,1.0,0.0,1.0,-3.79,1.0,-30.77,1.0,65.54,1.0,-34.42,1.0,4.36,0.0,0.0,0.0,0.0,0.0,0.0,0.0,0.0,1.0,-0.14,1.0,2.78,1.0,4.74,1.0,0.64,1.0,-0.08,1.0,0.0,1.0,4.09,1.0,-47.14,1.0,87.0,1.0,-42.1,1.0,-3.68,0.0,0.0,0.0,0.0,0.0,0.0,0.0,0.0,0.0,0.0,0.0,0.0,0.0,0.0,0.0,0.0,1536.0,-4380.0
90.0,5248.0,0.3,0.22,-1.0,-13.97,174.68,-6.99,0.0,0.0,0.0,0.0,2.29,-0.05,-158.76,0.0,0.0,0.0,0.0,0.0,1.0,-0.14,1.0,-3.49,1.0,4.1,1.0,0.14,1.0,0.16,1.0,0.0,1.0,-3.79,1.0,-28.48,1.0,65.54,1.0,-35.43,1.0,4.36,0.0,0.0,0.0,0.0,0.0,0.0,0.0,0.0,1.0,-0.47,1.0,3.42,1.0,4.74,1.0,0.0,1.0,-0.08,1.0,0.0,1.0,2.81,1.0,-44.88,1.0,83.66,1.0,-36.22,1.0,-2.33,0.0,0.0,0.0,0.0,0.0,0.0,0.0,0.0,0.0,0.0,0.0,0.0,0.0,0.0,0.0,0.0,1536.0,-7931.0
90.0,5248.0,0.3,0.22,-1.0,-13.97,174.68,-6.99,0.0,0.0,0.0,0.0,2.29,-0.05,-158.76,0.0,0.0,0.0,0.0,0.0,1.0,-0.14,1.0,-3.49,1.0,4.1,1.0,0.14,1.0,0.16,1.0,0.0,1.0,-3.79,1.0,-28.48,1.0,65.54,1.0,-35.43,1.0,4.36,0.0,0.0,0.0,0.0,0.0,0.0,0.0,0.0,1.0,-0.47,1.0,3.42,1.0,4.74,1.0,0.0,1.0,-0.08,1.0,0.0,1.0,2.81,1.0,-44.88,1.0,83.66,1.0,-36.22,1.0,-2.33,0.0,0.0,0.0,0.0,0.0,0.0,0.0,0.0,0.0,0.0,0.0,0.0,0.0,0.0,0.0,0.0,1536.0,-7931.0
90.0,5248.0,0.3,0.22,-1.0,-13.97,174.68,-6.99,0.0,0.0,0.0,0.0,2.29,-0.05,-158.76,0.0,0.0,0.0,0.0,0.0,1.0,-0.14,1.0,-3.49,1.0,4.1,1.0,0.14,1.0,0.16,1.0,0.0,1.0,-3.79,1.0,-28.48,1.0,65.54,1.0,-35.43,1.0,4.36,0.0,0.0,0.0,0.0,0.0,0.0,0.0,0.0,1.0,-0.47,1.0,3.42,1.0,4.74,1.0,0.0,1.0,-0.08,1.0,0.0,1.0,2.81,1.0,-44.88,1.0,83.66,1.0,-36.22,1.0,-2.33,0.0,0.0,0.0,0.0,0.0,0.0,0.0,0.0,0.0,0.0,0.0,0.0,0.0,0.0,0.0,0.0,1536.0,-7931.0
90.0,5250.0,0.27,0.2,-1.02,-48.91,125.77,-6.99,0.0,0.0,0.0,0.0,1.84,1.06,-158.86,0.0,0.0,0.0,0.0,0.0,1.0,-0.14,1.0,-4.47,1.0,5.35,1.0,-0.17,1.0,-0.18,1.0,0.0,1.0,-3.79,1.0,-26.18,1.0,65.54,1.0,-37.15,1.0,4.05,0.0,0.0,0.0,0.0,0.0,0.0,0.0,0.0,1.0,-0.14,1.0,4.06,1.0,4.74,1.0,0.0,1.0,-0.08,1.0,0.0,1.0,1.87,1.0,-39.98,1.0,74.58,1.0,-29.74,1.0,-0.98,0.0,0.0,0.0,0.0,0.0,0.0,0.0,0.0,0.0,0.0,0.0,0.0,0.0,1024.0,0.0,0.0,1536.0,-978.0
90.0,5251.0,0.26,0.21,-0.98,-45.42,108.3,-13.97,0.0,0.0,0.0,0.0,1.56,1.5,-158.87,0.0,0.0,0.0,0.0,0.0,1.0,-0.14,1.0,-4.81,1.0,5.35,1.0,0.14,1.0,-0.18,1.0,0.0,1.0,-2.81,1.0,-25.2,1.0,65.5,1.0,-38.16,1.0,3.72,0.0,0.0,0.0,0.0,0.0,0.0,0.0,0.0,1.0,-0.14,1.0,4.37,1.0,5.07,1.0,0.3,1.0,-0.08,1.0,0.0,1.0,1.53,1.0,-37.35,1.0,68.88,1.0,-25.56,1.0,0.3,0.0,0.0,0.0,0.0,0.0,0.0,0.0,0.0,0.0,0.0,0.0,0.0,0.0,0.0,0.0,0.0,1536.0,1768.0
90.0,5251.0,0.26,0.21,-0.98,-45.42,108.3,-13.97,0.0,0.0,0.0,0.0,1.56,1.5,-158.87,0.0,0.0,0.0,0.0,0.0,1.0,-0.14,1.0,-4.81,1.0,5.35,1.0,0.14,1.0,-0.18,1.0,0.0,1.0,-2.81,1.0,-25.2,1.0,65.5,1.0,-38.16,1.0,3.72,0.0,0.0,0.0,0.0,0.0,0.0,0.0,0.0,1.0,-0.14,1.0,4.37,1.0,5.07,1.0,0.3,1.0,-0.08,1.0,0.0,1.0,1.53,1.0,-37.35,1.0,68.88,1.0,-25.56,1.0,0.3,0.0,0.0,0.0,0.0,0.0,0.0,0.0,0.0,0.0,0.0,0.0,0.0,0.0,0.0,0.0,0.0,1536.0,1768.0
90.0,5253.0,0.16,0.23,-1.16,-94.33,52.4,-10.48,0.0,0.0,0.0,0.0,0.62,2.28,-158.87,0.0,0.0,0.0,0.0,0.0,1.0,-0.14,1.0,-4.81,1.0,5.35,1.0,-0.17,1.0,-0.18,1.0,0.0,1.0,-1.19,1.0,-24.22,1.0,65.24,1.0,-38.16,1.0,2.44,0.0,0.0,0.0,0.0,0.0,0.0,0.0,0.0,1.0,-0.14,1.0,4.7,1.0,5.07,1.0,0.3,1.0,-0.08,1.0,0.0,1.0,-0.09,1.0,-35.39,1.0,65.2,1.0,-24.24,1.0,1.62,0.0,0.0,0.0,0.0,0.0,0.0,0.0,0.0,0.0,0.0,0.0,0.0,0.0,0.0,0.0,0.0,1536.0,11902.0
90.0,5254.0,0.18,0.26,-1.29,-136.25,20.96,-10.48,0.0,0.0,0.0,0.0,0.09,2.0,-158.82,0.0,0.0,0.0,0.0,0.0,1.0,-0.14,1.0,-4.81,1.0,5.04,1.0,0.14,1.0,-0.18,1.0,0.0,1.0,-0.55,1.0,-24.22,1.0,64.9,1.0,-38.16,1.0,1.79,0.0,0.0,0.0,0.0,0.0,0.0,0.0,0.0,1.0,-0.14,1.0,5.01,1.0,4.74,1.0,0.0,1.0,0.23,1.0,-0.3,1.0,-0.77,1.0,-35.73,1.0,63.17,1.0,-24.24,1.0,1.92,0.0,0.0,0.0,0.0,0.0,0.0,0.0,0.0,0.0,0.0,0.0,0.0,0.0,0.0,0.0,0.0,1536.0,19662.0
90.0,5256.0,0.06,0.03,-1.09,-97.82,-185.16,62.89,0.0,0.0,0.0,0.0,-0.48,0.7,-158.54,0.0,0.0,0.0,0.0,0.0,1.0,-0.14,1.0,-4.47,1.0,4.74,1.0,0.14,1.0,-0.18,1.0,0.0,1.0,0.43,1.0,-25.2,1.0,63.92,1.0,-38.16,1.0,1.15,0.0,0.0,0.0,0.0,0.0,0.0,0.0,0.0,1.0,0.14,1.0,4.7,1.0,5.07,1.0,0.0,1.0,-0.08,1.0,-0.3,1.0,-1.07,1.0,-36.71,1.0,62.84,1.0,-25.22,1.0,1.62,0.0,0.0,0.0,0.0,0.0,0.0,0.0,0.0,0.0,0.0,0.0,0.0,0.0,0.0,0.0,0.0,1536.0,29714.0
90.0,5256.0,0.06,0.03,-1.09,-97.82,-185.16,62.89,0.0,0.0,0.0,0.0,-0.48,0.7,-158.54,0.0,0.0,0.0,0.0,0.0,1.0,-0.14,1.0,-4.47,1.0,4.74,1.0,0.14,1.0,-0.18,1.0,0.0,1.0,0.43,1.0,-25.2,1.0,63.92,1.0,-38.16,1.0,1.15,0.0,0.0,0.0,0.0,0.0,0.0,0.0,0.0,1.0,0.14,1.0,4.7,1.0,5.07,1.0,0.0,1.0,-0.08,1.0,-0.3,1.0,-1.07,1.0,-36.71,1.0,62.84,1.0,-25.22,1.0,1.62,0.0,0.0,0.0,0.0,0.0,0.0,0.0,0.0,0.0,0.0,0.0,0.0,0.0,0.0,0.0,0.0,1536.0,29714.0
90.0,5258.0,0.21,0.04,-0.92,-41.92,-122.28,52.4,0.0,0.0,0.0,0.0,-0.69,-0.26,-158.0,0.0,0.0,0.0,0.0,0.0,1.0,-0.14,1.0,-4.81,1.0,4.74,1.0,-0.51,1.0,0.16,1.0,0.0,1.0,1.38,1.0,-25.2,1.0,63.92,1.0,-38.16,1.0,0.51,0.0,0.0,0.0,0.0,0.0,0.0,0.0,0.0,1.0,0.14,1.0,5.01,1.0,5.07,1.0,0.0,1.0,-0.08,1.0,0.0,1.0,-1.41,1.0,-37.35,1.0,63.17,1.0,-25.86,1.0,1.62,0.0,0.0,0.0,0.0,0.0,0.0,0.0,0.0,0.0,0.0,0.0,0.0,0.0,0.0,0.0,0.0,1536.0,19015.0
90.0,5260.0,0.23,0.13,-0.94,-10.48,-45.42,52.4,0.0,0.0,0.0,0.0,-0.84,-0.74,-157.53,0.0,0.0,0.0,0.0,0.0,1.0,-0.14,1.0,-5.15,1.0,4.1,1.0,0.14,1.0,0.16,1.0,0.0,1.0,2.05,1.0,-25.2,1.0,63.92,1.0,-38.16,1.0,0.51,0.0,0.0,0.0,0.0,0.0,0.0,0.0,0.0,1.0,-0.14,1.0,5.01,1.0,4.74,1.0,0.3,1.0,-0.08,1.0,0.0,1.0,-2.39,1.0,-37.69,1.0,63.51,1.0,-25.86,1.0,2.26,0.0,0.0,0.0,0.0,0.0,0.0,0.0,0.0,0.0,0.0,0.0,0.0,0.0,0.0,0.0,0.0,1536.0,8221.0
90.0,5260.0,0.23,0.13,-0.94,-10.48,-45.42,52.4,0.0,0.0,0.0,0.0,-0.84,-0.74,-157.53,0.0,0.0,0.0,0.0,0.0,1.0,-0.14,1.0,-5.15,1.0,4.1,1.0,0.14,1.0,0.16,1.0,0.0,1.0,2.05,1.0,-25.2,1.0,63.92,1.0,-38.16,1.0,0.51,0.0,0.0,0.0,0.0,0.0,0.0,0.0,0.0,1.0,-0.14,1.0,5.01,1.0,4.74,1.0,0.3,1.0,-0.08,1.0,0.0,1.0,-2.39,1.0,-37.69,1.0,63.51,1.0,-25.86,1.0,2.26,0.0,0.0,0.0,0.0,0.0,0.0,0.0,0.0,0.0,0.0,0.0,0.0,0.0,0.0,0.0,0.0,1536.0,8221.0
90.0,5262.0,0.2,0.14,-0.95,0.0,-34.94,38.43,0.0,0.0,0.0,0.0,-0.97,-1.02,-157.34,0.0,0.0,0.0,0.0,0.0,1.0,-0.14,1.0,-4.81,1.0,4.74,1.0,0.14,1.0,0.16,1.0,-0.3,1.0,2.69,1.0,-25.2,1.0,64.56,1.0,-38.5,1.0,-0.16,0.0,0.0,0.0,0.0,0.0,0.0,0.0,0.0,1.0,-0.47,1.0,4.06,1.0,4.74,1.0,0.0,1.0,-0.08,1.0,-0.3,1.0,-3.03,1.0,-37.35,1.0,63.85,1.0,-26.2,1.0,3.24,0.0,0.0,0.0,0.0,0.0,0.0,0.0,0.0,0.0,0.0,0.0,0.0,0.0,1024.0,0.0,0.0,1536.0,6546.0
90.0,5263.0,0.2,0.15,-1.01,31.44,-20.96,55.9,0.0,0.0,0.0,0.0,-0.84,-1.11,-157.15,0.0,0.0,0.0,0.0,0.0,1.0,-0.14,1.0,-4.13,1.0,4.1,1.0,0.14,1.0,0.16,1.0,-0.3,1.0,2.69,1.0,-26.18,1.0,66.82,1.0,-38.84,1.0,-1.11,0.0,0.0,0.0,0.0,0.0,0.0,0.0,0.0,1.0,-0.47,1.0,4.06,1.0,4.74,1.0,0.0,1.0,-0.08,1.0,0.0,1.0,-3.37,1.0,-37.04,1.0,64.19,1.0,-26.84,1.0,3.88,0.0,0.0,0.0,0.0,0.0,0.0,0.0,0.0,0.0,0.0,0.0,0.0,0.0,0.0,0.0,0.0,1536.0,1198.0
90.0,5264.0,0.17,0.18,-0.92,-20.96,-6.99,24.46,0.0,0.0,0.0,0.0,-0.92,-1.14,-157.01,0.0,0.0,0.0,0.0,0.0,1.0,-0.14,1.0,-4.47,1.0,4.74,1.0,-0.17,1.0,-0.18,1.0,-0.3,1.0,3.33,1.0,-28.14,1.0,69.42,1.0,-39.51,1.0,-1.75,0.0,0.0,0.0,0.0,0.0,0.0,0.0,0.0,1.0,-0.47,1.0,3.42,1.0,4.74,1.0,0.3,1.0,-0.08,1.0,-0.3,1.0,-3.67,1.0,-36.71,1.0,64.19,1.0,-27.82,1.0,4.22,0.0,0.0,0.0,0.0,0.0,0.0,0.0,0.0,0.0,0.0,0.0,0.0,0.0,0.0,0.0,0.0,1536.0,8335.0
90.0,5266.0,0.13,0.05,-0.88,-13.97,-3.49,13.97,0.0,0.0,0.0,0.0,-0.96,-1.21,-156.86,0.0,0.0,0.0,0.0,0.0,1.0,-0.14,1.0,-3.15,1.0,4.1,1.0,-0.17,1.0,-0.18,1.0,-0.3,1.0,3.97,1.0,-32.39,1.0,77.18,1.0,-42.89,1.0,-4.01,0.0,0.0,0.0,0.0,0.0,0.0,0.0,0.0,1.0,-0.47,1.0,1.5,1.0,5.07,1.0,0.0,1.0,-0.08,1.0,-0.3,1.0,-4.34,1.0,-36.37,1.0,65.2,1.0,-29.44,1.0,5.16,0.0,0.0,0.0,0.0,0.0,0.0,0.0,0.0,0.0,0.0,0.0,0.0,0.0,0.0,0.0,0.0,1536.0,8612.0
90.0,5266.0,0.13,0.05,-0.88,-13.97,-3.49,13.97,0.0,0.0,0.0,0.0,-0.96,-1.21,-156.86,0.0,0.0,0.0,0.0,0.0,1.0,-0.14,1.0,-3.15,1.0,4.1,1.0,-0.17,1.0,-0.18,1.0,-0.3,1.0,3.97,1.0,-32.39,1.0,77.18,1.0,-42.89,1.0,-4.01,0.0,0.0,0.0,0.0,0.0,0.0,0.0,0.0,1.0,-0.47,1.0,1.5,1.0,5.07,1.0,0.0,1.0,-0.08,1.0,-0.3,1.0,-4.34,1.0,-36.37,1.0,65.2,1.0,-29.44,1.0,5.16,0.0,0.0,0.0,0.0,0.0,0.0,0.0,0.0,0.0,0.0,0.0,0.0,0.0,0.0,0.0,0.0,1536.0,8612.0
90.0,5267.0,0.13,0.03,-1.0,-31.44,17.47,-17.47,0.0,0.0,0.0,0.0,-0.99,-1.25,-156.89,0.0,0.0,0.0,0.0,0.0,1.0,-0.14,1.0,-3.15,1.0,4.74,1.0,0.14,1.0,-0.18,1.0,0.0,1.0,3.97,1.0,-34.99,1.0,81.06,1.0,-44.58,1.0,-3.98,0.0,0.0,0.0,0.0,0.0,0.0,0.0,0.0,1.0,-0.14,1.0,1.8,1.0,5.07,1.0,0.0,1.0,-0.08,1.0,-0.3,1.0,-4.34,1.0,-36.07,1.0,65.2,1.0,-29.74,1.0,5.5,0.0,0.0,0.0,0.0,0.0,0.0,0.0,0.0,0.0,0.0,0.0,0.0,0.0,0.0,0.0,0.0,1536.0,11246.0
90.0,5267.0,0.13,0.03,-1.0,-31.44,17.47,-17.47,0.0,0.0,0.0,0.0,-0.99,-1.25,-156.89,0.0,0.0,0.0,0.0,0.0,1.0,-0.14,1.0,-3.15,1.0,4.74,1.0,0.14,1.0,-0.18,1.0,0.0,1.0,3.97,1.0,-34.99,1.0,81.06,1.0,-44.58,1.0,-3.98,0.0,0.0,0.0,0.0,0.0,0.0,0.0,0.0,1.0,-0.14,1.0,1.8,1.0,5.07,1.0,0.0,1.0,-0.08,1.0,-0.3,1.0,-4.34,1.0,-36.07,1.0,65.2,1.0,-29.74,1.0,5.5,0.0,0.0,0.0,0.0,0.0,0.0,0.0,0.0,0.0,0.0,0.0,0.0,0.0,0.0,0.0,0.0,1536.0,11246.0
90.0,5269.0,0.18,-0.02,-1.05,-27.95,48.91,-45.42,0.0,0.0,0.0,0.0,-1.06,-0.97,-157.22,0.0,0.0,0.0,0.0,0.0,1.0,-0.14,1.0,-1.16,1.0,3.79,1.0,-0.17,1.0,-0.18,1.0,-0.3,1.0,4.31,1.0,-40.22,1.0,89.13,1.0,-46.91,1.0,-4.99,0.0,0.0,0.0,0.0,0.0,0.0,0.0,0.0,1.0,0.14,1.0,1.5,1.0,5.07,1.0,0.0,1.0,-0.08,1.0,-0.3,1.0,-4.65,1.0,-34.41,1.0,65.54,1.0,-31.36,1.0,5.5,0.0,0.0,0.0,0.0,0.0,0.0,0.0,0.0,0.0,0.0,0.0,0.0,0.0,0.0,0.0,0.0,1536.0,10531.0
90.0,5270.0,0.18,-0.03,-1.06,-10.48,76.86,-45.42,0.0,0.0,0.0,0.0,-1.06,-0.7,-157.4,0.0,0.0,0.0,0.0,0.0,1.0,-0.14,1.0,-0.83,1.0,4.74,1.0,0.14,1.0,-0.18,1.0,0.0,1.0,4.31,1.0,-43.16,1.0,92.03,1.0,-47.21,1.0,-4.99,0.0,0.0,0.0,0.0,0.0,0.0,0.0,0.0,1.0,0.14,1.0,0.86,1.0,5.07,1.0,0.3,1.0,-0.08,1.0,0.0,1.0,-4.65,1.0,-33.43,1.0,65.54,1.0,-32.0,1.0,5.5,0.0,0.0,0.0,0.0,0.0,0.0,0.0,0.0,0.0,0.0,0.0,0.0,0.0,0.0,0.0,0.0,1536.0,5796.0
90.0,5272.0,0.18,-0.07,-1.06,10.48,97.82,-17.47,0.0,0.0,0.0,0.0,-0.9,-0.07,-157.72,0.0,0.0,0.0,0.0,0.0,1.0,-0.14,1.0,1.47,1.0,3.79,1.0,0.14,1.0,0.16,1.0,-0.3,1.0,4.31,1.0,-46.74,1.0,93.99,1.0,-45.93,1.0,-4.99,0.0,0.0,0.0,0.0,0.0,0.0,0.0,0.0,1.0,0.14,1.0,-1.07,1.0,5.07,1.0,0.0,1.0,-0.08,1.0,-0.3,1.0,-4.65,1.0,-31.17,1.0,65.54,1.0,-33.29,1.0,5.5,0.0,0.0,0.0,0.0,0.0,0.0,0.0,0.0,0.0,0.0,0.0,0.0,0.0,0.0,0.0,0.0,1536.0,-1185.0
90.0,5274.0,0.22,-0.03,-1.01,0.0,101.32,6.99,0.0,0.0,0.0,0.0,-0.7,0.84,-157.67,0.0,0.0,0.0,0.0,0.0,1.0,-0.14,1.0,2.14,1.0,4.74,1.0,0.14,1.0,0.16,1.0,-0.3,1.0,3.97,1.0,-47.41,1.0,90.75,1.0,-42.89,1.0,-4.01,0.0,0.0,0.0,0.0,0.0,0.0,0.0,0.0,1.0,0.14,1.0,-2.35,1.0,5.07,1.0,0.0,1.0,-0.08,1.0,-0.3,1.0,-4.65,1.0,-28.88,1.0,65.54,1.0,-34.6,1.0,5.16,0.0,0.0,0.0,0.0,0.0,0.0,0.0,0.0,0.0,0.0,0.0,0.0,0.0,1024.0,0.0,0.0,1536.0,-4163.0
90.0,5274.0,0.22,-0.03,-1.01,0.0,101.32,6.99,0.0,0.0,0.0,0.0,-0.7,0.84,-157.67,0.0,0.0,0.0,0.0,0.0,1.0,-0.14,1.0,2.14,1.0,4.74,1.0,0.14,1.0,0.16,1.0,-0.3,1.0,3.97,1.0,-47.41,1.0,90.75,1.0,-42.89,1.0,-4.01,0.0,0.0,0.0,0.0,0.0,0.0,0.0,0.0,1.0,0.14,1.0,-2.35,1.0,5.07,1.0,0.0,1.0,-0.08,1.0,-0.3,1.0,-4.65,1.0,-28.88,1.0,65.54,1.0,-34.6,1.0,5.16,0.0,0.0,0.0,0.0,0.0,0.0,0.0,0.0,0.0,0.0,0.0,0.0,0.0,1024.0,0.0,0.0,1536.0,-4163.0
90.0,5276.0,0.27,-0.02,-1.02,24.46,132.76,10.48,0.0,0.0,0.0,0.0,-0.49,1.88,-157.6,0.0,0.0,0.0,0.0,0.0,1.0,-0.14,1.0,3.12,1.0,4.74,1.0,0.14,1.0,0.16,1.0,-0.3,1.0,3.03,1.0,-44.47,1.0,83.33,1.0,-36.14,1.0,-2.43,0.0,0.0,0.0,0.0,0.0,0.0,0.0,0.0,1.0,0.47,1.0,-3.63,1.0,5.07,1.0,0.0,1.0,-0.08,1.0,-0.3,1.0,-4.01,1.0,-26.58,1.0,65.87,1.0,-36.22,1.0,4.86,0.0,0.0,0.0,0.0,0.0,0.0,0.0,0.0,0.0,0.0,0.0,0.0,0.0,256.0,0.0,0.0,1536.0,-9902.0
90.0,5276.0,0.27,-0.02,-1.02,24.46,132.76,10.48,0.0,0.0,0.0,0.0,-0.49,1.88,-157.6,0.0,0.0,0.0,0.0,0.0,1.0,-0.14,1.0,3.12,1.0,4.74,1.0,0.14,1.0,0.16,1.0,-0.3,1.0,3.03,1.0,-44.47,1.0,83.33,1.0,-36.14,1.0,-2.43,0.0,0.0,0.0,0.0,0.0,0.0,0.0,0.0,1.0,0.47,1.0,-3.63,1.0,5.07,1.0,0.0,1.0,-0.08,1.0,-0.3,1.0,-4.01,1.0,-26.58,1.0,65.87,1.0,-36.22,1.0,4.86,0.0,0.0,0.0,0.0,0.0,0.0,0.0,0.0,0.0,0.0,0.0,0.0,0.0,256.0,0.0,0.0,1536.0,-9902.0
90.0,5278.0,0.28,-0.09,-1.02,48.91,136.25,69.87,0.0,0.0,0.0,0.0,0.1,3.08,-157.39,0.0,0.0,0.0,0.0,0.0,1.0,-0.14,1.0,4.47,1.0,4.74,1.0,0.14,1.0,0.16,1.0,-0.3,1.0,1.71,1.0,-40.22,1.0,74.28,1.0,-29.36,1.0,-0.8,0.0,0.0,0.0,0.0,0.0,0.0,0.0,0.0,1.0,0.47,1.0,-4.27,1.0,5.07,1.0,0.0,1.0,0.23,1.0,0.0,1.0,-3.03,1.0,-24.96,1.0,65.87,1.0,-37.17,1.0,4.22,0.0,0.0,0.0,0.0,0.0,0.0,0.0,0.0,0.0,0.0,0.0,0.0,0.0,0.0,0.0,0.0,1536.0,-19037.0
90.0,5279.0,0.28,-0.11,-1.07,66.38,94.33,97.82,0.0,0.0,0.0,0.0,0.56,3.52,-157.09,0.0,0.0,0.0,0.0,0.0,1.0,-0.14,1.0,4.78,1.0,4.74,1.0,0.14,1.0,0.16,1.0,-0.3,1.0,1.07,1.0,-38.6,1.0,70.7,1.0,-26.99,1.0,0.17,0.0,0.0,0.0,0.0,0.0,0.0,0.0,0.0,1.0,0.47,1.0,-4.91,1.0,5.07,1.0,0.0,1.0,-0.08,1.0,-0.3,1.0,-2.69,1.0,-24.63,1.0,65.87,1.0,-37.17,1.0,4.22,0.0,0.0,0.0,0.0,0.0,0.0,0.0,0.0,0.0,0.0,0.0,0.0,0.0,0.0,0.0,0.0,1536.0,-19548.0
90.0,5279.0,0.28,-0.11,-1.07,66.38,94.33,97.82,0.0,0.0,0.0,0.0,0.56,3.52,-157.09,0.0,0.0,0.0,0.0,0.0,1.0,-0.14,1.0,4.78,1.0,4.74,1.0,0.14,1.0,0.16,1.0,-0.3,1.0,1.07,1.0,-38.6,1.0,70.7,1.0,-26.99,1.0,0.17,0.0,0.0,0.0,0.0,0.0,0.0,0.0,0.0,1.0,0.47,1.0,-4.91,1.0,5.07,1.0,0.0,1.0,-0.08,1.0,-0.3,1.0,-2.69,1.0,-24.63,1.0,65.87,1.0,-37.17,1.0,4.22,0.0,0.0,0.0,0.0,0.0,0.0,0.0,0.0,0.0,0.0,0.0,0.0,0.0,0.0,0.0,0.0,1536.0,-19548.0
90.0,5280.0,0.23,-0.08,-1.14,76.86,45.42,94.33,0.0,0.0,0.0,0.0,1.01,3.73,-156.77,0.0,0.0,0.0,0.0,0.0,1.0,-0.14,1.0,4.78,1.0,4.74,1.0,-0.17,1.0,0.16,1.0,-0.3,1.0,0.43,1.0,-37.29,1.0,66.82,1.0,-24.63,1.0,0.17,0.0,0.0,0.0,0.0,0.0,0.0,0.0,0.0,1.0,0.47,1.0,-4.58,1.0,5.07,1.0,0.3,1.0,-0.08,1.0,0.0,1.0,-2.05,1.0,-24.32,1.0,65.87,1.0,-37.17,1.0,3.24,0.0,0.0,0.0,0.0,0.0,0.0,0.0,0.0,0.0,0.0,0.0,0.0,0.0,0.0,0.0,0.0,1536.0,-15420.0
90.0,5281.0,0.23,-0.08,-1.27,73.37,-3.49,104.81,0.0,0.0,0.0,0.0,1.45,3.66,-156.47,0.0,0.0,0.0,0.0,0.0,1.0,-0.14,1.0,4.78,1.0,4.74,1.0,-0.17,1.0,0.16,1.0,0.0,1.0,-0.55,1.0,-36.64,1.0,64.56,1.0,-23.62,1.0,0.82,0.0,0.0,0.0,0.0,0.0,0.0,0.0,0.0,1.0,0.47,1.0,-4.58,1.0,5.07,1.0,0.0,1.0,0.23,1.0,-0.3,1.0,-1.07,1.0,-24.32,1.0,65.87,1.0,-37.17,1.0,2.57,0.0,0.0,0.0,0.0,0.0,0.0,0.0,0.0,0.0,0.0,0.0,0.0,0.0,1024.0,0.0,0.0,1536.0,-12246.0
90.0,5283.0,0.15,0.04,-1.34,132.76,-150.23,129.26,0.0,0.0,0.0,0.0,2.66,2.65,-155.72,0.0,0.0,0.0,0.0,0.0,1.0,-0.14,1.0,4.78,1.0,4.74,1.0,0.14,1.0,-0.18,1.0,0.0,1.0,-1.53,1.0,-36.31,1.0,63.28,1.0,-23.62,1.0,0.82,0.0,0.0,0.0,0.0,0.0,0.0,0.0,0.0,1.0,-0.14,1.0,-4.91,1.0,5.07,1.0,0.3,1.0,0.53,1.0,0.0,1.0,0.89,1.0,-24.96,1.0,65.2,1.0,-37.51,1.0,0.64,0.0,0.0,0.0,0.0,0.0,0.0,0.0,0.0,0.0,0.0,0.0,0.0,0.0,256.0,0.0,0.0,1536.0,-4920.0
90.0,5284.0,0.25,0.09,-1.06,94.33,-125.77,73.37,0.0,0.0,0.0,0.0,3.02,2.18,-155.45,0.0,0.0,0.0,0.0,0.0,1.0,-0.14,1.0,4.78,1.0,5.04,1.0,-0.17,1.0,-0.18,1.0,0.0,1.0,-1.53,1.0,-36.64,1.0,63.28,1.0,-23.96,1.0,1.15,0.0,0.0,0.0,0.0,0.0,0.0,0.0,0.0,1.0,-0.14,1.0,-4.27,1.0,4.74,1.0,0.0,1.0,-0.08,1.0,-0.3,1.0,1.53,1.0,-24.96,1.0,65.2,1.0,-37.51,1.0,0.0,0.0,0.0,0.0,0.0,0.0,0.0,0.0,0.0,0.0,0.0,0.0,0.0,0.0,0.0,0.0,0.0,1536.0,2387.0
90.0,5285.0,0.26,0.05,-0.93,59.39,-111.8,94.33,0.0,0.0,0.0,0.0,3.34,1.92,-155.2,0.0,0.0,0.0,0.0,0.0,1.0,-0.14,1.0,5.11,1.0,5.04,1.0,0.14,1.0,-0.18,1.0,0.0,1.0,-1.87,1.0,-36.95,1.0,63.28,1.0,-24.63,1.0,1.79,0.0,0.0,0.0,0.0,0.0,0.0,0.0,0.0,1.0,-0.14,1.0,-4.58,1.0,4.74,1.0,0.0,1.0,-0.08,1.0,-0.3,1.0,2.14,1.0,-24.96,1.0,64.86,1.0,-37.81,1.0,-0.3,0.0,0.0,0.0,0.0,0.0,0.0,0.0,0.0,0.0,0.0,0.0,0.0,0.0,0.0,0.0,0.0,1536.0,2414.0
90.0,5287.0,0.29,0.02,-0.94,17.47,-104.81,62.89,0.0,0.0,0.0,0.0,3.73,1.01,-154.66,0.0,0.0,0.0,0.0,0.0,1.0,-0.14,1.0,4.78,1.0,5.04,1.0,0.14,1.0,0.16,1.0,0.0,1.0,-2.47,1.0,-36.95,1.0,63.62,1.0,-25.64,1.0,2.1,0.0,0.0,0.0,0.0,0.0,0.0,0.0,0.0,1.0,-0.14,1.0,-4.27,1.0,4.74,1.0,0.0,1.0,-0.08,1.0,-0.3,1.0,2.81,1.0,-25.3,1.0,64.86,1.0,-37.81,1.0,-0.3,0.0,0.0,0.0,0.0,0.0,0.0,0.0,0.0,0.0,0.0,0.0,0.0,0.0,0.0,0.0,0.0,9728.0,887.0
90.0,5288.0,0.3,0.03,-0.94,-10.48,-90.83,45.42,0.0,0.0,0.0,0.0,3.79,0.69,-154.46,0.0,0.0,0.0,0.0,0.0,1.0,-0.14,1.0,4.78,1.0,4.44,1.0,0.14,1.0,0.16,1.0,0.0,1.0,-3.15,1.0,-36.95,1.0,63.62,1.0,-25.98,1.0,3.08,0.0,0.0,0.0,0.0,0.0,0.0,0.0,0.0,1.0,-0.14,1.0,-4.27,1.0,4.74,1.0,0.0,1.0,-0.08,1.0,-0.3,1.0,2.81,1.0,-25.3,1.0,64.86,1.0,-37.51,1.0,-0.3,0.0,0.0,0.0,0.0,0.0,0.0,0.0,0.0,0.0,0.0,0.0,0.0,0.0,1024.0,0.0,0.0,1536.0,11236.0
90.0,5289.0,0.3,0.01,-0.96,-13.97,-94.33,0.0,0.0,0.0,0.0,0.0,3.75,0.39,-154.42,0.0,0.0,0.0,0.0,0.0,1.0,-0.14,1.0,4.78,1.0,4.74,1.0,-0.17,1.0,-0.18,1.0,0.0,1.0,-3.49,1.0,-36.64,1.0,63.62,1.0,-26.32,1.0,3.72,0.0,0.0,0.0,0.0,0.0,0.0,0.0,0.0,1.0,-0.14,1.0,-4.27,1.0,4.74,1.0,0.3,1.0,0.53,1.0,-0.3,1.0,2.81,1.0,-26.28,1.0,65.2,1.0,-37.81,1.0,-0.64,0.0,0.0,0.0,0.0,0.0,0.0,0.0,0.0,0.0,0.0,0.0,0.0,0.0,0.0,0.0,0.0,1536.0,17579.0
90.0,5290.0,0.25,0.02,-0.94,-6.99,-97.82,-6.99,0.0,0.0,0.0,0.0,3.73,-0.02,-154.46,0.0,0.0,0.0,0.0,0.0,1.0,-0.14,1.0,4.14,1.0,4.74,1.0,0.14,1.0,-0.18,1.0,0.0,1.0,-3.79,1.0,-36.95,1.0,64.56,1.0,-26.66,1.0,3.72,0.0,0.0,0.0,0.0,0.0,0.0,0.0,0.0,1.0,-0.14,1.0,-4.58,1.0,4.74,1.0,0.0,1.0,-0.08,1.0,-0.3,1.0,3.11,1.0,-27.26,1.0,66.21,1.0,-38.15,1.0,-0.98,0.0,0.0,0.0,0.0,0.0,0.0,0.0,0.0,0.0,0.0,0.0,0.0,0.0,256.0,0.0,0.0,1536.0,17912.0
90.0,5290.0,0.25,0.02,-0.94,-6.99,-97.82,-6.99,0.0,0.0,0.0,0.0,3.73,-0.02,-154.46,0.0,0.0,0.0,0.0,0.0,1.0,-0.14,1.0,4.14,1.0,4.74,1.0,0.14,1.0,-0.18,1.0,0.0,1.0,-3.79,1.0,-36.95,1.0,64.56,1.0,-26.66,1.0,3.72,0.0,0.0,0.0,0.0,0.0,0.0,0.0,0.0,1.0,-0.14,1.0,-4.58,1.0,4.74,1.0,0.0,1.0,-0.08,1.0,-0.3,1.0,3.11,1.0,-27.26,1.0,66.21,1.0,-38.15,1.0,-0.98,0.0,0.0,0.0,0.0,0.0,0.0,0.0,0.0,0.0,0.0,0.0,0.0,0.0,256.0,0.0,0.0,1536.0,17912.0
90.0,5292.0,0.24,0.0,-0.96,-17.47,-87.34,17.47,0.0,0.0,0.0,0.0,3.52,-0.82,-154.38,0.0,0.0,0.0,0.0,0.0,1.0,-0.14,1.0,3.8,1.0,4.74,1.0,0.14,1.0,0.16,1.0,0.0,1.0,-4.13,1.0,-36.31,1.0,65.24,1.0,-28.01,1.0,5.0,0.0,0.0,0.0,0.0,0.0,0.0,0.0,0.0,1.0,0.14,1.0,-3.63,1.0,4.74,1.0,0.0,1.0,-0.08,1.0,-0.3,1.0,4.09,1.0,-30.5,1.0,71.24,1.0,-40.75,1.0,-3.0,0.0,0.0,0.0,0.0,0.0,0.0,0.0,0.0,0.0,0.0,0.0,0.0,0.0,0.0,0.0,0.0,1536.0,15789.0
90.0,5293.0,0.19,0.04,-1.04,20.96,-80.35,13.97,0.0,0.0,0.0,0.0,3.59,-1.09,-154.35,0.0,0.0,0.0,0.0,0.0,1.0,-0.14,1.0,3.12,1.0,4.74,1.0,-0.17,1.0,0.16,1.0,0.0,1.0,-4.13,1.0,-36.31,1.0,65.24,1.0,-28.34,1.0,4.7,0.0,0.0,0.0,0.0,0.0,0.0,0.0,0.0,1.0,0.14,1.0,-3.33,1.0,4.74,1.0,0.0,1.0,0.23,1.0,-0.3,1.0,4.43,1.0,-32.46,1.0,74.92,1.0,-42.1,1.0,-3.68,0.0,0.0,0.0,0.0,0.0,0.0,0.0,0.0,0.0,0.0,0.0,0.0,0.0,0.0,0.0,0.0,1536.0,11720.0
90.0,5293.0,0.19,0.04,-1.04,20.96,-80.35,13.97,0.0,0.0,0.0,0.0,3.59,-1.09,-154.35,0.0,0.0,0.0,0.0,0.0,1.0,-0.14,1.0,3.12,1.0,4.74,1.0,-0.17,1.0,0.16,1.0,0.0,1.0,-4.13,1.0,-36.31,1.0,65.24,1.0,-28.34,1.0,4.7,0.0,0.0,0.0,0.0,0.0,0.0,0.0,0.0,1.0,0.14,1.0,-3.33,1.0,4.74,1.0,0.0,1.0,0.23,1.0,-0.3,1.0,4.43,1.0,-32.46,1.0,74.92,1.0,-42.1,1.0,-3.68,0.0,0.0,0.0,0.0,0.0,0.0,0.0,0.0,0.0,0.0,0.0,0.0,0.0,0.0,0.0,0.0,1536.0,11720.0
90.0,5295.0,0.18,0.16,-1.04,17.47,-62.89,-17.47,0.0,0.0,0.0,0.0,3.43,-1.68,-154.48,0.0,0.0,0.0,0.0,0.0,1.0,-0.14,1.0,1.81,1.0,5.04,1.0,0.14,1.0,0.16,1.0,0.0,1.0,-4.46,1.0,-35.67,1.0,65.24,1.0,-30.03,1.0,4.7,0.0,0.0,0.0,0.0,0.0,0.0,0.0,0.0,1.0,0.14,1.0,-1.71,1.0,5.07,1.0,0.3,1.0,-0.38,1.0,-0.3,1.0,4.73,1.0,-38.02,1.0,83.66,1.0,-45.44,1.0,-5.37,0.0,0.0,0.0,0.0,0.0,0.0,0.0,0.0,0.0,0.0,0.0,0.0,0.0,1024.0,0.0,0.0,1536.0,12717.0
90.0,5296.0,0.19,0.2,-0.99,20.96,-52.4,-6.99,0.0,0.0,0.0,0.0,3.42,-1.93,-154.53,0.0,0.0,0.0,0.0,0.0,1.0,-0.14,1.0,1.17,1.0,5.04,1.0,-0.17,1.0,0.16,1.0,0.0,1.0,-4.8,1.0,-34.99,1.0,65.24,1.0,-31.04,1.0,5.3,0.0,0.0,0.0,0.0,0.0,0.0,0.0,0.0,1.0,0.14,1.0,-1.07,1.0,4.74,1.0,0.3,1.0,0.83,1.0,-0.3,1.0,4.43,1.0,-40.62,1.0,89.03,1.0,-47.12,1.0,-5.37,0.0,0.0,0.0,0.0,0.0,0.0,0.0,0.0,0.0,0.0,0.0,0.0,0.0,0.0,0.0,0.0,1536.0,11186.0
90.0,5298.0,0.19,0.23,-1.02,3.49,-10.48,10.48,0.0,0.0,0.0,0.0,3.27,-2.0,-154.64,0.0,0.0,0.0,0.0,0.0,1.0,-0.14,1.0,0.15,1.0,5.35,1.0,-0.17,1.0,0.16,1.0,0.0,1.0,-4.8,1.0,-33.03,1.0,65.24,1.0,-32.39,1.0,4.7,0.0,0.0,0.0,0.0,0.0,0.0,0.0,0.0,1.0,0.14,1.0,0.22,1.0,4.74,1.0,0.3,1.0,-0.08,1.0,-0.3,1.0,4.73,1.0,-45.18,1.0,93.04,1.0,-47.46,1.0,-5.03,0.0,0.0,0.0,0.0,0.0,0.0,0.0,0.0,0.0,0.0,0.0,0.0,0.0,0.0,0.0,0.0,1536.0,7082.0
90.0,5299.0,0.21,0.25,-1.0,-13.97,17.47,0.0,0.0,0.0,0.0,0.0,3.1,-1.97,-154.62,0.0,0.0,0.0,0.0,0.0,1.0,-0.14,1.0,-0.49,1.0,5.35,1.0,0.14,1.0,0.16,1.0,0.0,1.0,-4.8,1.0,-32.05,1.0,65.24,1.0,-33.41,1.0,4.7,0.0,0.0,0.0,0.0,0.0,0.0,0.0,0.0,1.0,-0.14,1.0,0.86,1.0,4.74,1.0,0.0,1.0,0.23,1.0,-0.3,1.0,4.43,1.0,-46.5,1.0,94.39,1.0,-46.45,1.0,-4.02,0.0,0.0,0.0,0.0,0.0,0.0,0.0,0.0,0.0,0.0,0.0,0.0,0.0,0.0,0.0,0.0,9728.0,-1281.0
90.0,5300.0,0.21,0.21,-0.98,-10.48,27.95,-20.96,0.0,0.0,0.0,0.0,2.95,-1.82,-154.71,0.0,0.0,0.0,0.0,0.0,1.0,-0.14,1.0,-1.16,1.0,5.04,1.0,0.14,1.0,0.16,1.0,0.0,1.0,-4.46,1.0,-30.77,1.0,65.54,1.0,-34.42,1.0,4.7,0.0,0.0,0.0,0.0,0.0,0.0,0.0,0.0,1.0,-0.14,1.0,1.5,1.0,5.07,1.0,0.0,1.0,-0.08,1.0,-0.3,1.0,4.09,1.0,-47.14,1.0,94.05,1.0,-44.76,1.0,-4.02,0.0,0.0,0.0,0.0,0.0,0.0,0.0,0.0,0.0,0.0,0.0,0.0,0.0,1024.0,0.0,0.0,1536.0,6500.0
90.0,5300.0,0.21,0.21,-0.98,-10.48,27.95,-20.96,0.0,0.0,0.0,0.0,2.95,-1.82,-154.71,0.0,0.0,0.0,0.0,0.0,1.0,-0.14,1.0,-1.16,1.0,5.04,1.0,0.14,1.0,0.16,1.0,0.0,1.0,-4.46,1.0,-30.77,1.0,65.54,1.0,-34.42,1.0,4.7,0.0,0.0,0.0,0.0,0.0,0.0,0.0,0.0,1.0,-0.14,1.0,1.5,1.0,5.07,1.0,0.0,1.0,-0.08,1.0,-0.3,1.0,4.09,1.0,-47.14,1.0,94.05,1.0,-44.76,1.0,-4.02,0.0,0.0,0.0,0.0,0.0,0.0,0.0,0.0,0.0,0.0,0.0,0.0,0.0,1024.0,0.0,0.0,1536.0,6500.0
90.0,5301.0,0.21,0.19,-0.97,-17.47,41.92,6.99,0.0,0.0,0.0,0.0,2.85,-1.62,-154.71,0.0,0.0,0.0,0.0,0.0,1.0,-0.14,1.0,-1.84,1.0,5.04,1.0,0.14,1.0,0.16,1.0,0.0,1.0,-4.46,1.0,-29.79,1.0,65.5,1.0,-35.09,1.0,4.7,0.0,0.0,0.0,0.0,0.0,0.0,0.0,0.0,1.0,-0.14,1.0,1.8,1.0,4.74,1.0,0.0,1.0,0.23,1.0,0.0,1.0,4.09,1.0,-47.14,1.0,91.05,1.0,-42.1,1.0,-3.68,0.0,0.0,0.0,0.0,0.0,0.0,0.0,0.0,0.0,0.0,0.0,0.0,0.0,0.0,0.0,0.0,1536.0,4004.0
90.0,5303.0,0.16,0.18,-1.0,0.0,34.94,6.99,0.0,0.0,0.0,0.0,2.69,-1.38,-154.6,0.0,0.0,0.0,0.0,0.0,1.0,-0.14,1.0,-3.15,1.0,5.04,1.0,0.14,1.0,0.16,1.0,0.0,1.0,-4.46,1.0,-27.84,1.0,65.54,1.0,-36.48,1.0,5.0,0.0,0.0,0.0,0.0,0.0,0.0,0.0,0.0,1.0,-0.47,1.0,2.78,1.0,4.74,1.0,0.3,1.0,-0.08,1.0,-0.3,1.0,3.45,1.0,-45.85,1.0,85.99,1.0,-38.79,1.0,-3.0,0.0,0.0,0.0,0.0,0.0,0.0,0.0,0.0,0.0,0.0,0.0,0.0,0.0,0.0,0.0,0.0,1536.0,2992.0
90.0,5304.0,0.14,0.2,-1.01,-3.49,27.95,-17.47,0.0,0.0,0.0,0.0,2.59,-1.31,-154.65,0.0,0.0,0.0,0.0,0.0,1.0,-0.14,1.0,-3.49,1.0,5.04,1.0,0.14,1.0,-0.18,1.0,0.0,1.0,-4.13,1.0,-27.16,1.0,65.24,1.0,-36.81,1.0,4.7,0.0,0.0,0.0,0.0,0.0,0.0,0.0,0.0,1.0,-0.47,1.0,3.08,1.0,4.74,1.0,0.0,1.0,0.53,1.0,-0.3,1.0,3.11,1.0,-44.2,1.0,81.97,1.0,-36.22,1.0,-2.33,0.0,0.0,0.0,0.0,0.0,0.0,0.0,0.0,0.0,0.0,0.0,0.0,0.0,0.0,0.0,0.0,1536.0,6440.0
90.0,5305.0,0.13,0.23,-1.03,-27.95,17.47,-41.92,0.0,0.0,0.0,0.0,2.37,-1.27,-154.79,0.0,0.0,0.0,0.0,0.0,1.0,-0.14,1.0,-2.82,1.0,5.04,1.0,0.14,1.0,-0.18,1.0,0.0,1.0,-3.79,1.0,-26.86,1.0,65.54,1.0,-37.15,1.0,4.7,0.0,0.0,0.0,0.0,0.0,0.0,0.0,0.0,1.0,-0.47,1.0,3.08,1.0,4.74,1.0,0.0,1.0,-0.08,1.0,-0.3,1.0,2.81,1.0,-43.22,1.0,78.63,1.0,-34.91,1.0,-2.33,0.0,0.0,0.0,0.0,0.0,0.0,0.0,0.0,0.0,0.0,0.0,0.0,0.0,0.0,0.0,0.0,1536.0,12479.0
90.0,5305.0,0.13,0.23,-1.03,-27.95,17.47,-41.92,0.0,0.0,0.0,0.0,2.37,-1.27,-154.79,0.0,0.0,0.0,0.0,0.0,1.0,-0.14,1.0,-2.82,1.0,5.04,1.0,0.14,1.0,-0.18,1.0,0.0,1.0,-3.79,1.0,-26.86,1.0,65.54,1.0,-37.15,1.0,4.7,0.0,0.0,0.0,0.0,0.0,0.0,0.0,0.0,1.0,-0.47,1.0,3.08,1.0,4.74,1.0,0.0,1.0,-0.08,1.0,-0.3,1.0,2.81,1.0,-43.22,1.0,78.63,1.0,-34.91,1.0,-2.33,0.0,0.0,0.0,0.0,0.0,0.0,0.0,0.0,0.0,0.0,0.0,0.0,0.0,0.0,0.0,0.0,1536.0,12479.0
90.0,5307.0,-0.02,0.14,-1.11,-6.99,-80.35,10.48,0.0,0.0,0.0,0.0,2.15,-1.77,-154.9,0.0,0.0,0.0,0.0,0.0,1.0,-0.14,1.0,-3.49,1.0,4.74,1.0,0.14,1.0,-0.18,1.0,0.0,1.0,-3.15,1.0,-27.16,1.0,65.24,1.0,-37.49,1.0,3.72,0.0,0.0,0.0,0.0,0.0,0.0,0.0,0.0,1.0,-0.14,1.0,3.08,1.0,5.07,1.0,0.0,1.0,-0.38,1.0,-0.3,1.0,2.81,1.0,-41.6,1.0,73.57,1.0,-32.65,1.0,-1.65,0.0,0.0,0.0,0.0,0.0,0.0,0.0,0.0,0.0,0.0,0.0,0.0,0.0,1024.0,0.0,0.0,1536.0,14253.0
90.0,5308.0,0.04,0.15,-1.09,3.49,-104.81,6.99,0.0,0.0,0.0,0.0,2.14,-2.38,-154.88,0.0,0.0,0.0,0.0,0.0,1.0,-0.14,1.0,-3.49,1.0,4.74,1.0,0.14,1.0,0.16,1.0,0.0,1.0,-2.47,1.0,-26.52,1.0,65.24,1.0,-37.83,1.0,3.41,0.0,0.0,0.0,0.0,0.0,0.0,0.0,0.0,1.0,-0.14,1.0,3.42,1.0,5.07,1.0,0.3,1.0,-0.38,1.0,-0.3,1.0,2.14,1.0,-39.98,1.0,69.21,1.0,-29.44,1.0,-0.64,0.0,0.0,0.0,0.0,0.0,0.0,0.0,0.0,0.0,0.0,0.0,0.0,0.0,0.0,0.0,0.0,1536.0,16828.0
90.0,5310.0,0.07,0.19,-1.16,-31.44,10.48,-111.8,0.0,0.0,0.0,0.0,1.81,-2.36,-155.41,0.0,0.0,0.0,0.0,0.0,1.0,-0.14,1.0,-4.47,1.0,4.74,1.0,-0.17,1.0,0.16,1.0,0.0,1.0,-1.53,1.0,-25.88,1.0,64.26,1.0,-37.83,1.0,1.79,0.0,0.0,0.0,0.0,0.0,0.0,0.0,0.0,1.0,-0.14,1.0,4.37,1.0,4.74,1.0,0.3,1.0,-0.08,1.0,-0.3,1.0,0.89,1.0,-37.69,1.0,65.2,1.0,-27.48,1.0,0.95,0.0,0.0,0.0,0.0,0.0,0.0,0.0,0.0,0.0,0.0,0.0,0.0,0.0,0.0,0.0,0.0,1536.0,20834.0
90.0,5310.0,0.07,0.19,-1.16,-31.44,10.48,-111.8,0.0,0.0,0.0,0.0,1.81,-2.36,-155.41,0.0,0.0,0.0,0.0,0.0,1.0,-0.14,1.0,-4.47,1.0,4.74,1.0,-0.17,1.0,0.16,1.0,0.0,1.0,-1.53,1.0,-25.88,1.0,64.26,1.0,-37.83,1.0,1.79,0.0,0.0,0.0,0.0,0.0,0.0,0.0,0.0,1.0,-0.14,1.0,4.37,1.0,4.74,1.0,0.3,1.0,-0.08,1.0,-0.3,1.0,0.89,1.0,-37.69,1.0,65.2,1.0,-27.48,1.0,0.95,0.0,0.0,0.0,0.0,0.0,0.0,0.0,0.0,0.0,0.0,0.0,0.0,0.0,0.0,0.0,0.0,1536.0,20834.0
90.0,5312.0,-0.02,0.02,-1.31,-97.82,-73.37,-59.39,0.0,0.0,0.0,0.0,1.2,-3.05,-156.24,0.0,0.0,0.0,0.0,0.0,1.0,-0.14,1.0,-5.15,1.0,4.44,1.0,-0.17,1.0,-0.18,1.0,0.0,1.0,-0.25,1.0,-24.9,1.0,63.28,1.0,-37.83,1.0,-0.16,0.0,0.0,0.0,0.0,0.0,0.0,0.0,0.0,1.0,0.14,1.0,5.01,1.0,4.74,1.0,0.0,1.0,-0.08,1.0,-0.3,1.0,-0.77,1.0,-36.37,1.0,62.5,1.0,-26.5,1.0,2.26,0.0,0.0,0.0,0.0,0.0,0.0,0.0,0.0,0.0,0.0,0.0,0.0,0.0,0.0,0.0,0.0,1536.0,31080.0
90.0,5314.0,0.09,-0.01,-0.77,-122.28,-34.94,-66.38,0.0,0.0,0.0,0.0,0.41,-3.51,-156.6,0.0,0.0,0.0,0.0,0.0,1.0,-0.14,1.0,-5.15,1.0,4.74,1.0,0.14,1.0,-0.18,1.0,0.0,1.0,1.07,1.0,-24.9,1.0,62.97,1.0,-38.16,1.0,-1.45,0.0,0.0,0.0,0.0,0.0,0.0,0.0,0.0,1.0,0.14,1.0,5.01,1.0,5.38,1.0,0.0,1.0,0.83,1.0,-0.3,1.0,-2.05,1.0,-37.35,1.0,62.5,1.0,-26.2,1.0,2.9,0.0,0.0,0.0,0.0,0.0,0.0,0.0,0.0,0.0,0.0,0.0,0.0,0.0,1024.0,0.0,0.0,1536.0,29432.0
90.0,5314.0,0.09,-0.01,-0.77,-122.28,-34.94,-66.38,0.0,0.0,0.0,0.0,0.41,-3.51,-156.6,0.0,0.0,0.0,0.0,0.0,1.0,-0.14,1.0,-5.15,1.0,4.74,1.0,0.14,1.0,-0.18,1.0,0.0,1.0,1.07,1.0,-24.9,1.0,62.97,1.0,-38.16,1.0,-1.45,0.0,0.0,0.0,0.0,0.0,0.0,0.0,0.0,1.0,0.14,1.0,5.01,1.0,5.38,1.0,0.0,1.0,0.83,1.0,-0.3,1.0,-2.05,1.0,-37.35,1.0,62.5,1.0,-26.2,1.0,2.9,0.0,0.0,0.0,0.0,0.0,0.0,0.0,0.0,0.0,0.0,0.0,0.0,0.0,1024.0,0.0,0.0,1536.0,29432.0
90.0,5316.0,-0.01,-0.1,-0.86,-94.33,-90.83,-17.47,0.0,0.0,0.0,0.0,-0.28,-4.13,-156.85,0.0,0.0,0.0,0.0,0.0,1.0,-0.14,1.0,-5.15,1.0,4.74,1.0,0.14,1.0,-0.18,1.0,-0.3,1.0,2.69,1.0,-25.2,1.0,62.97,1.0,-38.16,1.0,-1.45,0.0,0.0,0.0,0.0,0.0,0.0,0.0,0.0,1.0,0.14,1.0,4.7,1.0,5.07,1.0,0.0,1.0,-0.38,1.0,-0.3,1.0,-2.69,1.0,-37.69,1.0,63.85,1.0,-26.2,1.0,2.9,0.0,0.0,0.0,0.0,0.0,0.0,0.0,0.0,0.0,0.0,0.0,0.0,0.0,256.0,0.0,0.0,1536.0,28329.0
90.0,5317.0,0.03,-0.09,-0.96,-59.39,-45.42,0.0,0.0,0.0,0.0,0.0,-0.43,-4.44,-156.83,0.0,0.0,0.0,0.0,0.0,1.0,-0.14,1.0,-4.47,1.0,4.74,1.0,-0.17,1.0,-0.18,1.0,-0.3,1.0,2.69,1.0,-25.2,1.0,63.28,1.0,-38.16,1.0,-1.75,0.0,0.0,0.0,0.0,0.0,0.0,0.0,0.0,1.0,0.14,1.0,4.37,1.0,5.07,1.0,0.0,1.0,-0.38,1.0,-0.3,1.0,-3.03,1.0,-37.69,1.0,64.19,1.0,-26.2,1.0,3.24,0.0,0.0,0.0,0.0,0.0,0.0,0.0,0.0,0.0,0.0,0.0,0.0,0.0,0.0,0.0,0.0,1536.0,18812.0
90.0,5318.0,0.08,-0.07,-1.0,-27.95,31.44,-24.46,0.0,0.0,0.0,0.0,-0.53,-4.35,-156.89,0.0,0.0,0.0,0.0,0.0,1.0,-0.14,1.0,-4.81,1.0,4.74,1.0,0.14,1.0,-0.18,1.0,-0.3,1.0,2.69,1.0,-25.54,1.0,63.62,1.0,-38.16,1.0,-1.75,0.0,0.0,0.0,0.0,0.0,0.0,0.0,0.0,1.0,0.14,1.0,4.7,1.0,5.07,1.0,0.0,1.0,0.23,1.0,-0.3,1.0,-3.37,1.0,-37.69,1.0,64.19,1.0,-26.5,1.0,3.54,0.0,0.0,0.0,0.0,0.0,0.0,0.0,0.0,0.0,0.0,0.0,0.0,0.0,0.0,0.0,0.0,1536.0,10374.0
90.0,5319.0,0.07,-0.04,-0.96,0.0,31.44,-48.91,0.0,0.0,0.0,0.0,-0.51,-4.2,-157.07,0.0,0.0,0.0,0.0,0.0,1.0,-0.14,1.0,-4.47,1.0,3.79,1.0,0.14,1.0,-0.18,1.0,-0.3,1.0,3.03,1.0,-26.18,1.0,64.56,1.0,-38.16,1.0,-2.09,0.0,0.0,0.0,0.0,0.0,0.0,0.0,0.0,1.0,-0.14,1.0,4.37,1.0,5.07,1.0,0.64,1.0,-0.08,1.0,-0.3,1.0,-3.37,1.0,-37.35,1.0,64.19,1.0,-26.84,1.0,3.88,0.0,0.0,0.0,0.0,0.0,0.0,0.0,0.0,0.0,0.0,0.0,0.0,0.0,1024.0,0.0,0.0,1536.0,9019.0
90.0,5321.0,-0.01,-0.05,-0.87,-31.44,-45.42,13.97,0.0,0.0,0.0,0.0,-0.54,-4.4,-157.22,0.0,0.0,0.0,0.0,0.0,1.0,-0.14,1.0,-3.49,1.0,4.1,1.0,0.14,1.0,-0.18,1.0,-0.3,1.0,3.67,1.0,-30.77,1.0,71.38,1.0,-40.86,1.0,-3.37,0.0,0.0,0.0,0.0,0.0,0.0,0.0,0.0,1.0,-0.14,1.0,3.08,1.0,5.07,1.0,0.0,1.0,-0.08,1.0,-0.3,1.0,-3.67,1.0,-37.04,1.0,64.19,1.0,-28.76,1.0,4.86,0.0,0.0,0.0,0.0,0.0,0.0,0.0,0.0,0.0,0.0,0.0,0.0,0.0,256.0,0.0,0.0,1536.0,14633.0
90.0,5322.0,-0.01,-0.04,-0.87,-17.47,-45.42,17.47,0.0,0.0,0.0,0.0,-0.48,-4.67,-157.18,0.0,0.0,0.0,0.0,0.0,1.0,-0.14,1.0,-2.48,1.0,4.74,1.0,0.14,1.0,-0.18,1.0,-0.3,1.0,3.97,1.0,-33.37,1.0,74.58,1.0,-42.21,1.0,-3.71,0.0,0.0,0.0,0.0,0.0,0.0,0.0,0.0,1.0,-0.47,1.0,2.14,1.0,5.07,1.0,0.0,1.0,-0.38,1.0,-0.3,1.0,-4.01,1.0,-37.04,1.0,64.52,1.0,-29.44,1.0,4.86,0.0,0.0,0.0,0.0,0.0,0.0,0.0,0.0,0.0,0.0,0.0,0.0,0.0,0.0,0.0,0.0,1536.0,13297.0
90.0,5323.0,0.0,0.01,-0.96,-38.43,-34.94,-13.97,0.0,0.0,0.0,0.0,-0.63,-4.87,-157.19,0.0,0.0,0.0,0.0,0.0,1.0,-0.14,1.0,-2.48,1.0,4.74,1.0,0.14,1.0,-0.18,1.0,-0.3,1.0,3.97,1.0,-35.97,1.0,79.11,1.0,-44.24,1.0,-4.35,0.0,0.0,0.0,0.0,0.0,0.0,0.0,0.0,1.0,-0.14,1.0,1.8,1.0,4.74,1.0,0.0,1.0,-0.08,1.0,-0.3,1.0,-4.34,1.0,-37.04,1.0,64.86,1.0,-30.38,1.0,5.16,0.0,0.0,0.0,0.0,0.0,0.0,0.0,0.0,0.0,0.0,0.0,0.0,0.0,0.0,0.0,0.0,1536.0,17668.0
90.0,5324.0,0.07,0.0,-1.01,-59.39,20.96,-62.89,0.0,0.0,0.0,0.0,-0.89,-4.86,-157.38,0.0,0.0,0.0,0.0,0.0,1.0,-0.14,1.0,-1.84,1.0,4.1,1.0,-0.17,1.0,-0.18,1.0,-0.3,1.0,4.31,1.0,-38.6,1.0,82.99,1.0,-45.59,1.0,-4.65,0.0,0.0,0.0,0.0,0.0,0.0,0.0,0.0,1.0,-0.14,1.0,1.8,1.0,4.74,1.0,0.0,1.0,-0.08,1.0,-0.3,1.0,-4.34,1.0,-36.71,1.0,65.2,1.0,-30.72,1.0,4.86,0.0,0.0,0.0,0.0,0.0,0.0,0.0,0.0,0.0,0.0,0.0,0.0,0.0,0.0,0.0,0.0,1536.0,19142.0
90.0,5325.0,0.1,-0.03,-1.02,-59.39,69.87,-31.44,0.0,0.0,0.0,0.0,-1.04,-4.6,-157.52,0.0,0.0,0.0,0.0,0.0,1.0,-0.14,1.0,-1.16,1.0,4.74,1.0,0.14,1.0,-0.18,1.0,-0.3,1.0,4.31,1.0,-41.2,1.0,87.21,1.0,-47.21,1.0,-4.62,0.0,0.0,0.0,0.0,0.0,0.0,0.0,0.0,1.0,0.14,1.0,1.8,1.0,5.07,1.0,0.0,1.0,-0.08,1.0,-0.3,1.0,-4.65,1.0,-35.73,1.0,65.2,1.0,-31.36,1.0,5.16,0.0,0.0,0.0,0.0,0.0,0.0,0.0,0.0,0.0,0.0,0.0,0.0,0.0,0.0,0.0,0.0,1536.0,10849.0
90.0,5326.0,0.15,-0.04,-1.04,-59.39,101.32,-10.48,0.0,0.0,0.0,0.0,-1.2,-4.17,-157.55,0.0,0.0,0.0,0.0,0.0,1.0,-0.14,1.0,-0.83,1.0,4.74,1.0,0.14,1.0,0.16,1.0,-0.3,1.0,4.31,1.0,-43.5,1.0,90.11,1.0,-47.85,1.0,-4.65,0.0,0.0,0.0,0.0,0.0,0.0,0.0,0.0,1.0,0.14,1.0,1.5,1.0,5.07,1.0,0.3,1.0,0.53,1.0,-0.3,1.0,-4.65,1.0,-35.09,1.0,65.2,1.0,-31.36,1.0,5.16,0.0,0.0,0.0,0.0,0.0,0.0,0.0,0.0,0.0,0.0,0.0,0.0,0.0,1024.0,0.0,0.0,1536.0,4372.0
90.0,5327.0,0.16,-0.05,-1.05,-45.42,136.25,6.99,0.0,0.0,0.0,0.0,-1.32,-3.62,-157.53,0.0,0.0,0.0,0.0,0.0,1.0,-0.14,1.0,-0.18,1.0,3.79,1.0,-0.17,1.0,0.16,1.0,-0.3,1.0,4.31,1.0,-45.12,1.0,90.08,1.0,-47.85,1.0,-4.65,0.0,0.0,0.0,0.0,0.0,0.0,0.0,0.0,1.0,0.14,1.0,0.52,1.0,5.07,1.0,0.3,1.0,-0.08,1.0,-0.3,1.0,-4.65,1.0,-34.11,1.0,65.2,1.0,-32.34,1.0,4.52,0.0,0.0,0.0,0.0,0.0,0.0,0.0,0.0,0.0,0.0,0.0,0.0,0.0,0.0,0.0,0.0,1536.0,-837.0
90.0,5328.0,0.16,-0.07,-1.05,-20.96,157.21,41.92,0.0,0.0,0.0,0.0,-1.31,-2.98,-157.4,0.0,0.0,0.0,0.0,0.0,1.0,-0.14,1.0,1.17,1.0,4.74,1.0,0.14,1.0,0.16,1.0,-0.3,1.0,4.31,1.0,-46.43,1.0,93.99,1.0,-47.51,1.0,-4.65,0.0,0.0,0.0,0.0,0.0,0.0,0.0,0.0,1.0,0.14,1.0,-0.43,1.0,5.07,1.0,0.0,1.0,-0.08,1.0,-0.3,1.0,-4.65,1.0,-32.79,1.0,65.2,1.0,-32.65,1.0,4.86,0.0,0.0,0.0,0.0,0.0,0.0,0.0,0.0,0.0,0.0,0.0,0.0,0.0,256.0,0.0,0.0,1536.0,-9770.0
90.0,5329.0,0.16,-0.03,-1.03,-10.48,174.68,45.42,0.0,0.0,0.0,0.0,-1.29,-2.28,-157.22,0.0,0.0,0.0,0.0,0.0,1.0,-0.14,1.0,0.83,1.0,4.74,1.0,0.14,1.0,0.16,1.0,-0.3,1.0,4.65,1.0,-47.41,1.0,93.99,1.0,-46.6,1.0,-4.65,0.0,0.0,0.0,0.0,0.0,0.0,0.0,0.0,1.0,0.14,1.0,-1.07,1.0,5.07,1.0,0.0,1.0,-0.08,1.0,-0.3,1.0,-4.65,1.0,-31.48,1.0,65.2,1.0,-32.98,1.0,4.86,0.0,0.0,0.0,0.0,0.0,0.0,0.0,0.0,0.0,0.0,0.0,0.0,0.0,0.0,0.0,0.0,1536.0,-12783.0
90.0,5330.0,0.18,0.0,-1.01,-31.44,174.68,45.42,0.0,0.0,0.0,0.0,-1.38,-1.55,-157.03,0.0,0.0,0.0,0.0,0.0,1.0,-0.14,1.0,1.17,1.0,4.74,1.0,0.14,1.0,0.16,1.0,-0.3,1.0,4.31,1.0,-47.41,1.0,92.37,1.0,-44.58,1.0,-4.99,0.0,0.0,0.0,0.0,0.0,0.0,0.0,0.0,1.0,0.14,1.0,-1.71,1.0,4.74,1.0,0.3,1.0,-0.08,1.0,-0.3,1.0,-4.65,1.0,-30.19,1.0,65.2,1.0,-33.96,1.0,4.52,0.0,0.0,0.0,0.0,0.0,0.0,0.0,0.0,0.0,0.0,0.0,0.0,0.0,0.0,0.0,0.0,1536.0,-10714.0
90.0,5332.0,0.26,0.04,-0.98,-13.97,202.63,45.42,0.0,0.0,0.0,0.0,-1.43,0.12,-156.6,0.0,0.0,0.0,0.0,0.0,1.0,-0.14,1.0,2.48,1.0,4.74,1.0,0.14,1.0,0.16,1.0,0.0,1.0,3.67,1.0,-45.76,1.0,86.87,1.0,-40.19,1.0,-4.62,0.0,0.0,0.0,0.0,0.0,0.0,0.0,0.0,1.0,0.14,1.0,-2.69,1.0,4.74,1.0,0.0,1.0,0.23,1.0,-0.3,1.0,-4.34,1.0,-27.56,1.0,65.2,1.0,-35.24,1.0,4.22,0.0,0.0,0.0,0.0,0.0,0.0,0.0,0.0,0.0,0.0,0.0,0.0,0.0,0.0,0.0,0.0,9728.0,-23897.0
90.0,5332.0,0.26,0.04,-0.98,-13.97,202.63,45.42,0.0,0.0,0.0,0.0,-1.43,0.12,-156.6,0.0,0.0,0.0,0.0,0.0,1.0,-0.14,1.0,2.48,1.0,4.74,1.0,0.14,1.0,0.16,1.0,0.0,1.0,3.67,1.0,-45.76,1.0,86.87,1.0,-40.19,1.0,-4.62,0.0,0.0,0.0,0.0,0.0,0.0,0.0,0.0,1.0,0.14,1.0,-2.69,1.0,4.74,1.0,0.0,1.0,0.23,1.0,-0.3,1.0,-4.34,1.0,-27.56,1.0,65.2,1.0,-35.24,1.0,4.22,0.0,0.0,0.0,0.0,0.0,0.0,0.0,0.0,0.0,0.0,0.0,0.0,0.0,0.0,0.0,0.0,9728.0,-23897.0
90.0,5334.0,0.18,0.04,-1.05,-20.96,136.25,27.95,0.0,0.0,0.0,0.0,-1.46,1.41,-156.32,0.0,0.0,0.0,0.0,0.0,1.0,-0.14,1.0,3.12,1.0,4.74,1.0,-0.51,1.0,-0.18,1.0,-0.3,1.0,2.35,1.0,-43.16,1.0,82.95,1.0,-32.73,1.0,-1.45,0.0,0.0,0.0,0.0,0.0,0.0,0.0,0.0,1.0,0.14,1.0,-3.97,1.0,5.07,1.0,0.0,1.0,-0.08,1.0,-0.3,1.0,-4.01,1.0,-26.28,1.0,65.54,1.0,-36.22,1.0,3.54,0.0,0.0,0.0,0.0,0.0,0.0,0.0,0.0,0.0,0.0,0.0,0.0,0.0,0.0,0.0,0.0,1536.0,-7399.0
90.0,5335.0,0.15,0.04,-1.09,-20.96,83.85,20.96,0.0,0.0,0.0,0.0,-1.5,1.74,-156.22,0.0,0.0,0.0,0.0,0.0,1.0,-0.14,1.0,3.46,1.0,3.79,1.0,-0.17,1.0,-0.18,1.0,-0.3,1.0,2.05,1.0,-41.2,1.0,74.28,1.0,-30.71,1.0,-0.47,0.0,0.0,0.0,0.0,0.0,0.0,0.0,0.0,1.0,0.14,1.0,-3.97,1.0,5.07,1.0,0.0,1.0,-0.08,1.0,-0.3,1.0,-4.01,1.0,-25.6,1.0,65.54,1.0,-36.53,1.0,3.24,0.0,0.0,0.0,0.0,0.0,0.0,0.0,0.0,0.0,0.0,0.0,0.0,0.0,256.0,0.0,0.0,1536.0,-1328.0
90.0,5336.0,0.25,-0.01,-1.1,-3.49,87.34,13.97,0.0,0.0,0.0,0.0,-1.44,2.02,-156.19,0.0,0.0,0.0,0.0,0.0,1.0,-0.14,1.0,4.14,1.0,4.74,1.0,0.14,1.0,0.16,1.0,-0.3,1.0,1.71,1.0,-39.58,1.0,71.38,1.0,-28.34,1.0,0.17,0.0,0.0,0.0,0.0,0.0,0.0,0.0,0.0,1.0,0.14,1.0,-3.63,1.0,5.07,1.0,0.0,1.0,-0.08,1.0,-0.3,1.0,-3.37,1.0,-25.3,1.0,65.54,1.0,-36.53,1.0,2.9,0.0,0.0,0.0,0.0,0.0,0.0,0.0,0.0,0.0,0.0,0.0,0.0,0.0,0.0,0.0,0.0,1536.0,-2972.0
90.0,5337.0,0.3,-0.02,-1.17,31.44,111.8,34.94,0.0,0.0,0.0,0.0,-1.25,2.61,-156.09,0.0,0.0,0.0,0.0,0.0,1.0,-0.14,1.0,4.14,1.0,4.74,1.0,0.14,1.0,0.16,1.0,-0.3,1.0,1.38,1.0,-38.6,1.0,67.8,1.0,-26.32,1.0,0.17,0.0,0.0,0.0,0.0,0.0,0.0,0.0,0.0,1.0,0.47,1.0,-3.97,1.0,5.07,1.0,0.0,1.0,-0.08,1.0,-0.3,1.0,-3.03,1.0,-24.96,1.0,65.54,1.0,-36.53,1.0,2.26,0.0,0.0,0.0,0.0,0.0,0.0,0.0,0.0,0.0,0.0,0.0,0.0,0.0,0.0,0.0,0.0,1536.0,-11006.0
90.0,5338.0,0.17,-0.02,-1.28,73.37,48.91,83.85,0.0,0.0,0.0,0.0,-0.83,2.77,-155.86,0.0,0.0,0.0,0.0,0.0,1.0,-0.14,1.0,3.8,1.0,4.74,1.0,0.14,1.0,0.16,1.0,-0.3,1.0,1.07,1.0,-37.62,1.0,65.88,1.0,-25.64,1.0,0.82,0.0,0.0,0.0,0.0,0.0,0.0,0.0,0.0,1.0,0.47,1.0,-4.58,1.0,4.74,1.0,0.0,1.0,-0.08,1.0,-0.3,1.0,-2.05,1.0,-25.3,1.0,65.54,1.0,-36.53,1.0,1.92,0.0,0.0,0.0,0.0,0.0,0.0,0.0,0.0,0.0,0.0,0.0,0.0,0.0,1024.0,0.0,0.0,1536.0,-14793.0
90.0,5339.0,0.11,0.13,-1.45,125.77,-17.47,101.32,0.0,0.0,0.0,0.0,-0.28,2.54,-155.6,0.0,0.0,0.0,0.0,0.0,1.0,-0.14,1.0,4.14,1.0,4.74,1.0,0.14,1.0,0.16,1.0,-0.3,1.0,0.43,1.0,-37.29,1.0,65.88,1.0,-24.97,1.0,0.82,0.0,0.0,0.0,0.0,0.0,0.0,0.0,0.0,1.0,0.14,1.0,-4.58,1.0,4.74,1.0,0.0,1.0,0.23,1.0,-0.3,1.0,-1.41,1.0,-25.3,1.0,65.2,1.0,-36.53,1.0,0.95,0.0,0.0,0.0,0.0,0.0,0.0,0.0,0.0,0.0,0.0,0.0,0.0,0.0,0.0,0.0,0.0,1536.0,-14170.0
90.0,5340.0,0.16,0.19,-1.31,125.77,-38.43,45.42,0.0,0.0,0.0,0.0,-0.02,2.3,-155.5,0.0,0.0,0.0,0.0,0.0,1.0,-0.14,1.0,4.47,1.0,4.74,1.0,-0.17,1.0,-0.18,1.0,-0.3,1.0,-0.25,1.0,-36.64,1.0,63.92,1.0,-24.97,1.0,0.82,0.0,0.0,0.0,0.0,0.0,0.0,0.0,0.0,1.0,-0.14,1.0,-4.58,1.0,4.74,1.0,0.0,1.0,-0.08,1.0,-0.3,1.0,-0.43,1.0,-25.3,1.0,65.2,1.0,-37.17,1.0,0.3,0.0,0.0,0.0,0.0,0.0,0.0,0.0,0.0,0.0,0.0,0.0,0.0,0.0,256.0,0.0,0.0,1536.0,-6457.0
90.0,5342.0,0.24,0.14,-0.84,94.33,-6.99,48.91,0.0,0.0,0.0,0.0,0.92,2.46,-155.34,0.0,0.0,0.0,0.0,0.0,1.0,-0.14,1.0,5.11,1.0,5.04,1.0,0.14,1.0,0.16,1.0,-0.3,1.0,-1.19,1.0,-36.64,1.0,63.62,1.0,-24.97,1.0,0.82,0.0,0.0,0.0,0.0,0.0,0.0,0.0,0.0,1.0,-0.14,1.0,-4.58,1.0,5.07,1.0,0.0,1.0,-0.08,1.0,-0.3,1.0,1.19,1.0,-25.3,1.0,64.86,1.0,-37.17,1.0,-0.98,0.0,0.0,0.0,0.0,0.0,0.0,0.0,0.0,0.0,0.0,0.0,0.0,0.0,0.0,0.0,0.0,1536.0,-6796.0
90.0,5343.0,0.19,0.13,-0.78,90.83,-38.43,69.87,0.0,0.0,0.0,0.0,1.36,2.31,-155.17,0.0,0.0,0.0,0.0,0.0,1.0,-0.14,1.0,5.79,1.0,4.74,1.0,-0.17,1.0,0.16,1.0,-0.3,1.0,-1.53,1.0,-36.64,1.0,63.62,1.0,-25.31,1.0,1.46,0.0,0.0,0.0,0.0,0.0,0.0,0.0,0.0,1.0,-0.14,1.0,-5.22,1.0,5.07,1.0,0.0,1.0,-0.08,1.0,-0.3,1.0,1.53,1.0,-25.3,1.0,64.86,1.0,-37.17,1.0,-0.64,0.0,0.0,0.0,0.0,0.0,0.0,0.0,0.0,0.0,0.0,0.0,0.0,0.0,0.0,0.0,0.0,1536.0,-5452.0
90.0,5344.0,0.26,0.12,-0.85,66.38,-24.46,45.42,0.0,0.0,0.0,0.0,1.65,2.27,-155.03,0.0,0.0,0.0,0.0,0.0,1.0,-0.14,1.0,5.11,1.0,4.74,1.0,0.14,1.0,0.16,1.0,-0.3,1.0,-2.14,1.0,-36.64,1.0,63.92,1.0,-25.31,1.0,1.46,0.0,0.0,0.0,0.0,0.0,0.0,0.0,0.0,1.0,-0.14,1.0,-4.91,1.0,4.74,1.0,0.0,1.0,-0.08,1.0,-0.3,1.0,2.14,1.0,-25.3,1.0,64.52,1.0,-37.17,1.0,-0.64,0.0,0.0,0.0,0.0,0.0,0.0,0.0,0.0,0.0,0.0,0.0,0.0,0.0,0.0,0.0,0.0,1536.0,-1955.0
90.0,5344.0,0.26,0.12,-0.85,66.38,-24.46,45.42,0.0,0.0,0.0,0.0,1.65,2.27,-155.03,0.0,0.0,0.0,0.0,0.0,1.0,-0.14,1.0,5.11,1.0,4.74,1.0,0.14,1.0,0.16,1.0,-0.3,1.0,-2.14,1.0,-36.64,1.0,63.92,1.0,-25.31,1.0,1.46,0.0,0.0,0.0,0.0,0.0,0.0,0.0,0.0,1.0,-0.14,1.0,-4.91,1.0,4.74,1.0,0.0,1.0,-0.08,1.0,-0.3,1.0,2.14,1.0,-25.3,1.0,64.52,1.0,-37.17,1.0,-0.64,0.0,0.0,0.0,0.0,0.0,0.0,0.0,0.0,0.0,0.0,0.0,0.0,0.0,0.0,0.0,0.0,1536.0,-1955.0
90.0,5346.0,0.31,0.14,-0.94,48.91,-24.46,-20.96,0.0,0.0,0.0,0.0,1.97,2.27,-155.15,0.0,0.0,0.0,0.0,0.0,1.0,-0.14,1.0,4.78,1.0,5.04,1.0,-0.51,1.0,0.16,1.0,-0.3,1.0,-3.15,1.0,-36.64,1.0,63.92,1.0,-25.98,1.0,3.41,0.0,0.0,0.0,0.0,0.0,0.0,0.0,0.0,1.0,-0.14,1.0,-4.58,1.0,4.4,1.0,0.3,1.0,-0.08,1.0,-0.3,1.0,2.81,1.0,-25.3,1.0,65.2,1.0,-36.86,1.0,-0.98,0.0,0.0,0.0,0.0,0.0,0.0,0.0,0.0,0.0,0.0,0.0,0.0,0.0,0.0,0.0,0.0,1536.0,6290.0
90.0,5348.0,0.28,0.02,-0.96,34.94,-34.94,-38.43,0.0,0.0,0.0,0.0,2.25,2.06,-155.53,0.0,0.0,0.0,0.0,0.0,1.0,-0.14,1.0,4.14,1.0,4.44,1.0,0.14,1.0,0.16,1.0,-0.3,1.0,-3.79,1.0,-36.31,1.0,64.56,1.0,-26.32,1.0,4.05,0.0,0.0,0.0,0.0,0.0,0.0,0.0,0.0,1.0,0.14,1.0,-3.97,1.0,5.07,1.0,0.0,1.0,-0.08,1.0,-0.3,1.0,3.76,1.0,-26.28,1.0,66.51,1.0,-37.17,1.0,-1.65,0.0,0.0,0.0,0.0,0.0,0.0,0.0,0.0,0.0,0.0,0.0,0.0,0.0,0.0,0.0,0.0,1536.0,10368.0
90.0,5349.0,0.3,0.01,-1.0,59.39,-38.43,-10.48,0.0,0.0,0.0,0.0,2.55,1.91,-155.65,0.0,0.0,0.0,0.0,0.0,1.0,-0.14,1.0,3.8,1.0,4.74,1.0,0.14,1.0,-0.18,1.0,-0.3,1.0,-3.79,1.0,-36.31,1.0,64.9,1.0,-26.32,1.0,4.36,0.0,0.0,0.0,0.0,0.0,0.0,0.0,0.0,1.0,0.14,1.0,-4.27,1.0,5.07,1.0,0.64,1.0,-0.08,1.0,-0.3,1.0,4.09,1.0,-26.92,1.0,67.86,1.0,-37.51,1.0,-2.67,0.0,0.0,0.0,0.0,0.0,0.0,0.0,0.0,0.0,0.0,0.0,0.0,0.0,0.0,0.0,0.0,1536.0,5447.0
90.0,5350.0,0.25,0.06,-1.05,73.37,-41.92,-17.47,0.0,0.0,0.0,0.0,2.78,1.76,-155.79,0.0,0.0,0.0,0.0,0.0,1.0,-0.14,1.0,3.8,1.0,4.74,1.0,0.14,1.0,0.16,1.0,-0.3,1.0,-3.79,1.0,-36.64,1.0,65.24,1.0,-26.99,1.0,4.36,0.0,0.0,0.0,0.0,0.0,0.0,0.0,0.0,1.0,0.14,1.0,-3.63,1.0,4.74,1.0,0.0,1.0,-0.08,1.0,-0.3,1.0,4.09,1.0,-28.24,1.0,69.21,1.0,-38.48,1.0,-3.0,0.0,0.0,0.0,0.0,0.0,0.0,0.0,0.0,0.0,0.0,0.0,0.0,0.0,0.0,0.0,0.0,1536.0,5299.0
90.0,5351.0,0.19,0.13,-1.1,66.38,-76.86,27.95,0.0,0.0,0.0,0.0,3.02,1.38,-155.8,0.0,0.0,0.0,0.0,0.0,1.0,-0.14,1.0,3.46,1.0,5.04,1.0,0.14,1.0,0.16,1.0,-0.3,1.0,-4.13,1.0,-36.31,1.0,65.24,1.0,-27.33,1.0,4.36,0.0,0.0,0.0,0.0,0.0,0.0,0.0,0.0,1.0,0.14,1.0,-3.33,1.0,4.4,1.0,0.0,1.0,-0.08,1.0,-0.3,1.0,4.09,1.0,-29.86,1.0,71.91,1.0,-39.43,1.0,-3.68,0.0,0.0,0.0,0.0,0.0,0.0,0.0,0.0,0.0,0.0,0.0,0.0,0.0,0.0,0.0,0.0,1536.0,5066.0
90.0,5352.0,0.21,0.17,-1.08,41.92,-76.86,27.95,0.0,0.0,0.0,0.0,3.07,1.01,-155.74,0.0,0.0,0.0,0.0,0.0,1.0,-0.14,1.0,3.12,1.0,5.04,1.0,0.14,1.0,0.16,1.0,-0.3,1.0,-4.13,1.0,-36.31,1.0,65.24,1.0,-28.01,1.0,4.36,0.0,0.0,0.0,0.0,0.0,0.0,0.0,0.0,1.0,0.14,1.0,-3.33,1.0,4.4,1.0,0.0,1.0,-0.08,1.0,-0.3,1.0,4.09,1.0,-31.81,1.0,74.92,1.0,-41.08,1.0,-4.02,0.0,0.0,0.0,0.0,0.0,0.0,0.0,0.0,0.0,0.0,0.0,0.0,0.0,1024.0,0.0,0.0,1536.0,6700.0
90.0,5352.0,0.21,0.17,-1.08,41.92,-76.86,27.95,0.0,0.0,0.0,0.0,3.07,1.01,-155.74,0.0,0.0,0.0,0.0,0.0,1.0,-0.14,1.0,3.12,1.0,5.04,1.0,0.14,1.0,0.16,1.0,-0.3,1.0,-4.13,1.0,-36.31,1.0,65.24,1.0,-28.01,1.0,4.36,0.0,0.0,0.0,0.0,0.0,0.0,0.0,0.0,1.0,0.14,1.0,-3.33,1.0,4.4,1.0,0.0,1.0,-0.08,1.0,-0.3,1.0,4.09,1.0,-31.81,1.0,74.92,1.0,-41.08,1.0,-4.02,0.0,0.0,0.0,0.0,0.0,0.0,0.0,0.0,0.0,0.0,0.0,0.0,0.0,1024.0,0.0,0.0,1536.0,6700.0
90.0,5353.0,0.22,0.16,-1.05,41.92,-55.9,41.92,0.0,0.0,0.0,0.0,3.19,0.8,-155.62,0.0,0.0,0.0,0.0,0.0,1.0,-0.14,1.0,2.82,1.0,5.68,1.0,0.14,1.0,0.16,1.0,-0.3,1.0,-4.46,1.0,-35.97,1.0,65.24,1.0,-28.68,1.0,4.05,0.0,0.0,0.0,0.0,0.0,0.0,0.0,0.0,1.0,0.14,1.0,-2.69,1.0,4.74,1.0,0.0,1.0,-0.08,1.0,-0.3,1.0,4.09,1.0,-34.41,1.0,80.96,1.0,-43.78,1.0,-4.69,0.0,0.0,0.0,0.0,0.0,0.0,0.0,0.0,0.0,0.0,0.0,0.0,0.0,0.0,0.0,0.0,1536.0,4182.0
90.0,5355.0,0.22,0.15,-1.04,62.89,-27.95,20.96,0.0,0.0,0.0,0.0,3.66,0.49,-155.48,0.0,0.0,0.0,0.0,0.0,1.0,-0.14,1.0,1.47,1.0,5.04,1.0,0.14,1.0,0.16,1.0,-0.3,1.0,-4.46,1.0,-35.33,1.0,65.54,1.0,-29.69,1.0,4.05,0.0,0.0,0.0,0.0,0.0,0.0,0.0,0.0,1.0,0.14,1.0,-1.4,1.0,5.07,1.0,0.3,1.0,-0.08,1.0,-0.3,1.0,4.43,1.0,-39.98,1.0,87.34,1.0,-46.45,1.0,-4.69,0.0,0.0,0.0,0.0,0.0,0.0,0.0,0.0,0.0,0.0,0.0,0.0,0.0,0.0,0.0,0.0,1536.0,1520.0
90.0,5356.0,0.26,0.17,-1.02,52.4,-6.99,31.44,0.0,0.0,0.0,0.0,3.83,0.46,-155.44,0.0,0.0,0.0,0.0,0.0,1.0,-0.14,1.0,0.83,1.0,5.04,1.0,0.14,1.0,0.16,1.0,-0.3,1.0,-4.46,1.0,-34.35,1.0,65.24,1.0,-30.37,1.0,4.05,0.0,0.0,0.0,0.0,0.0,0.0,0.0,0.0,1.0,0.14,1.0,-0.76,1.0,5.07,1.0,0.0,1.0,0.23,1.0,-0.3,1.0,4.73,1.0,-42.58,1.0,91.39,1.0,-47.12,1.0,-4.69,0.0,0.0,0.0,0.0,0.0,0.0,0.0,0.0,0.0,0.0,0.0,0.0,0.0,0.0,0.0,0.0,1536.0,-711.0
90.0,5357.0,0.28,0.2,-1.0,41.92,38.43,24.46,0.0,0.0,0.0,0.0,3.9,0.66,-155.36,0.0,0.0,0.0,0.0,0.0,1.0,-0.14,1.0,-0.18,1.0,4.74,1.0,0.14,1.0,0.16,1.0,-0.3,1.0,-4.46,1.0,-33.37,1.0,65.54,1.0,-31.04,1.0,4.36,0.0,0.0,0.0,0.0,0.0,0.0,0.0,0.0,1.0,0.14,1.0,0.52,1.0,4.4,1.0,0.0,1.0,-0.08,1.0,-0.3,1.0,4.73,1.0,-44.54,1.0,93.38,1.0,-47.12,1.0,-4.69,0.0,0.0,0.0,0.0,0.0,0.0,0.0,0.0,0.0,0.0,0.0,0.0,0.0,0.0,0.0,0.0,1536.0,-3544.0
90.0,5359.0,0.31,0.14,-0.97,38.43,104.81,-24.46,0.0,0.0,0.0,0.0,4.04,1.5,-155.53,0.0,0.0,0.0,0.0,0.0,1.0,-0.14,1.0,-1.5,1.0,5.04,1.0,-0.17,1.0,0.16,1.0,-0.3,1.0,-4.46,1.0,-30.43,1.0,65.24,1.0,-32.73,1.0,4.05,0.0,0.0,0.0,0.0,0.0,0.0,0.0,0.0,1.0,-0.14,1.0,1.8,1.0,5.07,1.0,0.0,1.0,0.23,1.0,-0.3,1.0,4.73,1.0,-46.83,1.0,93.72,1.0,-44.09,1.0,-4.02,0.0,0.0,0.0,0.0,0.0,0.0,0.0,0.0,0.0,0.0,0.0,0.0,0.0,1024.0,0.0,0.0,1536.0,-6352.0
90.0,5360.0,0.28,0.12,-0.96,34.94,115.29,13.97,0.0,0.0,0.0,0.0,4.19,1.96,-155.56,0.0,0.0,0.0,0.0,0.0,1.0,-0.14,1.0,-1.84,1.0,5.04,1.0,0.14,1.0,0.16,1.0,-0.3,1.0,-4.8,1.0,-28.81,1.0,65.24,1.0,-34.08,1.0,3.41,0.0,0.0,0.0,0.0,0.0,0.0,0.0,0.0,1.0,-0.14,1.0,2.78,1.0,4.74,1.0,0.0,1.0,-0.08,1.0,-0.3,1.0,4.09,1.0,-46.5,1.0,88.69,1.0,-40.41,1.0,-3.34,0.0,0.0,0.0,0.0,0.0,0.0,0.0,0.0,0.0,0.0,0.0,0.0,0.0,0.0,0.0,0.0,1536.0,-9787.0
90.0,5360.0,0.28,0.12,-0.96,34.94,115.29,13.97,0.0,0.0,0.0,0.0,4.19,1.96,-155.56,0.0,0.0,0.0,0.0,0.0,1.0,-0.14,1.0,-1.84,1.0,5.04,1.0,0.14,1.0,0.16,1.0,-0.3,1.0,-4.8,1.0,-28.81,1.0,65.24,1.0,-34.08,1.0,3.41,0.0,0.0,0.0,0.0,0.0,0.0,0.0,0.0,1.0,-0.14,1.0,2.78,1.0,4.74,1.0,0.0,1.0,-0.08,1.0,-0.3,1.0,4.09,1.0,-46.5,1.0,88.69,1.0,-40.41,1.0,-3.34,0.0,0.0,0.0,0.0,0.0,0.0,0.0,0.0,0.0,0.0,0.0,0.0,0.0,0.0,0.0,0.0,5632.0,-13883.0
90.0,5362.0,0.29,0.13,-0.97,10.48,143.24,13.97,0.0,0.0,0.0,0.0,4.21,3.16,-155.41,0.0,0.0,0.0,0.0,0.0,1.0,-0.14,1.0,-3.15,1.0,4.74,1.0,-0.17,1.0,0.16,1.0,-0.3,1.0,-4.13,1.0,-26.52,1.0,65.54,1.0,-35.43,1.0,3.08,0.0,0.0,0.0,0.0,0.0,0.0,0.0,0.0,1.0,-0.47,1.0,3.42,1.0,4.74,1.0,0.0,1.0,-0.08,1.0,-0.64,1.0,3.11,1.0,-44.88,1.0,82.98,1.0,-36.53,1.0,-2.67,0.0,0.0,0.0,0.0,0.0,0.0,0.0,0.0,0.0,0.0,0.0,0.0,0.0,0.0,0.0,0.0,1536.0,-10187.0
90.0,5362.0,0.29,0.13,-0.97,10.48,143.24,13.97,0.0,0.0,0.0,0.0,4.21,3.16,-155.41,0.0,0.0,0.0,0.0,0.0,1.0,-0.14,1.0,-3.15,1.0,4.74,1.0,-0.17,1.0,0.16,1.0,-0.3,1.0,-4.13,1.0,-26.52,1.0,65.54,1.0,-35.43,1.0,3.08,0.0,0.0,0.0,0.0,0.0,0.0,0.0,0.0,1.0,-0.47,1.0,3.42,1.0,4.74,1.0,0.0,1.0,-0.08,1.0,-0.64,1.0,3.11,1.0,-44.88,1.0,82.98,1.0,-36.53,1.0,-2.67,0.0,0.0,0.0,0.0,0.0,0.0,0.0,0.0,0.0,0.0,0.0,0.0,0.0,0.0,0.0,0.0,1536.0,-10187.0
90.0,5364.0,0.21,0.14,-1.07,10.48,73.37,-13.97,0.0,0.0,0.0,0.0,4.14,3.88,-155.53,0.0,0.0,0.0,0.0,0.0,1.0,-0.14,1.0,-3.8,1.0,4.74,1.0,-0.17,1.0,-0.18,1.0,-0.3,1.0,-3.79,1.0,-25.88,1.0,65.54,1.0,-36.48,1.0,2.1,0.0,0.0,0.0,0.0,0.0,0.0,0.0,0.0,1.0,-0.47,1.0,2.78,1.0,4.74,1.0,0.3,1.0,-0.08,1.0,-0.3,1.0,2.81,1.0,-42.24,1.0,75.93,1.0,-32.0,1.0,-1.32,0.0,0.0,0.0,0.0,0.0,0.0,0.0,0.0,0.0,0.0,0.0,0.0,0.0,0.0,0.0,0.0,1536.0,-357.0
90.0,5365.0,0.17,0.14,-1.09,3.49,0.0,10.48,0.0,0.0,0.0,0.0,4.1,3.82,-155.51,0.0,0.0,0.0,0.0,0.0,1.0,-0.14,1.0,-4.13,1.0,4.74,1.0,0.14,1.0,-0.18,1.0,-0.3,1.0,-3.15,1.0,-25.54,1.0,65.54,1.0,-36.81,1.0,2.1,0.0,0.0,0.0,0.0,0.0,0.0,0.0,0.0,1.0,-0.47,1.0,3.42,1.0,4.4,1.0,0.0,1.0,-0.08,1.0,-0.3,1.0,2.14,1.0,-40.62,1.0,71.91,1.0,-29.1,1.0,-0.3,0.0,0.0,0.0,0.0,0.0,0.0,0.0,0.0,0.0,0.0,0.0,0.0,0.0,0.0,0.0,0.0,1536.0,5099.0
90.0,5366.0,0.28,0.15,-1.2,-45.42,10.48,-59.39,0.0,0.0,0.0,0.0,3.83,3.89,-155.64,0.0,0.0,0.0,0.0,0.0,1.0,-0.14,1.0,-4.13,1.0,4.74,1.0,0.14,1.0,-0.18,1.0,-0.3,1.0,-2.47,1.0,-25.2,1.0,65.24,1.0,-36.81,1.0,1.15,0.0,0.0,0.0,0.0,0.0,0.0,0.0,0.0,1.0,-0.14,1.0,3.73,1.0,4.74,1.0,0.0,1.0,0.23,1.0,-0.3,1.0,1.53,1.0,-39.0,1.0,68.54,1.0,-27.18,1.0,0.3,0.0,0.0,0.0,0.0,0.0,0.0,0.0,0.0,0.0,0.0,0.0,0.0,0.0,1024.0,0.0,0.0,1536.0,14814.0
90.0,5366.0,0.28,0.15,-1.2,-45.42,10.48,-59.39,0.0,0.0,0.0,0.0,3.83,3.89,-155.64,0.0,0.0,0.0,0.0,0.0,1.0,-0.14,1.0,-4.13,1.0,4.74,1.0,0.14,1.0,-0.18,1.0,-0.3,1.0,-2.47,1.0,-25.2,1.0,65.24,1.0,-36.81,1.0,1.15,0.0,0.0,0.0,0.0,0.0,0.0,0.0,0.0,1.0,-0.14,1.0,3.73,1.0,4.74,1.0,0.0,1.0,0.23,1.0,-0.3,1.0,1.53,1.0,-39.0,1.0,68.54,1.0,-27.18,1.0,0.3,0.0,0.0,0.0,0.0,0.0,0.0,0.0,0.0,0.0,0.0,0.0,0.0,0.0,1024.0,0.0,0.0,1536.0,14814.0
90.0,5367.0,0.23,0.2,-1.19,-52.4,-24.46,-143.24,0.0,0.0,0.0,0.0,3.47,3.77,-156.06,0.0,0.0,0.0,0.0,0.0,1.0,-0.14,1.0,-4.47,1.0,4.44,1.0,-0.17,1.0,-0.18,1.0,-0.3,1.0,-1.53,1.0,-25.2,1.0,65.24,1.0,-37.15,1.0,0.17,0.0,0.0,0.0,0.0,0.0,0.0,0.0,0.0,1.0,-0.14,1.0,4.37,1.0,5.07,1.0,0.0,1.0,-0.08,1.0,-0.3,1.0,0.55,1.0,-37.69,1.0,65.54,1.0,-25.22,1.0,1.62,0.0,0.0,0.0,0.0,0.0,0.0,0.0,0.0,0.0,0.0,0.0,0.0,0.0,0.0,0.0,0.0,1536.0,28509.0
90.0,5369.0,0.19,-0.01,-1.27,-94.33,-17.47,-192.15,0.0,0.0,0.0,0.0,2.38,3.63,-157.46,0.0,0.0,0.0,0.0,0.0,1.0,-0.14,1.0,-4.47,1.0,4.44,1.0,0.14,1.0,-0.18,1.0,-0.3,1.0,-0.25,1.0,-25.2,1.0,63.62,1.0,-37.49,1.0,-0.47,0.0,0.0,0.0,0.0,0.0,0.0,0.0,0.0,1.0,0.14,1.0,5.35,1.0,5.07,1.0,0.0,1.0,-0.08,1.0,0.0,1.0,-0.77,1.0,-36.07,1.0,64.19,1.0,-24.92,1.0,2.26,0.0,0.0,0.0,0.0,0.0,0.0,0.0,0.0,0.0,0.0,0.0,0.0,0.0,0.0,0.0,0.0,1536.0,-28392.0
90.0,5370.0,0.18,-0.09,-1.07,-90.83,-20.96,-150.23,0.0,0.0,0.0,0.0,2.01,3.43,-158.05,0.0,0.0,0.0,0.0,0.0,1.0,-0.14,1.0,-4.81,1.0,4.74,1.0,0.14,1.0,0.16,1.0,-0.3,1.0,0.73,1.0,-25.2,1.0,63.62,1.0,-37.83,1.0,-0.47,0.0,0.0,0.0,0.0,0.0,0.0,0.0,0.0,1.0,0.47,1.0,5.35,1.0,5.07,1.0,0.0,1.0,-0.08,1.0,0.0,1.0,-1.41,1.0,-36.07,1.0,64.19,1.0,-24.58,1.0,2.57,0.0,0.0,0.0,0.0,0.0,0.0,0.0,0.0,0.0,0.0,0.0,0.0,0.0,0.0,0.0,0.0,1536.0,-32609.0
90.0,5372.0,0.17,-0.12,-0.88,-59.39,-55.9,-69.87,0.0,0.0,0.0,0.0,1.47,3.14,-158.72,0.0,0.0,0.0,0.0,0.0,1.0,-0.14,1.0,-4.81,1.0,4.74,1.0,-0.17,1.0,0.16,1.0,-0.3,1.0,2.05,1.0,-25.2,1.0,63.62,1.0,-37.49,1.0,-1.75,0.0,0.0,0.0,0.0,0.0,0.0,0.0,0.0,1.0,0.47,1.0,4.06,1.0,5.07,1.0,0.3,1.0,-0.08,1.0,0.0,1.0,-2.05,1.0,-36.71,1.0,64.19,1.0,-25.56,1.0,2.57,0.0,0.0,0.0,0.0,0.0,0.0,0.0,0.0,0.0,0.0,0.0,0.0,0.0,0.0,0.0,0.0,1536.0,25692.0
90.0,5373.0,0.18,-0.14,-0.92,-41.92,-69.87,-34.94,0.0,0.0,0.0,0.0,1.34,2.85,-158.87,0.0,0.0,0.0,0.0,0.0,1.0,-0.14,1.0,-4.81,1.0,3.79,1.0,0.14,1.0,0.16,1.0,-0.3,1.0,2.05,1.0,-25.2,1.0,63.62,1.0,-37.49,1.0,-1.75,0.0,0.0,0.0,0.0,0.0,0.0,0.0,0.0,1.0,0.47,1.0,4.37,1.0,5.07,1.0,0.0,1.0,0.23,1.0,0.0,1.0,-2.39,1.0,-36.71,1.0,64.19,1.0,-25.86,1.0,2.9,0.0,0.0,0.0,0.0,0.0,0.0,0.0,0.0,0.0,0.0,0.0,0.0,0.0,256.0,0.0,0.0,1536.0,21717.0
90.0,5374.0,0.18,-0.15,-0.96,-10.48,-80.35,-13.97,0.0,0.0,0.0,0.0,1.35,2.51,-158.93,0.0,0.0,0.0,0.0,0.0,1.0,-0.14,1.0,-4.81,1.0,4.74,1.0,0.14,1.0,0.16,1.0,-0.3,1.0,2.05,1.0,-25.2,1.0,63.62,1.0,-37.49,1.0,-2.09,0.0,0.0,0.0,0.0,0.0,0.0,0.0,0.0,1.0,0.47,1.0,4.37,1.0,5.07,1.0,0.0,1.0,-0.38,1.0,0.0,1.0,-2.39,1.0,-36.71,1.0,64.19,1.0,-26.2,1.0,2.9,0.0,0.0,0.0,0.0,0.0,0.0,0.0,0.0,0.0,0.0,0.0,0.0,0.0,0.0,0.0,0.0,1536.0,17857.0
90.0,5376.0,0.16,-0.15,-0.98,-13.97,-69.87,-6.99,0.0,0.0,0.0,0.0,1.47,1.84,-159.06,0.0,0.0,0.0,0.0,0.0,1.0,-0.14,1.0,-4.81,1.0,3.79,1.0,-0.17,1.0,0.16,1.0,-0.3,1.0,2.69,1.0,-25.2,1.0,63.62,1.0,-37.83,1.0,-2.73,0.0,0.0,0.0,0.0,0.0,0.0,0.0,0.0,1.0,0.14,1.0,4.7,1.0,5.07,1.0,0.3,1.0,-0.38,1.0,0.0,1.0,-2.69,1.0,-37.04,1.0,64.19,1.0,-26.5,1.0,4.22,0.0,0.0,0.0,0.0,0.0,0.0,0.0,0.0,0.0,0.0,0.0,0.0,0.0,0.0,0.0,0.0,1536.0,16621.0
90.0,5376.0,0.16,-0.15,-0.98,-13.97,-69.87,-6.99,0.0,0.0,0.0,0.0,1.47,1.84,-159.06,0.0,0.0,0.0,0.0,0.0,1.0,-0.14,1.0,-4.81,1.0,3.79,1.0,-0.17,1.0,0.16,1.0,-0.3,1.0,2.69,1.0,-25.2,1.0,63.62,1.0,-37.83,1.0,-2.73,0.0,0.0,0.0,0.0,0.0,0.0,0.0,0.0,1.0,0.14,1.0,4.7,1.0,5.07,1.0,0.3,1.0,-0.38,1.0,0.0,1.0,-2.69,1.0,-37.04,1.0,64.19,1.0,-26.5,1.0,4.22,0.0,0.0,0.0,0.0,0.0,0.0,0.0,0.0,0.0,0.0,0.0,0.0,0.0,0.0,0.0,0.0,1536.0,16621.0
90.0,5377.0,0.14,-0.14,-0.94,-13.97,-94.33,0.0,0.0,0.0,0.0,0.0,1.5,1.42,-159.07,0.0,0.0,0.0,0.0,0.0,1.0,-0.14,1.0,-3.8,1.0,4.74,1.0,0.14,1.0,-0.18,1.0,-0.3,1.0,2.69,1.0,-25.88,1.0,64.56,1.0,-37.83,1.0,-2.73,0.0,0.0,0.0,0.0,0.0,0.0,0.0,0.0,1.0,0.14,1.0,4.37,1.0,5.07,1.0,0.0,1.0,-0.08,1.0,0.0,1.0,-3.03,1.0,-37.35,1.0,64.19,1.0,-26.84,1.0,4.86,0.0,0.0,0.0,0.0,0.0,0.0,0.0,0.0,0.0,0.0,0.0,0.0,0.0,0.0,0.0,0.0,1536.0,18253.0
90.0,5377.0,0.14,-0.14,-0.94,-13.97,-94.33,0.0,0.0,0.0,0.0,0.0,1.5,1.42,-159.07,0.0,0.0,0.0,0.0,0.0,1.0,-0.14,1.0,-3.8,1.0,4.74,1.0,0.14,1.0,-0.18,1.0,-0.3,1.0,2.69,1.0,-25.88,1.0,64.56,1.0,-37.83,1.0,-2.73,0.0,0.0,0.0,0.0,0.0,0.0,0.0,0.0,1.0,0.14,1.0,4.37,1.0,5.07,1.0,0.0,1.0,-0.08,1.0,0.0,1.0,-3.03,1.0,-37.35,1.0,64.19,1.0,-26.84,1.0,4.86,0.0,0.0,0.0,0.0,0.0,0.0,0.0,0.0,0.0,0.0,0.0,0.0,0.0,0.0,0.0,0.0,1536.0,18253.0
90.0,5380.0,0.14,-0.09,-0.98,-73.37,-52.4,0.0,0.0,0.0,0.0,0.0,0.99,0.47,-158.9,0.0,0.0,0.0,0.0,0.0,1.0,-0.14,1.0,-3.15,1.0,4.74,1.0,-0.17,1.0,-0.18,1.0,-0.3,1.0,3.67,1.0,-31.75,1.0,72.66,1.0,-41.54,1.0,-4.01,0.0,0.0,0.0,0.0,0.0,0.0,0.0,0.0,1.0,-0.47,1.0,3.08,1.0,5.07,1.0,0.0,1.0,0.53,1.0,0.0,1.0,-4.01,1.0,-37.04,1.0,64.86,1.0,-28.46,1.0,5.5,0.0,0.0,0.0,0.0,0.0,0.0,0.0,0.0,0.0,0.0,0.0,0.0,0.0,256.0,0.0,0.0,1536.0,20240.0
90.0,5381.0,0.16,-0.07,-0.95,-87.34,-31.44,-20.96,0.0,0.0,0.0,0.0,0.72,0.3,-158.9,0.0,0.0,0.0,0.0,0.0,1.0,-0.14,1.0,-1.84,1.0,4.74,1.0,0.14,1.0,-0.18,1.0,-0.3,1.0,3.97,1.0,-34.35,1.0,76.54,1.0,-42.89,1.0,-4.35,0.0,0.0,0.0,0.0,0.0,0.0,0.0,0.0,1.0,-0.47,1.0,2.14,1.0,5.07,1.0,0.0,1.0,-0.08,1.0,0.0,1.0,-4.34,1.0,-36.71,1.0,65.2,1.0,-28.76,1.0,5.5,0.0,0.0,0.0,0.0,0.0,0.0,0.0,0.0,0.0,0.0,0.0,0.0,0.0,0.0,0.0,0.0,1536.0,21929.0
90.0,5382.0,0.19,-0.07,-1.0,-97.82,27.95,-31.44,0.0,0.0,0.0,0.0,0.34,0.39,-158.93,0.0,0.0,0.0,0.0,0.0,1.0,-0.14,1.0,-2.14,1.0,4.74,1.0,0.14,1.0,0.16,1.0,-0.3,1.0,3.97,1.0,-36.64,1.0,80.73,1.0,-44.91,1.0,-4.65,0.0,0.0,0.0,0.0,0.0,0.0,0.0,0.0,1.0,-0.47,1.0,1.8,1.0,5.07,1.0,0.0,1.0,-0.08,1.0,0.0,1.0,-4.65,1.0,-36.37,1.0,65.54,1.0,-29.44,1.0,5.84,0.0,0.0,0.0,0.0,0.0,0.0,0.0,0.0,0.0,0.0,0.0,0.0,0.0,0.0,0.0,0.0,1536.0,18188.0
90.0,5383.0,0.22,-0.08,-1.02,-108.3,62.89,-48.91,0.0,0.0,0.0,0.0,-0.05,0.61,-159.04,0.0,0.0,0.0,0.0,0.0,1.0,-0.14,1.0,-1.5,1.0,4.74,1.0,0.14,1.0,0.16,1.0,-0.3,1.0,3.97,1.0,-39.24,1.0,84.27,1.0,-46.6,1.0,-4.65,0.0,0.0,0.0,0.0,0.0,0.0,0.0,0.0,1.0,0.14,1.0,1.5,1.0,5.07,1.0,0.64,1.0,0.53,1.0,0.0,1.0,-4.65,1.0,-35.39,1.0,65.54,1.0,-29.74,1.0,5.84,0.0,0.0,0.0,0.0,0.0,0.0,0.0,0.0,0.0,0.0,0.0,0.0,0.0,0.0,0.0,0.0,1536.0,17303.0
90.0,5385.0,0.29,-0.12,-0.97,-80.35,150.23,-3.49,0.0,0.0,0.0,0.0,-0.6,1.73,-159.08,0.0,0.0,0.0,0.0,0.0,1.0,-0.14,1.0,-0.18,1.0,4.74,1.0,0.14,1.0,0.16,1.0,0.0,1.0,4.31,1.0,-44.14,1.0,91.05,1.0,-47.51,1.0,-4.35,0.0,0.0,0.0,0.0,0.0,0.0,0.0,0.0,1.0,0.47,1.0,0.22,1.0,5.07,1.0,0.3,1.0,-0.08,1.0,0.0,1.0,-4.65,1.0,-33.13,1.0,66.21,1.0,-31.03,1.0,5.5,0.0,0.0,0.0,0.0,0.0,0.0,0.0,0.0,0.0,0.0,0.0,0.0,0.0,1024.0,0.0,0.0,1536.0,-118.0
90.0,5386.0,0.3,-0.08,-1.0,-69.87,188.66,-6.99,0.0,0.0,0.0,0.0,-0.83,2.49,-159.04,0.0,0.0,0.0,0.0,0.0,1.0,-0.14,1.0,0.83,1.0,4.74,1.0,0.14,1.0,0.16,1.0,-0.3,1.0,4.31,1.0,-46.09,1.0,93.32,1.0,-46.91,1.0,-4.65,0.0,0.0,0.0,0.0,0.0,0.0,0.0,0.0,1.0,0.47,1.0,-0.76,1.0,5.07,1.0,0.3,1.0,-0.08,1.0,0.0,1.0,-4.65,1.0,-31.48,1.0,66.21,1.0,-32.0,1.0,5.5,0.0,0.0,0.0,0.0,0.0,0.0,0.0,0.0,0.0,0.0,0.0,0.0,0.0,0.0,0.0,0.0,1536.0,-3798.0
90.0,5387.0,0.28,-0.08,-1.06,-66.38,195.64,6.99,0.0,0.0,0.0,0.0,-1.06,3.3,-158.98,0.0,0.0,0.0,0.0,0.0,1.0,-0.14,1.0,1.17,1.0,4.74,1.0,0.14,1.0,0.16,1.0,-0.3,1.0,4.31,1.0,-47.07,1.0,93.65,1.0,-45.59,1.0,-4.65,0.0,0.0,0.0,0.0,0.0,0.0,0.0,0.0,1.0,0.14,1.0,-1.4,1.0,4.74,1.0,0.3,1.0,-0.08,1.0,0.0,1.0,-4.65,1.0,-29.86,1.0,65.87,1.0,-32.65,1.0,5.5,0.0,0.0,0.0,0.0,0.0,0.0,0.0,0.0,0.0,0.0,0.0,0.0,0.0,0.0,0.0,0.0,1536.0,-6334.0
90.0,5387.0,0.28,-0.08,-1.06,-66.38,195.64,6.99,0.0,0.0,0.0,0.0,-1.06,3.3,-158.98,0.0,0.0,0.0,0.0,0.0,1.0,-0.14,1.0,1.17,1.0,4.74,1.0,0.14,1.0,0.16,1.0,-0.3,1.0,4.31,1.0,-47.07,1.0,93.65,1.0,-45.59,1.0,-4.65,0.0,0.0,0.0,0.0,0.0,0.0,0.0,0.0,1.0,0.14,1.0,-1.4,1.0,4.74,1.0,0.3,1.0,-0.08,1.0,0.0,1.0,-4.65,1.0,-29.86,1.0,65.87,1.0,-32.65,1.0,5.5,0.0,0.0,0.0,0.0,0.0,0.0,0.0,0.0,0.0,0.0,0.0,0.0,0.0,0.0,0.0,0.0,1536.0,-6334.0
90.0,5389.0,0.25,0.01,-1.05,-59.39,164.2,41.92,0.0,0.0,0.0,0.0,-1.41,4.64,-158.59,0.0,0.0,0.0,0.0,0.0,1.0,-0.14,1.0,2.14,1.0,4.74,1.0,0.14,1.0,0.16,1.0,-0.3,1.0,4.31,1.0,-47.41,1.0,90.11,1.0,-42.55,1.0,-4.01,0.0,0.0,0.0,0.0,0.0,0.0,0.0,0.0,1.0,0.14,1.0,-2.35,1.0,4.74,1.0,0.0,1.0,-0.08,1.0,0.0,1.0,-4.65,1.0,-27.9,1.0,66.21,1.0,-33.96,1.0,4.52,0.0,0.0,0.0,0.0,0.0,0.0,0.0,0.0,0.0,0.0,0.0,0.0,0.0,1024.0,0.0,0.0,1536.0,-8506.0
90.0,5389.0,0.25,0.01,-1.05,-59.39,164.2,41.92,0.0,0.0,0.0,0.0,-1.41,4.64,-158.59,0.0,0.0,0.0,0.0,0.0,1.0,-0.14,1.0,2.14,1.0,4.74,1.0,0.14,1.0,0.16,1.0,-0.3,1.0,4.31,1.0,-47.41,1.0,90.11,1.0,-42.55,1.0,-4.01,0.0,0.0,0.0,0.0,0.0,0.0,0.0,0.0,1.0,0.14,1.0,-2.35,1.0,4.74,1.0,0.0,1.0,-0.08,1.0,0.0,1.0,-4.65,1.0,-27.9,1.0,66.21,1.0,-33.96,1.0,4.52,0.0,0.0,0.0,0.0,0.0,0.0,0.0,0.0,0.0,0.0,0.0,0.0,0.0,1024.0,0.0,0.0,1536.0,-8506.0
90.0,5390.0,0.22,0.01,-1.05,-59.39,132.76,31.44,0.0,0.0,0.0,0.0,-1.62,5.2,-158.4,0.0,0.0,0.0,0.0,0.0,1.0,-0.14,1.0,2.48,1.0,4.74,1.0,-0.51,1.0,-0.18,1.0,-0.3,1.0,3.97,1.0,-46.74,1.0,90.08,1.0,-39.18,1.0,-3.07,0.0,0.0,0.0,0.0,0.0,0.0,0.0,0.0,1.0,0.14,1.0,-2.69,1.0,4.4,1.0,0.0,1.0,0.23,1.0,0.0,1.0,-4.65,1.0,-27.26,1.0,66.21,1.0,-34.27,1.0,3.88,0.0,0.0,0.0,0.0,0.0,0.0,0.0,0.0,0.0,0.0,0.0,0.0,0.0,0.0,0.0,0.0,5632.0,-7766.0
90.0,5392.0,0.25,0.03,-1.06,-73.37,52.4,41.92,0.0,0.0,0.0,0.0,-2.03,5.76,-157.9,0.0,0.0,0.0,0.0,0.0,1.0,-0.14,1.0,2.82,1.0,3.79,1.0,0.14,1.0,0.16,1.0,-0.3,1.0,3.03,1.0,-44.47,1.0,80.42,1.0,-35.77,1.0,-1.45,0.0,0.0,0.0,0.0,0.0,0.0,0.0,0.0,1.0,0.14,1.0,-2.69,1.0,4.74,1.0,0.3,1.0,-0.08,1.0,0.0,1.0,-4.34,1.0,-26.58,1.0,66.21,1.0,-34.91,1.0,3.54,0.0,0.0,0.0,0.0,0.0,0.0,0.0,0.0,0.0,0.0,0.0,0.0,0.0,0.0,0.0,0.0,1536.0,4903.0
90.0,5393.0,0.3,0.04,-1.1,-69.87,45.42,24.46,0.0,0.0,0.0,0.0,-2.24,5.97,-157.71,0.0,0.0,0.0,0.0,0.0,1.0,-0.14,1.0,3.12,1.0,4.74,1.0,0.14,1.0,0.16,1.0,-0.3,1.0,2.35,1.0,-43.16,1.0,76.85,1.0,-32.73,1.0,-0.8,0.0,0.0,0.0,0.0,0.0,0.0,0.0,0.0,1.0,0.14,1.0,-2.99,1.0,4.74,1.0,0.0,1.0,-0.08,1.0,0.3,1.0,-4.01,1.0,-25.94,1.0,66.21,1.0,-35.24,1.0,2.9,0.0,0.0,0.0,0.0,0.0,0.0,0.0,0.0,0.0,0.0,0.0,0.0,0.0,0.0,0.0,0.0,1536.0,6805.0
90.0,5394.0,0.29,-0.02,-1.18,-24.46,48.91,45.42,0.0,0.0,0.0,0.0,-2.27,6.22,-157.54,0.0,0.0,0.0,0.0,0.0,1.0,-0.14,1.0,3.8,1.0,4.44,1.0,0.14,1.0,0.16,1.0,-0.3,1.0,1.71,1.0,-41.54,1.0,73.3,1.0,-30.37,1.0,-0.16,0.0,0.0,0.0,0.0,0.0,0.0,0.0,0.0,1.0,0.47,1.0,-3.33,1.0,4.74,1.0,0.3,1.0,-0.08,1.0,0.3,1.0,-3.67,1.0,-25.3,1.0,66.21,1.0,-35.24,1.0,2.26,0.0,0.0,0.0,0.0,0.0,0.0,0.0,0.0,0.0,0.0,0.0,0.0,0.0,0.0,0.0,0.0,1536.0,-350.0
90.0,5395.0,0.31,-0.04,-1.2,20.96,20.96,136.25,0.0,0.0,0.0,0.0,-1.97,6.28,-157.1,0.0,0.0,0.0,0.0,0.0,1.0,-0.14,1.0,4.78,1.0,4.1,1.0,0.14,1.0,0.16,1.0,-0.3,1.0,1.38,1.0,-39.58,1.0,70.4,1.0,-26.99,1.0,-0.16,0.0,0.0,0.0,0.0,0.0,0.0,0.0,0.0,1.0,0.14,1.0,-4.58,1.0,4.74,1.0,0.0,1.0,-0.08,1.0,0.3,1.0,-2.69,1.0,-24.96,1.0,66.21,1.0,-35.55,1.0,1.28,0.0,0.0,0.0,0.0,0.0,0.0,0.0,0.0,0.0,0.0,0.0,0.0,0.0,0.0,0.0,0.0,1536.0,-11349.0
90.0,5397.0,0.34,0.06,-1.15,87.34,10.48,244.56,0.0,0.0,0.0,0.0,-0.87,6.64,-155.56,0.0,0.0,0.0,0.0,0.0,1.0,-0.14,1.0,5.11,1.0,4.74,1.0,0.14,1.0,0.16,1.0,-0.3,1.0,-0.25,1.0,-37.29,1.0,68.1,1.0,-23.28,1.0,1.15,0.0,0.0,0.0,0.0,0.0,0.0,0.0,0.0,1.0,0.14,1.0,-5.56,1.0,4.4,1.0,0.0,1.0,-0.08,1.0,0.3,1.0,-0.43,1.0,-24.63,1.0,65.87,1.0,-36.22,1.0,0.0,0.0,0.0,0.0,0.0,0.0,0.0,0.0,0.0,0.0,0.0,0.0,0.0,0.0,0.0,0.0,0.0,1536.0,-28423.0
90.0,5398.0,0.37,0.16,-1.09,101.32,10.48,220.1,0.0,0.0,0.0,0.0,-0.31,6.78,-154.75,0.0,0.0,0.0,0.0,0.0,1.0,-0.14,1.0,5.11,1.0,4.44,1.0,0.14,1.0,0.16,1.0,-0.3,1.0,-0.89,1.0,-36.31,1.0,65.24,1.0,-23.28,1.0,1.46,0.0,0.0,0.0,0.0,0.0,0.0,0.0,0.0,1.0,0.14,1.0,-5.22,1.0,4.74,1.0,0.0,1.0,-0.08,1.0,0.3,1.0,0.55,1.0,-24.63,1.0,65.54,1.0,-35.88,1.0,-0.3,0.0,0.0,0.0,0.0,0.0,0.0,0.0,0.0,0.0,0.0,0.0,0.0,0.0,256.0,0.0,0.0,1536.0,-27688.0
90.0,5399.0,0.35,0.21,-1.04,87.34,-6.99,178.18,0.0,0.0,0.0,0.0,0.13,6.86,-154.11,0.0,0.0,0.0,0.0,0.0,1.0,-0.14,1.0,5.11,1.0,5.35,1.0,0.14,1.0,0.16,1.0,-0.3,1.0,-1.19,1.0,-36.31,1.0,64.9,1.0,-23.28,1.0,1.79,0.0,0.0,0.0,0.0,0.0,0.0,0.0,0.0,1.0,0.14,1.0,-4.91,1.0,4.74,1.0,0.0,1.0,-0.08,1.0,0.3,1.0,1.19,1.0,-24.63,1.0,65.54,1.0,-36.22,1.0,-0.3,0.0,0.0,0.0,0.0,0.0,0.0,0.0,0.0,0.0,0.0,0.0,0.0,0.0,0.0,0.0,0.0,1536.0,-20341.0
90.0,5400.0,0.29,0.23,-1.02,80.35,-55.9,153.72,0.0,0.0,0.0,0.0,0.56,6.7,-153.59,0.0,0.0,0.0,0.0,0.0,1.0,-0.14,1.0,4.78,1.0,5.68,1.0,0.14,1.0,-0.18,1.0,-0.3,1.0,-1.87,1.0,-36.31,1.0,64.9,1.0,-23.62,1.0,2.1,0.0,0.0,0.0,0.0,0.0,0.0,0.0,0.0,1.0,-0.14,1.0,-4.91,1.0,4.74,1.0,0.0,1.0,-0.08,1.0,0.3,1.0,1.87,1.0,-24.63,1.0,65.54,1.0,-36.53,1.0,-1.32,0.0,0.0,0.0,0.0,0.0,0.0,0.0,0.0,0.0,0.0,0.0,0.0,0.0,0.0,1024.0,0.0,1536.0,-13209.0
90.0,5401.0,0.25,0.24,-0.98,55.9,-111.8,125.77,0.0,0.0,0.0,0.0,0.85,6.25,-153.16,0.0,0.0,0.0,0.0,0.0,1.0,-0.14,1.0,4.78,1.0,5.68,1.0,0.14,1.0,-0.18,1.0,-0.3,1.0,-2.14,1.0,-36.31,1.0,64.9,1.0,-23.96,1.0,2.44,0.0,0.0,0.0,0.0,0.0,0.0,0.0,0.0,1.0,-0.47,1.0,-4.91,1.0,4.74,1.0,0.0,1.0,-0.08,1.0,0.3,1.0,2.14,1.0,-24.63,1.0,65.54,1.0,-36.53,1.0,-1.65,0.0,0.0,0.0,0.0,0.0,0.0,0.0,0.0,0.0,0.0,0.0,0.0,0.0,0.0,0.0,0.0,1536.0,-1318.0
90.0,5403.0,0.32,0.25,-0.92,6.99,-97.82,115.29,0.0,0.0,0.0,0.0,1.18,5.54,-152.25,0.0,0.0,0.0,0.0,0.0,1.0,-0.14,1.0,4.78,1.0,5.04,1.0,-0.17,1.0,-0.18,1.0,-0.3,1.0,-2.14,1.0,-36.31,1.0,64.9,1.0,-24.29,1.0,3.08,0.0,0.0,0.0,0.0,0.0,0.0,0.0,0.0,1.0,-0.47,1.0,-4.58,1.0,5.07,1.0,0.0,1.0,0.23,1.0,0.0,1.0,2.47,1.0,-24.96,1.0,65.54,1.0,-36.53,1.0,-1.99,0.0,0.0,0.0,0.0,0.0,0.0,0.0,0.0,0.0,0.0,0.0,0.0,0.0,0.0,0.0,0.0,1536.0,3185.0
90.0,5403.0,0.32,0.25,-0.92,6.99,-97.82,115.29,0.0,0.0,0.0,0.0,1.18,5.54,-152.25,0.0,0.0,0.0,0.0,0.0,1.0,-0.14,1.0,4.78,1.0,5.04,1.0,-0.17,1.0,-0.18,1.0,-0.3,1.0,-2.14,1.0,-36.31,1.0,64.9,1.0,-24.29,1.0,3.08,0.0,0.0,0.0,0.0,0.0,0.0,0.0,0.0,1.0,-0.47,1.0,-4.58,1.0,5.07,1.0,0.0,1.0,0.23,1.0,0.0,1.0,2.47,1.0,-24.96,1.0,65.54,1.0,-36.53,1.0,-1.99,0.0,0.0,0.0,0.0,0.0,0.0,0.0,0.0,0.0,0.0,0.0,0.0,0.0,0.0,0.0,0.0,1536.0,3185.0
90.0,5405.0,0.33,0.26,-1.01,-13.97,-97.82,87.34,0.0,0.0,0.0,0.0,1.13,4.81,-151.49,0.0,0.0,0.0,0.0,0.0,1.0,-0.14,1.0,4.78,1.0,5.68,1.0,0.14,1.0,-0.18,1.0,-0.3,1.0,-2.47,1.0,-36.31,1.0,64.9,1.0,-24.63,1.0,3.41,0.0,0.0,0.0,0.0,0.0,0.0,0.0,0.0,1.0,-0.14,1.0,-4.58,1.0,4.74,1.0,0.3,1.0,-0.08,1.0,0.3,1.0,2.81,1.0,-25.6,1.0,65.54,1.0,-36.53,1.0,-2.33,0.0,0.0,0.0,0.0,0.0,0.0,0.0,0.0,0.0,0.0,0.0,0.0,0.0,0.0,0.0,0.0,1536.0,8057.0
90.0,5405.0,0.33,0.26,-1.01,-13.97,-97.82,87.34,0.0,0.0,0.0,0.0,1.13,4.81,-151.49,0.0,0.0,0.0,0.0,0.0,1.0,-0.14,1.0,4.78,1.0,5.68,1.0,0.14,1.0,-0.18,1.0,-0.3,1.0,-2.47,1.0,-36.31,1.0,64.9,1.0,-24.63,1.0,3.41,0.0,0.0,0.0,0.0,0.0,0.0,0.0,0.0,1.0,-0.14,1.0,-4.58,1.0,4.74,1.0,0.3,1.0,-0.08,1.0,0.3,1.0,2.81,1.0,-25.6,1.0,65.54,1.0,-36.53,1.0,-2.33,0.0,0.0,0.0,0.0,0.0,0.0,0.0,0.0,0.0,0.0,0.0,0.0,0.0,0.0,0.0,0.0,1536.0,8057.0
90.0,5407.0,0.3,0.27,-1.02,-17.47,-101.32,38.43,0.0,0.0,0.0,0.0,1.0,4.42,-151.29,0.0,0.0,0.0,0.0,0.0,1.0,-0.14,1.0,4.14,1.0,5.35,1.0,0.14,1.0,-0.18,1.0,-0.3,1.0,-3.15,1.0,-36.64,1.0,64.9,1.0,-25.31,1.0,4.05,0.0,0.0,0.0,0.0,0.0,0.0,0.0,0.0,1.0,-0.14,1.0,-4.27,1.0,5.07,1.0,0.0,1.0,-0.08,1.0,0.3,1.0,3.11,1.0,-27.9,1.0,67.86,1.0,-38.15,1.0,-3.0,0.0,0.0,0.0,0.0,0.0,0.0,0.0,0.0,0.0,0.0,0.0,0.0,0.0,0.0,0.0,0.0,1536.0,14046.0
90.0,5407.0,0.3,0.27,-1.02,-17.47,-101.32,38.43,0.0,0.0,0.0,0.0,1.0,4.42,-151.29,0.0,0.0,0.0,0.0,0.0,1.0,-0.14,1.0,4.14,1.0,5.35,1.0,0.14,1.0,-0.18,1.0,-0.3,1.0,-3.15,1.0,-36.64,1.0,64.9,1.0,-25.31,1.0,4.05,0.0,0.0,0.0,0.0,0.0,0.0,0.0,0.0,1.0,-0.14,1.0,-4.27,1.0,5.07,1.0,0.0,1.0,-0.08,1.0,0.3,1.0,3.11,1.0,-27.9,1.0,67.86,1.0,-38.15,1.0,-3.0,0.0,0.0,0.0,0.0,0.0,0.0,0.0,0.0,0.0,0.0,0.0,0.0,0.0,0.0,0.0,0.0,1536.0,14046.0
90.0,5408.0,0.24,0.24,-0.99,-10.48,-118.78,17.47,0.0,0.0,0.0,0.0,0.91,3.9,-151.22,0.0,0.0,0.0,0.0,0.0,1.0,-0.14,1.0,3.8,1.0,4.74,1.0,0.14,1.0,0.16,1.0,0.0,1.0,-3.49,1.0,-36.31,1.0,65.24,1.0,-25.98,1.0,4.05,0.0,0.0,0.0,0.0,0.0,0.0,0.0,0.0,1.0,0.14,1.0,-3.97,1.0,5.07,1.0,0.0,1.0,0.23,1.0,0.3,1.0,3.76,1.0,-30.19,1.0,71.24,1.0,-40.07,1.0,-4.02,0.0,0.0,0.0,0.0,0.0,0.0,0.0,0.0,0.0,0.0,0.0,0.0,0.0,0.0,0.0,0.0,1536.0,17344.0
90.0,5410.0,0.26,0.1,-1.0,111.8,-122.28,24.46,0.0,0.0,0.0,0.0,1.51,2.85,-151.23,0.0,0.0,0.0,0.0,0.0,1.0,-0.14,1.0,2.82,1.0,4.44,1.0,0.14,1.0,0.16,1.0,0.0,1.0,-4.46,1.0,-35.67,1.0,64.86,1.0,-27.67,1.0,4.7,0.0,0.0,0.0,0.0,0.0,0.0,0.0,0.0,1.0,0.47,1.0,-2.05,1.0,5.07,1.0,0.0,1.0,0.23,1.0,0.3,1.0,5.07,1.0,-35.73,1.0,81.97,1.0,-45.1,1.0,-4.69,0.0,0.0,0.0,0.0,0.0,0.0,0.0,0.0,0.0,0.0,0.0,0.0,0.0,0.0,0.0,0.0,1536.0,4822.0
90.0,5412.0,0.32,0.15,-0.99,181.67,-55.9,52.4,0.0,0.0,0.0,0.0,2.93,2.34,-151.07,0.0,0.0,0.0,0.0,0.0,1.0,-0.14,1.0,1.17,1.0,5.04,1.0,0.14,1.0,0.16,1.0,0.0,1.0,-4.8,1.0,-34.69,1.0,65.54,1.0,-28.68,1.0,4.36,0.0,0.0,0.0,0.0,0.0,0.0,0.0,0.0,1.0,0.14,1.0,-0.76,1.0,4.74,1.0,0.0,1.0,-0.08,1.0,0.3,1.0,5.38,1.0,-40.96,1.0,87.68,1.0,-47.46,1.0,-5.03,0.0,0.0,0.0,0.0,0.0,0.0,0.0,0.0,0.0,0.0,0.0,0.0,0.0,0.0,0.0,0.0,1536.0,-11451.0
90.0,5412.0,0.32,0.15,-0.99,181.67,-55.9,52.4,0.0,0.0,0.0,0.0,2.93,2.34,-151.07,0.0,0.0,0.0,0.0,0.0,1.0,-0.14,1.0,1.17,1.0,5.04,1.0,0.14,1.0,0.16,1.0,0.0,1.0,-4.8,1.0,-34.69,1.0,65.54,1.0,-28.68,1.0,4.36,0.0,0.0,0.0,0.0,0.0,0.0,0.0,0.0,1.0,0.14,1.0,-0.76,1.0,4.74,1.0,0.0,1.0,-0.08,1.0,0.3,1.0,5.38,1.0,-40.96,1.0,87.68,1.0,-47.46,1.0,-5.03,0.0,0.0,0.0,0.0,0.0,0.0,0.0,0.0,0.0,0.0,0.0,0.0,0.0,0.0,0.0,0.0,1536.0,-11451.0
90.0,5413.0,0.32,0.2,-0.95,146.73,-34.94,48.91,0.0,0.0,0.0,0.0,3.47,2.24,-151.03,0.0,0.0,0.0,0.0,0.0,1.0,-0.14,1.0,1.47,1.0,5.35,1.0,-0.17,1.0,0.16,1.0,0.0,1.0,-4.8,1.0,-33.37,1.0,65.54,1.0,-29.36,1.0,4.36,0.0,0.0,0.0,0.0,0.0,0.0,0.0,0.0,1.0,0.14,1.0,-0.43,1.0,4.74,1.0,0.0,1.0,-0.08,1.0,0.0,1.0,5.38,1.0,-43.56,1.0,91.05,1.0,-47.8,1.0,-4.69,0.0,0.0,0.0,0.0,0.0,0.0,0.0,0.0,0.0,0.0,0.0,0.0,0.0,0.0,0.0,0.0,1536.0,-9936.0
90.0,5414.0,0.33,0.19,-0.93,153.72,10.48,69.87,0.0,0.0,0.0,0.0,4.02,2.31,-150.92,0.0,0.0,0.0,0.0,0.0,1.0,-0.14,1.0,0.49,1.0,5.35,1.0,0.14,1.0,0.16,1.0,0.0,1.0,-4.8,1.0,-32.39,1.0,65.54,1.0,-30.03,1.0,4.7,0.0,0.0,0.0,0.0,0.0,0.0,0.0,0.0,1.0,-0.14,1.0,-0.43,1.0,4.74,1.0,0.3,1.0,-0.08,1.0,0.3,1.0,5.07,1.0,-45.18,1.0,93.38,1.0,-47.46,1.0,-4.69,0.0,0.0,0.0,0.0,0.0,0.0,0.0,0.0,0.0,0.0,0.0,0.0,0.0,1024.0,0.0,0.0,1536.0,-18477.0
90.0,5416.0,0.37,0.21,-0.97,97.82,97.82,10.48,0.0,0.0,0.0,0.0,4.81,2.97,-150.74,0.0,0.0,0.0,0.0,0.0,1.0,-0.14,1.0,-0.49,1.0,5.04,1.0,-0.17,1.0,-0.18,1.0,0.0,1.0,-5.14,1.0,-30.43,1.0,65.88,1.0,-31.72,1.0,4.05,0.0,0.0,0.0,0.0,0.0,0.0,0.0,0.0,1.0,-0.47,1.0,0.22,1.0,4.4,1.0,0.0,1.0,0.23,1.0,0.0,1.0,5.07,1.0,-46.83,1.0,95.07,1.0,-46.11,1.0,-4.69,0.0,0.0,0.0,0.0,0.0,0.0,0.0,0.0,0.0,0.0,0.0,0.0,0.0,256.0,0.0,0.0,1536.0,-14957.0
90.0,5417.0,0.3,0.16,-0.99,69.87,76.86,13.97,0.0,0.0,0.0,0.0,5.1,3.31,-150.79,0.0,0.0,0.0,0.0,0.0,1.0,-0.14,1.0,-0.83,1.0,5.35,1.0,-0.17,1.0,-0.18,1.0,0.0,1.0,-4.8,1.0,-29.79,1.0,65.88,1.0,-32.06,1.0,4.05,0.0,0.0,0.0,0.0,0.0,0.0,0.0,0.0,1.0,-0.14,1.0,0.22,1.0,4.74,1.0,0.0,1.0,-0.38,1.0,0.3,1.0,4.73,1.0,-46.83,1.0,94.05,1.0,-45.44,1.0,-4.69,0.0,0.0,0.0,0.0,0.0,0.0,0.0,0.0,0.0,0.0,0.0,0.0,0.0,0.0,0.0,0.0,1536.0,-10232.0
90.0,5418.0,0.28,0.17,-1.03,48.91,45.42,62.89,0.0,0.0,0.0,0.0,5.31,3.48,-150.63,0.0,0.0,0.0,0.0,0.0,1.0,-0.14,1.0,-1.5,1.0,4.44,1.0,0.14,1.0,-0.18,1.0,0.0,1.0,-5.14,1.0,-29.12,1.0,65.88,1.0,-32.73,1.0,3.41,0.0,0.0,0.0,0.0,0.0,0.0,0.0,0.0,1.0,-0.14,1.0,0.86,1.0,5.07,1.0,0.0,1.0,-0.38,1.0,0.0,1.0,4.43,1.0,-46.5,1.0,92.03,1.0,-43.45,1.0,-4.02,0.0,0.0,0.0,0.0,0.0,0.0,0.0,0.0,0.0,0.0,0.0,0.0,0.0,0.0,0.0,0.0,1536.0,-9843.0
90.0,5419.0,0.23,0.14,-1.04,27.95,20.96,34.94,0.0,0.0,0.0,0.0,5.41,3.5,-150.49,0.0,0.0,0.0,0.0,0.0,1.0,-0.14,1.0,-1.84,1.0,4.44,1.0,-0.17,1.0,-0.18,1.0,0.0,1.0,-5.14,1.0,-28.48,1.0,65.88,1.0,-33.74,1.0,3.08,0.0,0.0,0.0,0.0,0.0,0.0,0.0,0.0,1.0,-0.14,1.0,1.16,1.0,5.07,1.0,0.64,1.0,0.83,1.0,0.3,1.0,4.09,1.0,-46.16,1.0,89.7,1.0,-42.1,1.0,-3.68,0.0,0.0,0.0,0.0,0.0,0.0,0.0,0.0,0.0,0.0,0.0,0.0,0.0,0.0,0.0,0.0,1536.0,-2570.0
90.0,5420.0,0.26,0.13,-1.1,34.94,10.48,-27.95,0.0,0.0,0.0,0.0,5.5,3.54,-150.56,0.0,0.0,0.0,0.0,0.0,1.0,-0.14,1.0,-2.14,1.0,4.1,1.0,0.14,1.0,0.16,1.0,0.0,1.0,-4.8,1.0,-27.84,1.0,65.88,1.0,-34.42,1.0,3.08,0.0,0.0,0.0,0.0,0.0,0.0,0.0,0.0,1.0,-0.14,1.0,1.8,1.0,5.07,1.0,0.0,1.0,0.53,1.0,0.0,1.0,3.76,1.0,-45.52,1.0,85.99,1.0,-39.43,1.0,-3.0,0.0,0.0,0.0,0.0,0.0,0.0,0.0,0.0,0.0,0.0,0.0,0.0,0.0,0.0,0.0,0.0,1536.0,4099.0
90.0,5421.0,0.23,0.18,-1.09,31.44,-20.96,-55.9,0.0,0.0,0.0,0.0,5.5,3.45,-150.84,0.0,0.0,0.0,0.0,0.0,1.0,-0.14,1.0,-3.15,1.0,4.74,1.0,0.14,1.0,0.16,1.0,0.0,1.0,-3.79,1.0,-27.16,1.0,65.88,1.0,-35.09,1.0,2.1,0.0,0.0,0.0,0.0,0.0,0.0,0.0,0.0,1.0,-0.14,1.0,3.08,1.0,5.07,1.0,0.0,1.0,-0.08,1.0,0.3,1.0,3.11,1.0,-43.9,1.0,82.31,1.0,-36.86,1.0,-2.67,0.0,0.0,0.0,0.0,0.0,0.0,0.0,0.0,0.0,0.0,0.0,0.0,0.0,1024.0,0.0,0.0,1536.0,9314.0
90.0,5422.0,0.23,0.18,-1.07,10.48,-45.42,-41.92,0.0,0.0,0.0,0.0,5.36,3.29,-151.05,0.0,0.0,0.0,0.0,0.0,1.0,-0.14,1.0,-2.82,1.0,4.74,1.0,-0.17,1.0,0.16,1.0,0.0,1.0,-3.49,1.0,-26.52,1.0,65.88,1.0,-36.14,1.0,1.46,0.0,0.0,0.0,0.0,0.0,0.0,0.0,0.0,1.0,0.14,1.0,3.73,1.0,4.74,1.0,0.0,1.0,0.53,1.0,0.3,1.0,2.81,1.0,-41.6,1.0,75.59,1.0,-32.0,1.0,-0.98,0.0,0.0,0.0,0.0,0.0,0.0,0.0,0.0,0.0,0.0,0.0,0.0,0.0,0.0,0.0,0.0,1536.0,13299.0
90.0,5424.0,0.3,0.09,-1.01,-6.99,-24.46,-13.97,0.0,0.0,0.0,0.0,5.18,2.99,-151.43,0.0,0.0,0.0,0.0,0.0,1.0,-0.14,1.0,-4.13,1.0,3.79,1.0,0.14,1.0,0.16,1.0,0.0,1.0,-2.14,1.0,-25.2,1.0,65.54,1.0,-37.15,1.0,0.51,0.0,0.0,0.0,0.0,0.0,0.0,0.0,0.0,1.0,-0.14,1.0,4.7,1.0,5.07,1.0,0.0,1.0,-0.08,1.0,0.3,1.0,1.87,1.0,-38.33,1.0,70.9,1.0,-27.82,1.0,0.3,0.0,0.0,0.0,0.0,0.0,0.0,0.0,0.0,0.0,0.0,0.0,0.0,0.0,0.0,0.0,0.0,1536.0,10042.0
90.0,5425.0,0.32,0.14,-0.97,6.99,-3.49,20.96,0.0,0.0,0.0,0.0,5.24,3.04,-151.39,0.0,0.0,0.0,0.0,0.0,1.0,-0.14,1.0,-4.81,1.0,4.74,1.0,0.14,1.0,0.16,1.0,0.0,1.0,-1.53,1.0,-24.9,1.0,65.24,1.0,-37.49,1.0,0.17,0.0,0.0,0.0,0.0,0.0,0.0,0.0,0.0,1.0,-0.14,1.0,5.01,1.0,5.07,1.0,0.0,1.0,0.23,1.0,0.3,1.0,1.19,1.0,-37.04,1.0,68.2,1.0,-25.86,1.0,1.92,0.0,0.0,0.0,0.0,0.0,0.0,0.0,0.0,0.0,0.0,0.0,0.0,0.0,0.0,0.0,0.0,1536.0,2796.0
90.0,5426.0,0.32,0.13,-1.19,-66.38,73.37,-87.34,0.0,0.0,0.0,0.0,4.71,3.35,-151.56,0.0,0.0,0.0,0.0,0.0,1.0,-0.14,1.0,-4.81,1.0,4.74,1.0,0.14,1.0,-0.18,1.0,0.0,1.0,-1.19,1.0,-24.9,1.0,64.9,1.0,-37.83,1.0,0.17,0.0,0.0,0.0,0.0,0.0,0.0,0.0,0.0,1.0,-0.14,1.0,4.7,1.0,5.07,1.0,0.0,1.0,-0.08,1.0,0.3,1.0,0.21,1.0,-36.37,1.0,66.21,1.0,-25.22,1.0,2.26,0.0,0.0,0.0,0.0,0.0,0.0,0.0,0.0,0.0,0.0,0.0,0.0,0.0,0.0,0.0,0.0,1536.0,13600.0
90.0,5427.0,0.1,-0.01,-1.4,-83.85,-10.48,-125.77,0.0,0.0,0.0,0.0,4.41,3.14,-152.02,0.0,0.0,0.0,0.0,0.0,1.0,-0.14,1.0,-5.15,1.0,4.44,1.0,0.14,1.0,-0.18,1.0,0.0,1.0,-0.25,1.0,-24.9,1.0,63.92,1.0,-37.83,1.0,0.17,0.0,0.0,0.0,0.0,0.0,0.0,0.0,0.0,1.0,-0.14,1.0,4.37,1.0,5.07,1.0,0.3,1.0,0.53,1.0,0.3,1.0,-0.77,1.0,-36.07,1.0,64.86,1.0,-24.92,1.0,2.57,0.0,0.0,0.0,0.0,0.0,0.0,0.0,0.0,0.0,0.0,0.0,0.0,0.0,0.0,0.0,0.0,1536.0,27880.0
90.0,5428.0,0.09,-0.07,-1.39,-62.89,-104.81,-31.44,0.0,0.0,0.0,0.0,4.33,2.44,-152.22,0.0,0.0,0.0,0.0,0.0,1.0,-0.14,1.0,-5.15,1.0,4.74,1.0,0.14,1.0,-0.18,1.0,0.0,1.0,0.73,1.0,-25.2,1.0,63.28,1.0,-37.83,1.0,-0.16,0.0,0.0,0.0,0.0,0.0,0.0,0.0,0.0,1.0,0.14,1.0,4.7,1.0,5.07,1.0,0.0,1.0,-0.38,1.0,0.0,1.0,-1.41,1.0,-36.07,1.0,63.85,1.0,-24.92,1.0,2.57,0.0,0.0,0.0,0.0,0.0,0.0,0.0,0.0,0.0,0.0,0.0,0.0,0.0,1024.0,0.0,0.0,1536.0,25117.0
90.0,5429.0,0.1,-0.09,-1.13,-122.28,-101.32,0.0,0.0,0.0,0.0,0.0,3.9,2.04,-152.15,0.0,0.0,0.0,0.0,0.0,1.0,-0.14,1.0,-5.15,1.0,4.74,1.0,0.14,1.0,-0.18,1.0,0.0,1.0,1.07,1.0,-25.2,1.0,63.28,1.0,-37.83,1.0,-1.11,0.0,0.0,0.0,0.0,0.0,0.0,0.0,0.0,1.0,0.47,1.0,4.7,1.0,5.07,1.0,0.0,1.0,-0.08,1.0,0.0,1.0,-1.71,1.0,-36.37,1.0,63.85,1.0,-25.22,1.0,2.9,0.0,0.0,0.0,0.0,0.0,0.0,0.0,0.0,0.0,0.0,0.0,0.0,0.0,0.0,0.0,0.0,1536.0,28692.0
90.0,5430.0,0.13,-0.17,-0.87,-83.85,-125.77,-20.96,0.0,0.0,0.0,0.0,3.62,1.58,-152.17,0.0,0.0,0.0,0.0,0.0,1.0,-0.14,1.0,-4.81,1.0,4.74,1.0,0.14,1.0,-0.18,1.0,-0.3,1.0,1.71,1.0,-25.54,1.0,62.64,1.0,-37.83,1.0,-1.45,0.0,0.0,0.0,0.0,0.0,0.0,0.0,0.0,1.0,0.47,1.0,4.7,1.0,5.07,1.0,0.0,1.0,-0.08,1.0,0.3,1.0,-2.39,1.0,-36.71,1.0,63.85,1.0,-25.56,1.0,2.9,0.0,0.0,0.0,0.0,0.0,0.0,0.0,0.0,0.0,0.0,0.0,0.0,0.0,256.0,0.0,0.0,1536.0,29358.0
90.0,5431.0,0.14,-0.12,-0.74,-69.87,-129.26,31.44,0.0,0.0,0.0,0.0,3.45,1.14,-152.04,0.0,0.0,0.0,0.0,0.0,1.0,-0.14,1.0,-4.81,1.0,4.74,1.0,0.14,1.0,0.16,1.0,-0.3,1.0,2.05,1.0,-25.54,1.0,62.97,1.0,-37.83,1.0,-1.75,0.0,0.0,0.0,0.0,0.0,0.0,0.0,0.0,1.0,0.47,1.0,4.7,1.0,5.07,1.0,0.0,1.0,-0.08,1.0,0.3,1.0,-2.39,1.0,-37.04,1.0,63.85,1.0,-25.56,1.0,2.9,0.0,0.0,0.0,0.0,0.0,0.0,0.0,0.0,0.0,0.0,0.0,0.0,0.0,0.0,0.0,0.0,1536.0,23315.0
90.0,5432.0,0.18,-0.14,-0.84,-73.37,-73.37,52.4,0.0,0.0,0.0,0.0,3.21,0.87,-151.8,0.0,0.0,0.0,0.0,0.0,1.0,-0.14,1.0,-5.15,1.0,4.44,1.0,0.14,1.0,0.16,1.0,-0.3,1.0,2.05,1.0,-25.54,1.0,62.97,1.0,-37.83,1.0,-1.75,0.0,0.0,0.0,0.0,0.0,0.0,0.0,0.0,1.0,0.14,1.0,4.37,1.0,5.07,1.0,0.3,1.0,-0.08,1.0,0.3,1.0,-2.69,1.0,-37.35,1.0,64.19,1.0,-25.86,1.0,3.54,0.0,0.0,0.0,0.0,0.0,0.0,0.0,0.0,0.0,0.0,0.0,0.0,0.0,0.0,0.0,0.0,9728.0,7915.0
90.0,5433.0,0.15,-0.17,-0.95,-31.44,-108.3,55.9,0.0,0.0,0.0,0.0,3.26,0.43,-151.55,0.0,0.0,0.0,0.0,0.0,1.0,-0.14,1.0,-5.15,1.0,4.74,1.0,0.14,1.0,0.16,1.0,0.0,1.0,2.35,1.0,-25.54,1.0,63.28,1.0,-37.83,1.0,-2.43,0.0,0.0,0.0,0.0,0.0,0.0,0.0,0.0,1.0,-0.14,1.0,4.37,1.0,5.07,1.0,0.0,1.0,-0.08,1.0,0.0,1.0,-3.03,1.0,-37.35,1.0,64.52,1.0,-25.86,1.0,3.54,0.0,0.0,0.0,0.0,0.0,0.0,0.0,0.0,0.0,0.0,0.0,0.0,0.0,1024.0,0.0,0.0,1536.0,14099.0
90.0,5434.0,0.14,-0.11,-0.97,-13.97,-104.81,6.99,0.0,0.0,0.0,0.0,3.28,-0.1,-151.47,0.0,0.0,0.0,0.0,0.0,1.0,-0.14,1.0,-4.81,1.0,4.74,1.0,-0.17,1.0,0.16,1.0,0.0,1.0,2.35,1.0,-25.54,1.0,63.28,1.0,-37.83,1.0,-3.07,0.0,0.0,0.0,0.0,0.0,0.0,0.0,0.0,1.0,-0.14,1.0,4.7,1.0,5.07,1.0,0.0,1.0,0.53,1.0,0.0,1.0,-3.03,1.0,-37.35,1.0,64.86,1.0,-26.5,1.0,4.22,0.0,0.0,0.0,0.0,0.0,0.0,0.0,0.0,0.0,0.0,0.0,0.0,0.0,0.0,0.0,0.0,1536.0,17886.0
90.0,5436.0,0.15,-0.15,-0.89,-13.97,-59.39,17.47,0.0,0.0,0.0,0.0,3.31,-0.66,-151.5,0.0,0.0,0.0,0.0,0.0,1.0,-0.14,1.0,-3.8,1.0,3.79,1.0,-0.17,1.0,-0.18,1.0,0.0,1.0,3.03,1.0,-27.16,1.0,66.82,1.0,-37.83,1.0,-3.37,0.0,0.0,0.0,0.0,0.0,0.0,0.0,0.0,1.0,-0.47,1.0,4.06,1.0,5.07,1.0,0.3,1.0,-0.08,1.0,0.3,1.0,-3.67,1.0,-37.04,1.0,65.2,1.0,-27.48,1.0,5.16,0.0,0.0,0.0,0.0,0.0,0.0,0.0,0.0,0.0,0.0,0.0,0.0,0.0,0.0,0.0,0.0,1536.0,12244.0
90.0,5436.0,0.15,-0.15,-0.89,-13.97,-59.39,17.47,0.0,0.0,0.0,0.0,3.31,-0.66,-151.5,0.0,0.0,0.0,0.0,0.0,1.0,-0.14,1.0,-3.8,1.0,3.79,1.0,-0.17,1.0,-0.18,1.0,0.0,1.0,3.03,1.0,-27.16,1.0,66.82,1.0,-37.83,1.0,-3.37,0.0,0.0,0.0,0.0,0.0,0.0,0.0,0.0,1.0,-0.47,1.0,4.06,1.0,5.07,1.0,0.3,1.0,-0.08,1.0,0.3,1.0,-3.67,1.0,-37.04,1.0,65.2,1.0,-27.48,1.0,5.16,0.0,0.0,0.0,0.0,0.0,0.0,0.0,0.0,0.0,0.0,0.0,0.0,0.0,0.0,0.0,0.0,1536.0,12244.0
90.0,5438.0,0.08,-0.13,-0.95,-34.94,-48.91,0.0,0.0,0.0,0.0,0.0,3.26,-1.14,-151.47,0.0,0.0,0.0,0.0,0.0,1.0,-0.14,1.0,-3.8,1.0,4.74,1.0,0.14,1.0,-0.18,1.0,0.0,1.0,3.67,1.0,-32.05,1.0,74.28,1.0,-41.54,1.0,-4.01,0.0,0.0,0.0,0.0,0.0,0.0,0.0,0.0,1.0,-0.14,1.0,3.08,1.0,5.07,1.0,0.3,1.0,-0.08,1.0,0.3,1.0,-4.01,1.0,-36.71,1.0,65.2,1.0,-29.1,1.0,6.14,0.0,0.0,0.0,0.0,0.0,0.0,0.0,0.0,0.0,0.0,0.0,0.0,0.0,1024.0,0.0,0.0,1536.0,14193.0
90.0,5438.0,0.08,-0.13,-0.95,-34.94,-48.91,0.0,0.0,0.0,0.0,0.0,3.26,-1.14,-151.47,0.0,0.0,0.0,0.0,0.0,1.0,-0.14,1.0,-3.8,1.0,4.74,1.0,0.14,1.0,-0.18,1.0,0.0,1.0,3.67,1.0,-32.05,1.0,74.28,1.0,-41.54,1.0,-4.01,0.0,0.0,0.0,0.0,0.0,0.0,0.0,0.0,1.0,-0.14,1.0,3.08,1.0,5.07,1.0,0.3,1.0,-0.08,1.0,0.3,1.0,-4.01,1.0,-36.71,1.0,65.2,1.0,-29.1,1.0,6.14,0.0,0.0,0.0,0.0,0.0,0.0,0.0,0.0,0.0,0.0,0.0,0.0,0.0,1024.0,0.0,0.0,1536.0,14193.0
90.0,5438.0,0.08,-0.13,-0.95,-34.94,-48.91,0.0,0.0,0.0,0.0,0.0,3.26,-1.14,-151.47,0.0,0.0,0.0,0.0,0.0,1.0,-0.14,1.0,-3.8,1.0,4.74,1.0,0.14,1.0,-0.18,1.0,0.0,1.0,3.67,1.0,-32.05,1.0,74.28,1.0,-41.54,1.0,-4.01,0.0,0.0,0.0,0.0,0.0,0.0,0.0,0.0,1.0,-0.14,1.0,3.08,1.0,5.07,1.0,0.3,1.0,-0.08,1.0,0.3,1.0,-4.01,1.0,-36.71,1.0,65.2,1.0,-29.1,1.0,6.14,0.0,0.0,0.0,0.0,0.0,0.0,0.0,0.0,0.0,0.0,0.0,0.0,0.0,1024.0,0.0,0.0,1536.0,14193.0
90.0,5442.0,0.15,-0.09,-1.04,-87.34,3.49,-80.35,0.0,0.0,0.0,0.0,2.33,-1.85,-151.86,0.0,0.0,0.0,0.0,0.0,1.0,-0.14,1.0,-1.16,1.0,4.74,1.0,0.14,1.0,-0.18,1.0,0.0,1.0,4.31,1.0,-43.16,1.0,90.11,1.0,-47.51,1.0,-4.35,0.0,0.0,0.0,0.0,0.0,0.0,0.0,0.0,1.0,-0.14,1.0,0.52,1.0,5.07,1.0,0.0,1.0,0.23,1.0,0.3,1.0,-4.65,1.0,-34.11,1.0,64.86,1.0,-31.36,1.0,6.14,0.0,0.0,0.0,0.0,0.0,0.0,0.0,0.0,0.0,0.0,0.0,0.0,0.0,0.0,0.0,0.0,1536.0,23599.0
90.0,5443.0,0.19,-0.1,-1.03,-94.33,52.4,-104.81,0.0,0.0,0.0,0.0,1.94,-1.7,-152.21,0.0,0.0,0.0,0.0,0.0,1.0,-0.14,1.0,-0.49,1.0,4.74,1.0,0.14,1.0,-0.18,1.0,0.0,1.0,4.31,1.0,-45.12,1.0,92.67,1.0,-47.51,1.0,-4.35,0.0,0.0,0.0,0.0,0.0,0.0,0.0,0.0,1.0,0.14,1.0,-0.43,1.0,5.07,1.0,0.3,1.0,-0.08,1.0,0.3,1.0,-4.34,1.0,-33.13,1.0,65.2,1.0,-32.0,1.0,6.14,0.0,0.0,0.0,0.0,0.0,0.0,0.0,0.0,0.0,0.0,0.0,0.0,0.0,0.0,0.0,0.0,1536.0,21749.0
90.0,5443.0,0.19,-0.1,-1.03,-94.33,52.4,-104.81,0.0,0.0,0.0,0.0,1.94,-1.7,-152.21,0.0,0.0,0.0,0.0,0.0,1.0,-0.14,1.0,-0.49,1.0,4.74,1.0,0.14,1.0,-0.18,1.0,0.0,1.0,4.31,1.0,-45.12,1.0,92.67,1.0,-47.51,1.0,-4.35,0.0,0.0,0.0,0.0,0.0,0.0,0.0,0.0,1.0,0.14,1.0,-0.43,1.0,5.07,1.0,0.3,1.0,-0.08,1.0,0.3,1.0,-4.34,1.0,-33.13,1.0,65.2,1.0,-32.0,1.0,6.14,0.0,0.0,0.0,0.0,0.0,0.0,0.0,0.0,0.0,0.0,0.0,0.0,0.0,0.0,0.0,0.0,1536.0,21749.0
90.0,5444.0,0.22,-0.14,-1.02,-83.85,97.82,-83.85,0.0,0.0,0.0,0.0,1.65,-1.27,-152.51,0.0,0.0,0.0,0.0,0.0,1.0,-0.14,1.0,0.49,1.0,4.74,1.0,0.14,1.0,0.16,1.0,0.0,1.0,4.31,1.0,-46.43,1.0,94.29,1.0,-47.21,1.0,-4.32,0.0,0.0,0.0,0.0,0.0,0.0,0.0,0.0,1.0,0.47,1.0,-1.07,1.0,5.07,1.0,0.0,1.0,-0.08,1.0,0.0,1.0,-4.34,1.0,-31.48,1.0,65.2,1.0,-32.65,1.0,6.14,0.0,0.0,0.0,0.0,0.0,0.0,0.0,0.0,0.0,0.0,0.0,0.0,0.0,0.0,0.0,0.0,1536.0,13873.0
90.0,5444.0,0.22,-0.14,-1.02,-83.85,97.82,-83.85,0.0,0.0,0.0,0.0,1.65,-1.27,-152.51,0.0,0.0,0.0,0.0,0.0,1.0,-0.14,1.0,0.49,1.0,4.74,1.0,0.14,1.0,0.16,1.0,0.0,1.0,4.31,1.0,-46.43,1.0,94.29,1.0,-47.21,1.0,-4.32,0.0,0.0,0.0,0.0,0.0,0.0,0.0,0.0,1.0,0.47,1.0,-1.07,1.0,5.07,1.0,0.0,1.0,-0.08,1.0,0.0,1.0,-4.34,1.0,-31.48,1.0,65.2,1.0,-32.65,1.0,6.14,0.0,0.0,0.0,0.0,0.0,0.0,0.0,0.0,0.0,0.0,0.0,0.0,0.0,0.0,0.0,0.0,1536.0,13873.0
90.0,5447.0,0.25,-0.04,-1.0,-87.34,171.19,-31.44,0.0,0.0,0.0,0.0,0.78,0.6,-152.83,0.0,0.0,0.0,0.0,0.0,1.0,-0.14,1.0,1.81,1.0,4.44,1.0,0.14,1.0,0.16,1.0,-0.3,1.0,3.97,1.0,-47.41,1.0,90.41,1.0,-42.55,1.0,-4.65,0.0,0.0,0.0,0.0,0.0,0.0,0.0,0.0,1.0,0.47,1.0,-1.71,1.0,4.74,1.0,0.0,1.0,-0.38,1.0,0.3,1.0,-4.34,1.0,-28.54,1.0,65.2,1.0,-34.6,1.0,4.86,0.0,0.0,0.0,0.0,0.0,0.0,0.0,0.0,0.0,0.0,0.0,0.0,0.0,256.0,0.0,0.0,1536.0,1443.0
90.0,5448.0,0.2,0.03,-1.04,-87.34,146.73,-73.37,0.0,0.0,0.0,0.0,0.31,1.19,-153.01,0.0,0.0,0.0,0.0,0.0,1.0,-0.14,1.0,2.14,1.0,4.74,1.0,0.14,1.0,-0.18,1.0,-0.3,1.0,3.97,1.0,-46.43,1.0,87.51,1.0,-41.2,1.0,-4.35,0.0,0.0,0.0,0.0,0.0,0.0,0.0,0.0,1.0,0.47,1.0,-2.05,1.0,5.07,1.0,0.3,1.0,-0.08,1.0,0.3,1.0,-4.65,1.0,-27.9,1.0,65.2,1.0,-34.91,1.0,4.86,0.0,0.0,0.0,0.0,0.0,0.0,0.0,0.0,0.0,0.0,0.0,0.0,0.0,0.0,0.0,0.0,1536.0,8282.0
90.0,5449.0,0.14,0.02,-1.06,-108.3,104.81,-90.83,0.0,0.0,0.0,0.0,-0.21,1.5,-153.31,0.0,0.0,0.0,0.0,0.0,1.0,-0.14,1.0,2.48,1.0,4.74,1.0,0.14,1.0,0.16,1.0,-0.3,1.0,3.33,1.0,-45.76,1.0,83.97,1.0,-38.84,1.0,-3.37,0.0,0.0,0.0,0.0,0.0,0.0,0.0,0.0,1.0,0.47,1.0,-2.69,1.0,4.74,1.0,0.0,1.0,-0.08,1.0,0.0,1.0,-4.34,1.0,-27.26,1.0,65.2,1.0,-35.55,1.0,4.22,0.0,0.0,0.0,0.0,0.0,0.0,0.0,0.0,0.0,0.0,0.0,0.0,0.0,0.0,0.0,0.0,1536.0,16514.0
90.0,5450.0,0.14,-0.03,-1.05,-115.29,59.39,-20.96,0.0,0.0,0.0,0.0,-0.62,1.72,-153.39,0.0,0.0,0.0,0.0,0.0,1.0,-0.14,1.0,2.82,1.0,4.44,1.0,-0.17,1.0,0.16,1.0,-0.3,1.0,3.03,1.0,-44.47,1.0,80.73,1.0,-37.15,1.0,-2.73,0.0,0.0,0.0,0.0,0.0,0.0,0.0,0.0,1.0,0.47,1.0,-2.99,1.0,5.07,1.0,0.0,1.0,-0.08,1.0,0.3,1.0,-4.34,1.0,-27.26,1.0,65.2,1.0,-35.55,1.0,3.88,0.0,0.0,0.0,0.0,0.0,0.0,0.0,0.0,0.0,0.0,0.0,0.0,0.0,0.0,0.0,0.0,1536.0,14818.0
90.0,5451.0,0.16,-0.04,-1.06,-115.29,38.43,34.94,0.0,0.0,0.0,0.0,-0.98,1.84,-153.22,0.0,0.0,0.0,0.0,0.0,1.0,-0.14,1.0,3.8,1.0,3.79,1.0,0.14,1.0,0.16,1.0,-0.3,1.0,2.35,1.0,-43.16,1.0,77.18,1.0,-34.08,1.0,-2.73,0.0,0.0,0.0,0.0,0.0,0.0,0.0,0.0,1.0,0.14,1.0,-3.63,1.0,5.07,1.0,0.3,1.0,-0.08,1.0,0.3,1.0,-4.34,1.0,-26.92,1.0,65.2,1.0,-35.88,1.0,3.24,0.0,0.0,0.0,0.0,0.0,0.0,0.0,0.0,0.0,0.0,0.0,0.0,0.0,0.0,0.0,0.0,1536.0,11381.0
90.0,5451.0,0.16,-0.04,-1.06,-115.29,38.43,34.94,0.0,0.0,0.0,0.0,-0.98,1.84,-153.22,0.0,0.0,0.0,0.0,0.0,1.0,-0.14,1.0,3.8,1.0,3.79,1.0,0.14,1.0,0.16,1.0,-0.3,1.0,2.35,1.0,-43.16,1.0,77.18,1.0,-34.08,1.0,-2.73,0.0,0.0,0.0,0.0,0.0,0.0,0.0,0.0,1.0,0.14,1.0,-3.63,1.0,5.07,1.0,0.3,1.0,-0.08,1.0,0.3,1.0,-4.34,1.0,-26.92,1.0,65.2,1.0,-35.88,1.0,3.24,0.0,0.0,0.0,0.0,0.0,0.0,0.0,0.0,0.0,0.0,0.0,0.0,0.0,0.0,0.0,0.0,1536.0,11381.0
90.0,5453.0,0.19,-0.01,-1.11,-76.86,13.97,-3.49,0.0,0.0,0.0,0.0,-1.59,1.98,-152.89,0.0,0.0,0.0,0.0,0.0,1.0,-0.14,1.0,4.47,1.0,4.1,1.0,-0.17,1.0,0.16,1.0,-0.3,1.0,1.38,1.0,-39.58,1.0,73.61,1.0,-26.66,1.0,1.79,0.0,0.0,0.0,0.0,0.0,0.0,0.0,0.0,1.0,0.14,1.0,-4.58,1.0,4.74,1.0,0.3,1.0,0.83,1.0,0.3,1.0,-3.37,1.0,-25.3,1.0,65.2,1.0,-36.86,1.0,1.62,0.0,0.0,0.0,0.0,0.0,0.0,0.0,0.0,0.0,0.0,0.0,0.0,0.0,0.0,0.0,0.0,1536.0,12711.0
90.0,5455.0,0.29,-0.09,-1.16,34.94,45.42,122.28,0.0,0.0,0.0,0.0,-1.25,2.54,-152.21,0.0,0.0,0.0,0.0,0.0,1.0,-0.14,1.0,4.78,1.0,4.74,1.0,-0.17,1.0,0.16,1.0,-0.3,1.0,0.09,1.0,-37.62,1.0,66.52,1.0,-24.97,1.0,2.1,0.0,0.0,0.0,0.0,0.0,0.0,0.0,0.0,1.0,0.14,1.0,-5.22,1.0,4.74,1.0,0.3,1.0,0.53,1.0,0.3,1.0,-1.07,1.0,-24.63,1.0,65.2,1.0,-37.17,1.0,0.3,0.0,0.0,0.0,0.0,0.0,0.0,0.0,0.0,0.0,0.0,0.0,0.0,0.0,0.0,0.0,0.0,1536.0,-14041.0
90.0,5456.0,0.21,0.05,-1.3,94.33,31.44,171.19,0.0,0.0,0.0,0.0,-0.74,2.7,-151.64,0.0,0.0,0.0,0.0,0.0,1.0,-0.14,1.0,4.78,1.0,4.74,1.0,0.14,1.0,0.16,1.0,-0.3,1.0,-0.55,1.0,-36.95,1.0,65.54,1.0,-24.63,1.0,1.79,0.0,0.0,0.0,0.0,0.0,0.0,0.0,0.0,1.0,0.14,1.0,-5.56,1.0,4.74,1.0,0.0,1.0,-0.08,1.0,0.0,1.0,0.21,1.0,-24.63,1.0,64.52,1.0,-37.51,1.0,-0.3,0.0,0.0,0.0,0.0,0.0,0.0,0.0,0.0,0.0,0.0,0.0,0.0,0.0,0.0,0.0,0.0,1536.0,-23340.0
90.0,5457.0,0.14,0.19,-1.33,97.82,-17.47,129.26,0.0,0.0,0.0,0.0,-0.47,2.48,-151.21,0.0,0.0,0.0,0.0,0.0,1.0,-0.14,1.0,4.78,1.0,5.04,1.0,0.14,1.0,-0.18,1.0,-0.3,1.0,-1.19,1.0,-36.31,1.0,64.9,1.0,-24.29,1.0,1.79,0.0,0.0,0.0,0.0,0.0,0.0,0.0,0.0,1.0,0.14,1.0,-4.91,1.0,4.74,1.0,0.0,1.0,-0.08,1.0,0.3,1.0,0.89,1.0,-24.63,1.0,64.19,1.0,-37.51,1.0,-0.64,0.0,0.0,0.0,0.0,0.0,0.0,0.0,0.0,0.0,0.0,0.0,0.0,0.0,0.0,0.0,0.0,1536.0,-14720.0
90.0,5458.0,0.17,0.21,-1.16,132.76,-27.95,111.8,0.0,0.0,0.0,0.0,0.03,2.32,-150.85,0.0,0.0,0.0,0.0,0.0,1.0,-0.14,1.0,4.78,1.0,5.04,1.0,0.14,1.0,-0.18,1.0,-0.3,1.0,-1.19,1.0,-36.31,1.0,64.26,1.0,-24.63,1.0,1.79,0.0,0.0,0.0,0.0,0.0,0.0,0.0,0.0,1.0,-0.14,1.0,-4.58,1.0,5.07,1.0,0.3,1.0,-0.08,1.0,0.3,1.0,1.53,1.0,-24.96,1.0,63.85,1.0,-37.17,1.0,-0.98,0.0,0.0,0.0,0.0,0.0,0.0,0.0,0.0,0.0,0.0,0.0,0.0,0.0,0.0,0.0,0.0,1536.0,-15480.0
90.0,5459.0,0.2,0.26,-0.96,125.77,-20.96,59.39,0.0,0.0,0.0,0.0,0.5,2.32,-150.66,0.0,0.0,0.0,0.0,0.0,1.0,-0.14,1.0,4.78,1.0,5.35,1.0,0.14,1.0,-0.18,1.0,-0.3,1.0,-1.53,1.0,-36.64,1.0,64.26,1.0,-24.63,1.0,2.1,0.0,0.0,0.0,0.0,0.0,0.0,0.0,0.0,1.0,-0.47,1.0,-4.58,1.0,4.74,1.0,0.0,1.0,-0.38,1.0,0.3,1.0,1.87,1.0,-24.96,1.0,63.85,1.0,-37.17,1.0,-0.98,0.0,0.0,0.0,0.0,0.0,0.0,0.0,0.0,0.0,0.0,0.0,0.0,0.0,1024.0,0.0,0.0,1536.0,-11261.0
90.0,5460.0,0.15,0.3,-0.85,69.87,-41.92,27.95,0.0,0.0,0.0,0.0,0.69,2.23,-150.62,0.0,0.0,0.0,0.0,0.0,1.0,-0.14,1.0,4.78,1.0,5.35,1.0,0.14,1.0,-0.18,1.0,-0.3,1.0,-1.87,1.0,-36.95,1.0,64.22,1.0,-25.31,1.0,2.44,0.0,0.0,0.0,0.0,0.0,0.0,0.0,0.0,1.0,-0.47,1.0,-4.58,1.0,4.74,1.0,0.3,1.0,-0.08,1.0,0.3,1.0,1.87,1.0,-24.96,1.0,63.51,1.0,-37.51,1.0,-1.65,0.0,0.0,0.0,0.0,0.0,0.0,0.0,0.0,0.0,0.0,0.0,0.0,0.0,0.0,0.0,0.0,1536.0,746.0
90.0,5461.0,0.15,0.3,-0.84,13.97,-59.39,13.97,0.0,0.0,0.0,0.0,0.66,1.95,-150.6,0.0,0.0,0.0,0.0,0.0,1.0,-0.14,1.0,4.78,1.0,5.04,1.0,0.14,1.0,0.16,1.0,-0.3,1.0,-2.14,1.0,-36.95,1.0,64.26,1.0,-25.64,1.0,3.41,0.0,0.0,0.0,0.0,0.0,0.0,0.0,0.0,1.0,-0.47,1.0,-4.58,1.0,4.4,1.0,0.0,1.0,0.53,1.0,0.3,1.0,2.14,1.0,-24.96,1.0,63.51,1.0,-37.51,1.0,-2.33,0.0,0.0,0.0,0.0,0.0,0.0,0.0,0.0,0.0,0.0,0.0,0.0,0.0,256.0,0.0,0.0,1536.0,9252.0
90.0,5462.0,0.19,0.29,-0.89,-10.48,-55.9,34.94,0.0,0.0,0.0,0.0,0.59,1.77,-150.48,0.0,0.0,0.0,0.0,0.0,1.0,-0.14,1.0,4.47,1.0,5.04,1.0,-0.17,1.0,-0.18,1.0,-0.3,1.0,-2.14,1.0,-36.95,1.0,64.56,1.0,-25.64,1.0,3.08,0.0,0.0,0.0,0.0,0.0,0.0,0.0,0.0,1.0,-0.14,1.0,-4.58,1.0,4.74,1.0,0.0,1.0,-0.08,1.0,0.3,1.0,2.14,1.0,-25.3,1.0,63.85,1.0,-37.17,1.0,-1.99,0.0,0.0,0.0,0.0,0.0,0.0,0.0,0.0,0.0,0.0,0.0,0.0,0.0,0.0,0.0,0.0,1536.0,9546.0
90.0,5463.0,0.21,0.28,-0.89,-13.97,-55.9,20.96,0.0,0.0,0.0,0.0,0.48,1.56,-150.37,0.0,0.0,0.0,0.0,0.0,1.0,-0.14,1.0,4.47,1.0,5.04,1.0,0.14,1.0,0.16,1.0,-0.3,1.0,-2.47,1.0,-36.95,1.0,64.56,1.0,-25.98,1.0,3.08,0.0,0.0,0.0,0.0,0.0,0.0,0.0,0.0,1.0,-0.14,1.0,-4.58,1.0,5.07,1.0,0.3,1.0,-0.08,1.0,0.3,1.0,2.47,1.0,-25.3,1.0,63.51,1.0,-37.17,1.0,-2.67,0.0,0.0,0.0,0.0,0.0,0.0,0.0,0.0,0.0,0.0,0.0,0.0,0.0,0.0,0.0,0.0,9728.0,3128.0
90.0,5464.0,0.22,0.27,-0.9,-6.99,-55.9,-10.48,0.0,0.0,0.0,0.0,0.35,1.37,-150.4,0.0,0.0,0.0,0.0,0.0,1.0,-0.14,1.0,4.78,1.0,5.04,1.0,0.14,1.0,-0.18,1.0,-0.3,1.0,-2.81,1.0,-36.95,1.0,64.56,1.0,-25.98,1.0,4.36,0.0,0.0,0.0,0.0,0.0,0.0,0.0,0.0,1.0,-0.14,1.0,-4.91,1.0,4.74,1.0,0.0,1.0,-0.08,1.0,0.3,1.0,2.81,1.0,-25.6,1.0,63.85,1.0,-37.17,1.0,-3.0,0.0,0.0,0.0,0.0,0.0,0.0,0.0,0.0,0.0,0.0,0.0,0.0,0.0,1024.0,0.0,0.0,1536.0,12777.0
90.0,5464.0,0.22,0.27,-0.9,-6.99,-55.9,-10.48,0.0,0.0,0.0,0.0,0.35,1.37,-150.4,0.0,0.0,0.0,0.0,0.0,1.0,-0.14,1.0,4.78,1.0,5.04,1.0,0.14,1.0,-0.18,1.0,-0.3,1.0,-2.81,1.0,-36.95,1.0,64.56,1.0,-25.98,1.0,4.36,0.0,0.0,0.0,0.0,0.0,0.0,0.0,0.0,1.0,-0.14,1.0,-4.91,1.0,4.74,1.0,0.0,1.0,-0.08,1.0,0.3,1.0,2.81,1.0,-25.6,1.0,63.85,1.0,-37.17,1.0,-3.0,0.0,0.0,0.0,0.0,0.0,0.0,0.0,0.0,0.0,0.0,0.0,0.0,0.0,1024.0,0.0,0.0,1536.0,12777.0
90.0,5467.0,0.26,0.12,-0.99,66.38,-13.97,27.95,0.0,0.0,0.0,0.0,0.61,0.97,-150.44,0.0,0.0,0.0,0.0,0.0,1.0,-0.14,1.0,3.46,1.0,4.44,1.0,0.14,1.0,0.16,1.0,0.0,1.0,-4.46,1.0,-36.31,1.0,65.24,1.0,-26.99,1.0,5.0,0.0,0.0,0.0,0.0,0.0,0.0,0.0,0.0,1.0,0.14,1.0,-3.63,1.0,5.07,1.0,0.0,1.0,-0.08,1.0,0.0,1.0,4.43,1.0,-30.5,1.0,71.58,1.0,-40.07,1.0,-4.02,0.0,0.0,0.0,0.0,0.0,0.0,0.0,0.0,0.0,0.0,0.0,0.0,0.0,0.0,0.0,0.0,1536.0,-1551.0
90.0,5467.0,0.26,0.12,-0.99,66.38,-13.97,27.95,0.0,0.0,0.0,0.0,0.61,0.97,-150.44,0.0,0.0,0.0,0.0,0.0,1.0,-0.14,1.0,3.46,1.0,4.44,1.0,0.14,1.0,0.16,1.0,0.0,1.0,-4.46,1.0,-36.31,1.0,65.24,1.0,-26.99,1.0,5.0,0.0,0.0,0.0,0.0,0.0,0.0,0.0,0.0,1.0,0.14,1.0,-3.63,1.0,5.07,1.0,0.0,1.0,-0.08,1.0,0.0,1.0,4.43,1.0,-30.5,1.0,71.58,1.0,-40.07,1.0,-4.02,0.0,0.0,0.0,0.0,0.0,0.0,0.0,0.0,0.0,0.0,0.0,0.0,0.0,0.0,0.0,0.0,1536.0,-1551.0
90.0,5468.0,0.2,0.14,-0.97,104.81,-17.47,24.46,0.0,0.0,0.0,0.0,1.04,0.9,-150.42,0.0,0.0,0.0,0.0,0.0,1.0,-0.14,1.0,2.82,1.0,4.74,1.0,0.14,1.0,0.16,1.0,0.0,1.0,-4.46,1.0,-35.97,1.0,65.24,1.0,-27.33,1.0,5.0,0.0,0.0,0.0,0.0,0.0,0.0,0.0,0.0,1.0,0.47,1.0,-2.69,1.0,4.74,1.0,0.0,1.0,-0.08,1.0,0.3,1.0,4.73,1.0,-33.77,1.0,75.93,1.0,-42.43,1.0,-4.69,0.0,0.0,0.0,0.0,0.0,0.0,0.0,0.0,0.0,0.0,0.0,0.0,0.0,0.0,0.0,0.0,1536.0,-4657.0
90.0,5471.0,0.23,0.24,-1.01,136.25,20.96,20.96,0.0,0.0,0.0,0.0,2.48,0.93,-150.38,0.0,0.0,0.0,0.0,0.0,1.0,-0.14,1.0,0.49,1.0,5.04,1.0,0.14,1.0,0.16,1.0,0.0,1.0,-4.8,1.0,-34.01,1.0,65.88,1.0,-29.69,1.0,4.7,0.0,0.0,0.0,0.0,0.0,0.0,0.0,0.0,1.0,0.14,1.0,-0.12,1.0,4.74,1.0,0.0,1.0,-0.38,1.0,0.3,1.0,5.07,1.0,-42.58,1.0,89.03,1.0,-47.46,1.0,-5.03,0.0,0.0,0.0,0.0,0.0,0.0,0.0,0.0,0.0,0.0,0.0,0.0,0.0,256.0,0.0,0.0,1536.0,-11590.0
90.0,5471.0,0.23,0.24,-1.01,136.25,20.96,20.96,0.0,0.0,0.0,0.0,2.48,0.93,-150.38,0.0,0.0,0.0,0.0,0.0,1.0,-0.14,1.0,0.49,1.0,5.04,1.0,0.14,1.0,0.16,1.0,0.0,1.0,-4.8,1.0,-34.01,1.0,65.88,1.0,-29.69,1.0,4.7,0.0,0.0,0.0,0.0,0.0,0.0,0.0,0.0,1.0,0.14,1.0,-0.12,1.0,4.74,1.0,0.0,1.0,-0.38,1.0,0.3,1.0,5.07,1.0,-42.58,1.0,89.03,1.0,-47.46,1.0,-5.03,0.0,0.0,0.0,0.0,0.0,0.0,0.0,0.0,0.0,0.0,0.0,0.0,0.0,256.0,0.0,0.0,1536.0,-11590.0
90.0,5473.0,0.34,0.28,-0.95,83.85,90.83,24.46,0.0,0.0,0.0,0.0,3.13,1.58,-150.31,0.0,0.0,0.0,0.0,0.0,1.0,-0.14,1.0,-0.49,1.0,4.74,1.0,0.14,1.0,0.16,1.0,0.0,1.0,-4.8,1.0,-31.41,1.0,65.88,1.0,-30.71,1.0,4.7,0.0,0.0,0.0,0.0,0.0,0.0,0.0,0.0,1.0,-0.14,1.0,0.86,1.0,4.74,1.0,0.3,1.0,0.23,1.0,0.3,1.0,4.73,1.0,-46.16,1.0,93.72,1.0,-47.12,1.0,-5.03,0.0,0.0,0.0,0.0,0.0,0.0,0.0,0.0,0.0,0.0,0.0,0.0,0.0,0.0,0.0,0.0,1536.0,-13893.0
90.0,5474.0,0.35,0.28,-0.95,48.91,146.73,-6.99,0.0,0.0,0.0,0.0,3.22,2.22,-150.36,0.0,0.0,0.0,0.0,0.0,1.0,-0.14,1.0,-0.49,1.0,5.35,1.0,0.14,1.0,0.16,1.0,0.0,1.0,-4.8,1.0,-30.43,1.0,65.88,1.0,-31.04,1.0,4.7,0.0,0.0,0.0,0.0,0.0,0.0,0.0,0.0,1.0,-0.47,1.0,0.86,1.0,4.74,1.0,0.0,1.0,0.23,1.0,0.3,1.0,4.73,1.0,-47.47,1.0,94.39,1.0,-46.79,1.0,-4.69,0.0,0.0,0.0,0.0,0.0,0.0,0.0,0.0,0.0,0.0,0.0,0.0,0.0,0.0,0.0,0.0,1536.0,-12980.0
90.0,5474.0,0.35,0.28,-0.95,48.91,146.73,-6.99,0.0,0.0,0.0,0.0,3.22,2.22,-150.36,0.0,0.0,0.0,0.0,0.0,1.0,-0.14,1.0,-0.49,1.0,5.35,1.0,0.14,1.0,0.16,1.0,0.0,1.0,-4.8,1.0,-30.43,1.0,65.88,1.0,-31.04,1.0,4.7,0.0,0.0,0.0,0.0,0.0,0.0,0.0,0.0,1.0,-0.47,1.0,0.86,1.0,4.74,1.0,0.0,1.0,0.23,1.0,0.3,1.0,4.73,1.0,-47.47,1.0,94.39,1.0,-46.79,1.0,-4.69,0.0,0.0,0.0,0.0,0.0,0.0,0.0,0.0,0.0,0.0,0.0,0.0,0.0,0.0,0.0,0.0,1536.0,-12980.0
90.0,5476.0,0.32,0.16,-1.05,27.95,143.24,62.89,0.0,0.0,0.0,0.0,3.45,3.58,-150.16,0.0,0.0,0.0,0.0,0.0,1.0,-0.14,1.0,-1.16,1.0,4.74,1.0,0.14,1.0,-0.18,1.0,0.0,1.0,-4.8,1.0,-29.12,1.0,66.18,1.0,-32.39,1.0,4.36,0.0,0.0,0.0,0.0,0.0,0.0,0.0,0.0,1.0,-0.47,1.0,0.86,1.0,5.07,1.0,0.3,1.0,-0.08,1.0,0.3,1.0,4.09,1.0,-47.81,1.0,93.04,1.0,-44.09,1.0,-4.35,0.0,0.0,0.0,0.0,0.0,0.0,0.0,0.0,0.0,0.0,0.0,0.0,0.0,1024.0,0.0,0.0,1536.0,-18636.0
90.0,5476.0,0.32,0.16,-1.05,27.95,143.24,62.89,0.0,0.0,0.0,0.0,3.45,3.58,-150.16,0.0,0.0,0.0,0.0,0.0,1.0,-0.14,1.0,-1.16,1.0,4.74,1.0,0.14,1.0,-0.18,1.0,0.0,1.0,-4.8,1.0,-29.12,1.0,66.18,1.0,-32.39,1.0,4.36,0.0,0.0,0.0,0.0,0.0,0.0,0.0,0.0,1.0,-0.47,1.0,0.86,1.0,5.07,1.0,0.3,1.0,-0.08,1.0,0.3,1.0,4.09,1.0,-47.81,1.0,93.04,1.0,-44.09,1.0,-4.35,0.0,0.0,0.0,0.0,0.0,0.0,0.0,0.0,0.0,0.0,0.0,0.0,0.0,1024.0,0.0,0.0,1536.0,-18636.0
90.0,5477.0,0.25,0.15,-1.0,52.4,94.33,34.94,0.0,0.0,0.0,0.0,3.7,3.97,-150.02,0.0,0.0,0.0,0.0,0.0,1.0,-0.14,1.0,-1.84,1.0,4.44,1.0,0.14,1.0,-0.18,1.0,0.0,1.0,-4.8,1.0,-28.14,1.0,66.15,1.0,-33.07,1.0,3.72,0.0,0.0,0.0,0.0,0.0,0.0,0.0,0.0,1.0,-0.47,1.0,1.16,1.0,5.07,1.0,0.3,1.0,0.53,1.0,0.3,1.0,4.09,1.0,-46.83,1.0,88.35,1.0,-41.08,1.0,-3.68,0.0,0.0,0.0,0.0,0.0,0.0,0.0,0.0,0.0,0.0,0.0,0.0,0.0,0.0,0.0,0.0,1536.0,-12400.0
90.0,5479.0,0.27,0.16,-1.11,38.43,66.38,-69.87,0.0,0.0,0.0,0.0,3.78,4.63,-150.33,0.0,0.0,0.0,0.0,0.0,1.0,-0.14,1.0,-2.82,1.0,4.44,1.0,0.14,1.0,0.16,1.0,-0.3,1.0,-4.13,1.0,-26.86,1.0,66.18,1.0,-34.08,1.0,3.08,0.0,0.0,0.0,0.0,0.0,0.0,0.0,0.0,1.0,0.14,1.0,2.14,1.0,4.74,1.0,0.3,1.0,-0.08,1.0,0.3,1.0,3.11,1.0,-45.18,1.0,83.66,1.0,-37.81,1.0,-2.67,0.0,0.0,0.0,0.0,0.0,0.0,0.0,0.0,0.0,0.0,0.0,0.0,0.0,0.0,0.0,0.0,1536.0,2206.0
90.0,5480.0,0.22,0.16,-1.1,31.44,3.49,-69.87,0.0,0.0,0.0,0.0,3.76,4.6,-150.68,0.0,0.0,0.0,0.0,0.0,1.0,-0.14,1.0,-3.15,1.0,4.74,1.0,0.14,1.0,0.16,1.0,-0.3,1.0,-3.79,1.0,-26.52,1.0,65.88,1.0,-34.42,1.0,3.08,0.0,0.0,0.0,0.0,0.0,0.0,0.0,0.0,1.0,0.47,1.0,3.08,1.0,4.74,1.0,0.3,1.0,-0.08,1.0,0.3,1.0,3.11,1.0,-43.56,1.0,79.27,1.0,-35.24,1.0,-1.32,0.0,0.0,0.0,0.0,0.0,0.0,0.0,0.0,0.0,0.0,0.0,0.0,0.0,0.0,0.0,0.0,1536.0,8994.0
90.0,5481.0,0.26,0.11,-1.11,34.94,-27.95,-27.95,0.0,0.0,0.0,0.0,3.82,4.49,-150.89,0.0,0.0,0.0,0.0,0.0,1.0,-0.14,1.0,-3.8,1.0,5.04,1.0,0.14,1.0,0.16,1.0,-0.3,1.0,-3.15,1.0,-25.88,1.0,65.88,1.0,-35.09,1.0,1.79,0.0,0.0,0.0,0.0,0.0,0.0,0.0,0.0,1.0,0.47,1.0,3.73,1.0,5.07,1.0,0.0,1.0,-0.08,1.0,0.3,1.0,2.47,1.0,-41.26,1.0,75.93,1.0,-31.7,1.0,-0.98,0.0,0.0,0.0,0.0,0.0,0.0,0.0,0.0,0.0,0.0,0.0,0.0,0.0,1024.0,0.0,0.0,1536.0,6414.0
90.0,5482.0,0.25,0.11,-1.07,48.91,-55.9,0.0,0.0,0.0,0.0,0.0,4.02,4.29,-150.96,0.0,0.0,0.0,0.0,0.0,1.0,-0.14,1.0,-4.13,1.0,4.44,1.0,-0.17,1.0,0.16,1.0,-0.3,1.0,-2.47,1.0,-25.54,1.0,65.88,1.0,-36.14,1.0,0.82,0.0,0.0,0.0,0.0,0.0,0.0,0.0,0.0,1.0,0.14,1.0,4.7,1.0,4.74,1.0,0.0,1.0,-0.08,1.0,0.3,1.0,2.14,1.0,-39.64,1.0,71.58,1.0,-28.12,1.0,-0.3,0.0,0.0,0.0,0.0,0.0,0.0,0.0,0.0,0.0,0.0,0.0,0.0,0.0,0.0,0.0,0.0,1536.0,6117.0
90.0,5483.0,0.35,0.15,-1.02,24.46,-6.99,-34.94,0.0,0.0,0.0,0.0,4.03,4.26,-151.12,0.0,0.0,0.0,0.0,0.0,1.0,-0.14,1.0,-4.13,1.0,5.04,1.0,0.14,1.0,0.16,1.0,0.0,1.0,-2.14,1.0,-25.2,1.0,65.54,1.0,-36.14,1.0,0.17,0.0,0.0,0.0,0.0,0.0,0.0,0.0,0.0,1.0,-0.14,1.0,5.35,1.0,5.07,1.0,0.3,1.0,-0.08,1.0,0.3,1.0,1.53,1.0,-38.02,1.0,68.88,1.0,-26.5,1.0,0.64,0.0,0.0,0.0,0.0,0.0,0.0,0.0,0.0,0.0,0.0,0.0,0.0,0.0,0.0,0.0,0.0,1536.0,6887.0
90.0,5484.0,0.35,0.12,-1.09,0.0,24.46,-94.33,0.0,0.0,0.0,0.0,3.8,4.56,-151.43,0.0,0.0,0.0,0.0,0.0,1.0,-0.14,1.0,-4.81,1.0,4.44,1.0,0.14,1.0,-0.18,1.0,0.0,1.0,-1.19,1.0,-24.56,1.0,65.24,1.0,-36.81,1.0,0.17,0.0,0.0,0.0,0.0,0.0,0.0,0.0,0.0,1.0,-0.47,1.0,5.35,1.0,5.07,1.0,0.0,1.0,-0.08,1.0,0.3,1.0,0.55,1.0,-37.04,1.0,66.85,1.0,-24.92,1.0,1.92,0.0,0.0,0.0,0.0,0.0,0.0,0.0,0.0,0.0,0.0,0.0,0.0,0.0,0.0,0.0,0.0,1536.0,12240.0
90.0,5486.0,0.22,-0.04,-1.32,-69.87,0.0,-111.8,0.0,0.0,0.0,0.0,3.4,4.32,-152.35,0.0,0.0,0.0,0.0,0.0,1.0,-0.14,1.0,-4.47,1.0,4.74,1.0,0.14,1.0,-0.18,1.0,0.0,1.0,0.09,1.0,-24.56,1.0,64.26,1.0,-37.83,1.0,-0.16,0.0,0.0,0.0,0.0,0.0,0.0,0.0,0.0,1.0,0.14,1.0,4.37,1.0,5.07,1.0,0.3,1.0,-0.08,1.0,0.3,1.0,-1.07,1.0,-36.07,1.0,64.86,1.0,-24.58,1.0,2.57,0.0,0.0,0.0,0.0,0.0,0.0,0.0,0.0,0.0,0.0,0.0,0.0,0.0,0.0,0.0,0.0,1536.0,23839.0
90.0,5486.0,0.22,-0.04,-1.32,-69.87,0.0,-111.8,0.0,0.0,0.0,0.0,3.4,4.32,-152.35,0.0,0.0,0.0,0.0,0.0,1.0,-0.14,1.0,-4.47,1.0,4.74,1.0,0.14,1.0,-0.18,1.0,0.0,1.0,0.09,1.0,-24.56,1.0,64.26,1.0,-37.83,1.0,-0.16,0.0,0.0,0.0,0.0,0.0,0.0,0.0,0.0,1.0,0.14,1.0,4.37,1.0,5.07,1.0,0.3,1.0,-0.08,1.0,0.3,1.0,-1.07,1.0,-36.07,1.0,64.86,1.0,-24.58,1.0,2.57,0.0,0.0,0.0,0.0,0.0,0.0,0.0,0.0,0.0,0.0,0.0,0.0,0.0,0.0,0.0,0.0,1536.0,23839.0
90.0,5486.0,0.22,-0.04,-1.32,-69.87,0.0,-111.8,0.0,0.0,0.0,0.0,3.4,4.32,-152.35,0.0,0.0,0.0,0.0,0.0,1.0,-0.14,1.0,-4.47,1.0,4.74,1.0,0.14,1.0,-0.18,1.0,0.0,1.0,0.09,1.0,-24.56,1.0,64.26,1.0,-37.83,1.0,-0.16,0.0,0.0,0.0,0.0,0.0,0.0,0.0,0.0,1.0,0.14,1.0,4.37,1.0,5.07,1.0,0.3,1.0,-0.08,1.0,0.3,1.0,-1.07,1.0,-36.07,1.0,64.86,1.0,-24.58,1.0,2.57,0.0,0.0,0.0,0.0,0.0,0.0,0.0,0.0,0.0,0.0,0.0,0.0,0.0,0.0,0.0,0.0,1536.0,23839.0
90.0,5489.0,0.22,-0.12,-0.89,-73.37,-80.35,-13.97,0.0,0.0,0.0,0.0,2.88,3.19,-152.31,0.0,0.0,0.0,0.0,0.0,1.0,-0.14,1.0,-4.81,1.0,4.74,1.0,0.14,1.0,0.16,1.0,-0.3,1.0,2.05,1.0,-24.9,1.0,63.62,1.0,-37.83,1.0,-2.09,0.0,0.0,0.0,0.0,0.0,0.0,0.0,0.0,1.0,0.47,1.0,4.7,1.0,5.07,1.0,0.0,1.0,-0.08,1.0,0.3,1.0,-2.69,1.0,-37.04,1.0,64.52,1.0,-25.56,1.0,2.9,0.0,0.0,0.0,0.0,0.0,0.0,0.0,0.0,0.0,0.0,0.0,0.0,0.0,256.0,0.0,0.0,1536.0,22755.0
90.0,5490.0,0.23,-0.09,-0.87,-52.4,-76.86,-13.97,0.0,0.0,0.0,0.0,2.71,2.98,-152.32,0.0,0.0,0.0,0.0,0.0,1.0,-0.14,1.0,-4.81,1.0,4.44,1.0,0.14,1.0,0.16,1.0,-0.3,1.0,2.35,1.0,-24.9,1.0,63.62,1.0,-37.83,1.0,-2.09,0.0,0.0,0.0,0.0,0.0,0.0,0.0,0.0,1.0,0.14,1.0,4.7,1.0,5.07,1.0,0.0,1.0,-0.38,1.0,0.3,1.0,-2.69,1.0,-37.04,1.0,64.52,1.0,-25.56,1.0,3.24,0.0,0.0,0.0,0.0,0.0,0.0,0.0,0.0,0.0,0.0,0.0,0.0,0.0,0.0,0.0,0.0,1536.0,20626.0
90.0,5491.0,0.21,-0.11,-0.94,-27.95,-87.34,0.0,0.0,0.0,0.0,0.0,2.61,2.57,-152.34,0.0,0.0,0.0,0.0,0.0,1.0,-0.14,1.0,-4.81,1.0,4.44,1.0,0.14,1.0,0.16,1.0,-0.3,1.0,2.35,1.0,-24.9,1.0,63.62,1.0,-37.49,1.0,-2.09,0.0,0.0,0.0,0.0,0.0,0.0,0.0,0.0,1.0,0.14,1.0,4.7,1.0,5.07,1.0,0.3,1.0,-0.08,1.0,0.3,1.0,-2.69,1.0,-37.04,1.0,64.52,1.0,-25.86,1.0,3.54,0.0,0.0,0.0,0.0,0.0,0.0,0.0,0.0,0.0,0.0,0.0,0.0,0.0,0.0,0.0,0.0,1536.0,17801.0
90.0,5492.0,0.22,-0.15,-1.01,3.49,-76.86,-6.99,0.0,0.0,0.0,0.0,2.71,2.22,-152.37,0.0,0.0,0.0,0.0,0.0,1.0,-0.14,1.0,-4.13,1.0,4.74,1.0,0.14,1.0,0.16,1.0,-0.3,1.0,2.35,1.0,-25.2,1.0,63.62,1.0,-37.83,1.0,-2.43,0.0,0.0,0.0,0.0,0.0,0.0,0.0,0.0,1.0,0.14,1.0,4.7,1.0,5.07,1.0,0.3,1.0,-0.38,1.0,0.3,1.0,-2.69,1.0,-37.04,1.0,64.52,1.0,-25.86,1.0,3.54,0.0,0.0,0.0,0.0,0.0,0.0,0.0,0.0,0.0,0.0,0.0,0.0,0.0,1024.0,0.0,0.0,1536.0,13351.0
90.0,5493.0,0.22,-0.17,-1.02,24.46,-76.86,10.48,0.0,0.0,0.0,0.0,2.93,1.89,-152.4,0.0,0.0,0.0,0.0,0.0,1.0,-0.14,1.0,-4.81,1.0,4.74,1.0,-0.17,1.0,0.16,1.0,-0.3,1.0,2.69,1.0,-25.54,1.0,63.62,1.0,-37.49,1.0,-3.07,0.0,0.0,0.0,0.0,0.0,0.0,0.0,0.0,1.0,-0.14,1.0,4.37,1.0,5.07,1.0,0.0,1.0,-0.08,1.0,0.3,1.0,-3.03,1.0,-37.35,1.0,64.52,1.0,-26.2,1.0,4.22,0.0,0.0,0.0,0.0,0.0,0.0,0.0,0.0,0.0,0.0,0.0,0.0,0.0,0.0,0.0,0.0,1536.0,10768.0
90.0,5494.0,0.19,-0.14,-1.0,31.44,-69.87,10.48,0.0,0.0,0.0,0.0,3.15,1.6,-152.38,0.0,0.0,0.0,0.0,0.0,1.0,-0.14,1.0,-4.13,1.0,4.74,1.0,-0.17,1.0,-0.18,1.0,-0.3,1.0,2.69,1.0,-26.52,1.0,65.54,1.0,-37.83,1.0,-3.07,0.0,0.0,0.0,0.0,0.0,0.0,0.0,0.0,1.0,-0.47,1.0,4.06,1.0,5.07,1.0,0.0,1.0,-0.08,1.0,0.3,1.0,-3.03,1.0,-37.04,1.0,64.52,1.0,-26.84,1.0,4.52,0.0,0.0,0.0,0.0,0.0,0.0,0.0,0.0,0.0,0.0,0.0,0.0,0.0,256.0,0.0,0.0,1536.0,9090.0
90.0,5495.0,0.15,-0.12,-0.96,20.96,-76.86,-13.97,0.0,0.0,0.0,0.0,3.26,1.24,-152.47,0.0,0.0,0.0,0.0,0.0,1.0,-0.14,1.0,-4.13,1.0,4.74,1.0,0.14,1.0,-0.18,1.0,-0.3,1.0,3.03,1.0,-28.48,1.0,68.44,1.0,-38.84,1.0,-3.71,0.0,0.0,0.0,0.0,0.0,0.0,0.0,0.0,1.0,-0.47,1.0,3.42,1.0,5.07,1.0,0.0,1.0,-0.08,1.0,0.3,1.0,-3.37,1.0,-36.71,1.0,64.52,1.0,-27.18,1.0,5.16,0.0,0.0,0.0,0.0,0.0,0.0,0.0,0.0,0.0,0.0,0.0,0.0,0.0,0.0,0.0,0.0,1536.0,13610.0
90.0,5496.0,0.16,-0.11,-0.91,-13.97,-83.85,13.97,0.0,0.0,0.0,0.0,3.31,0.87,-152.46,0.0,0.0,0.0,0.0,0.0,1.0,-0.14,1.0,-3.49,1.0,4.74,1.0,0.14,1.0,0.16,1.0,-0.3,1.0,3.33,1.0,-31.08,1.0,72.66,1.0,-40.86,1.0,-3.67,0.0,0.0,0.0,0.0,0.0,0.0,0.0,0.0,1.0,-0.47,1.0,3.42,1.0,5.07,1.0,0.3,1.0,-0.08,1.0,0.3,1.0,-4.01,1.0,-36.71,1.0,64.52,1.0,-27.82,1.0,5.5,0.0,0.0,0.0,0.0,0.0,0.0,0.0,0.0,0.0,0.0,0.0,0.0,0.0,0.0,0.0,0.0,9728.0,6811.0
90.0,5498.0,0.21,-0.09,-0.94,-59.39,-24.46,0.0,0.0,0.0,0.0,0.0,2.99,0.58,-152.31,0.0,0.0,0.0,0.0,0.0,1.0,-0.14,1.0,-2.14,1.0,4.74,1.0,-0.17,1.0,0.16,1.0,-0.3,1.0,3.97,1.0,-35.97,1.0,76.81,1.0,-45.59,1.0,-4.35,0.0,0.0,0.0,0.0,0.0,0.0,0.0,0.0,1.0,-0.14,1.0,1.8,1.0,5.07,1.0,0.0,1.0,0.23,1.0,0.3,1.0,-4.34,1.0,-35.73,1.0,65.54,1.0,-29.44,1.0,6.14,0.0,0.0,0.0,0.0,0.0,0.0,0.0,0.0,0.0,0.0,0.0,0.0,0.0,0.0,0.0,0.0,1536.0,15549.0
90.0,5500.0,0.23,-0.1,-0.96,-59.39,38.43,-48.91,0.0,0.0,0.0,0.0,2.56,0.74,-152.53,0.0,0.0,0.0,0.0,0.0,1.0,-0.14,1.0,-0.83,1.0,3.79,1.0,0.14,1.0,0.16,1.0,-0.3,1.0,4.31,1.0,-41.54,1.0,88.15,1.0,-47.51,1.0,-4.65,0.0,0.0,0.0,0.0,0.0,0.0,0.0,0.0,1.0,0.14,1.0,0.86,1.0,5.07,1.0,0.0,1.0,-0.08,1.0,0.0,1.0,-4.65,1.0,-34.41,1.0,66.21,1.0,-30.38,1.0,6.14,0.0,0.0,0.0,0.0,0.0,0.0,0.0,0.0,0.0,0.0,0.0,0.0,0.0,0.0,0.0,0.0,1536.0,13796.0
90.0,5500.0,0.23,-0.1,-0.96,-59.39,38.43,-48.91,0.0,0.0,0.0,0.0,2.56,0.74,-152.53,0.0,0.0,0.0,0.0,0.0,1.0,-0.14,1.0,-0.83,1.0,3.79,1.0,0.14,1.0,0.16,1.0,-0.3,1.0,4.31,1.0,-41.54,1.0,88.15,1.0,-47.51,1.0,-4.65,0.0,0.0,0.0,0.0,0.0,0.0,0.0,0.0,1.0,0.14,1.0,0.86,1.0,5.07,1.0,0.0,1.0,-0.08,1.0,0.0,1.0,-4.65,1.0,-34.41,1.0,66.21,1.0,-30.38,1.0,6.14,0.0,0.0,0.0,0.0,0.0,0.0,0.0,0.0,0.0,0.0,0.0,0.0,0.0,0.0,0.0,0.0,1536.0,13796.0
90.0,5502.0,0.27,-0.15,-1.02,-52.4,101.32,-20.96,0.0,0.0,0.0,0.0,2.27,1.44,-152.69,0.0,0.0,0.0,0.0,0.0,1.0,-0.14,1.0,0.15,1.0,4.74,1.0,0.14,1.0,0.16,1.0,-0.3,1.0,4.31,1.0,-45.45,1.0,93.65,1.0,-47.51,1.0,-4.35,0.0,0.0,0.0,0.0,0.0,0.0,0.0,0.0,1.0,0.47,1.0,-0.76,1.0,5.07,1.0,0.3,1.0,0.23,1.0,0.3,1.0,-4.34,1.0,-31.81,1.0,66.21,1.0,-31.7,1.0,6.14,0.0,0.0,0.0,0.0,0.0,0.0,0.0,0.0,0.0,0.0,0.0,0.0,0.0,1024.0,0.0,0.0,1536.0,2466.0
90.0,5502.0,0.27,-0.15,-1.02,-52.4,101.32,-20.96,0.0,0.0,0.0,0.0,2.27,1.44,-152.69,0.0,0.0,0.0,0.0,0.0,1.0,-0.14,1.0,0.15,1.0,4.74,1.0,0.14,1.0,0.16,1.0,-0.3,1.0,4.31,1.0,-45.45,1.0,93.65,1.0,-47.51,1.0,-4.35,0.0,0.0,0.0,0.0,0.0,0.0,0.0,0.0,1.0,0.47,1.0,-0.76,1.0,5.07,1.0,0.3,1.0,0.23,1.0,0.3,1.0,-4.34,1.0,-31.81,1.0,66.21,1.0,-31.7,1.0,6.14,0.0,0.0,0.0,0.0,0.0,0.0,0.0,0.0,0.0,0.0,0.0,0.0,0.0,1024.0,0.0,0.0,1536.0,2466.0
90.0,5503.0,0.27,-0.16,-1.03,-38.43,143.24,3.49,0.0,0.0,0.0,0.0,2.23,1.97,-152.67,0.0,0.0,0.0,0.0,0.0,1.0,-0.14,1.0,0.83,1.0,4.1,1.0,0.14,1.0,0.16,1.0,-0.3,1.0,4.31,1.0,-47.07,1.0,93.62,1.0,-46.26,1.0,-4.35,0.0,0.0,0.0,0.0,0.0,0.0,0.0,0.0,1.0,0.47,1.0,-1.07,1.0,5.07,1.0,0.3,1.0,0.23,1.0,0.0,1.0,-4.34,1.0,-30.5,1.0,66.21,1.0,-32.65,1.0,6.14,0.0,0.0,0.0,0.0,0.0,0.0,0.0,0.0,0.0,0.0,0.0,0.0,0.0,0.0,0.0,0.0,1536.0,-4533.0
90.0,5505.0,0.26,-0.1,-1.02,-31.44,150.23,0.0,0.0,0.0,0.0,0.0,2.04,3.28,-152.6,0.0,0.0,0.0,0.0,0.0,1.0,-0.14,1.0,1.47,1.0,4.74,1.0,0.14,1.0,0.16,1.0,-0.3,1.0,4.31,1.0,-47.71,1.0,91.39,1.0,-43.9,1.0,-4.35,0.0,0.0,0.0,0.0,0.0,0.0,0.0,0.0,1.0,0.47,1.0,-1.71,1.0,5.07,1.0,0.0,1.0,-0.08,1.0,0.3,1.0,-4.65,1.0,-28.88,1.0,66.21,1.0,-33.62,1.0,6.14,0.0,0.0,0.0,0.0,0.0,0.0,0.0,0.0,0.0,0.0,0.0,0.0,0.0,0.0,0.0,0.0,1536.0,-5725.0
90.0,5505.0,0.26,-0.1,-1.02,-31.44,150.23,0.0,0.0,0.0,0.0,0.0,2.04,3.28,-152.6,0.0,0.0,0.0,0.0,0.0,1.0,-0.14,1.0,1.47,1.0,4.74,1.0,0.14,1.0,0.16,1.0,-0.3,1.0,4.31,1.0,-47.71,1.0,91.39,1.0,-43.9,1.0,-4.35,0.0,0.0,0.0,0.0,0.0,0.0,0.0,0.0,1.0,0.47,1.0,-1.71,1.0,5.07,1.0,0.0,1.0,-0.08,1.0,0.3,1.0,-4.65,1.0,-28.88,1.0,66.21,1.0,-33.62,1.0,6.14,0.0,0.0,0.0,0.0,0.0,0.0,0.0,0.0,0.0,0.0,0.0,0.0,0.0,0.0,0.0,0.0,1536.0,-5725.0
90.0,5506.0,0.23,-0.06,-1.01,-45.42,136.25,3.49,0.0,0.0,0.0,0.0,1.88,3.82,-152.54,0.0,0.0,0.0,0.0,0.0,1.0,-0.14,1.0,1.81,1.0,4.74,1.0,0.14,1.0,0.16,1.0,-0.3,1.0,3.97,1.0,-47.41,1.0,89.13,1.0,-42.55,1.0,-4.32,0.0,0.0,0.0,0.0,0.0,0.0,0.0,0.0,1.0,0.14,1.0,-2.35,1.0,5.07,1.0,0.0,1.0,-0.08,1.0,0.3,1.0,-4.34,1.0,-28.24,1.0,66.21,1.0,-33.96,1.0,6.14,0.0,0.0,0.0,0.0,0.0,0.0,0.0,0.0,0.0,0.0,0.0,0.0,0.0,0.0,0.0,0.0,1536.0,-3231.0
90.0,5508.0,0.19,-0.06,-1.04,-59.39,59.39,34.94,0.0,0.0,0.0,0.0,1.59,4.42,-152.25,0.0,0.0,0.0,0.0,0.0,1.0,-0.14,1.0,2.48,1.0,4.74,1.0,0.14,1.0,0.16,1.0,-0.3,1.0,3.03,1.0,-45.76,1.0,82.99,1.0,-38.16,1.0,-3.07,0.0,0.0,0.0,0.0,0.0,0.0,0.0,0.0,1.0,0.14,1.0,-2.35,1.0,5.07,1.0,0.0,1.0,0.23,1.0,0.3,1.0,-4.34,1.0,-26.92,1.0,66.21,1.0,-35.24,1.0,5.5,0.0,0.0,0.0,0.0,0.0,0.0,0.0,0.0,0.0,0.0,0.0,0.0,0.0,0.0,0.0,0.0,1536.0,2593.0
90.0,5509.0,0.23,-0.07,-1.08,-69.87,45.42,69.87,0.0,0.0,0.0,0.0,1.44,4.6,-151.94,0.0,0.0,0.0,0.0,0.0,1.0,-0.14,1.0,3.12,1.0,4.74,1.0,-0.17,1.0,-0.18,1.0,-0.3,1.0,2.69,1.0,-44.47,1.0,79.11,1.0,-35.77,1.0,-2.43,0.0,0.0,0.0,0.0,0.0,0.0,0.0,0.0,1.0,-0.14,1.0,-2.99,1.0,5.07,1.0,0.3,1.0,-0.08,1.0,0.3,1.0,-4.01,1.0,-26.58,1.0,66.21,1.0,-35.24,1.0,5.16,0.0,0.0,0.0,0.0,0.0,0.0,0.0,0.0,0.0,0.0,0.0,0.0,0.0,0.0,0.0,0.0,1536.0,1562.0
90.0,5509.0,0.23,-0.07,-1.08,-69.87,45.42,69.87,0.0,0.0,0.0,0.0,1.44,4.6,-151.94,0.0,0.0,0.0,0.0,0.0,1.0,-0.14,1.0,3.12,1.0,4.74,1.0,-0.17,1.0,-0.18,1.0,-0.3,1.0,2.69,1.0,-44.47,1.0,79.11,1.0,-35.77,1.0,-2.43,0.0,0.0,0.0,0.0,0.0,0.0,0.0,0.0,1.0,-0.14,1.0,-2.99,1.0,5.07,1.0,0.3,1.0,-0.08,1.0,0.3,1.0,-4.01,1.0,-26.58,1.0,66.21,1.0,-35.24,1.0,5.16,0.0,0.0,0.0,0.0,0.0,0.0,0.0,0.0,0.0,0.0,0.0,0.0,0.0,0.0,0.0,0.0,1536.0,1562.0
90.0,5511.0,0.2,-0.01,-1.13,-62.89,-3.49,6.99,0.0,0.0,0.0,0.0,1.05,4.66,-151.5,0.0,0.0,0.0,0.0,0.0,1.0,-0.14,1.0,4.14,1.0,4.1,1.0,0.14,1.0,0.16,1.0,-0.3,1.0,1.38,1.0,-40.56,1.0,71.68,1.0,-29.36,1.0,-0.16,0.0,0.0,0.0,0.0,0.0,0.0,0.0,0.0,1.0,-0.14,1.0,-3.97,1.0,5.07,1.0,0.0,1.0,-0.08,1.0,0.3,1.0,-3.03,1.0,-25.3,1.0,66.21,1.0,-35.88,1.0,3.54,0.0,0.0,0.0,0.0,0.0,0.0,0.0,0.0,0.0,0.0,0.0,0.0,0.0,1024.0,0.0,0.0,1536.0,10648.0
90.0,5512.0,0.28,-0.06,-1.08,-52.4,10.48,31.44,0.0,0.0,0.0,0.0,0.89,4.62,-151.39,0.0,0.0,0.0,0.0,0.0,1.0,-0.14,1.0,4.78,1.0,4.74,1.0,0.14,1.0,0.16,1.0,-0.3,1.0,0.73,1.0,-38.6,1.0,71.65,1.0,-24.97,1.0,0.17,0.0,0.0,0.0,0.0,0.0,0.0,0.0,0.0,1.0,0.14,1.0,-4.91,1.0,5.07,1.0,0.0,1.0,-0.08,1.0,0.3,1.0,-2.39,1.0,-24.96,1.0,66.21,1.0,-36.22,1.0,1.92,0.0,0.0,0.0,0.0,0.0,0.0,0.0,0.0,0.0,0.0,0.0,0.0,0.0,0.0,0.0,0.0,5632.0,2121.0
90.0,5514.0,0.33,-0.09,-1.17,41.92,41.92,199.14,0.0,0.0,0.0,0.0,1.58,5.24,-150.23,0.0,0.0,0.0,0.0,0.0,1.0,-0.14,1.0,5.11,1.0,4.74,1.0,0.14,1.0,0.16,1.0,-0.3,1.0,-0.55,1.0,-36.31,1.0,64.9,1.0,-23.28,1.0,1.15,0.0,0.0,0.0,0.0,0.0,0.0,0.0,0.0,1.0,0.47,1.0,-5.56,1.0,4.74,1.0,0.0,1.0,-0.08,1.0,0.3,1.0,-0.09,1.0,-24.32,1.0,66.51,1.0,-36.22,1.0,0.95,0.0,0.0,0.0,0.0,0.0,0.0,0.0,0.0,0.0,0.0,0.0,0.0,0.0,0.0,0.0,0.0,1536.0,-23259.0
90.0,5515.0,0.3,0.01,-1.14,55.9,20.96,164.2,0.0,0.0,0.0,0.0,1.92,5.33,-149.58,0.0,0.0,0.0,0.0,0.0,1.0,-0.14,1.0,4.78,1.0,5.04,1.0,-0.17,1.0,-0.18,1.0,-0.3,1.0,-1.19,1.0,-35.97,1.0,64.56,1.0,-22.94,1.0,1.15,0.0,0.0,0.0,0.0,0.0,0.0,0.0,0.0,1.0,0.47,1.0,-5.22,1.0,4.74,1.0,0.3,1.0,-0.38,1.0,0.3,1.0,0.89,1.0,-24.32,1.0,66.21,1.0,-36.22,1.0,-0.3,0.0,0.0,0.0,0.0,0.0,0.0,0.0,0.0,0.0,0.0,0.0,0.0,0.0,0.0,0.0,0.0,1536.0,-19065.0
90.0,5516.0,0.29,0.11,-1.11,80.35,-10.48,108.3,0.0,0.0,0.0,0.0,2.21,5.34,-149.17,0.0,0.0,0.0,0.0,0.0,1.0,-0.14,1.0,4.47,1.0,4.74,1.0,-0.17,1.0,-0.18,1.0,-0.3,1.0,-1.53,1.0,-35.97,1.0,64.26,1.0,-23.28,1.0,1.79,0.0,0.0,0.0,0.0,0.0,0.0,0.0,0.0,1.0,0.14,1.0,-4.91,1.0,4.74,1.0,0.0,1.0,-0.38,1.0,0.0,1.0,1.87,1.0,-24.32,1.0,66.21,1.0,-36.22,1.0,-0.64,0.0,0.0,0.0,0.0,0.0,0.0,0.0,0.0,0.0,0.0,0.0,0.0,0.0,1024.0,0.0,0.0,1536.0,-13791.0
90.0,5516.0,0.29,0.11,-1.11,80.35,-10.48,108.3,0.0,0.0,0.0,0.0,2.21,5.34,-149.17,0.0,0.0,0.0,0.0,0.0,1.0,-0.14,1.0,4.47,1.0,4.74,1.0,-0.17,1.0,-0.18,1.0,-0.3,1.0,-1.53,1.0,-35.97,1.0,64.26,1.0,-23.28,1.0,1.79,0.0,0.0,0.0,0.0,0.0,0.0,0.0,0.0,1.0,0.14,1.0,-4.91,1.0,4.74,1.0,0.0,1.0,-0.38,1.0,0.0,1.0,1.87,1.0,-24.32,1.0,66.21,1.0,-36.22,1.0,-0.64,0.0,0.0,0.0,0.0,0.0,0.0,0.0,0.0,0.0,0.0,0.0,0.0,0.0,1024.0,0.0,0.0,1536.0,-13791.0
90.0,5518.0,0.28,0.18,-1.0,48.91,-69.87,38.43,0.0,0.0,0.0,0.0,2.6,4.92,-148.88,0.0,0.0,0.0,0.0,0.0,1.0,-0.14,1.0,5.45,1.0,5.04,1.0,0.14,1.0,-0.18,1.0,-0.3,1.0,-2.14,1.0,-36.95,1.0,64.26,1.0,-23.96,1.0,2.44,0.0,0.0,0.0,0.0,0.0,0.0,0.0,0.0,1.0,-0.47,1.0,-4.91,1.0,4.74,1.0,0.0,1.0,-0.08,1.0,0.3,1.0,2.47,1.0,-24.32,1.0,65.54,1.0,-36.53,1.0,-1.32,0.0,0.0,0.0,0.0,0.0,0.0,0.0,0.0,0.0,0.0,0.0,0.0,0.0,256.0,0.0,0.0,1536.0,3112.0
90.0,5519.0,0.25,0.2,-0.96,20.96,-97.82,59.39,0.0,0.0,0.0,0.0,2.73,4.59,-148.72,0.0,0.0,0.0,0.0,0.0,1.0,-0.14,1.0,4.78,1.0,5.68,1.0,-0.17,1.0,-0.18,1.0,-0.3,1.0,-2.14,1.0,-36.95,1.0,64.56,1.0,-24.29,1.0,2.77,0.0,0.0,0.0,0.0,0.0,0.0,0.0,0.0,1.0,-0.47,1.0,-4.58,1.0,4.74,1.0,0.0,1.0,-0.08,1.0,0.0,1.0,2.47,1.0,-24.63,1.0,65.54,1.0,-36.53,1.0,-0.98,0.0,0.0,0.0,0.0,0.0,0.0,0.0,0.0,0.0,0.0,0.0,0.0,0.0,0.0,0.0,0.0,1536.0,6860.0
90.0,5520.0,0.27,0.19,-0.97,-17.47,-108.3,27.95,0.0,0.0,0.0,0.0,2.6,4.13,-148.61,0.0,0.0,0.0,0.0,0.0,1.0,-0.14,1.0,4.78,1.0,5.04,1.0,0.14,1.0,-0.18,1.0,-0.3,1.0,-2.47,1.0,-36.95,1.0,64.56,1.0,-24.63,1.0,3.08,0.0,0.0,0.0,0.0,0.0,0.0,0.0,0.0,1.0,-0.47,1.0,-4.58,1.0,4.74,1.0,0.3,1.0,-0.08,1.0,0.3,1.0,2.47,1.0,-24.63,1.0,65.54,1.0,-36.53,1.0,-1.32,0.0,0.0,0.0,0.0,0.0,0.0,0.0,0.0,0.0,0.0,0.0,0.0,0.0,0.0,0.0,0.0,1536.0,14985.0
90.0,5521.0,0.32,0.2,-1.01,-27.95,-94.33,52.4,0.0,0.0,0.0,0.0,2.5,3.81,-148.39,0.0,0.0,0.0,0.0,0.0,1.0,-0.14,1.0,4.78,1.0,5.04,1.0,-0.17,1.0,-0.18,1.0,-0.3,1.0,-2.47,1.0,-36.64,1.0,64.56,1.0,-24.63,1.0,3.41,0.0,0.0,0.0,0.0,0.0,0.0,0.0,0.0,1.0,-0.47,1.0,-4.58,1.0,4.74,1.0,0.3,1.0,-0.08,1.0,0.3,1.0,2.47,1.0,-25.3,1.0,65.2,1.0,-36.53,1.0,-1.32,0.0,0.0,0.0,0.0,0.0,0.0,0.0,0.0,0.0,0.0,0.0,0.0,0.0,0.0,0.0,0.0,1536.0,12276.0
90.0,5522.0,0.29,0.21,-1.01,-34.94,-97.82,24.46,0.0,0.0,0.0,0.0,2.3,3.44,-148.27,0.0,0.0,0.0,0.0,0.0,1.0,-0.14,1.0,4.78,1.0,5.35,1.0,0.14,1.0,-0.18,1.0,-0.3,1.0,-2.81,1.0,-36.64,1.0,64.56,1.0,-24.97,1.0,3.41,0.0,0.0,0.0,0.0,0.0,0.0,0.0,0.0,1.0,-0.14,1.0,-4.58,1.0,4.74,1.0,0.0,1.0,0.23,1.0,0.3,1.0,2.47,1.0,-25.3,1.0,65.2,1.0,-36.53,1.0,-1.99,0.0,0.0,0.0,0.0,0.0,0.0,0.0,0.0,0.0,0.0,0.0,0.0,0.0,0.0,0.0,0.0,1536.0,16203.0
90.0,5523.0,0.3,0.22,-0.98,-34.94,-101.32,20.96,0.0,0.0,0.0,0.0,2.11,3.05,-148.18,0.0,0.0,0.0,0.0,0.0,1.0,-0.14,1.0,5.11,1.0,4.44,1.0,0.14,1.0,0.16,1.0,-0.3,1.0,-3.15,1.0,-36.64,1.0,64.56,1.0,-25.31,1.0,4.05,0.0,0.0,0.0,0.0,0.0,0.0,0.0,0.0,1.0,-0.14,1.0,-4.27,1.0,4.74,1.0,0.0,1.0,-0.08,1.0,0.3,1.0,2.81,1.0,-26.92,1.0,66.51,1.0,-37.51,1.0,-2.33,0.0,0.0,0.0,0.0,0.0,0.0,0.0,0.0,0.0,0.0,0.0,0.0,0.0,1024.0,0.0,0.0,1536.0,16079.0
90.0,5525.0,0.24,0.1,-0.99,6.99,-101.32,0.0,0.0,0.0,0.0,0.0,1.85,2.29,-148.23,0.0,0.0,0.0,0.0,0.0,1.0,-0.14,1.0,3.8,1.0,4.44,1.0,-0.17,1.0,0.16,1.0,0.0,1.0,-4.13,1.0,-36.31,1.0,64.9,1.0,-26.66,1.0,4.7,0.0,0.0,0.0,0.0,0.0,0.0,0.0,0.0,1.0,0.47,1.0,-3.33,1.0,5.07,1.0,0.0,1.0,-0.38,1.0,0.3,1.0,4.43,1.0,-31.17,1.0,73.91,1.0,-41.42,1.0,-3.68,0.0,0.0,0.0,0.0,0.0,0.0,0.0,0.0,0.0,0.0,0.0,0.0,0.0,256.0,0.0,0.0,1536.0,14998.0
90.0,5526.0,0.27,0.05,-1.0,62.89,-101.32,66.38,0.0,0.0,0.0,0.0,2.24,1.85,-148.1,0.0,0.0,0.0,0.0,0.0,1.0,-0.14,1.0,3.46,1.0,4.74,1.0,-0.17,1.0,0.16,1.0,0.0,1.0,-4.46,1.0,-36.31,1.0,65.24,1.0,-26.99,1.0,4.7,0.0,0.0,0.0,0.0,0.0,0.0,0.0,0.0,1.0,0.14,1.0,-2.99,1.0,4.74,1.0,0.0,1.0,-0.38,1.0,0.3,1.0,4.73,1.0,-33.77,1.0,77.28,1.0,-42.77,1.0,-4.35,0.0,0.0,0.0,0.0,0.0,0.0,0.0,0.0,0.0,0.0,0.0,0.0,0.0,0.0,0.0,0.0,1536.0,3183.0
90.0,5526.0,0.27,0.05,-1.0,62.89,-101.32,66.38,0.0,0.0,0.0,0.0,2.24,1.85,-148.1,0.0,0.0,0.0,0.0,0.0,1.0,-0.14,1.0,3.46,1.0,4.74,1.0,-0.17,1.0,0.16,1.0,0.0,1.0,-4.46,1.0,-36.31,1.0,65.24,1.0,-26.99,1.0,4.7,0.0,0.0,0.0,0.0,0.0,0.0,0.0,0.0,1.0,0.14,1.0,-2.99,1.0,4.74,1.0,0.0,1.0,-0.38,1.0,0.3,1.0,4.73,1.0,-33.77,1.0,77.28,1.0,-42.77,1.0,-4.35,0.0,0.0,0.0,0.0,0.0,0.0,0.0,0.0,0.0,0.0,0.0,0.0,0.0,0.0,0.0,0.0,1536.0,3183.0
90.0,5527.0,0.28,0.12,-0.97,111.8,-73.37,38.43,0.0,0.0,0.0,0.0,2.62,1.61,-147.99,0.0,0.0,0.0,0.0,0.0,1.0,-0.14,1.0,2.82,1.0,4.74,1.0,0.14,1.0,0.16,1.0,0.0,1.0,-4.46,1.0,-35.67,1.0,65.24,1.0,-27.67,1.0,4.7,0.0,0.0,0.0,0.0,0.0,0.0,0.0,0.0,1.0,0.14,1.0,-2.05,1.0,4.74,1.0,0.0,1.0,-0.08,1.0,0.3,1.0,5.07,1.0,-36.71,1.0,81.3,1.0,-45.1,1.0,-5.03,0.0,0.0,0.0,0.0,0.0,0.0,0.0,0.0,0.0,0.0,0.0,0.0,0.0,0.0,0.0,0.0,1536.0,-1673.0
90.0,5529.0,0.29,0.21,-0.97,87.34,-24.46,10.48,0.0,0.0,0.0,0.0,3.24,1.39,-148.03,0.0,0.0,0.0,0.0,0.0,1.0,-0.14,1.0,1.47,1.0,5.35,1.0,0.14,1.0,0.16,1.0,0.0,1.0,-4.8,1.0,-34.35,1.0,65.5,1.0,-30.03,1.0,5.0,0.0,0.0,0.0,0.0,0.0,0.0,0.0,0.0,1.0,0.14,1.0,-0.43,1.0,4.74,1.0,0.3,1.0,-0.08,1.0,0.3,1.0,5.07,1.0,-42.58,1.0,91.05,1.0,-47.8,1.0,-5.03,0.0,0.0,0.0,0.0,0.0,0.0,0.0,0.0,0.0,0.0,0.0,0.0,0.0,0.0,0.0,0.0,1536.0,-1525.0
90.0,5530.0,0.29,0.21,-0.95,101.32,6.99,45.42,0.0,0.0,0.0,0.0,3.58,1.43,-147.98,0.0,0.0,0.0,0.0,0.0,1.0,-0.14,1.0,0.83,1.0,4.74,1.0,0.14,1.0,0.16,1.0,0.0,1.0,-4.46,1.0,-33.03,1.0,65.88,1.0,-30.37,1.0,4.7,0.0,0.0,0.0,0.0,0.0,0.0,0.0,0.0,1.0,-0.14,1.0,0.22,1.0,4.74,1.0,0.3,1.0,-0.08,1.0,0.3,1.0,4.73,1.0,-44.54,1.0,92.7,1.0,-47.8,1.0,-5.03,0.0,0.0,0.0,0.0,0.0,0.0,0.0,0.0,0.0,0.0,0.0,0.0,0.0,256.0,0.0,0.0,1536.0,-9851.0
90.0,5531.0,0.32,0.26,-0.96,76.86,55.9,41.92,0.0,0.0,0.0,0.0,3.81,1.67,-147.87,0.0,0.0,0.0,0.0,0.0,1.0,-0.14,1.0,0.49,1.0,5.35,1.0,0.14,1.0,0.16,1.0,0.0,1.0,-4.46,1.0,-32.05,1.0,65.88,1.0,-30.71,1.0,4.7,0.0,0.0,0.0,0.0,0.0,0.0,0.0,0.0,1.0,-0.47,1.0,0.22,1.0,4.74,1.0,0.3,1.0,0.23,1.0,0.0,1.0,4.73,1.0,-45.52,1.0,93.72,1.0,-47.46,1.0,-5.03,0.0,0.0,0.0,0.0,0.0,0.0,0.0,0.0,0.0,0.0,0.0,0.0,0.0,0.0,0.0,0.0,1536.0,-11853.0
90.0,5532.0,0.31,0.29,-0.97,41.92,101.32,-13.97,0.0,0.0,0.0,0.0,3.82,2.11,-147.9,0.0,0.0,0.0,0.0,0.0,1.0,-0.14,1.0,0.15,1.0,5.35,1.0,-0.17,1.0,0.16,1.0,0.0,1.0,-4.8,1.0,-31.41,1.0,65.88,1.0,-31.38,1.0,4.7,0.0,0.0,0.0,0.0,0.0,0.0,0.0,0.0,1.0,-0.47,1.0,0.22,1.0,4.74,1.0,0.0,1.0,0.23,1.0,0.3,1.0,4.73,1.0,-46.5,1.0,94.05,1.0,-47.46,1.0,-5.03,0.0,0.0,0.0,0.0,0.0,0.0,0.0,0.0,0.0,0.0,0.0,0.0,0.0,0.0,0.0,0.0,1536.0,-7189.0
90.0,5533.0,0.27,0.21,-0.98,24.46,104.81,-3.49,0.0,0.0,0.0,0.0,3.82,2.51,-147.96,0.0,0.0,0.0,0.0,0.0,1.0,-0.14,1.0,-0.18,1.0,4.74,1.0,-0.17,1.0,-0.18,1.0,0.0,1.0,-4.46,1.0,-30.77,1.0,65.88,1.0,-32.06,1.0,4.7,0.0,0.0,0.0,0.0,0.0,0.0,0.0,0.0,1.0,-0.47,1.0,-0.43,1.0,5.07,1.0,0.0,1.0,0.53,1.0,0.3,1.0,4.73,1.0,-46.5,1.0,94.05,1.0,-46.79,1.0,-5.03,0.0,0.0,0.0,0.0,0.0,0.0,0.0,0.0,0.0,0.0,0.0,0.0,0.0,1024.0,0.0,0.0,1536.0,-7853.0
90.0,5534.0,0.25,0.17,-1.04,38.43,48.91,62.89,0.0,0.0,0.0,0.0,4.07,2.75,-147.8,0.0,0.0,0.0,0.0,0.0,1.0,-0.14,1.0,-0.49,1.0,4.44,1.0,0.14,1.0,-0.18,1.0,0.0,1.0,-4.46,1.0,-30.1,1.0,65.88,1.0,-32.73,1.0,4.36,0.0,0.0,0.0,0.0,0.0,0.0,0.0,0.0,1.0,-0.47,1.0,-0.12,1.0,5.07,1.0,0.0,1.0,-0.08,1.0,0.3,1.0,4.43,1.0,-46.5,1.0,91.73,1.0,-44.42,1.0,-4.35,0.0,0.0,0.0,0.0,0.0,0.0,0.0,0.0,0.0,0.0,0.0,0.0,0.0,0.0,0.0,0.0,1536.0,-9277.0
90.0,5536.0,0.22,0.16,-1.08,31.44,6.99,-24.46,0.0,0.0,0.0,0.0,4.22,2.74,-147.74,0.0,0.0,0.0,0.0,0.0,1.0,-0.14,1.0,-1.5,1.0,4.74,1.0,-0.17,1.0,0.16,1.0,0.0,1.0,-4.46,1.0,-28.14,1.0,65.88,1.0,-34.42,1.0,3.72,0.0,0.0,0.0,0.0,0.0,0.0,0.0,0.0,1.0,0.14,1.0,1.16,1.0,5.07,1.0,0.3,1.0,0.23,1.0,0.3,1.0,4.09,1.0,-45.85,1.0,88.35,1.0,-41.42,1.0,-3.68,0.0,0.0,0.0,0.0,0.0,0.0,0.0,0.0,0.0,0.0,0.0,0.0,0.0,0.0,0.0,0.0,1536.0,4130.0
90.0,5537.0,0.2,0.17,-1.05,31.44,-6.99,-62.89,0.0,0.0,0.0,0.0,4.19,2.79,-148.02,0.0,0.0,0.0,0.0,0.0,1.0,-0.14,1.0,-2.14,1.0,5.04,1.0,0.14,1.0,0.16,1.0,0.0,1.0,-4.46,1.0,-27.5,1.0,65.88,1.0,-35.09,1.0,3.08,0.0,0.0,0.0,0.0,0.0,0.0,0.0,0.0,1.0,0.47,1.0,2.14,1.0,5.07,1.0,0.0,1.0,-0.38,1.0,0.3,1.0,3.45,1.0,-44.54,1.0,85.01,1.0,-38.48,1.0,-2.67,0.0,0.0,0.0,0.0,0.0,0.0,0.0,0.0,0.0,0.0,0.0,0.0,0.0,0.0,0.0,0.0,1536.0,9296.0
90.0,5538.0,0.21,0.14,-1.03,17.47,-20.96,-17.47,0.0,0.0,0.0,0.0,4.18,2.65,-148.17,0.0,0.0,0.0,0.0,0.0,1.0,-0.14,1.0,-2.48,1.0,5.35,1.0,-0.17,1.0,0.16,1.0,0.0,1.0,-3.79,1.0,-26.86,1.0,65.88,1.0,-35.77,1.0,2.77,0.0,0.0,0.0,0.0,0.0,0.0,0.0,0.0,1.0,0.47,1.0,3.08,1.0,4.74,1.0,0.0,1.0,-0.38,1.0,0.3,1.0,3.11,1.0,-43.56,1.0,81.3,1.0,-35.88,1.0,-1.99,0.0,0.0,0.0,0.0,0.0,0.0,0.0,0.0,0.0,0.0,0.0,0.0,0.0,0.0,0.0,0.0,1536.0,7497.0
90.0,5540.0,0.25,0.18,-1.05,13.97,-10.48,-73.37,0.0,0.0,0.0,0.0,4.03,2.68,-148.58,0.0,0.0,0.0,0.0,0.0,1.0,-0.14,1.0,-3.8,1.0,5.35,1.0,0.14,1.0,0.16,1.0,0.0,1.0,-2.81,1.0,-26.18,1.0,65.88,1.0,-36.81,1.0,1.79,0.0,0.0,0.0,0.0,0.0,0.0,0.0,0.0,1.0,0.14,1.0,4.06,1.0,5.07,1.0,0.64,1.0,-0.08,1.0,0.3,1.0,2.47,1.0,-40.29,1.0,73.23,1.0,-30.38,1.0,-0.64,0.0,0.0,0.0,0.0,0.0,0.0,0.0,0.0,0.0,0.0,0.0,0.0,0.0,1024.0,0.0,0.0,1536.0,11214.0
90.0,5540.0,0.25,0.18,-1.05,13.97,-10.48,-73.37,0.0,0.0,0.0,0.0,4.03,2.68,-148.58,0.0,0.0,0.0,0.0,0.0,1.0,-0.14,1.0,-3.8,1.0,5.35,1.0,0.14,1.0,0.16,1.0,0.0,1.0,-2.81,1.0,-26.18,1.0,65.88,1.0,-36.81,1.0,1.79,0.0,0.0,0.0,0.0,0.0,0.0,0.0,0.0,1.0,0.14,1.0,4.06,1.0,5.07,1.0,0.64,1.0,-0.08,1.0,0.3,1.0,2.47,1.0,-40.29,1.0,73.23,1.0,-30.38,1.0,-0.64,0.0,0.0,0.0,0.0,0.0,0.0,0.0,0.0,0.0,0.0,0.0,0.0,0.0,1024.0,0.0,0.0,1536.0,11214.0
90.0,5542.0,0.26,0.13,-1.03,24.46,-38.43,3.49,0.0,0.0,0.0,0.0,4.18,2.24,-148.93,0.0,0.0,0.0,0.0,0.0,1.0,-0.14,1.0,-4.81,1.0,4.44,1.0,-0.17,1.0,0.16,1.0,0.0,1.0,-1.87,1.0,-25.2,1.0,64.9,1.0,-37.49,1.0,0.17,0.0,0.0,0.0,0.0,0.0,0.0,0.0,0.0,1.0,0.14,1.0,4.37,1.0,5.07,1.0,0.0,1.0,0.23,1.0,0.3,1.0,1.53,1.0,-37.69,1.0,67.19,1.0,-26.5,1.0,1.62,0.0,0.0,0.0,0.0,0.0,0.0,0.0,0.0,0.0,0.0,0.0,0.0,0.0,256.0,0.0,0.0,1536.0,6291.0
90.0,5543.0,0.24,0.08,-1.22,-38.43,3.49,-27.95,0.0,0.0,0.0,0.0,3.95,2.23,-149.0,0.0,0.0,0.0,0.0,0.0,1.0,-0.14,1.0,-4.47,1.0,4.1,1.0,0.14,1.0,-0.18,1.0,0.0,1.0,-1.19,1.0,-25.2,1.0,64.26,1.0,-37.49,1.0,0.17,0.0,0.0,0.0,0.0,0.0,0.0,0.0,0.0,1.0,0.14,1.0,4.7,1.0,5.07,1.0,0.0,1.0,-0.08,1.0,0.3,1.0,0.21,1.0,-37.04,1.0,65.54,1.0,-25.86,1.0,1.92,0.0,0.0,0.0,0.0,0.0,0.0,0.0,0.0,0.0,0.0,0.0,0.0,0.0,0.0,0.0,0.0,1536.0,11979.0
90.0,5544.0,0.1,0.0,-1.42,-83.85,-45.42,-41.92,0.0,0.0,0.0,0.0,3.68,1.91,-149.07,0.0,0.0,0.0,0.0,0.0,1.0,-0.14,1.0,-5.15,1.0,4.44,1.0,0.14,1.0,-0.18,1.0,0.0,1.0,-0.55,1.0,-25.2,1.0,63.62,1.0,-37.49,1.0,0.51,0.0,0.0,0.0,0.0,0.0,0.0,0.0,0.0,1.0,-0.14,1.0,4.7,1.0,5.07,1.0,0.0,1.0,0.23,1.0,0.0,1.0,-0.43,1.0,-36.07,1.0,64.19,1.0,-25.56,1.0,2.26,0.0,0.0,0.0,0.0,0.0,0.0,0.0,0.0,0.0,0.0,0.0,0.0,0.0,0.0,0.0,0.0,1536.0,22981.0
90.0,5545.0,0.11,-0.01,-1.34,-83.85,-108.3,-20.96,0.0,0.0,0.0,0.0,3.42,1.29,-149.15,0.0,0.0,0.0,0.0,0.0,1.0,-0.14,1.0,-5.15,1.0,4.74,1.0,0.14,1.0,-0.18,1.0,0.0,1.0,0.43,1.0,-25.54,1.0,63.28,1.0,-37.49,1.0,-0.47,0.0,0.0,0.0,0.0,0.0,0.0,0.0,0.0,1.0,-0.14,1.0,4.7,1.0,5.07,1.0,0.0,1.0,-0.08,1.0,0.3,1.0,-1.07,1.0,-36.37,1.0,63.51,1.0,-25.56,1.0,1.92,0.0,0.0,0.0,0.0,0.0,0.0,0.0,0.0,0.0,0.0,0.0,0.0,0.0,0.0,0.0,0.0,1536.0,27495.0
90.0,5546.0,0.12,-0.04,-1.05,-132.76,-94.33,-13.97,0.0,0.0,0.0,0.0,2.97,0.98,-149.14,0.0,0.0,0.0,0.0,0.0,1.0,-0.14,1.0,-5.15,1.0,4.74,1.0,0.14,1.0,-0.18,1.0,0.0,1.0,1.07,1.0,-25.2,1.0,62.3,1.0,-37.83,1.0,-0.47,0.0,0.0,0.0,0.0,0.0,0.0,0.0,0.0,1.0,0.14,1.0,4.37,1.0,5.07,1.0,0.0,1.0,-0.08,1.0,0.0,1.0,-1.41,1.0,-36.71,1.0,63.51,1.0,-25.56,1.0,2.26,0.0,0.0,0.0,0.0,0.0,0.0,0.0,0.0,0.0,0.0,0.0,0.0,0.0,0.0,0.0,0.0,1536.0,30440.0
90.0,5547.0,0.11,-0.11,-0.83,-94.33,-90.83,-13.97,0.0,0.0,0.0,0.0,2.65,0.64,-149.13,0.0,0.0,0.0,0.0,0.0,1.0,-0.14,1.0,-5.15,1.0,4.74,1.0,0.14,1.0,0.16,1.0,-0.3,1.0,1.71,1.0,-25.54,1.0,62.97,1.0,-37.83,1.0,-1.45,0.0,0.0,0.0,0.0,0.0,0.0,0.0,0.0,1.0,0.14,1.0,4.7,1.0,5.07,1.0,0.3,1.0,0.23,1.0,0.3,1.0,-2.05,1.0,-37.35,1.0,63.51,1.0,-25.56,1.0,2.57,0.0,0.0,0.0,0.0,0.0,0.0,0.0,0.0,0.0,0.0,0.0,0.0,0.0,1024.0,0.0,0.0,1536.0,25243.0
90.0,5549.0,0.19,-0.12,-0.77,-62.89,-52.4,69.87,0.0,0.0,0.0,0.0,2.36,0.03,-148.67,0.0,0.0,0.0,0.0,0.0,1.0,-0.14,1.0,-4.81,1.0,4.74,1.0,0.14,1.0,0.16,1.0,-0.3,1.0,2.69,1.0,-25.54,1.0,63.28,1.0,-37.83,1.0,-2.43,0.0,0.0,0.0,0.0,0.0,0.0,0.0,0.0,1.0,0.14,1.0,4.7,1.0,5.07,1.0,0.3,1.0,-0.38,1.0,0.3,1.0,-3.03,1.0,-37.69,1.0,63.85,1.0,-26.2,1.0,3.54,0.0,0.0,0.0,0.0,0.0,0.0,0.0,0.0,0.0,0.0,0.0,0.0,0.0,256.0,0.0,0.0,1536.0,10730.0
90.0,5550.0,0.19,-0.13,-0.87,-66.38,-55.9,45.42,0.0,0.0,0.0,0.0,2.14,-0.13,-148.44,0.0,0.0,0.0,0.0,0.0,1.0,-0.14,1.0,-4.13,1.0,4.74,1.0,0.14,1.0,0.16,1.0,-0.3,1.0,3.03,1.0,-25.54,1.0,63.62,1.0,-37.83,1.0,-2.43,0.0,0.0,0.0,0.0,0.0,0.0,0.0,0.0,1.0,0.14,1.0,4.37,1.0,5.07,1.0,0.0,1.0,-0.08,1.0,0.3,1.0,-3.03,1.0,-37.69,1.0,64.19,1.0,-26.5,1.0,3.88,0.0,0.0,0.0,0.0,0.0,0.0,0.0,0.0,0.0,0.0,0.0,0.0,0.0,0.0,0.0,0.0,1536.0,14014.0
90.0,5551.0,0.14,-0.12,-0.9,-41.92,-52.4,48.91,0.0,0.0,0.0,0.0,2.07,-0.38,-148.21,0.0,0.0,0.0,0.0,0.0,1.0,-0.14,1.0,-4.13,1.0,4.74,1.0,0.14,1.0,0.16,1.0,-0.3,1.0,3.03,1.0,-25.54,1.0,64.26,1.0,-37.83,1.0,-2.43,0.0,0.0,0.0,0.0,0.0,0.0,0.0,0.0,1.0,0.14,1.0,4.37,1.0,5.07,1.0,0.0,1.0,-0.08,1.0,0.3,1.0,-3.37,1.0,-37.35,1.0,64.52,1.0,-26.84,1.0,4.52,0.0,0.0,0.0,0.0,0.0,0.0,0.0,0.0,0.0,0.0,0.0,0.0,0.0,0.0,0.0,0.0,1536.0,10757.0
90.0,5552.0,0.13,-0.12,-0.88,-27.95,-45.42,45.42,0.0,0.0,0.0,0.0,2.07,-0.62,-148.04,0.0,0.0,0.0,0.0,0.0,1.0,-0.14,1.0,-4.47,1.0,4.74,1.0,0.14,1.0,0.16,1.0,-0.3,1.0,3.33,1.0,-26.86,1.0,66.18,1.0,-38.5,1.0,-3.07,0.0,0.0,0.0,0.0,0.0,0.0,0.0,0.0,1.0,-0.14,1.0,3.73,1.0,5.07,1.0,0.0,1.0,0.53,1.0,0.3,1.0,-3.67,1.0,-37.04,1.0,64.86,1.0,-27.48,1.0,4.86,0.0,0.0,0.0,0.0,0.0,0.0,0.0,0.0,0.0,0.0,0.0,0.0,0.0,1024.0,0.0,0.0,1536.0,8093.0
90.0,5552.0,0.13,-0.12,-0.88,-27.95,-45.42,45.42,0.0,0.0,0.0,0.0,2.07,-0.62,-148.04,0.0,0.0,0.0,0.0,0.0,1.0,-0.14,1.0,-4.47,1.0,4.74,1.0,0.14,1.0,0.16,1.0,-0.3,1.0,3.33,1.0,-26.86,1.0,66.18,1.0,-38.5,1.0,-3.07,0.0,0.0,0.0,0.0,0.0,0.0,0.0,0.0,1.0,-0.14,1.0,3.73,1.0,5.07,1.0,0.0,1.0,0.53,1.0,0.3,1.0,-3.67,1.0,-37.04,1.0,64.86,1.0,-27.48,1.0,4.86,0.0,0.0,0.0,0.0,0.0,0.0,0.0,0.0,0.0,0.0,0.0,0.0,0.0,1024.0,0.0,0.0,1536.0,8093.0
90.0,5554.0,0.11,-0.05,-0.96,-31.44,-10.48,0.0,0.0,0.0,0.0,0.0,1.92,-0.72,-147.77,0.0,0.0,0.0,0.0,0.0,1.0,-0.14,1.0,-3.8,1.0,4.74,1.0,0.14,1.0,-0.18,1.0,-0.3,1.0,3.67,1.0,-30.43,1.0,72.96,1.0,-41.2,1.0,-3.71,0.0,0.0,0.0,0.0,0.0,0.0,0.0,0.0,1.0,-0.47,1.0,3.08,1.0,5.07,1.0,0.0,1.0,-0.38,1.0,0.0,1.0,-4.01,1.0,-37.04,1.0,65.2,1.0,-28.76,1.0,5.5,0.0,0.0,0.0,0.0,0.0,0.0,0.0,0.0,0.0,0.0,0.0,0.0,0.0,256.0,0.0,0.0,1536.0,10486.0
90.0,5555.0,0.06,-0.11,-0.98,-41.92,-24.46,24.46,0.0,0.0,0.0,0.0,1.86,-0.94,-147.71,0.0,0.0,0.0,0.0,0.0,1.0,-0.14,1.0,-3.49,1.0,3.79,1.0,-0.17,1.0,-0.18,1.0,-0.3,1.0,3.97,1.0,-33.37,1.0,76.85,1.0,-42.55,1.0,-4.01,0.0,0.0,0.0,0.0,0.0,0.0,0.0,0.0,1.0,-0.47,1.0,2.78,1.0,5.07,1.0,0.3,1.0,-0.08,1.0,0.3,1.0,-4.34,1.0,-36.71,1.0,64.86,1.0,-28.76,1.0,5.84,0.0,0.0,0.0,0.0,0.0,0.0,0.0,0.0,0.0,0.0,0.0,0.0,0.0,0.0,0.0,0.0,1536.0,10851.0
90.0,5556.0,0.09,-0.09,-1.04,-55.9,0.0,38.43,0.0,0.0,0.0,0.0,1.8,-1.01,-147.54,0.0,0.0,0.0,0.0,0.0,1.0,-0.14,1.0,-3.15,1.0,4.74,1.0,0.14,1.0,-0.18,1.0,-0.3,1.0,3.97,1.0,-35.97,1.0,80.73,1.0,-44.24,1.0,-4.35,0.0,0.0,0.0,0.0,0.0,0.0,0.0,0.0,1.0,-0.14,1.0,2.14,1.0,5.07,1.0,0.0,1.0,0.23,1.0,0.0,1.0,-4.34,1.0,-36.37,1.0,64.86,1.0,-29.44,1.0,5.84,0.0,0.0,0.0,0.0,0.0,0.0,0.0,0.0,0.0,0.0,0.0,0.0,0.0,0.0,0.0,0.0,1536.0,8411.0
90.0,5557.0,0.11,-0.07,-1.06,-62.89,20.96,-24.46,0.0,0.0,0.0,0.0,1.56,-0.98,-147.54,0.0,0.0,0.0,0.0,0.0,1.0,-0.14,1.0,-2.48,1.0,4.74,1.0,0.14,1.0,-0.18,1.0,-0.3,1.0,4.31,1.0,-38.26,1.0,84.95,1.0,-45.59,1.0,-4.35,0.0,0.0,0.0,0.0,0.0,0.0,0.0,0.0,1.0,-0.14,1.0,1.8,1.0,5.07,1.0,0.0,1.0,-0.08,1.0,0.3,1.0,-4.65,1.0,-35.39,1.0,65.2,1.0,-29.74,1.0,5.84,0.0,0.0,0.0,0.0,0.0,0.0,0.0,0.0,0.0,0.0,0.0,0.0,0.0,0.0,0.0,0.0,1536.0,13126.0
90.0,5558.0,0.15,-0.08,-1.06,-66.38,55.9,-38.43,0.0,0.0,0.0,0.0,1.32,-0.79,-147.66,0.0,0.0,0.0,0.0,0.0,1.0,-0.14,1.0,-1.84,1.0,4.1,1.0,0.14,1.0,-0.18,1.0,-0.3,1.0,4.31,1.0,-40.56,1.0,88.49,1.0,-46.91,1.0,-4.32,0.0,0.0,0.0,0.0,0.0,0.0,0.0,0.0,1.0,0.14,1.0,1.5,1.0,5.07,1.0,0.3,1.0,-0.08,1.0,0.3,1.0,-4.65,1.0,-34.75,1.0,65.2,1.0,-30.08,1.0,5.84,0.0,0.0,0.0,0.0,0.0,0.0,0.0,0.0,0.0,0.0,0.0,0.0,0.0,0.0,0.0,0.0,9728.0,3146.0
90.0,5559.0,0.16,-0.09,-1.04,-69.87,83.85,-27.95,0.0,0.0,0.0,0.0,1.11,-0.46,-147.73,0.0,0.0,0.0,0.0,0.0,1.0,-0.14,1.0,-1.16,1.0,4.74,1.0,0.14,1.0,-0.18,1.0,-0.3,1.0,4.31,1.0,-43.16,1.0,91.39,1.0,-47.51,1.0,-4.35,0.0,0.0,0.0,0.0,0.0,0.0,0.0,0.0,1.0,0.14,1.0,0.86,1.0,5.07,1.0,0.0,1.0,0.53,1.0,0.3,1.0,-4.65,1.0,-33.77,1.0,65.2,1.0,-30.72,1.0,5.5,0.0,0.0,0.0,0.0,0.0,0.0,0.0,0.0,0.0,0.0,0.0,0.0,0.0,1024.0,0.0,0.0,1536.0,6746.0
90.0,5562.0,0.27,-0.05,-0.98,-59.39,167.69,27.95,0.0,0.0,0.0,0.0,0.53,1.22,-147.51,0.0,0.0,0.0,0.0,0.0,1.0,-0.14,1.0,1.17,1.0,4.74,1.0,0.14,1.0,0.16,1.0,-0.3,1.0,4.31,1.0,-46.74,1.0,93.32,1.0,-45.59,1.0,-4.35,0.0,0.0,0.0,0.0,0.0,0.0,0.0,0.0,1.0,0.14,1.0,-1.71,1.0,5.07,1.0,0.0,1.0,-0.08,1.0,0.0,1.0,-4.34,1.0,-29.86,1.0,65.2,1.0,-32.34,1.0,5.16,0.0,0.0,0.0,0.0,0.0,0.0,0.0,0.0,0.0,0.0,0.0,0.0,0.0,0.0,0.0,0.0,1536.0,-7580.0
90.0,5562.0,0.27,-0.05,-0.98,-59.39,167.69,27.95,0.0,0.0,0.0,0.0,0.53,1.22,-147.51,0.0,0.0,0.0,0.0,0.0,1.0,-0.14,1.0,1.17,1.0,4.74,1.0,0.14,1.0,0.16,1.0,-0.3,1.0,4.31,1.0,-46.74,1.0,93.32,1.0,-45.59,1.0,-4.35,0.0,0.0,0.0,0.0,0.0,0.0,0.0,0.0,1.0,0.14,1.0,-1.71,1.0,5.07,1.0,0.0,1.0,-0.08,1.0,0.0,1.0,-4.34,1.0,-29.86,1.0,65.2,1.0,-32.34,1.0,5.16,0.0,0.0,0.0,0.0,0.0,0.0,0.0,0.0,0.0,0.0,0.0,0.0,0.0,0.0,0.0,0.0,1536.0,-7580.0
90.0,5563.0,0.27,-0.02,-1.01,-59.39,192.15,27.95,0.0,0.0,0.0,0.0,0.3,2.03,-147.33,0.0,0.0,0.0,0.0,0.0,1.0,-0.14,1.0,1.47,1.0,4.74,1.0,0.14,1.0,0.16,1.0,-0.3,1.0,4.31,1.0,-46.74,1.0,91.05,1.0,-43.9,1.0,-4.32,0.0,0.0,0.0,0.0,0.0,0.0,0.0,0.0,1.0,0.14,1.0,-2.05,1.0,5.07,1.0,0.3,1.0,-0.38,1.0,0.0,1.0,-4.65,1.0,-28.88,1.0,65.2,1.0,-32.98,1.0,4.52,0.0,0.0,0.0,0.0,0.0,0.0,0.0,0.0,0.0,0.0,0.0,0.0,0.0,0.0,0.0,0.0,9728.0,-18175.0
90.0,5564.0,0.22,0.01,-1.02,-59.39,164.2,31.44,0.0,0.0,0.0,0.0,0.09,2.7,-147.12,0.0,0.0,0.0,0.0,0.0,1.0,-0.14,1.0,2.82,1.0,4.44,1.0,0.14,1.0,0.16,1.0,-0.3,1.0,3.97,1.0,-46.43,1.0,87.85,1.0,-41.2,1.0,-4.35,0.0,0.0,0.0,0.0,0.0,0.0,0.0,0.0,1.0,0.14,1.0,-3.33,1.0,4.74,1.0,0.0,1.0,-0.08,1.0,0.3,1.0,-4.34,1.0,-27.56,1.0,65.2,1.0,-33.62,1.0,4.22,0.0,0.0,0.0,0.0,0.0,0.0,0.0,0.0,0.0,0.0,0.0,0.0,0.0,1024.0,0.0,0.0,1536.0,-8613.0
90.0,5565.0,0.24,0.02,-1.0,-73.37,153.72,38.43,0.0,0.0,0.0,0.0,-0.17,3.28,-146.91,0.0,0.0,0.0,0.0,0.0,1.0,-0.14,1.0,2.48,1.0,4.74,1.0,-0.17,1.0,0.16,1.0,-0.3,1.0,3.67,1.0,-45.76,1.0,87.81,1.0,-37.83,1.0,-3.37,0.0,0.0,0.0,0.0,0.0,0.0,0.0,0.0,1.0,0.14,1.0,-3.33,1.0,5.07,1.0,0.3,1.0,-0.08,1.0,0.3,1.0,-4.34,1.0,-27.26,1.0,65.54,1.0,-34.27,1.0,3.88,0.0,0.0,0.0,0.0,0.0,0.0,0.0,0.0,0.0,0.0,0.0,0.0,0.0,0.0,0.0,0.0,1536.0,-6362.0
90.0,5567.0,0.24,0.05,-1.01,-76.86,108.3,6.99,0.0,0.0,0.0,0.0,-0.67,4.39,-146.51,0.0,0.0,0.0,0.0,0.0,1.0,-0.14,1.0,3.46,1.0,4.74,1.0,-0.17,1.0,0.16,1.0,-0.3,1.0,2.35,1.0,-43.16,1.0,77.82,1.0,-34.08,1.0,-1.11,0.0,0.0,0.0,0.0,0.0,0.0,0.0,0.0,1.0,0.47,1.0,-2.99,1.0,5.07,1.0,0.0,1.0,-0.08,1.0,0.3,1.0,-4.34,1.0,-25.94,1.0,65.87,1.0,-34.91,1.0,3.54,0.0,0.0,0.0,0.0,0.0,0.0,0.0,0.0,0.0,0.0,0.0,0.0,0.0,0.0,0.0,0.0,1536.0,1636.0
90.0,5567.0,0.24,0.05,-1.01,-76.86,108.3,6.99,0.0,0.0,0.0,0.0,-0.67,4.39,-146.51,0.0,0.0,0.0,0.0,0.0,1.0,-0.14,1.0,3.46,1.0,4.74,1.0,-0.17,1.0,0.16,1.0,-0.3,1.0,2.35,1.0,-43.16,1.0,77.82,1.0,-34.08,1.0,-1.11,0.0,0.0,0.0,0.0,0.0,0.0,0.0,0.0,1.0,0.47,1.0,-2.99,1.0,5.07,1.0,0.0,1.0,-0.08,1.0,0.3,1.0,-4.34,1.0,-25.94,1.0,65.87,1.0,-34.91,1.0,3.54,0.0,0.0,0.0,0.0,0.0,0.0,0.0,0.0,0.0,0.0,0.0,0.0,0.0,0.0,0.0,0.0,1536.0,1636.0
90.0,5568.0,0.27,-0.01,-1.03,-69.87,101.32,13.97,0.0,0.0,0.0,0.0,-0.92,4.79,-146.41,0.0,0.0,0.0,0.0,0.0,1.0,-0.14,1.0,4.14,1.0,4.74,1.0,0.14,1.0,0.16,1.0,-0.3,1.0,2.05,1.0,-41.84,1.0,73.94,1.0,-30.71,1.0,-1.11,0.0,0.0,0.0,0.0,0.0,0.0,0.0,0.0,1.0,0.47,1.0,-3.33,1.0,4.74,1.0,0.0,1.0,-0.08,1.0,0.3,1.0,-4.01,1.0,-25.3,1.0,66.21,1.0,-35.24,1.0,2.57,0.0,0.0,0.0,0.0,0.0,0.0,0.0,0.0,0.0,0.0,0.0,0.0,0.0,0.0,0.0,0.0,1536.0,832.0
90.0,5568.0,0.27,-0.01,-1.03,-69.87,101.32,13.97,0.0,0.0,0.0,0.0,-0.92,4.79,-146.41,0.0,0.0,0.0,0.0,0.0,1.0,-0.14,1.0,4.14,1.0,4.74,1.0,0.14,1.0,0.16,1.0,-0.3,1.0,2.05,1.0,-41.84,1.0,73.94,1.0,-30.71,1.0,-1.11,0.0,0.0,0.0,0.0,0.0,0.0,0.0,0.0,1.0,0.47,1.0,-3.33,1.0,4.74,1.0,0.0,1.0,-0.08,1.0,0.3,1.0,-4.01,1.0,-25.3,1.0,66.21,1.0,-35.24,1.0,2.57,0.0,0.0,0.0,0.0,0.0,0.0,0.0,0.0,0.0,0.0,0.0,0.0,0.0,0.0,0.0,0.0,1536.0,832.0
90.0,5571.0,0.32,-0.01,-1.24,80.35,94.33,188.66,0.0,0.0,0.0,0.0,-0.23,6.02,-145.07,0.0,0.0,0.0,0.0,0.0,1.0,-0.14,1.0,4.78,1.0,5.04,1.0,0.14,1.0,0.16,1.0,-0.3,1.0,0.09,1.0,-37.62,1.0,66.82,1.0,-23.62,1.0,0.82,0.0,0.0,0.0,0.0,0.0,0.0,0.0,0.0,1.0,0.47,1.0,-5.22,1.0,4.74,1.0,0.0,1.0,-0.08,1.0,0.3,1.0,-1.07,1.0,-24.63,1.0,66.21,1.0,-35.88,1.0,0.0,0.0,0.0,0.0,0.0,0.0,0.0,0.0,0.0,0.0,0.0,0.0,0.0,0.0,256.0,0.0,0.0,1536.0,-31890.0
90.0,5571.0,0.32,-0.01,-1.24,80.35,94.33,188.66,0.0,0.0,0.0,0.0,-0.23,6.02,-145.07,0.0,0.0,0.0,0.0,0.0,1.0,-0.14,1.0,4.78,1.0,5.04,1.0,0.14,1.0,0.16,1.0,-0.3,1.0,0.09,1.0,-37.62,1.0,66.82,1.0,-23.62,1.0,0.82,0.0,0.0,0.0,0.0,0.0,0.0,0.0,0.0,1.0,0.47,1.0,-5.22,1.0,4.74,1.0,0.0,1.0,-0.08,1.0,0.3,1.0,-1.07,1.0,-24.63,1.0,66.21,1.0,-35.88,1.0,0.0,0.0,0.0,0.0,0.0,0.0,0.0,0.0,0.0,0.0,0.0,0.0,0.0,0.0,256.0,0.0,0.0,1536.0,-31890.0
90.0,5571.0,0.32,-0.01,-1.24,80.35,94.33,188.66,0.0,0.0,0.0,0.0,-0.23,6.02,-145.07,0.0,0.0,0.0,0.0,0.0,1.0,-0.14,1.0,4.78,1.0,5.04,1.0,0.14,1.0,0.16,1.0,-0.3,1.0,0.09,1.0,-37.62,1.0,66.82,1.0,-23.62,1.0,0.82,0.0,0.0,0.0,0.0,0.0,0.0,0.0,0.0,1.0,0.47,1.0,-5.22,1.0,4.74,1.0,0.0,1.0,-0.08,1.0,0.3,1.0,-1.07,1.0,-24.63,1.0,66.21,1.0,-35.88,1.0,0.0,0.0,0.0,0.0,0.0,0.0,0.0,0.0,0.0,0.0,0.0,0.0,0.0,0.0,256.0,0.0,0.0,1536.0,-31890.0
90.0,5574.0,0.35,0.18,-1.07,94.33,24.46,209.62,0.0,0.0,0.0,0.0,1.33,6.69,-142.81,0.0,0.0,0.0,0.0,0.0,1.0,-0.14,1.0,4.47,1.0,5.35,1.0,0.14,1.0,-0.18,1.0,-0.3,1.0,-1.53,1.0,-35.97,1.0,64.9,1.0,-23.28,1.0,1.79,0.0,0.0,0.0,0.0,0.0,0.0,0.0,0.0,1.0,0.14,1.0,-5.22,1.0,4.74,1.0,0.64,1.0,0.83,1.0,0.0,1.0,1.53,1.0,-24.63,1.0,65.87,1.0,-35.88,1.0,-0.98,0.0,0.0,0.0,0.0,0.0,0.0,0.0,0.0,0.0,0.0,0.0,0.0,0.0,0.0,0.0,0.0,1536.0,-28760.0
90.0,5576.0,0.23,0.27,-1.01,52.4,-62.89,129.26,0.0,0.0,0.0,0.0,2.07,6.53,-141.71,0.0,0.0,0.0,0.0,0.0,1.0,-0.14,1.0,4.78,1.0,5.04,1.0,0.14,1.0,-0.18,1.0,-0.3,1.0,-1.53,1.0,-36.31,1.0,65.24,1.0,-23.96,1.0,2.1,0.0,0.0,0.0,0.0,0.0,0.0,0.0,0.0,1.0,-0.47,1.0,-4.91,1.0,4.74,1.0,0.0,1.0,-0.38,1.0,0.3,1.0,1.87,1.0,-24.63,1.0,65.87,1.0,-35.88,1.0,-1.32,0.0,0.0,0.0,0.0,0.0,0.0,0.0,0.0,0.0,0.0,0.0,0.0,0.0,1024.0,0.0,0.0,1536.0,-8771.0
90.0,5576.0,0.23,0.27,-1.01,52.4,-62.89,129.26,0.0,0.0,0.0,0.0,2.07,6.53,-141.71,0.0,0.0,0.0,0.0,0.0,1.0,-0.14,1.0,4.78,1.0,5.04,1.0,0.14,1.0,-0.18,1.0,-0.3,1.0,-1.53,1.0,-36.31,1.0,65.24,1.0,-23.96,1.0,2.1,0.0,0.0,0.0,0.0,0.0,0.0,0.0,0.0,1.0,-0.47,1.0,-4.91,1.0,4.74,1.0,0.0,1.0,-0.38,1.0,0.3,1.0,1.87,1.0,-24.63,1.0,65.87,1.0,-35.88,1.0,-1.32,0.0,0.0,0.0,0.0,0.0,0.0,0.0,0.0,0.0,0.0,0.0,0.0,0.0,1024.0,0.0,0.0,1536.0,-8771.0
90.0,5578.0,0.32,0.24,-0.97,-20.96,-73.37,87.34,0.0,0.0,0.0,0.0,2.07,5.96,-141.03,0.0,0.0,0.0,0.0,0.0,1.0,-0.14,1.0,4.78,1.0,5.04,1.0,0.14,1.0,-0.18,1.0,-0.3,1.0,-2.14,1.0,-36.31,1.0,65.24,1.0,-24.29,1.0,3.08,0.0,0.0,0.0,0.0,0.0,0.0,0.0,0.0,1.0,-0.47,1.0,-4.58,1.0,5.07,1.0,0.0,1.0,-0.08,1.0,0.3,1.0,2.47,1.0,-24.96,1.0,65.87,1.0,-35.88,1.0,-1.65,0.0,0.0,0.0,0.0,0.0,0.0,0.0,0.0,0.0,0.0,0.0,0.0,0.0,256.0,0.0,0.0,1536.0,4456.0
90.0,5579.0,0.32,0.21,-0.95,-20.96,-76.86,90.83,0.0,0.0,0.0,0.0,2.06,5.68,-140.68,0.0,0.0,0.0,0.0,0.0,1.0,-0.14,1.0,4.47,1.0,4.74,1.0,0.14,1.0,0.16,1.0,-0.3,1.0,-2.47,1.0,-35.97,1.0,65.24,1.0,-24.63,1.0,3.41,0.0,0.0,0.0,0.0,0.0,0.0,0.0,0.0,1.0,-0.14,1.0,-4.58,1.0,4.74,1.0,0.0,1.0,-0.08,1.0,0.3,1.0,2.47,1.0,-25.3,1.0,65.87,1.0,-35.88,1.0,-1.99,0.0,0.0,0.0,0.0,0.0,0.0,0.0,0.0,0.0,0.0,0.0,0.0,0.0,0.0,0.0,0.0,1536.0,4801.0
90.0,5580.0,0.37,0.2,-0.97,-20.96,-76.86,97.82,0.0,0.0,0.0,0.0,2.06,5.43,-140.3,0.0,0.0,0.0,0.0,0.0,1.0,-0.14,1.0,5.11,1.0,3.79,1.0,0.14,1.0,0.16,1.0,-0.3,1.0,-2.81,1.0,-35.97,1.0,65.24,1.0,-24.63,1.0,3.72,0.0,0.0,0.0,0.0,0.0,0.0,0.0,0.0,1.0,-0.14,1.0,-4.58,1.0,5.07,1.0,0.0,1.0,-0.08,1.0,0.3,1.0,2.47,1.0,-25.3,1.0,65.87,1.0,-35.88,1.0,-2.67,0.0,0.0,0.0,0.0,0.0,0.0,0.0,0.0,0.0,0.0,0.0,0.0,0.0,0.0,0.0,0.0,1536.0,4155.0
90.0,5581.0,0.36,0.2,-0.98,-24.46,-59.39,48.91,0.0,0.0,0.0,0.0,1.95,5.28,-140.04,0.0,0.0,0.0,0.0,0.0,1.0,-0.14,1.0,4.47,1.0,4.74,1.0,0.14,1.0,0.16,1.0,-0.3,1.0,-3.15,1.0,-35.97,1.0,64.9,1.0,-24.63,1.0,3.72,0.0,0.0,0.0,0.0,0.0,0.0,0.0,0.0,1.0,-0.14,1.0,-4.27,1.0,4.74,1.0,0.0,1.0,0.53,1.0,0.3,1.0,2.81,1.0,-25.6,1.0,65.87,1.0,-36.22,1.0,-2.33,0.0,0.0,0.0,0.0,0.0,0.0,0.0,0.0,0.0,0.0,0.0,0.0,0.0,0.0,0.0,0.0,1536.0,7624.0
90.0,5582.0,0.34,0.16,-1.01,-6.99,-69.87,31.44,0.0,0.0,0.0,0.0,1.93,5.0,-139.93,0.0,0.0,0.0,0.0,0.0,1.0,-0.14,1.0,4.14,1.0,4.44,1.0,-0.17,1.0,0.16,1.0,-0.3,1.0,-3.49,1.0,-35.97,1.0,65.24,1.0,-24.97,1.0,3.72,0.0,0.0,0.0,0.0,0.0,0.0,0.0,0.0,1.0,-0.14,1.0,-4.27,1.0,4.74,1.0,0.3,1.0,-0.08,1.0,0.0,1.0,2.81,1.0,-26.92,1.0,67.53,1.0,-36.86,1.0,-3.0,0.0,0.0,0.0,0.0,0.0,0.0,0.0,0.0,0.0,0.0,0.0,0.0,0.0,0.0,0.0,0.0,1536.0,8985.0
90.0,5583.0,0.33,0.15,-1.04,13.97,-83.85,10.48,0.0,0.0,0.0,0.0,1.95,4.69,-139.9,0.0,0.0,0.0,0.0,0.0,1.0,-0.14,1.0,3.8,1.0,4.74,1.0,-0.17,1.0,0.16,1.0,-0.3,1.0,-3.49,1.0,-36.31,1.0,65.24,1.0,-25.64,1.0,4.36,0.0,0.0,0.0,0.0,0.0,0.0,0.0,0.0,1.0,-0.14,1.0,-3.63,1.0,4.74,1.0,0.0,1.0,-0.08,1.0,0.3,1.0,3.76,1.0,-28.88,1.0,69.89,1.0,-38.79,1.0,-3.34,0.0,0.0,0.0,0.0,0.0,0.0,0.0,0.0,0.0,0.0,0.0,0.0,0.0,1024.0,0.0,0.0,1536.0,9458.0
90.0,5583.0,0.33,0.15,-1.04,13.97,-83.85,10.48,0.0,0.0,0.0,0.0,1.95,4.69,-139.9,0.0,0.0,0.0,0.0,0.0,1.0,-0.14,1.0,3.8,1.0,4.74,1.0,-0.17,1.0,0.16,1.0,-0.3,1.0,-3.49,1.0,-36.31,1.0,65.24,1.0,-25.64,1.0,4.36,0.0,0.0,0.0,0.0,0.0,0.0,0.0,0.0,1.0,-0.14,1.0,-3.63,1.0,4.74,1.0,0.0,1.0,-0.08,1.0,0.3,1.0,3.76,1.0,-28.88,1.0,69.89,1.0,-38.79,1.0,-3.34,0.0,0.0,0.0,0.0,0.0,0.0,0.0,0.0,0.0,0.0,0.0,0.0,0.0,1024.0,0.0,0.0,1536.0,9458.0
90.0,5584.0,0.26,0.12,-1.0,52.4,-122.28,-13.97,0.0,0.0,0.0,0.0,2.1,4.18,-140.03,0.0,0.0,0.0,0.0,0.0,1.0,-0.14,1.0,3.12,1.0,4.74,1.0,0.14,1.0,0.16,1.0,0.0,1.0,-4.13,1.0,-35.97,1.0,65.24,1.0,-26.32,1.0,4.7,0.0,0.0,0.0,0.0,0.0,0.0,0.0,0.0,1.0,0.47,1.0,-3.33,1.0,4.74,1.0,0.3,1.0,-0.08,1.0,0.3,1.0,4.43,1.0,-31.48,1.0,76.27,1.0,-42.43,1.0,-4.02,0.0,0.0,0.0,0.0,0.0,0.0,0.0,0.0,0.0,0.0,0.0,0.0,0.0,0.0,0.0,0.0,5632.0,8822.0
90.0,5586.0,0.31,0.06,-1.02,153.72,-115.29,55.9,0.0,0.0,0.0,0.0,3.1,3.1,-140.15,0.0,0.0,0.0,0.0,0.0,1.0,-0.14,1.0,2.14,1.0,4.1,1.0,-0.17,1.0,0.16,1.0,0.0,1.0,-4.46,1.0,-35.67,1.0,65.54,1.0,-27.33,1.0,4.7,0.0,0.0,0.0,0.0,0.0,0.0,0.0,0.0,1.0,0.47,1.0,-1.71,1.0,4.74,1.0,0.3,1.0,-0.08,1.0,0.3,1.0,5.07,1.0,-37.04,1.0,82.65,1.0,-45.44,1.0,-4.69,0.0,0.0,0.0,0.0,0.0,0.0,0.0,0.0,0.0,0.0,0.0,0.0,0.0,0.0,0.0,0.0,1536.0,-4552.0
90.0,5587.0,0.33,0.15,-1.0,171.19,-62.89,48.91,0.0,0.0,0.0,0.0,3.77,2.9,-140.08,0.0,0.0,0.0,0.0,0.0,1.0,-0.14,1.0,1.47,1.0,5.35,1.0,0.14,1.0,0.16,1.0,0.0,1.0,-4.46,1.0,-34.99,1.0,65.54,1.0,-28.34,1.0,4.7,0.0,0.0,0.0,0.0,0.0,0.0,0.0,0.0,1.0,0.14,1.0,-1.07,1.0,4.74,1.0,0.0,1.0,-0.38,1.0,0.0,1.0,5.07,1.0,-39.98,1.0,86.66,1.0,-47.12,1.0,-4.69,0.0,0.0,0.0,0.0,0.0,0.0,0.0,0.0,0.0,0.0,0.0,0.0,0.0,0.0,0.0,0.0,1536.0,-10844.0
90.0,5589.0,0.35,0.23,-0.94,129.26,-13.97,48.91,0.0,0.0,0.0,0.0,4.59,2.83,-139.97,0.0,0.0,0.0,0.0,0.0,1.0,-0.14,1.0,0.15,1.0,5.35,1.0,0.14,1.0,0.16,1.0,0.0,1.0,-4.46,1.0,-32.73,1.0,65.88,1.0,-30.37,1.0,4.7,0.0,0.0,0.0,0.0,0.0,0.0,0.0,0.0,1.0,-0.14,1.0,0.86,1.0,4.74,1.0,0.3,1.0,-0.08,1.0,0.3,1.0,4.73,1.0,-44.88,1.0,94.05,1.0,-46.79,1.0,-4.69,0.0,0.0,0.0,0.0,0.0,0.0,0.0,0.0,0.0,0.0,0.0,0.0,0.0,0.0,0.0,0.0,1536.0,-12075.0
90.0,5590.0,0.39,0.26,-0.91,94.33,38.43,48.91,0.0,0.0,0.0,0.0,4.92,3.0,-139.84,0.0,0.0,0.0,0.0,0.0,1.0,-0.14,1.0,-0.83,1.0,5.04,1.0,0.14,1.0,0.16,1.0,0.0,1.0,-4.8,1.0,-31.08,1.0,65.88,1.0,-31.04,1.0,4.36,0.0,0.0,0.0,0.0,0.0,0.0,0.0,0.0,1.0,-0.47,1.0,1.16,1.0,4.74,1.0,0.0,1.0,0.23,1.0,0.3,1.0,4.73,1.0,-46.5,1.0,94.39,1.0,-45.77,1.0,-4.69,0.0,0.0,0.0,0.0,0.0,0.0,0.0,0.0,0.0,0.0,0.0,0.0,0.0,256.0,0.0,0.0,1536.0,-14025.0
90.0,5591.0,0.39,0.3,-0.96,62.89,94.33,-13.97,0.0,0.0,0.0,0.0,5.04,3.47,-139.86,0.0,0.0,0.0,0.0,0.0,1.0,-0.14,1.0,-0.83,1.0,5.04,1.0,0.14,1.0,0.16,1.0,0.0,1.0,-4.46,1.0,-30.1,1.0,66.18,1.0,-31.72,1.0,4.36,0.0,0.0,0.0,0.0,0.0,0.0,0.0,0.0,1.0,-0.47,1.0,1.5,1.0,4.4,1.0,0.0,1.0,-0.08,1.0,0.3,1.0,4.09,1.0,-46.83,1.0,94.39,1.0,-44.76,1.0,-4.02,0.0,0.0,0.0,0.0,0.0,0.0,0.0,0.0,0.0,0.0,0.0,0.0,0.0,0.0,0.0,0.0,1536.0,-10118.0
90.0,5592.0,0.34,0.19,-1.01,31.44,94.33,-24.46,0.0,0.0,0.0,0.0,5.06,3.84,-140.03,0.0,0.0,0.0,0.0,0.0,1.0,-0.14,1.0,-1.84,1.0,4.74,1.0,-0.17,1.0,0.16,1.0,0.0,1.0,-4.8,1.0,-29.12,1.0,65.88,1.0,-32.39,1.0,4.36,0.0,0.0,0.0,0.0,0.0,0.0,0.0,0.0,1.0,-0.47,1.0,1.8,1.0,4.74,1.0,0.0,1.0,-0.08,1.0,0.3,1.0,3.76,1.0,-46.83,1.0,94.05,1.0,-43.11,1.0,-3.68,0.0,0.0,0.0,0.0,0.0,0.0,0.0,0.0,0.0,0.0,0.0,0.0,0.0,0.0,0.0,0.0,1536.0,-5927.0
90.0,5593.0,0.36,0.19,-1.1,-17.47,90.83,6.99,0.0,0.0,0.0,0.0,4.93,4.23,-139.92,0.0,0.0,0.0,0.0,0.0,1.0,-0.14,1.0,-2.14,1.0,4.44,1.0,-0.17,1.0,-0.18,1.0,0.0,1.0,-4.46,1.0,-28.81,1.0,65.88,1.0,-33.07,1.0,3.72,0.0,0.0,0.0,0.0,0.0,0.0,0.0,0.0,1.0,-0.47,1.0,1.16,1.0,5.07,1.0,0.0,1.0,-0.08,1.0,0.0,1.0,3.76,1.0,-46.16,1.0,92.03,1.0,-41.42,1.0,-3.68,0.0,0.0,0.0,0.0,0.0,0.0,0.0,0.0,0.0,0.0,0.0,0.0,0.0,1024.0,0.0,0.0,1536.0,-4698.0
90.0,5594.0,0.21,0.03,-1.04,20.96,-3.49,-27.95,0.0,0.0,0.0,0.0,5.11,4.15,-140.04,0.0,0.0,0.0,0.0,0.0,1.0,-0.14,1.0,-2.48,1.0,4.74,1.0,0.14,1.0,0.16,1.0,0.0,1.0,-4.46,1.0,-28.14,1.0,65.88,1.0,-34.08,1.0,3.08,0.0,0.0,0.0,0.0,0.0,0.0,0.0,0.0,1.0,-0.14,1.0,1.5,1.0,5.07,1.0,0.0,1.0,-0.38,1.0,0.3,1.0,3.45,1.0,-45.18,1.0,87.0,1.0,-37.81,1.0,-3.34,0.0,0.0,0.0,0.0,0.0,0.0,0.0,0.0,0.0,0.0,0.0,0.0,0.0,0.0,0.0,0.0,1536.0,5446.0
90.0,5595.0,0.22,0.04,-1.06,41.92,-48.91,48.91,0.0,0.0,0.0,0.0,5.46,3.86,-139.96,0.0,0.0,0.0,0.0,0.0,1.0,-0.14,1.0,-2.48,1.0,4.74,1.0,0.14,1.0,0.16,1.0,0.0,1.0,-4.13,1.0,-27.5,1.0,66.18,1.0,-34.42,1.0,2.77,0.0,0.0,0.0,0.0,0.0,0.0,0.0,0.0,1.0,-0.14,1.0,2.14,1.0,5.07,1.0,0.0,1.0,-0.38,1.0,0.0,1.0,2.81,1.0,-43.56,1.0,85.01,1.0,-36.53,1.0,-2.67,0.0,0.0,0.0,0.0,0.0,0.0,0.0,0.0,0.0,0.0,0.0,0.0,0.0,256.0,0.0,0.0,1536.0,-255.0
90.0,5596.0,0.34,0.18,-1.04,27.95,-24.46,24.46,0.0,0.0,0.0,0.0,5.49,3.87,-139.84,0.0,0.0,0.0,0.0,0.0,1.0,-0.14,1.0,-3.15,1.0,5.04,1.0,-0.17,1.0,0.16,1.0,0.0,1.0,-3.79,1.0,-26.86,1.0,66.18,1.0,-35.09,1.0,2.77,0.0,0.0,0.0,0.0,0.0,0.0,0.0,0.0,1.0,0.14,1.0,3.08,1.0,4.74,1.0,0.3,1.0,0.23,1.0,0.0,1.0,2.81,1.0,-42.24,1.0,81.63,1.0,-34.6,1.0,-2.67,0.0,0.0,0.0,0.0,0.0,0.0,0.0,0.0,0.0,0.0,0.0,0.0,0.0,0.0,0.0,0.0,1536.0,1223.0
90.0,5597.0,0.29,0.21,-1.03,-3.49,-3.49,-76.86,0.0,0.0,0.0,0.0,5.18,3.9,-140.07,0.0,0.0,0.0,0.0,0.0,1.0,-0.14,1.0,-3.49,1.0,5.04,1.0,0.14,1.0,0.16,1.0,0.0,1.0,-3.15,1.0,-26.52,1.0,66.18,1.0,-35.43,1.0,2.1,0.0,0.0,0.0,0.0,0.0,0.0,0.0,0.0,1.0,0.14,1.0,3.73,1.0,4.74,1.0,0.0,1.0,-0.08,1.0,0.3,1.0,2.47,1.0,-40.29,1.0,76.27,1.0,-31.7,1.0,-1.65,0.0,0.0,0.0,0.0,0.0,0.0,0.0,0.0,0.0,0.0,0.0,0.0,0.0,0.0,0.0,0.0,1536.0,12408.0
90.0,5598.0,0.27,0.17,-1.03,-10.48,-38.43,-62.89,0.0,0.0,0.0,0.0,5.03,3.76,-140.39,0.0,0.0,0.0,0.0,0.0,1.0,-0.14,1.0,-4.13,1.0,5.04,1.0,-0.17,1.0,0.16,1.0,0.0,1.0,-2.47,1.0,-25.88,1.0,65.88,1.0,-36.14,1.0,1.79,0.0,0.0,0.0,0.0,0.0,0.0,0.0,0.0,1.0,0.14,1.0,4.37,1.0,4.74,1.0,0.0,1.0,-0.08,1.0,0.0,1.0,2.14,1.0,-38.67,1.0,72.89,1.0,-29.74,1.0,-0.3,0.0,0.0,0.0,0.0,0.0,0.0,0.0,0.0,0.0,0.0,0.0,0.0,0.0,0.0,0.0,0.0,1536.0,15209.0
90.0,5600.0,0.28,0.06,-1.03,17.47,-41.92,0.0,0.0,0.0,0.0,0.0,5.02,3.44,-140.6,0.0,0.0,0.0,0.0,0.0,1.0,-0.14,1.0,-4.81,1.0,4.74,1.0,0.14,1.0,0.16,1.0,0.0,1.0,-1.53,1.0,-24.9,1.0,65.24,1.0,-37.15,1.0,-0.16,0.0,0.0,0.0,0.0,0.0,0.0,0.0,0.0,1.0,0.14,1.0,4.37,1.0,5.07,1.0,0.0,1.0,-0.08,1.0,0.3,1.0,0.89,1.0,-36.37,1.0,66.85,1.0,-25.86,1.0,1.92,0.0,0.0,0.0,0.0,0.0,0.0,0.0,0.0,0.0,0.0,0.0,0.0,0.0,1024.0,0.0,0.0,1536.0,5573.0
90.0,5601.0,0.24,0.13,-1.23,-101.32,34.94,-38.43,0.0,0.0,0.0,0.0,4.61,3.37,-140.63,0.0,0.0,0.0,0.0,0.0,1.0,-0.14,1.0,-4.81,1.0,4.74,1.0,-0.17,1.0,-0.18,1.0,0.0,1.0,-0.89,1.0,-24.9,1.0,65.24,1.0,-37.83,1.0,-0.47,0.0,0.0,0.0,0.0,0.0,0.0,0.0,0.0,1.0,0.14,1.0,4.7,1.0,4.74,1.0,0.0,1.0,-0.38,1.0,0.3,1.0,0.21,1.0,-36.07,1.0,64.52,1.0,-25.56,1.0,2.26,0.0,0.0,0.0,0.0,0.0,0.0,0.0,0.0,0.0,0.0,0.0,0.0,0.0,0.0,0.0,0.0,1536.0,15037.0
90.0,5603.0,0.09,-0.02,-1.28,-45.42,-188.66,-6.99,0.0,0.0,0.0,0.0,4.36,1.88,-140.85,0.0,0.0,0.0,0.0,0.0,1.0,-0.14,1.0,-4.81,1.0,4.74,1.0,0.14,1.0,-0.18,1.0,0.0,1.0,0.09,1.0,-25.2,1.0,62.97,1.0,-37.83,1.0,-0.47,0.0,0.0,0.0,0.0,0.0,0.0,0.0,0.0,1.0,0.14,1.0,4.7,1.0,5.07,1.0,0.0,1.0,-0.08,1.0,0.3,1.0,-1.07,1.0,-36.37,1.0,63.51,1.0,-25.56,1.0,2.26,0.0,0.0,0.0,0.0,0.0,0.0,0.0,0.0,0.0,0.0,0.0,0.0,0.0,0.0,0.0,0.0,1536.0,29216.0
90.0,5603.0,0.09,-0.02,-1.28,-45.42,-188.66,-6.99,0.0,0.0,0.0,0.0,4.36,1.88,-140.85,0.0,0.0,0.0,0.0,0.0,1.0,-0.14,1.0,-4.81,1.0,4.74,1.0,0.14,1.0,-0.18,1.0,0.0,1.0,0.09,1.0,-25.2,1.0,62.97,1.0,-37.83,1.0,-0.47,0.0,0.0,0.0,0.0,0.0,0.0,0.0,0.0,1.0,0.14,1.0,4.7,1.0,5.07,1.0,0.0,1.0,-0.08,1.0,0.3,1.0,-1.07,1.0,-36.37,1.0,63.51,1.0,-25.56,1.0,2.26,0.0,0.0,0.0,0.0,0.0,0.0,0.0,0.0,0.0,0.0,0.0,0.0,0.0,0.0,0.0,0.0,1536.0,29216.0
90.0,5605.0,0.11,-0.11,-0.8,-69.87,-157.21,3.49,0.0,0.0,0.0,0.0,3.76,0.63,-140.81,0.0,0.0,0.0,0.0,0.0,1.0,-0.14,1.0,-4.81,1.0,4.74,1.0,0.14,1.0,0.16,1.0,-0.3,1.0,1.38,1.0,-25.2,1.0,62.97,1.0,-37.83,1.0,-0.8,0.0,0.0,0.0,0.0,0.0,0.0,0.0,0.0,1.0,0.47,1.0,5.01,1.0,5.07,1.0,0.0,1.0,0.23,1.0,0.3,1.0,-1.71,1.0,-37.35,1.0,63.51,1.0,-25.56,1.0,2.57,0.0,0.0,0.0,0.0,0.0,0.0,0.0,0.0,0.0,0.0,0.0,0.0,0.0,0.0,0.0,0.0,1536.0,27542.0
90.0,5605.0,0.11,-0.11,-0.8,-69.87,-157.21,3.49,0.0,0.0,0.0,0.0,3.76,0.63,-140.81,0.0,0.0,0.0,0.0,0.0,1.0,-0.14,1.0,-4.81,1.0,4.74,1.0,0.14,1.0,0.16,1.0,-0.3,1.0,1.38,1.0,-25.2,1.0,62.97,1.0,-37.83,1.0,-0.8,0.0,0.0,0.0,0.0,0.0,0.0,0.0,0.0,1.0,0.47,1.0,5.01,1.0,5.07,1.0,0.0,1.0,0.23,1.0,0.3,1.0,-1.71,1.0,-37.35,1.0,63.51,1.0,-25.56,1.0,2.57,0.0,0.0,0.0,0.0,0.0,0.0,0.0,0.0,0.0,0.0,0.0,0.0,0.0,0.0,0.0,0.0,1536.0,27542.0
90.0,5606.0,0.16,-0.11,-0.75,-66.38,-111.8,55.9,0.0,0.0,0.0,0.0,3.67,0.18,-140.64,0.0,0.0,0.0,0.0,0.0,1.0,-0.14,1.0,-4.81,1.0,4.44,1.0,-0.17,1.0,0.16,1.0,-0.3,1.0,2.05,1.0,-25.2,1.0,62.64,1.0,-37.83,1.0,-0.8,0.0,0.0,0.0,0.0,0.0,0.0,0.0,0.0,1.0,0.14,1.0,4.7,1.0,5.07,1.0,0.3,1.0,-0.08,1.0,0.3,1.0,-2.05,1.0,-38.02,1.0,63.85,1.0,-25.86,1.0,2.9,0.0,0.0,0.0,0.0,0.0,0.0,0.0,0.0,0.0,0.0,0.0,0.0,0.0,0.0,0.0,0.0,1536.0,17593.0
90.0,5606.0,0.16,-0.11,-0.75,-66.38,-111.8,55.9,0.0,0.0,0.0,0.0,3.67,0.18,-140.64,0.0,0.0,0.0,0.0,0.0,1.0,-0.14,1.0,-4.81,1.0,4.44,1.0,-0.17,1.0,0.16,1.0,-0.3,1.0,2.05,1.0,-25.2,1.0,62.64,1.0,-37.83,1.0,-0.8,0.0,0.0,0.0,0.0,0.0,0.0,0.0,0.0,1.0,0.14,1.0,4.7,1.0,5.07,1.0,0.3,1.0,-0.08,1.0,0.3,1.0,-2.05,1.0,-38.02,1.0,63.85,1.0,-25.86,1.0,2.9,0.0,0.0,0.0,0.0,0.0,0.0,0.0,0.0,0.0,0.0,0.0,0.0,0.0,0.0,0.0,0.0,1536.0,17593.0
90.0,5606.0,0.16,-0.11,-0.75,-66.38,-111.8,55.9,0.0,0.0,0.0,0.0,3.67,0.18,-140.64,0.0,0.0,0.0,0.0,0.0,1.0,-0.14,1.0,-4.81,1.0,4.44,1.0,-0.17,1.0,0.16,1.0,-0.3,1.0,2.05,1.0,-25.2,1.0,62.64,1.0,-37.83,1.0,-0.8,0.0,0.0,0.0,0.0,0.0,0.0,0.0,0.0,1.0,0.14,1.0,4.7,1.0,5.07,1.0,0.3,1.0,-0.08,1.0,0.3,1.0,-2.05,1.0,-38.02,1.0,63.85,1.0,-25.86,1.0,2.9,0.0,0.0,0.0,0.0,0.0,0.0,0.0,0.0,0.0,0.0,0.0,0.0,0.0,0.0,0.0,0.0,1536.0,17593.0
90.0,5610.0,0.17,-0.09,-0.89,-73.37,-38.43,-24.46,0.0,0.0,0.0,0.0,3.1,-1.3,-140.09,0.0,0.0,0.0,0.0,0.0,1.0,-0.14,1.0,-4.47,1.0,4.44,1.0,0.14,1.0,-0.18,1.0,-0.3,1.0,3.03,1.0,-26.52,1.0,65.54,1.0,-38.16,1.0,-3.07,0.0,0.0,0.0,0.0,0.0,0.0,0.0,0.0,1.0,-0.47,1.0,4.37,1.0,5.07,1.0,0.3,1.0,-0.08,1.0,0.3,1.0,-3.67,1.0,-37.69,1.0,64.52,1.0,-27.48,1.0,4.52,0.0,0.0,0.0,0.0,0.0,0.0,0.0,0.0,0.0,0.0,0.0,0.0,0.0,0.0,0.0,0.0,1536.0,19277.0
90.0,5611.0,0.15,-0.1,-0.91,-48.91,-17.47,0.0,0.0,0.0,0.0,0.0,2.97,-1.35,-140.1,0.0,0.0,0.0,0.0,0.0,1.0,-0.14,1.0,-4.13,1.0,4.74,1.0,0.14,1.0,-0.18,1.0,0.0,1.0,3.33,1.0,-28.14,1.0,68.44,1.0,-38.16,1.0,-3.37,0.0,0.0,0.0,0.0,0.0,0.0,0.0,0.0,1.0,-0.14,1.0,4.06,1.0,5.07,1.0,0.0,1.0,-0.08,1.0,0.0,1.0,-4.01,1.0,-37.35,1.0,64.52,1.0,-28.12,1.0,5.16,0.0,0.0,0.0,0.0,0.0,0.0,0.0,0.0,0.0,0.0,0.0,0.0,0.0,0.0,0.0,0.0,1536.0,12148.0
90.0,5612.0,0.09,-0.11,-0.91,-34.94,-24.46,6.99,0.0,0.0,0.0,0.0,2.87,-1.52,-140.09,0.0,0.0,0.0,0.0,0.0,1.0,-0.14,1.0,-3.15,1.0,4.74,1.0,0.14,1.0,-0.18,1.0,0.0,1.0,3.67,1.0,-30.1,1.0,71.38,1.0,-39.51,1.0,-3.37,0.0,0.0,0.0,0.0,0.0,0.0,0.0,0.0,1.0,-0.14,1.0,3.08,1.0,5.07,1.0,0.3,1.0,-0.08,1.0,0.3,1.0,-4.01,1.0,-37.04,1.0,64.52,1.0,-28.46,1.0,5.5,0.0,0.0,0.0,0.0,0.0,0.0,0.0,0.0,0.0,0.0,0.0,0.0,0.0,0.0,0.0,0.0,1536.0,10695.0
90.0,5613.0,0.07,-0.1,-0.95,-52.4,-3.49,24.46,0.0,0.0,0.0,0.0,2.77,-1.66,-140.0,0.0,0.0,0.0,0.0,0.0,1.0,-0.14,1.0,-3.15,1.0,4.74,1.0,-0.17,1.0,-0.18,1.0,0.0,1.0,3.97,1.0,-32.39,1.0,75.23,1.0,-41.54,1.0,-3.34,0.0,0.0,0.0,0.0,0.0,0.0,0.0,0.0,1.0,-0.14,1.0,3.08,1.0,5.07,1.0,0.0,1.0,-0.08,1.0,0.3,1.0,-4.34,1.0,-37.04,1.0,64.86,1.0,-28.76,1.0,5.84,0.0,0.0,0.0,0.0,0.0,0.0,0.0,0.0,0.0,0.0,0.0,0.0,0.0,0.0,0.0,0.0,1536.0,8686.0
90.0,5613.0,0.07,-0.1,-0.95,-52.4,-3.49,24.46,0.0,0.0,0.0,0.0,2.77,-1.66,-140.0,0.0,0.0,0.0,0.0,0.0,1.0,-0.14,1.0,-3.15,1.0,4.74,1.0,-0.17,1.0,-0.18,1.0,0.0,1.0,3.97,1.0,-32.39,1.0,75.23,1.0,-41.54,1.0,-3.34,0.0,0.0,0.0,0.0,0.0,0.0,0.0,0.0,1.0,-0.14,1.0,3.08,1.0,5.07,1.0,0.0,1.0,-0.08,1.0,0.3,1.0,-4.34,1.0,-37.04,1.0,64.86,1.0,-28.76,1.0,5.84,0.0,0.0,0.0,0.0,0.0,0.0,0.0,0.0,0.0,0.0,0.0,0.0,0.0,0.0,0.0,0.0,1536.0,8686.0
90.0,5616.0,0.1,-0.09,-1.03,-76.86,31.44,-24.46,0.0,0.0,0.0,0.0,2.13,-1.72,-140.09,0.0,0.0,0.0,0.0,0.0,1.0,-0.14,1.0,-1.5,1.0,4.74,1.0,0.14,1.0,-0.18,1.0,0.0,1.0,4.31,1.0,-40.22,1.0,87.51,1.0,-47.21,1.0,-4.35,0.0,0.0,0.0,0.0,0.0,0.0,0.0,0.0,1.0,-0.14,1.0,0.86,1.0,5.07,1.0,0.0,1.0,0.53,1.0,0.3,1.0,-4.34,1.0,-35.09,1.0,65.2,1.0,-30.72,1.0,5.84,0.0,0.0,0.0,0.0,0.0,0.0,0.0,0.0,0.0,0.0,0.0,0.0,0.0,256.0,0.0,0.0,1536.0,12476.0
90.0,5616.0,0.1,-0.09,-1.03,-76.86,31.44,-24.46,0.0,0.0,0.0,0.0,2.13,-1.72,-140.09,0.0,0.0,0.0,0.0,0.0,1.0,-0.14,1.0,-1.5,1.0,4.74,1.0,0.14,1.0,-0.18,1.0,0.0,1.0,4.31,1.0,-40.22,1.0,87.51,1.0,-47.21,1.0,-4.35,0.0,0.0,0.0,0.0,0.0,0.0,0.0,0.0,1.0,-0.14,1.0,0.86,1.0,5.07,1.0,0.0,1.0,0.53,1.0,0.3,1.0,-4.34,1.0,-35.09,1.0,65.2,1.0,-30.72,1.0,5.84,0.0,0.0,0.0,0.0,0.0,0.0,0.0,0.0,0.0,0.0,0.0,0.0,0.0,256.0,0.0,0.0,1536.0,12476.0
90.0,5617.0,0.14,-0.08,-1.03,-80.35,69.87,-38.43,0.0,0.0,0.0,0.0,1.83,-1.48,-140.17,0.0,0.0,0.0,0.0,0.0,1.0,-0.14,1.0,-0.83,1.0,4.74,1.0,-0.17,1.0,0.16,1.0,0.0,1.0,4.31,1.0,-42.82,1.0,90.41,1.0,-47.85,1.0,-4.35,0.0,0.0,0.0,0.0,0.0,0.0,0.0,0.0,1.0,0.14,1.0,0.86,1.0,5.07,1.0,0.0,1.0,-0.08,1.0,0.3,1.0,-4.34,1.0,-34.41,1.0,65.54,1.0,-31.03,1.0,5.84,0.0,0.0,0.0,0.0,0.0,0.0,0.0,0.0,0.0,0.0,0.0,0.0,0.0,0.0,0.0,0.0,1536.0,10569.0
90.0,5617.0,0.14,-0.08,-1.03,-80.35,69.87,-38.43,0.0,0.0,0.0,0.0,1.83,-1.48,-140.17,0.0,0.0,0.0,0.0,0.0,1.0,-0.14,1.0,-0.83,1.0,4.74,1.0,-0.17,1.0,0.16,1.0,0.0,1.0,4.31,1.0,-42.82,1.0,90.41,1.0,-47.85,1.0,-4.35,0.0,0.0,0.0,0.0,0.0,0.0,0.0,0.0,1.0,0.14,1.0,0.86,1.0,5.07,1.0,0.0,1.0,-0.08,1.0,0.3,1.0,-4.34,1.0,-34.41,1.0,65.54,1.0,-31.03,1.0,5.84,0.0,0.0,0.0,0.0,0.0,0.0,0.0,0.0,0.0,0.0,0.0,0.0,0.0,0.0,0.0,0.0,1536.0,10569.0
90.0,5621.0,0.2,0.03,-1.0,-80.35,178.18,-55.9,0.0,0.0,0.0,0.0,0.72,0.99,-140.18,0.0,0.0,0.0,0.0,0.0,1.0,-0.14,1.0,0.83,1.0,4.74,1.0,0.14,1.0,-0.18,1.0,-0.3,1.0,4.31,1.0,-47.07,1.0,92.03,1.0,-44.91,1.0,-4.35,0.0,0.0,0.0,0.0,0.0,0.0,0.0,0.0,1.0,0.14,1.0,-1.07,1.0,4.74,1.0,0.0,1.0,-0.08,1.0,0.3,1.0,-4.65,1.0,-29.52,1.0,65.54,1.0,-33.29,1.0,4.52,0.0,0.0,0.0,0.0,0.0,0.0,0.0,0.0,0.0,0.0,0.0,0.0,0.0,256.0,0.0,0.0,1536.0,1032.0
90.0,5622.0,0.16,0.02,-1.02,-83.85,157.21,-34.94,0.0,0.0,0.0,0.0,0.35,1.57,-140.28,0.0,0.0,0.0,0.0,0.0,1.0,-0.14,1.0,1.17,1.0,4.1,1.0,0.14,1.0,-0.18,1.0,-0.3,1.0,4.31,1.0,-46.74,1.0,89.77,1.0,-43.56,1.0,-4.35,0.0,0.0,0.0,0.0,0.0,0.0,0.0,0.0,1.0,0.14,1.0,-1.4,1.0,4.74,1.0,0.0,1.0,-0.08,1.0,0.3,1.0,-4.34,1.0,-28.54,1.0,65.54,1.0,-33.62,1.0,4.22,0.0,0.0,0.0,0.0,0.0,0.0,0.0,0.0,0.0,0.0,0.0,0.0,0.0,0.0,0.0,0.0,1536.0,1689.0
90.0,5622.0,0.16,0.02,-1.02,-83.85,157.21,-34.94,0.0,0.0,0.0,0.0,0.35,1.57,-140.28,0.0,0.0,0.0,0.0,0.0,1.0,-0.14,1.0,1.17,1.0,4.1,1.0,0.14,1.0,-0.18,1.0,-0.3,1.0,4.31,1.0,-46.74,1.0,89.77,1.0,-43.56,1.0,-4.35,0.0,0.0,0.0,0.0,0.0,0.0,0.0,0.0,1.0,0.14,1.0,-1.4,1.0,4.74,1.0,0.0,1.0,-0.08,1.0,0.3,1.0,-4.34,1.0,-28.54,1.0,65.54,1.0,-33.62,1.0,4.22,0.0,0.0,0.0,0.0,0.0,0.0,0.0,0.0,0.0,0.0,0.0,0.0,0.0,0.0,0.0,0.0,1536.0,1689.0
90.0,5623.0,0.19,-0.01,-1.01,-87.34,146.73,38.43,0.0,0.0,0.0,0.0,0.08,2.13,-140.11,0.0,0.0,0.0,0.0,0.0,1.0,-0.14,1.0,2.14,1.0,3.79,1.0,-0.17,1.0,0.16,1.0,-0.3,1.0,3.97,1.0,-46.43,1.0,86.87,1.0,-40.86,1.0,-4.32,0.0,0.0,0.0,0.0,0.0,0.0,0.0,0.0,1.0,0.14,1.0,-2.05,1.0,4.74,1.0,0.0,1.0,-0.08,1.0,0.3,1.0,-4.65,1.0,-27.9,1.0,65.87,1.0,-34.6,1.0,3.54,0.0,0.0,0.0,0.0,0.0,0.0,0.0,0.0,0.0,0.0,0.0,0.0,0.0,0.0,0.0,0.0,9728.0,-12375.0
90.0,5625.0,0.2,0.05,-1.03,-80.35,132.76,34.94,0.0,0.0,0.0,0.0,-0.45,3.26,-139.48,0.0,0.0,0.0,0.0,0.0,1.0,-0.14,1.0,3.46,1.0,4.1,1.0,0.14,1.0,0.16,1.0,-0.3,1.0,2.69,1.0,-43.8,1.0,83.29,1.0,-33.07,1.0,-1.11,0.0,0.0,0.0,0.0,0.0,0.0,0.0,0.0,1.0,-0.14,1.0,-3.63,1.0,4.74,1.0,0.0,1.0,-0.08,1.0,0.3,1.0,-4.34,1.0,-26.28,1.0,65.87,1.0,-35.55,1.0,2.9,0.0,0.0,0.0,0.0,0.0,0.0,0.0,0.0,0.0,0.0,0.0,0.0,0.0,0.0,0.0,0.0,1536.0,-4185.0
90.0,5626.0,0.23,0.02,-1.02,-80.35,125.77,31.44,0.0,0.0,0.0,0.0,-0.74,3.8,-139.29,0.0,0.0,0.0,0.0,0.0,1.0,-0.14,1.0,4.14,1.0,4.74,1.0,0.14,1.0,0.16,1.0,-0.3,1.0,2.05,1.0,-41.84,1.0,76.2,1.0,-31.04,1.0,-0.47,0.0,0.0,0.0,0.0,0.0,0.0,0.0,0.0,1.0,-0.14,1.0,-3.97,1.0,4.74,1.0,0.64,1.0,0.53,1.0,0.0,1.0,-4.34,1.0,-25.6,1.0,65.87,1.0,-35.55,1.0,2.57,0.0,0.0,0.0,0.0,0.0,0.0,0.0,0.0,0.0,0.0,0.0,0.0,0.0,256.0,0.0,0.0,1536.0,-3356.0
90.0,5627.0,0.25,0.02,-1.03,-69.87,115.29,34.94,0.0,0.0,0.0,0.0,-0.95,4.26,-139.05,0.0,0.0,0.0,0.0,0.0,1.0,-0.14,1.0,4.14,1.0,4.74,1.0,-0.17,1.0,0.16,1.0,-0.3,1.0,1.71,1.0,-40.22,1.0,72.66,1.0,-29.02,1.0,0.17,0.0,0.0,0.0,0.0,0.0,0.0,0.0,0.0,1.0,0.14,1.0,-4.27,1.0,4.74,1.0,0.3,1.0,-0.08,1.0,0.3,1.0,-4.01,1.0,-24.96,1.0,66.21,1.0,-35.55,1.0,2.26,0.0,0.0,0.0,0.0,0.0,0.0,0.0,0.0,0.0,0.0,0.0,0.0,0.0,0.0,0.0,0.0,1536.0,-3543.0
90.0,5628.0,0.35,-0.05,-1.14,-31.44,157.21,55.9,0.0,0.0,0.0,0.0,-1.04,4.96,-138.78,0.0,0.0,0.0,0.0,0.0,1.0,-0.14,1.0,4.47,1.0,4.74,1.0,0.14,1.0,0.16,1.0,-0.3,1.0,1.38,1.0,-38.6,1.0,70.06,1.0,-26.66,1.0,0.17,0.0,0.0,0.0,0.0,0.0,0.0,0.0,0.0,1.0,0.47,1.0,-4.58,1.0,4.74,1.0,0.0,1.0,-0.38,1.0,0.0,1.0,-3.37,1.0,-24.96,1.0,65.87,1.0,-35.55,1.0,1.62,0.0,0.0,0.0,0.0,0.0,0.0,0.0,0.0,0.0,0.0,0.0,0.0,0.0,0.0,0.0,0.0,1536.0,-13802.0
90.0,5629.0,0.25,-0.04,-1.2,10.48,94.33,125.77,0.0,0.0,0.0,0.0,-0.72,5.4,-138.29,0.0,0.0,0.0,0.0,0.0,1.0,-0.14,1.0,4.47,1.0,4.1,1.0,0.14,1.0,0.16,1.0,-0.3,1.0,1.07,1.0,-37.62,1.0,68.14,1.0,-24.97,1.0,1.15,0.0,0.0,0.0,0.0,0.0,0.0,0.0,0.0,1.0,0.47,1.0,-4.58,1.0,4.74,1.0,0.0,1.0,-0.38,1.0,0.3,1.0,-2.39,1.0,-24.63,1.0,65.87,1.0,-35.55,1.0,1.28,0.0,0.0,0.0,0.0,0.0,0.0,0.0,0.0,0.0,0.0,0.0,0.0,0.0,1024.0,0.0,0.0,1536.0,-20033.0
90.0,5629.0,0.25,-0.04,-1.2,10.48,94.33,125.77,0.0,0.0,0.0,0.0,-0.72,5.4,-138.29,0.0,0.0,0.0,0.0,0.0,1.0,-0.14,1.0,4.47,1.0,4.1,1.0,0.14,1.0,0.16,1.0,-0.3,1.0,1.07,1.0,-37.62,1.0,68.14,1.0,-24.97,1.0,1.15,0.0,0.0,0.0,0.0,0.0,0.0,0.0,0.0,1.0,0.47,1.0,-4.58,1.0,4.74,1.0,0.0,1.0,-0.38,1.0,0.3,1.0,-2.39,1.0,-24.63,1.0,65.87,1.0,-35.55,1.0,1.28,0.0,0.0,0.0,0.0,0.0,0.0,0.0,0.0,0.0,0.0,0.0,0.0,0.0,1024.0,0.0,0.0,1536.0,-20033.0
90.0,5631.0,0.27,0.2,-1.32,76.86,31.44,97.82,0.0,0.0,0.0,0.0,-0.29,5.71,-137.48,0.0,0.0,0.0,0.0,0.0,1.0,-0.14,1.0,4.47,1.0,5.04,1.0,0.14,1.0,0.16,1.0,-0.3,1.0,-0.25,1.0,-36.31,1.0,65.88,1.0,-23.96,1.0,1.15,0.0,0.0,0.0,0.0,0.0,0.0,0.0,0.0,1.0,-0.14,1.0,-4.27,1.0,4.74,1.0,0.0,1.0,-0.38,1.0,0.3,1.0,-0.43,1.0,-24.96,1.0,65.54,1.0,-36.22,1.0,0.0,0.0,0.0,0.0,0.0,0.0,0.0,0.0,0.0,0.0,0.0,0.0,0.0,0.0,256.0,0.0,0.0,1536.0,-16863.0
90.0,5633.0,0.29,0.23,-1.07,108.3,3.49,69.87,0.0,0.0,0.0,0.0,0.44,5.63,-137.04,0.0,0.0,0.0,0.0,0.0,1.0,-0.14,1.0,5.45,1.0,5.35,1.0,0.14,1.0,0.16,1.0,-0.3,1.0,-1.53,1.0,-36.31,1.0,64.9,1.0,-23.96,1.0,1.79,0.0,0.0,0.0,0.0,0.0,0.0,0.0,0.0,1.0,-0.47,1.0,-4.58,1.0,4.74,1.0,0.3,1.0,-0.08,1.0,0.0,1.0,1.19,1.0,-24.96,1.0,65.2,1.0,-36.53,1.0,-0.98,0.0,0.0,0.0,0.0,0.0,0.0,0.0,0.0,0.0,0.0,0.0,0.0,0.0,0.0,0.0,0.0,1536.0,-14234.0
90.0,5634.0,0.25,0.19,-0.96,101.32,-20.96,69.87,0.0,0.0,0.0,0.0,0.87,5.71,-136.87,0.0,0.0,0.0,0.0,0.0,1.0,-0.14,1.0,4.78,1.0,5.68,1.0,0.14,1.0,-0.18,1.0,-0.3,1.0,-1.87,1.0,-36.31,1.0,64.9,1.0,-23.96,1.0,1.79,0.0,0.0,0.0,0.0,0.0,0.0,0.0,0.0,1.0,-0.47,1.0,-4.91,1.0,4.74,1.0,0.3,1.0,-0.08,1.0,0.0,1.0,1.87,1.0,-24.96,1.0,65.2,1.0,-36.53,1.0,-1.32,0.0,0.0,0.0,0.0,0.0,0.0,0.0,0.0,0.0,0.0,0.0,0.0,0.0,0.0,0.0,0.0,1536.0,-11062.0
90.0,5635.0,0.25,0.18,-0.9,87.34,-55.9,122.28,0.0,0.0,0.0,0.0,1.38,5.5,-136.54,0.0,0.0,0.0,0.0,0.0,1.0,-0.14,1.0,4.78,1.0,5.04,1.0,0.14,1.0,-0.18,1.0,-0.3,1.0,-1.87,1.0,-36.31,1.0,64.9,1.0,-23.96,1.0,1.79,0.0,0.0,0.0,0.0,0.0,0.0,0.0,0.0,1.0,-0.47,1.0,-4.91,1.0,4.74,1.0,0.0,1.0,0.23,1.0,0.0,1.0,2.14,1.0,-24.63,1.0,65.2,1.0,-36.53,1.0,-1.65,0.0,0.0,0.0,0.0,0.0,0.0,0.0,0.0,0.0,0.0,0.0,0.0,0.0,0.0,0.0,0.0,1536.0,-11444.0
90.0,5635.0,0.25,0.18,-0.9,87.34,-55.9,122.28,0.0,0.0,0.0,0.0,1.38,5.5,-136.54,0.0,0.0,0.0,0.0,0.0,1.0,-0.14,1.0,4.78,1.0,5.04,1.0,0.14,1.0,-0.18,1.0,-0.3,1.0,-1.87,1.0,-36.31,1.0,64.9,1.0,-23.96,1.0,1.79,0.0,0.0,0.0,0.0,0.0,0.0,0.0,0.0,1.0,-0.47,1.0,-4.91,1.0,4.74,1.0,0.0,1.0,0.23,1.0,0.0,1.0,2.14,1.0,-24.63,1.0,65.2,1.0,-36.53,1.0,-1.65,0.0,0.0,0.0,0.0,0.0,0.0,0.0,0.0,0.0,0.0,0.0,0.0,0.0,0.0,0.0,0.0,1536.0,-11444.0
90.0,5638.0,0.34,0.24,-0.89,-6.99,-38.43,-13.97,0.0,0.0,0.0,0.0,1.38,5.29,-136.08,0.0,0.0,0.0,0.0,0.0,1.0,-0.14,1.0,4.47,1.0,5.04,1.0,-0.17,1.0,0.16,1.0,-0.3,1.0,-2.47,1.0,-36.31,1.0,64.9,1.0,-24.29,1.0,3.72,0.0,0.0,0.0,0.0,0.0,0.0,0.0,0.0,1.0,-0.47,1.0,-4.27,1.0,4.74,1.0,0.3,1.0,-0.08,1.0,0.0,1.0,2.81,1.0,-24.96,1.0,65.2,1.0,-36.53,1.0,-2.33,0.0,0.0,0.0,0.0,0.0,0.0,0.0,0.0,0.0,0.0,0.0,0.0,0.0,0.0,0.0,0.0,1536.0,9722.0
90.0,5638.0,0.34,0.24,-0.89,-6.99,-38.43,-13.97,0.0,0.0,0.0,0.0,1.38,5.29,-136.08,0.0,0.0,0.0,0.0,0.0,1.0,-0.14,1.0,4.47,1.0,5.04,1.0,-0.17,1.0,0.16,1.0,-0.3,1.0,-2.47,1.0,-36.31,1.0,64.9,1.0,-24.29,1.0,3.72,0.0,0.0,0.0,0.0,0.0,0.0,0.0,0.0,1.0,-0.47,1.0,-4.27,1.0,4.74,1.0,0.3,1.0,-0.08,1.0,0.0,1.0,2.81,1.0,-24.96,1.0,65.2,1.0,-36.53,1.0,-2.33,0.0,0.0,0.0,0.0,0.0,0.0,0.0,0.0,0.0,0.0,0.0,0.0,0.0,0.0,0.0,0.0,1536.0,9722.0
90.0,5640.0,0.36,0.16,-0.98,-10.48,-31.44,-24.46,0.0,0.0,0.0,0.0,1.16,5.02,-136.3,0.0,0.0,0.0,0.0,0.0,1.0,-0.14,1.0,4.14,1.0,4.74,1.0,-0.17,1.0,0.16,1.0,-0.3,1.0,-3.79,1.0,-36.31,1.0,64.9,1.0,-24.63,1.0,4.36,0.0,0.0,0.0,0.0,0.0,0.0,0.0,0.0,1.0,-0.14,1.0,-4.27,1.0,4.74,1.0,0.0,1.0,-0.08,1.0,0.0,1.0,2.81,1.0,-25.94,1.0,66.21,1.0,-36.86,1.0,-2.67,0.0,0.0,0.0,0.0,0.0,0.0,0.0,0.0,0.0,0.0,0.0,0.0,0.0,0.0,0.0,0.0,1536.0,10731.0
90.0,5640.0,0.36,0.16,-0.98,-10.48,-31.44,-24.46,0.0,0.0,0.0,0.0,1.16,5.02,-136.3,0.0,0.0,0.0,0.0,0.0,1.0,-0.14,1.0,4.14,1.0,4.74,1.0,-0.17,1.0,0.16,1.0,-0.3,1.0,-3.79,1.0,-36.31,1.0,64.9,1.0,-24.63,1.0,4.36,0.0,0.0,0.0,0.0,0.0,0.0,0.0,0.0,1.0,-0.14,1.0,-4.27,1.0,4.74,1.0,0.0,1.0,-0.08,1.0,0.0,1.0,2.81,1.0,-25.94,1.0,66.21,1.0,-36.86,1.0,-2.67,0.0,0.0,0.0,0.0,0.0,0.0,0.0,0.0,0.0,0.0,0.0,0.0,0.0,0.0,0.0,0.0,1536.0,10731.0
90.0,5642.0,0.31,0.12,-1.0,41.92,-66.38,-17.47,0.0,0.0,0.0,0.0,1.32,4.61,-136.53,0.0,0.0,0.0,0.0,0.0,1.0,-0.14,1.0,3.12,1.0,4.74,1.0,0.14,1.0,0.16,1.0,-0.3,1.0,-4.13,1.0,-35.97,1.0,65.24,1.0,-25.64,1.0,5.0,0.0,0.0,0.0,0.0,0.0,0.0,0.0,0.0,1.0,0.14,1.0,-3.63,1.0,4.74,1.0,0.64,1.0,-0.38,1.0,0.3,1.0,3.76,1.0,-29.86,1.0,71.58,1.0,-39.73,1.0,-3.68,0.0,0.0,0.0,0.0,0.0,0.0,0.0,0.0,0.0,0.0,0.0,0.0,0.0,1024.0,0.0,0.0,1536.0,7385.0
90.0,5642.0,0.31,0.12,-1.0,41.92,-66.38,-17.47,0.0,0.0,0.0,0.0,1.32,4.61,-136.53,0.0,0.0,0.0,0.0,0.0,1.0,-0.14,1.0,3.12,1.0,4.74,1.0,0.14,1.0,0.16,1.0,-0.3,1.0,-4.13,1.0,-35.97,1.0,65.24,1.0,-25.64,1.0,5.0,0.0,0.0,0.0,0.0,0.0,0.0,0.0,0.0,1.0,0.14,1.0,-3.63,1.0,4.74,1.0,0.64,1.0,-0.38,1.0,0.3,1.0,3.76,1.0,-29.86,1.0,71.58,1.0,-39.73,1.0,-3.68,0.0,0.0,0.0,0.0,0.0,0.0,0.0,0.0,0.0,0.0,0.0,0.0,0.0,1024.0,0.0,0.0,1536.0,7385.0
90.0,5643.0,0.29,0.09,-0.99,80.35,-83.85,10.48,0.0,0.0,0.0,0.0,1.6,4.26,-136.62,0.0,0.0,0.0,0.0,0.0,1.0,-0.14,1.0,2.82,1.0,4.74,1.0,-0.17,1.0,0.16,1.0,-0.3,1.0,-4.46,1.0,-35.67,1.0,65.24,1.0,-26.66,1.0,5.0,0.0,0.0,0.0,0.0,0.0,0.0,0.0,0.0,1.0,0.47,1.0,-2.99,1.0,4.74,1.0,0.3,1.0,-0.38,1.0,0.3,1.0,4.43,1.0,-32.46,1.0,78.29,1.0,-43.45,1.0,-4.35,0.0,0.0,0.0,0.0,0.0,0.0,0.0,0.0,0.0,0.0,0.0,0.0,0.0,0.0,0.0,0.0,1536.0,3601.0
90.0,5645.0,0.34,0.18,-1.04,139.75,-52.4,31.44,0.0,0.0,0.0,0.0,2.53,3.68,-136.54,0.0,0.0,0.0,0.0,0.0,1.0,-0.14,1.0,1.47,1.0,4.1,1.0,0.14,1.0,0.16,1.0,0.0,1.0,-4.46,1.0,-34.69,1.0,65.88,1.0,-28.01,1.0,5.0,0.0,0.0,0.0,0.0,0.0,0.0,0.0,0.0,1.0,0.47,1.0,-1.71,1.0,4.74,1.0,0.0,1.0,0.23,1.0,0.3,1.0,4.73,1.0,-38.33,1.0,84.33,1.0,-45.77,1.0,-5.37,0.0,0.0,0.0,0.0,0.0,0.0,0.0,0.0,0.0,0.0,0.0,0.0,0.0,0.0,0.0,0.0,1536.0,-7395.0
90.0,5647.0,0.34,0.23,-0.98,129.26,-6.99,73.37,0.0,0.0,0.0,0.0,3.48,3.64,-136.35,0.0,0.0,0.0,0.0,0.0,1.0,-0.14,1.0,0.15,1.0,5.35,1.0,0.14,1.0,0.16,1.0,0.0,1.0,-4.46,1.0,-33.03,1.0,66.18,1.0,-29.69,1.0,4.7,0.0,0.0,0.0,0.0,0.0,0.0,0.0,0.0,1.0,0.14,1.0,0.52,1.0,4.74,1.0,0.0,1.0,-0.38,1.0,0.0,1.0,4.73,1.0,-42.92,1.0,91.73,1.0,-46.45,1.0,-5.37,0.0,0.0,0.0,0.0,0.0,0.0,0.0,0.0,0.0,0.0,0.0,0.0,0.0,1024.0,0.0,0.0,1536.0,-16530.0
90.0,5647.0,0.34,0.23,-0.98,129.26,-6.99,73.37,0.0,0.0,0.0,0.0,3.48,3.64,-136.35,0.0,0.0,0.0,0.0,0.0,1.0,-0.14,1.0,0.15,1.0,5.35,1.0,0.14,1.0,0.16,1.0,0.0,1.0,-4.46,1.0,-33.03,1.0,66.18,1.0,-29.69,1.0,4.7,0.0,0.0,0.0,0.0,0.0,0.0,0.0,0.0,1.0,0.14,1.0,0.52,1.0,4.74,1.0,0.0,1.0,-0.38,1.0,0.0,1.0,4.73,1.0,-42.92,1.0,91.73,1.0,-46.45,1.0,-5.37,0.0,0.0,0.0,0.0,0.0,0.0,0.0,0.0,0.0,0.0,0.0,0.0,0.0,1024.0,0.0,0.0,1536.0,-16530.0
90.0,5648.0,0.38,0.22,-0.87,129.26,3.49,122.28,0.0,0.0,0.0,0.0,3.94,3.79,-136.05,0.0,0.0,0.0,0.0,0.0,1.0,-0.14,1.0,-0.49,1.0,5.35,1.0,-0.17,1.0,0.16,1.0,0.0,1.0,-4.46,1.0,-32.05,1.0,66.15,1.0,-30.71,1.0,4.7,0.0,0.0,0.0,0.0,0.0,0.0,0.0,0.0,1.0,0.14,1.0,1.5,1.0,5.07,1.0,0.0,1.0,0.23,1.0,0.0,1.0,4.73,1.0,-44.54,1.0,93.72,1.0,-44.76,1.0,-5.7,0.0,0.0,0.0,0.0,0.0,0.0,0.0,0.0,0.0,0.0,0.0,0.0,0.0,0.0,0.0,0.0,1536.0,-21814.0
90.0,5648.0,0.38,0.22,-0.87,129.26,3.49,122.28,0.0,0.0,0.0,0.0,3.94,3.79,-136.05,0.0,0.0,0.0,0.0,0.0,1.0,-0.14,1.0,-0.49,1.0,5.35,1.0,-0.17,1.0,0.16,1.0,0.0,1.0,-4.46,1.0,-32.05,1.0,66.15,1.0,-30.71,1.0,4.7,0.0,0.0,0.0,0.0,0.0,0.0,0.0,0.0,1.0,0.14,1.0,1.5,1.0,5.07,1.0,0.0,1.0,0.23,1.0,0.0,1.0,4.73,1.0,-44.54,1.0,93.72,1.0,-44.76,1.0,-5.7,0.0,0.0,0.0,0.0,0.0,0.0,0.0,0.0,0.0,0.0,0.0,0.0,0.0,0.0,0.0,0.0,1536.0,-21814.0
90.0,5650.0,0.34,0.25,-1.02,139.75,0.0,97.82,0.0,0.0,0.0,0.0,5.06,3.85,-135.61,0.0,0.0,0.0,0.0,0.0,1.0,-0.14,1.0,-1.5,1.0,5.35,1.0,0.14,1.0,-0.18,1.0,0.0,1.0,-4.46,1.0,-30.43,1.0,66.52,1.0,-31.72,1.0,4.36,0.0,0.0,0.0,0.0,0.0,0.0,0.0,0.0,1.0,-0.14,1.0,1.8,1.0,4.74,1.0,0.0,1.0,0.53,1.0,0.3,1.0,4.43,1.0,-45.18,1.0,93.72,1.0,-43.11,1.0,-5.37,0.0,0.0,0.0,0.0,0.0,0.0,0.0,0.0,0.0,0.0,0.0,0.0,0.0,0.0,0.0,0.0,1536.0,-20309.0
90.0,5652.0,0.31,0.22,-1.1,90.83,-34.94,157.21,0.0,0.0,0.0,0.0,5.88,3.75,-134.75,0.0,0.0,0.0,0.0,0.0,1.0,-0.14,1.0,-1.84,1.0,4.44,1.0,0.14,1.0,-0.18,1.0,0.0,1.0,-4.46,1.0,-29.12,1.0,66.52,1.0,-33.07,1.0,3.41,0.0,0.0,0.0,0.0,0.0,0.0,0.0,0.0,1.0,-0.14,1.0,1.5,1.0,4.74,1.0,0.0,1.0,-0.08,1.0,0.3,1.0,4.09,1.0,-45.18,1.0,90.04,1.0,-40.41,1.0,-3.68,0.0,0.0,0.0,0.0,0.0,0.0,0.0,0.0,0.0,0.0,0.0,0.0,0.0,1024.0,0.0,0.0,1536.0,-18754.0
90.0,5652.0,0.31,0.22,-1.1,90.83,-34.94,157.21,0.0,0.0,0.0,0.0,5.88,3.75,-134.75,0.0,0.0,0.0,0.0,0.0,1.0,-0.14,1.0,-1.84,1.0,4.44,1.0,0.14,1.0,-0.18,1.0,0.0,1.0,-4.46,1.0,-29.12,1.0,66.52,1.0,-33.07,1.0,3.41,0.0,0.0,0.0,0.0,0.0,0.0,0.0,0.0,1.0,-0.14,1.0,1.5,1.0,4.74,1.0,0.0,1.0,-0.08,1.0,0.3,1.0,4.09,1.0,-45.18,1.0,90.04,1.0,-40.41,1.0,-3.68,0.0,0.0,0.0,0.0,0.0,0.0,0.0,0.0,0.0,0.0,0.0,0.0,0.0,1024.0,0.0,0.0,1536.0,-18754.0
90.0,5654.0,0.3,0.18,-1.08,52.4,-87.34,199.14,0.0,0.0,0.0,0.0,6.69,3.07,-133.4,0.0,0.0,0.0,0.0,0.0,1.0,-0.14,1.0,-2.48,1.0,4.74,1.0,0.14,1.0,0.16,1.0,0.0,1.0,-4.46,1.0,-28.14,1.0,66.18,1.0,-34.76,1.0,2.1,0.0,0.0,0.0,0.0,0.0,0.0,0.0,0.0,1.0,-0.47,1.0,2.14,1.0,5.07,1.0,0.64,1.0,-0.38,1.0,0.3,1.0,3.11,1.0,-43.22,1.0,82.98,1.0,-36.22,1.0,-3.34,0.0,0.0,0.0,0.0,0.0,0.0,0.0,0.0,0.0,0.0,0.0,0.0,0.0,256.0,0.0,0.0,1536.0,-12950.0
90.0,5655.0,0.33,0.22,-1.03,27.95,-73.37,139.75,0.0,0.0,0.0,0.0,6.83,2.79,-132.82,0.0,0.0,0.0,0.0,0.0,1.0,-0.14,1.0,-3.15,1.0,4.1,1.0,-0.17,1.0,0.16,1.0,0.0,1.0,-3.79,1.0,-27.5,1.0,66.52,1.0,-35.43,1.0,1.79,0.0,0.0,0.0,0.0,0.0,0.0,0.0,0.0,1.0,-0.14,1.0,3.08,1.0,5.07,1.0,0.3,1.0,-0.08,1.0,0.3,1.0,2.81,1.0,-41.6,1.0,79.27,1.0,-34.27,1.0,-1.32,0.0,0.0,0.0,0.0,0.0,0.0,0.0,0.0,0.0,0.0,0.0,0.0,0.0,0.0,0.0,0.0,1536.0,-5950.0
90.0,5656.0,0.3,0.21,-1.0,13.97,-62.89,97.82,0.0,0.0,0.0,0.0,6.89,2.58,-132.46,0.0,0.0,0.0,0.0,0.0,1.0,-0.14,1.0,-3.49,1.0,4.1,1.0,0.14,1.0,0.16,1.0,0.0,1.0,-2.81,1.0,-26.52,1.0,66.18,1.0,-36.48,1.0,1.79,0.0,0.0,0.0,0.0,0.0,0.0,0.0,0.0,1.0,-0.14,1.0,3.42,1.0,4.74,1.0,0.0,1.0,0.23,1.0,0.3,1.0,2.47,1.0,-39.64,1.0,75.93,1.0,-31.7,1.0,0.0,0.0,0.0,0.0,0.0,0.0,0.0,0.0,0.0,0.0,0.0,0.0,0.0,0.0,0.0,0.0,0.0,1536.0,-1701.0
90.0,5656.0,0.3,0.21,-1.0,13.97,-62.89,97.82,0.0,0.0,0.0,0.0,6.89,2.58,-132.46,0.0,0.0,0.0,0.0,0.0,1.0,-0.14,1.0,-3.49,1.0,4.1,1.0,0.14,1.0,0.16,1.0,0.0,1.0,-2.81,1.0,-26.52,1.0,66.18,1.0,-36.48,1.0,1.79,0.0,0.0,0.0,0.0,0.0,0.0,0.0,0.0,1.0,-0.14,1.0,3.42,1.0,4.74,1.0,0.0,1.0,0.23,1.0,0.3,1.0,2.47,1.0,-39.64,1.0,75.93,1.0,-31.7,1.0,0.0,0.0,0.0,0.0,0.0,0.0,0.0,0.0,0.0,0.0,0.0,0.0,0.0,0.0,0.0,0.0,0.0,1536.0,-1701.0
90.0,5659.0,0.18,0.09,-1.24,-6.99,-45.42,76.86,0.0,0.0,0.0,0.0,6.81,2.16,-131.42,0.0,0.0,0.0,0.0,0.0,1.0,-0.14,1.0,-4.13,1.0,4.44,1.0,0.14,1.0,-0.18,1.0,0.0,1.0,-0.55,1.0,-24.9,1.0,63.92,1.0,-38.16,1.0,0.17,0.0,0.0,0.0,0.0,0.0,0.0,0.0,0.0,1.0,-0.14,1.0,3.42,1.0,4.74,1.0,0.0,1.0,-0.38,1.0,0.3,1.0,0.21,1.0,-36.71,1.0,67.53,1.0,-27.18,1.0,2.26,0.0,0.0,0.0,0.0,0.0,0.0,0.0,0.0,0.0,0.0,0.0,0.0,0.0,256.0,0.0,0.0,1536.0,867.0
90.0,5659.0,0.18,0.09,-1.24,-6.99,-45.42,76.86,0.0,0.0,0.0,0.0,6.81,2.16,-131.42,0.0,0.0,0.0,0.0,0.0,1.0,-0.14,1.0,-4.13,1.0,4.44,1.0,0.14,1.0,-0.18,1.0,0.0,1.0,-0.55,1.0,-24.9,1.0,63.92,1.0,-38.16,1.0,0.17,0.0,0.0,0.0,0.0,0.0,0.0,0.0,0.0,1.0,-0.14,1.0,3.42,1.0,4.74,1.0,0.0,1.0,-0.38,1.0,0.3,1.0,0.21,1.0,-36.71,1.0,67.53,1.0,-27.18,1.0,2.26,0.0,0.0,0.0,0.0,0.0,0.0,0.0,0.0,0.0,0.0,0.0,0.0,0.0,256.0,0.0,0.0,1536.0,867.0
90.0,5660.0,0.06,-0.03,-1.44,-55.9,-62.89,115.29,0.0,0.0,0.0,0.0,6.81,1.6,-131.02,0.0,0.0,0.0,0.0,0.0,1.0,-0.14,1.0,-4.13,1.0,4.74,1.0,-0.17,1.0,-0.18,1.0,0.0,1.0,-0.25,1.0,-24.9,1.0,63.62,1.0,-38.16,1.0,-0.16,0.0,0.0,0.0,0.0,0.0,0.0,0.0,0.0,1.0,-0.14,1.0,3.42,1.0,4.74,1.0,0.3,1.0,-0.38,1.0,0.3,1.0,-0.77,1.0,-36.07,1.0,65.87,1.0,-26.84,1.0,2.26,0.0,0.0,0.0,0.0,0.0,0.0,0.0,0.0,0.0,0.0,0.0,0.0,0.0,0.0,0.0,0.0,1536.0,4147.0
90.0,5662.0,0.1,-0.04,-1.08,-108.3,-122.28,118.78,0.0,0.0,0.0,0.0,6.46,0.18,-129.96,0.0,0.0,0.0,0.0,0.0,1.0,-0.14,1.0,-4.13,1.0,4.74,1.0,-0.17,1.0,-0.18,1.0,0.0,1.0,0.73,1.0,-25.2,1.0,62.97,1.0,-38.16,1.0,-0.8,0.0,0.0,0.0,0.0,0.0,0.0,0.0,0.0,1.0,0.14,1.0,4.06,1.0,5.07,1.0,0.64,1.0,-0.38,1.0,0.0,1.0,-1.71,1.0,-36.71,1.0,63.85,1.0,-26.2,1.0,1.92,0.0,0.0,0.0,0.0,0.0,0.0,0.0,0.0,0.0,0.0,0.0,0.0,0.0,0.0,0.0,0.0,1536.0,15269.0
90.0,5663.0,0.06,-0.13,-0.87,-52.4,-136.25,87.34,0.0,0.0,0.0,0.0,6.37,-0.3,-129.61,0.0,0.0,0.0,0.0,0.0,1.0,-0.14,1.0,-4.13,1.0,4.74,1.0,0.14,1.0,-0.18,1.0,0.0,1.0,1.38,1.0,-25.54,1.0,62.64,1.0,-38.5,1.0,-0.8,0.0,0.0,0.0,0.0,0.0,0.0,0.0,0.0,1.0,0.14,1.0,4.06,1.0,5.07,1.0,0.0,1.0,-0.08,1.0,0.0,1.0,-2.05,1.0,-37.35,1.0,63.51,1.0,-25.86,1.0,2.26,0.0,0.0,0.0,0.0,0.0,0.0,0.0,0.0,0.0,0.0,0.0,0.0,0.0,0.0,0.0,0.0,1536.0,14336.0
90.0,5664.0,0.03,-0.16,-0.77,-10.48,-192.15,132.76,0.0,0.0,0.0,0.0,6.54,-1.14,-129.19,0.0,0.0,0.0,0.0,0.0,1.0,-0.14,1.0,-4.13,1.0,4.44,1.0,0.14,1.0,-0.18,1.0,0.0,1.0,1.71,1.0,-25.54,1.0,62.64,1.0,-38.5,1.0,-1.45,0.0,0.0,0.0,0.0,0.0,0.0,0.0,0.0,1.0,0.14,1.0,3.73,1.0,5.07,1.0,0.0,1.0,0.53,1.0,0.0,1.0,-2.39,1.0,-37.69,1.0,63.85,1.0,-25.86,1.0,2.26,0.0,0.0,0.0,0.0,0.0,0.0,0.0,0.0,0.0,0.0,0.0,0.0,0.0,1024.0,0.0,0.0,1536.0,10256.0
90.0,5665.0,0.06,-0.16,-0.77,-6.99,-171.19,139.75,0.0,0.0,0.0,0.0,6.64,-1.88,-128.67,0.0,0.0,0.0,0.0,0.0,1.0,-0.14,1.0,-3.49,1.0,4.74,1.0,-0.51,1.0,0.16,1.0,-0.3,1.0,2.05,1.0,-25.54,1.0,62.64,1.0,-38.16,1.0,-2.09,0.0,0.0,0.0,0.0,0.0,0.0,0.0,0.0,1.0,-0.14,1.0,3.42,1.0,5.07,1.0,0.0,1.0,-0.08,1.0,0.0,1.0,-2.39,1.0,-38.02,1.0,63.51,1.0,-26.2,1.0,2.26,0.0,0.0,0.0,0.0,0.0,0.0,0.0,0.0,0.0,0.0,0.0,0.0,0.0,0.0,0.0,0.0,1536.0,8328.0
90.0,5666.0,0.1,-0.23,-0.83,20.96,-139.75,153.72,0.0,0.0,0.0,0.0,6.9,-2.51,-128.14,0.0,0.0,0.0,0.0,0.0,1.0,-0.14,1.0,-3.15,1.0,4.44,1.0,-0.17,1.0,0.16,1.0,-0.3,1.0,2.35,1.0,-25.54,1.0,62.97,1.0,-37.83,1.0,-2.43,0.0,0.0,0.0,0.0,0.0,0.0,0.0,0.0,1.0,-0.14,1.0,3.42,1.0,5.07,1.0,0.0,1.0,-0.08,1.0,0.0,1.0,-2.69,1.0,-38.02,1.0,63.85,1.0,-26.5,1.0,2.9,0.0,0.0,0.0,0.0,0.0,0.0,0.0,0.0,0.0,0.0,0.0,0.0,0.0,256.0,0.0,0.0,1536.0,590.0
90.0,5667.0,0.12,-0.15,-0.84,34.94,-90.83,125.77,0.0,0.0,0.0,0.0,7.19,-2.92,-127.64,0.0,0.0,0.0,0.0,0.0,1.0,-0.14,1.0,-2.82,1.0,4.74,1.0,0.14,1.0,0.16,1.0,-0.3,1.0,2.35,1.0,-25.2,1.0,63.28,1.0,-37.49,1.0,-3.07,0.0,0.0,0.0,0.0,0.0,0.0,0.0,0.0,1.0,-0.14,1.0,3.08,1.0,5.07,1.0,0.0,1.0,-0.08,1.0,0.3,1.0,-2.69,1.0,-38.02,1.0,64.19,1.0,-26.84,1.0,3.24,0.0,0.0,0.0,0.0,0.0,0.0,0.0,0.0,0.0,0.0,0.0,0.0,0.0,0.0,0.0,0.0,1536.0,-2856.0
90.0,5668.0,0.13,-0.14,-0.85,13.97,-38.43,101.32,0.0,0.0,0.0,0.0,7.31,-3.13,-127.28,0.0,0.0,0.0,0.0,0.0,1.0,-0.14,1.0,-2.82,1.0,4.74,1.0,0.14,1.0,-0.18,1.0,-0.3,1.0,2.69,1.0,-26.18,1.0,64.56,1.0,-37.15,1.0,-3.07,0.0,0.0,0.0,0.0,0.0,0.0,0.0,0.0,1.0,-0.14,1.0,3.08,1.0,5.07,1.0,0.0,1.0,-0.08,1.0,0.0,1.0,-3.03,1.0,-38.02,1.0,64.19,1.0,-27.18,1.0,3.54,0.0,0.0,0.0,0.0,0.0,0.0,0.0,0.0,0.0,0.0,0.0,0.0,0.0,0.0,0.0,0.0,9728.0,-11771.0
90.0,5669.0,0.09,-0.11,-0.85,13.97,-3.49,90.83,0.0,0.0,0.0,0.0,7.41,-3.2,-126.93,0.0,0.0,0.0,0.0,0.0,1.0,-0.14,1.0,-2.48,1.0,4.74,1.0,0.14,1.0,-0.18,1.0,-0.3,1.0,3.03,1.0,-27.16,1.0,67.16,1.0,-37.83,1.0,-3.71,0.0,0.0,0.0,0.0,0.0,0.0,0.0,0.0,1.0,-0.47,1.0,1.8,1.0,5.07,1.0,0.3,1.0,-0.08,1.0,0.0,1.0,-3.67,1.0,-38.02,1.0,64.52,1.0,-27.82,1.0,3.88,0.0,0.0,0.0,0.0,0.0,0.0,0.0,0.0,0.0,0.0,0.0,0.0,0.0,1024.0,0.0,0.0,1536.0,-6992.0
90.0,5671.0,0.03,-0.04,-0.88,-62.89,0.0,31.44,0.0,0.0,0.0,0.0,7.11,-3.49,-126.47,0.0,0.0,0.0,0.0,0.0,1.0,-0.14,1.0,-2.48,1.0,4.74,1.0,-0.17,1.0,-0.18,1.0,0.0,1.0,3.33,1.0,-31.75,1.0,74.28,1.0,-41.54,1.0,-4.01,0.0,0.0,0.0,0.0,0.0,0.0,0.0,0.0,1.0,-0.47,1.0,1.5,1.0,5.07,1.0,0.0,1.0,-0.38,1.0,0.0,1.0,-4.01,1.0,-37.35,1.0,64.86,1.0,-29.1,1.0,4.22,0.0,0.0,0.0,0.0,0.0,0.0,0.0,0.0,0.0,0.0,0.0,0.0,0.0,256.0,0.0,0.0,1536.0,7301.0
90.0,5672.0,0.06,-0.04,-0.96,-90.83,27.95,-10.48,0.0,0.0,0.0,0.0,6.76,-3.44,-126.43,0.0,0.0,0.0,0.0,0.0,1.0,-0.14,1.0,-1.84,1.0,4.74,1.0,0.14,1.0,-0.18,1.0,-0.3,1.0,3.97,1.0,-34.35,1.0,78.47,1.0,-43.23,1.0,-4.35,0.0,0.0,0.0,0.0,0.0,0.0,0.0,0.0,1.0,-0.14,1.0,1.5,1.0,5.07,1.0,0.0,1.0,-0.38,1.0,0.0,1.0,-4.34,1.0,-37.04,1.0,64.86,1.0,-29.74,1.0,4.52,0.0,0.0,0.0,0.0,0.0,0.0,0.0,0.0,0.0,0.0,0.0,0.0,0.0,0.0,0.0,0.0,1536.0,11696.0
90.0,5674.0,0.05,-0.04,-0.97,-122.28,38.43,-115.29,0.0,0.0,0.0,0.0,5.96,-3.35,-127.01,0.0,0.0,0.0,0.0,0.0,1.0,-0.14,1.0,-1.16,1.0,4.74,1.0,-0.17,1.0,-0.18,1.0,0.0,1.0,4.31,1.0,-40.56,1.0,86.23,1.0,-46.91,1.0,-4.35,0.0,0.0,0.0,0.0,0.0,0.0,0.0,0.0,1.0,-0.47,1.0,0.86,1.0,5.07,1.0,0.0,1.0,-0.08,1.0,0.0,1.0,-4.65,1.0,-35.09,1.0,64.86,1.0,-31.36,1.0,4.86,0.0,0.0,0.0,0.0,0.0,0.0,0.0,0.0,0.0,0.0,0.0,0.0,0.0,0.0,0.0,0.0,1536.0,24546.0
90.0,5674.0,0.05,-0.04,-0.97,-122.28,38.43,-115.29,0.0,0.0,0.0,0.0,5.96,-3.35,-127.01,0.0,0.0,0.0,0.0,0.0,1.0,-0.14,1.0,-1.16,1.0,4.74,1.0,-0.17,1.0,-0.18,1.0,0.0,1.0,4.31,1.0,-40.56,1.0,86.23,1.0,-46.91,1.0,-4.35,0.0,0.0,0.0,0.0,0.0,0.0,0.0,0.0,1.0,-0.47,1.0,0.86,1.0,5.07,1.0,0.0,1.0,-0.08,1.0,0.0,1.0,-4.65,1.0,-35.09,1.0,64.86,1.0,-31.36,1.0,4.86,0.0,0.0,0.0,0.0,0.0,0.0,0.0,0.0,0.0,0.0,0.0,0.0,0.0,0.0,0.0,0.0,1536.0,24546.0
90.0,5675.0,0.08,-0.08,-0.97,-104.81,62.89,-129.26,0.0,0.0,0.0,0.0,5.53,-3.12,-127.48,0.0,0.0,0.0,0.0,0.0,1.0,-0.14,1.0,-0.49,1.0,4.74,1.0,0.14,1.0,-0.18,1.0,-0.3,1.0,4.31,1.0,-43.5,1.0,90.11,1.0,-47.85,1.0,-4.32,0.0,0.0,0.0,0.0,0.0,0.0,0.0,0.0,1.0,-0.14,1.0,0.52,1.0,5.07,1.0,0.0,1.0,-0.08,1.0,0.0,1.0,-4.34,1.0,-33.77,1.0,65.2,1.0,-31.7,1.0,5.16,0.0,0.0,0.0,0.0,0.0,0.0,0.0,0.0,0.0,0.0,0.0,0.0,0.0,0.0,0.0,0.0,9728.0,13362.0
90.0,5675.0,0.08,-0.08,-0.97,-104.81,62.89,-129.26,0.0,0.0,0.0,0.0,5.53,-3.12,-127.48,0.0,0.0,0.0,0.0,0.0,1.0,-0.14,1.0,-0.49,1.0,4.74,1.0,0.14,1.0,-0.18,1.0,-0.3,1.0,4.31,1.0,-43.5,1.0,90.11,1.0,-47.85,1.0,-4.32,0.0,0.0,0.0,0.0,0.0,0.0,0.0,0.0,1.0,-0.14,1.0,0.52,1.0,5.07,1.0,0.0,1.0,-0.08,1.0,0.0,1.0,-4.34,1.0,-33.77,1.0,65.2,1.0,-31.7,1.0,5.16,0.0,0.0,0.0,0.0,0.0,0.0,0.0,0.0,0.0,0.0,0.0,0.0,0.0,0.0,0.0,0.0,9728.0,13362.0
90.0,5678.0,0.22,-0.2,-0.97,-66.38,192.15,-122.28,0.0,0.0,0.0,0.0,4.65,-1.23,-129.1,0.0,0.0,0.0,0.0,0.0,1.0,-0.14,1.0,0.49,1.0,4.1,1.0,-0.17,1.0,0.16,1.0,0.0,1.0,4.31,1.0,-47.41,1.0,93.65,1.0,-46.6,1.0,-4.35,0.0,0.0,0.0,0.0,0.0,0.0,0.0,0.0,1.0,0.47,1.0,-1.07,1.0,5.07,1.0,0.0,1.0,0.53,1.0,0.0,1.0,-4.65,1.0,-30.5,1.0,65.2,1.0,-32.98,1.0,4.86,0.0,0.0,0.0,0.0,0.0,0.0,0.0,0.0,0.0,0.0,0.0,0.0,0.0,256.0,0.0,0.0,1536.0,3634.0
90.0,5679.0,0.21,-0.15,-1.01,-69.87,216.61,-59.39,0.0,0.0,0.0,0.0,4.48,-0.34,-129.26,0.0,0.0,0.0,0.0,0.0,1.0,-0.14,1.0,0.49,1.0,4.74,1.0,0.14,1.0,0.16,1.0,0.0,1.0,4.31,1.0,-47.71,1.0,92.67,1.0,-45.25,1.0,-4.35,0.0,0.0,0.0,0.0,0.0,0.0,0.0,0.0,1.0,0.47,1.0,-1.07,1.0,5.07,1.0,0.0,1.0,-0.08,1.0,0.0,1.0,-4.34,1.0,-29.52,1.0,65.2,1.0,-33.62,1.0,5.5,0.0,0.0,0.0,0.0,0.0,0.0,0.0,0.0,0.0,0.0,0.0,0.0,0.0,0.0,0.0,0.0,1536.0,-4723.0
90.0,5679.0,0.21,-0.15,-1.01,-69.87,216.61,-59.39,0.0,0.0,0.0,0.0,4.48,-0.34,-129.26,0.0,0.0,0.0,0.0,0.0,1.0,-0.14,1.0,0.49,1.0,4.74,1.0,0.14,1.0,0.16,1.0,0.0,1.0,4.31,1.0,-47.71,1.0,92.67,1.0,-45.25,1.0,-4.35,0.0,0.0,0.0,0.0,0.0,0.0,0.0,0.0,1.0,0.47,1.0,-1.07,1.0,5.07,1.0,0.0,1.0,-0.08,1.0,0.0,1.0,-4.34,1.0,-29.52,1.0,65.2,1.0,-33.62,1.0,5.5,0.0,0.0,0.0,0.0,0.0,0.0,0.0,0.0,0.0,0.0,0.0,0.0,0.0,0.0,0.0,0.0,1536.0,-4723.0
90.0,5681.0,0.19,-0.05,-1.03,-59.39,185.16,-139.75,0.0,0.0,0.0,0.0,3.7,1.27,-130.09,0.0,0.0,0.0,0.0,0.0,1.0,-0.14,1.0,1.17,1.0,4.74,1.0,0.14,1.0,-0.18,1.0,-0.3,1.0,3.97,1.0,-47.07,1.0,88.15,1.0,-41.54,1.0,-4.35,0.0,0.0,0.0,0.0,0.0,0.0,0.0,0.0,1.0,0.47,1.0,-1.07,1.0,5.07,1.0,0.0,1.0,-0.08,1.0,0.0,1.0,-4.34,1.0,-27.9,1.0,65.54,1.0,-34.6,1.0,5.5,0.0,0.0,0.0,0.0,0.0,0.0,0.0,0.0,0.0,0.0,0.0,0.0,0.0,0.0,0.0,0.0,1536.0,5351.0
90.0,5681.0,0.19,-0.05,-1.03,-59.39,185.16,-139.75,0.0,0.0,0.0,0.0,3.7,1.27,-130.09,0.0,0.0,0.0,0.0,0.0,1.0,-0.14,1.0,1.17,1.0,4.74,1.0,0.14,1.0,-0.18,1.0,-0.3,1.0,3.97,1.0,-47.07,1.0,88.15,1.0,-41.54,1.0,-4.35,0.0,0.0,0.0,0.0,0.0,0.0,0.0,0.0,1.0,0.47,1.0,-1.07,1.0,5.07,1.0,0.0,1.0,-0.08,1.0,0.0,1.0,-4.34,1.0,-27.9,1.0,65.54,1.0,-34.6,1.0,5.5,0.0,0.0,0.0,0.0,0.0,0.0,0.0,0.0,0.0,0.0,0.0,0.0,0.0,0.0,0.0,0.0,1536.0,5351.0
90.0,5682.0,0.14,-0.06,-0.99,-62.89,153.72,-125.77,0.0,0.0,0.0,0.0,3.4,1.87,-130.53,0.0,0.0,0.0,0.0,0.0,1.0,-0.14,1.0,0.83,1.0,4.74,1.0,0.14,1.0,-0.18,1.0,-0.3,1.0,3.67,1.0,-46.09,1.0,85.25,1.0,-39.85,1.0,-4.32,0.0,0.0,0.0,0.0,0.0,0.0,0.0,0.0,1.0,0.47,1.0,-1.07,1.0,5.07,1.0,0.0,1.0,-0.08,1.0,0.0,1.0,-4.01,1.0,-27.56,1.0,65.54,1.0,-35.24,1.0,5.16,0.0,0.0,0.0,0.0,0.0,0.0,0.0,0.0,0.0,0.0,0.0,0.0,0.0,0.0,0.0,0.0,1536.0,7577.0
90.0,5684.0,0.15,-0.08,-1.09,-111.8,73.37,-38.43,0.0,0.0,0.0,0.0,2.57,2.54,-130.98,0.0,0.0,0.0,0.0,0.0,1.0,-0.14,1.0,1.17,1.0,4.74,1.0,0.14,1.0,0.16,1.0,-0.3,1.0,2.05,1.0,-42.18,1.0,81.33,1.0,-31.72,1.0,-0.8,0.0,0.0,0.0,0.0,0.0,0.0,0.0,0.0,1.0,0.47,1.0,-1.07,1.0,5.07,1.0,0.3,1.0,-0.08,1.0,0.0,1.0,-3.67,1.0,-26.28,1.0,66.21,1.0,-36.22,1.0,3.88,0.0,0.0,0.0,0.0,0.0,0.0,0.0,0.0,0.0,0.0,0.0,0.0,0.0,0.0,0.0,0.0,1536.0,10736.0
90.0,5686.0,0.27,-0.1,-1.09,-73.37,111.8,34.94,0.0,0.0,0.0,0.0,1.98,3.28,-130.68,0.0,0.0,0.0,0.0,0.0,1.0,-0.14,1.0,2.14,1.0,4.1,1.0,0.14,1.0,0.16,1.0,-0.3,1.0,1.07,1.0,-38.26,1.0,70.06,1.0,-26.66,1.0,0.17,0.0,0.0,0.0,0.0,0.0,0.0,0.0,0.0,1.0,0.14,1.0,-1.07,1.0,5.07,1.0,0.0,1.0,-0.08,1.0,0.0,1.0,-2.69,1.0,-24.63,1.0,66.21,1.0,-36.53,1.0,2.57,0.0,0.0,0.0,0.0,0.0,0.0,0.0,0.0,0.0,0.0,0.0,0.0,0.0,0.0,0.0,0.0,1536.0,-4185.0
90.0,5687.0,0.3,-0.11,-1.1,-52.4,143.24,52.4,0.0,0.0,0.0,0.0,1.9,3.91,-130.4,0.0,0.0,0.0,0.0,0.0,1.0,-0.14,1.0,1.81,1.0,4.74,1.0,0.14,1.0,0.16,1.0,-0.3,1.0,0.43,1.0,-36.31,1.0,66.82,1.0,-24.29,1.0,0.82,0.0,0.0,0.0,0.0,0.0,0.0,0.0,0.0,1.0,0.14,1.0,-1.4,1.0,5.38,1.0,0.0,1.0,-0.08,1.0,0.0,1.0,-2.05,1.0,-24.32,1.0,66.21,1.0,-36.53,1.0,1.62,0.0,0.0,0.0,0.0,0.0,0.0,0.0,0.0,0.0,0.0,0.0,0.0,0.0,0.0,0.0,0.0,1536.0,-11395.0
90.0,5688.0,0.26,-0.1,-1.18,-24.46,101.32,45.42,0.0,0.0,0.0,0.0,1.83,4.36,-130.14,0.0,0.0,0.0,0.0,0.0,1.0,-0.14,1.0,1.81,1.0,4.74,1.0,0.14,1.0,0.16,1.0,0.0,1.0,0.09,1.0,-35.67,1.0,65.24,1.0,-23.62,1.0,1.15,0.0,0.0,0.0,0.0,0.0,0.0,0.0,0.0,1.0,0.14,1.0,-1.71,1.0,5.07,1.0,0.0,1.0,-0.08,1.0,0.0,1.0,-1.07,1.0,-24.32,1.0,66.21,1.0,-36.53,1.0,0.95,0.0,0.0,0.0,0.0,0.0,0.0,0.0,0.0,0.0,0.0,0.0,0.0,0.0,0.0,0.0,0.0,1536.0,-9324.0
90.0,5688.0,0.26,-0.1,-1.18,-24.46,101.32,45.42,0.0,0.0,0.0,0.0,1.83,4.36,-130.14,0.0,0.0,0.0,0.0,0.0,1.0,-0.14,1.0,1.81,1.0,4.74,1.0,0.14,1.0,0.16,1.0,0.0,1.0,0.09,1.0,-35.67,1.0,65.24,1.0,-23.62,1.0,1.15,0.0,0.0,0.0,0.0,0.0,0.0,0.0,0.0,1.0,0.14,1.0,-1.71,1.0,5.07,1.0,0.0,1.0,-0.08,1.0,0.0,1.0,-1.07,1.0,-24.32,1.0,66.21,1.0,-36.53,1.0,0.95,0.0,0.0,0.0,0.0,0.0,0.0,0.0,0.0,0.0,0.0,0.0,0.0,0.0,0.0,0.0,0.0,1536.0,-9324.0
90.0,5689.0,0.26,-0.08,-1.33,41.92,76.86,87.34,0.0,0.0,0.0,0.0,2.13,4.59,-129.85,0.0,0.0,0.0,0.0,0.0,1.0,-0.14,1.0,1.47,1.0,4.74,1.0,-0.17,1.0,-0.18,1.0,0.0,1.0,-0.55,1.0,-35.67,1.0,64.56,1.0,-23.28,1.0,1.15,0.0,0.0,0.0,0.0,0.0,0.0,0.0,0.0,1.0,0.14,1.0,-2.05,1.0,4.74,1.0,0.3,1.0,0.53,1.0,0.0,1.0,0.21,1.0,-24.32,1.0,65.87,1.0,-36.53,1.0,0.0,0.0,0.0,0.0,0.0,0.0,0.0,0.0,0.0,0.0,0.0,0.0,0.0,0.0,0.0,0.0,0.0,9728.0,-25796.0
90.0,5689.0,0.26,-0.08,-1.33,41.92,76.86,87.34,0.0,0.0,0.0,0.0,2.13,4.59,-129.85,0.0,0.0,0.0,0.0,0.0,1.0,-0.14,1.0,1.47,1.0,4.74,1.0,-0.17,1.0,-0.18,1.0,0.0,1.0,-0.55,1.0,-35.67,1.0,64.56,1.0,-23.28,1.0,1.15,0.0,0.0,0.0,0.0,0.0,0.0,0.0,0.0,1.0,0.14,1.0,-2.05,1.0,4.74,1.0,0.3,1.0,0.53,1.0,0.0,1.0,0.21,1.0,-24.32,1.0,65.87,1.0,-36.53,1.0,0.0,0.0,0.0,0.0,0.0,0.0,0.0,0.0,0.0,0.0,0.0,0.0,0.0,0.0,0.0,0.0,0.0,9728.0,-25796.0
90.0,5689.0,0.26,-0.08,-1.33,41.92,76.86,87.34,0.0,0.0,0.0,0.0,2.13,4.59,-129.85,0.0,0.0,0.0,0.0,0.0,1.0,-0.14,1.0,1.47,1.0,4.74,1.0,-0.17,1.0,-0.18,1.0,0.0,1.0,-0.55,1.0,-35.67,1.0,64.56,1.0,-23.28,1.0,1.15,0.0,0.0,0.0,0.0,0.0,0.0,0.0,0.0,1.0,0.14,1.0,-2.05,1.0,4.74,1.0,0.3,1.0,0.53,1.0,0.0,1.0,0.21,1.0,-24.32,1.0,65.87,1.0,-36.53,1.0,0.0,0.0,0.0,0.0,0.0,0.0,0.0,0.0,0.0,0.0,0.0,0.0,0.0,0.0,0.0,0.0,0.0,9728.0,-25796.0
90.0,5689.0,0.26,-0.08,-1.33,41.92,76.86,87.34,0.0,0.0,0.0,0.0,2.13,4.59,-129.85,0.0,0.0,0.0,0.0,0.0,1.0,-0.14,1.0,1.47,1.0,4.74,1.0,-0.17,1.0,-0.18,1.0,0.0,1.0,-0.55,1.0,-35.67,1.0,64.56,1.0,-23.28,1.0,1.15,0.0,0.0,0.0,0.0,0.0,0.0,0.0,0.0,1.0,0.14,1.0,-2.05,1.0,4.74,1.0,0.3,1.0,0.53,1.0,0.0,1.0,0.21,1.0,-24.32,1.0,65.87,1.0,-36.53,1.0,0.0,0.0,0.0,0.0,0.0,0.0,0.0,0.0,0.0,0.0,0.0,0.0,0.0,0.0,0.0,0.0,0.0,9728.0,-25796.0
90.0,5694.0,0.27,0.15,-0.91,-17.47,-41.92,6.99,0.0,0.0,0.0,0.0,2.49,3.93,-129.23,0.0,0.0,0.0,0.0,0.0,1.0,-0.14,1.0,1.47,1.0,5.35,1.0,0.14,1.0,0.16,1.0,0.0,1.0,-1.87,1.0,-36.64,1.0,64.56,1.0,-23.96,1.0,2.1,0.0,0.0,0.0,0.0,0.0,0.0,0.0,0.0,1.0,-0.14,1.0,-1.07,1.0,4.74,1.0,0.0,1.0,0.23,1.0,0.0,1.0,2.47,1.0,-24.63,1.0,65.2,1.0,-36.86,1.0,-1.65,0.0,0.0,0.0,0.0,0.0,0.0,0.0,0.0,0.0,0.0,0.0,0.0,0.0,0.0,0.0,0.0,1536.0,8281.0
90.0,5696.0,0.34,0.2,-0.91,-52.4,-27.95,13.97,0.0,0.0,0.0,0.0,2.13,3.86,-129.06,0.0,0.0,0.0,0.0,0.0,1.0,-0.14,1.0,1.17,1.0,5.35,1.0,0.14,1.0,0.16,1.0,0.0,1.0,-2.14,1.0,-36.64,1.0,64.53,1.0,-23.96,1.0,3.41,0.0,0.0,0.0,0.0,0.0,0.0,0.0,0.0,1.0,-0.14,1.0,-1.07,1.0,4.74,1.0,0.0,1.0,0.23,1.0,0.0,1.0,2.47,1.0,-24.63,1.0,65.2,1.0,-36.86,1.0,-1.99,0.0,0.0,0.0,0.0,0.0,0.0,0.0,0.0,0.0,0.0,0.0,0.0,0.0,0.0,0.0,0.0,1536.0,9654.0
90.0,5697.0,0.35,0.24,-0.93,-59.39,-34.94,-13.97,0.0,0.0,0.0,0.0,1.76,3.74,-129.06,0.0,0.0,0.0,0.0,0.0,1.0,-0.14,1.0,1.17,1.0,5.04,1.0,0.14,1.0,0.16,1.0,0.0,1.0,-2.47,1.0,-36.64,1.0,64.9,1.0,-23.96,1.0,3.41,0.0,0.0,0.0,0.0,0.0,0.0,0.0,0.0,1.0,-0.14,1.0,-1.07,1.0,4.74,1.0,0.0,1.0,0.23,1.0,0.0,1.0,2.47,1.0,-24.63,1.0,65.2,1.0,-36.86,1.0,-2.33,0.0,0.0,0.0,0.0,0.0,0.0,0.0,0.0,0.0,0.0,0.0,0.0,0.0,256.0,0.0,0.0,1536.0,13696.0
90.0,5698.0,0.34,0.25,-0.94,-45.42,-24.46,-45.42,0.0,0.0,0.0,0.0,1.42,3.67,-129.22,0.0,0.0,0.0,0.0,0.0,1.0,-0.14,1.0,0.83,1.0,5.35,1.0,0.14,1.0,0.16,1.0,-0.3,1.0,-2.81,1.0,-36.64,1.0,64.9,1.0,-23.96,1.0,3.72,0.0,0.0,0.0,0.0,0.0,0.0,0.0,0.0,1.0,-0.14,1.0,-1.07,1.0,4.74,1.0,0.3,1.0,-0.08,1.0,0.0,1.0,2.47,1.0,-24.63,1.0,65.2,1.0,-36.53,1.0,-2.67,0.0,0.0,0.0,0.0,0.0,0.0,0.0,0.0,0.0,0.0,0.0,0.0,0.0,0.0,0.0,0.0,1536.0,14747.0
90.0,5699.0,0.32,0.21,-1.0,-73.37,-6.99,-48.91,0.0,0.0,0.0,0.0,0.99,3.62,-129.39,0.0,0.0,0.0,0.0,0.0,1.0,-0.14,1.0,0.83,1.0,5.04,1.0,0.14,1.0,0.16,1.0,0.0,1.0,-3.15,1.0,-36.64,1.0,64.9,1.0,-24.29,1.0,4.05,0.0,0.0,0.0,0.0,0.0,0.0,0.0,0.0,1.0,-0.14,1.0,-1.07,1.0,4.74,1.0,0.0,1.0,-0.08,1.0,0.0,1.0,2.81,1.0,-25.3,1.0,65.2,1.0,-37.17,1.0,-3.34,0.0,0.0,0.0,0.0,0.0,0.0,0.0,0.0,0.0,0.0,0.0,0.0,0.0,0.0,0.0,0.0,1536.0,16449.0
90.0,5700.0,0.29,0.19,-1.04,-48.91,-27.95,-13.97,0.0,0.0,0.0,0.0,0.73,3.5,-129.47,0.0,0.0,0.0,0.0,0.0,1.0,-0.14,1.0,0.83,1.0,5.04,1.0,0.14,1.0,0.16,1.0,-0.3,1.0,-3.49,1.0,-36.64,1.0,65.24,1.0,-24.63,1.0,4.7,0.0,0.0,0.0,0.0,0.0,0.0,0.0,0.0,1.0,0.14,1.0,-1.07,1.0,4.74,1.0,0.3,1.0,-0.08,1.0,0.0,1.0,3.11,1.0,-26.92,1.0,67.53,1.0,-38.15,1.0,-3.34,0.0,0.0,0.0,0.0,0.0,0.0,0.0,0.0,0.0,0.0,0.0,0.0,0.0,0.0,0.0,0.0,1536.0,12597.0
90.0,5701.0,0.29,0.13,-1.03,-3.49,-62.89,20.96,0.0,0.0,0.0,0.0,0.69,3.27,-129.45,0.0,0.0,0.0,0.0,0.0,1.0,-0.14,1.0,0.83,1.0,5.04,1.0,0.14,1.0,0.16,1.0,0.0,1.0,-3.49,1.0,-36.31,1.0,65.24,1.0,-25.31,1.0,4.7,0.0,0.0,0.0,0.0,0.0,0.0,0.0,0.0,1.0,0.47,1.0,-0.76,1.0,5.07,1.0,0.0,1.0,-0.08,1.0,0.0,1.0,3.76,1.0,-29.22,1.0,70.9,1.0,-39.73,1.0,-4.69,0.0,0.0,0.0,0.0,0.0,0.0,0.0,0.0,0.0,0.0,0.0,0.0,0.0,0.0,0.0,0.0,1536.0,8144.0
90.0,5702.0,0.29,0.11,-0.97,45.42,-69.87,59.39,0.0,0.0,0.0,0.0,0.9,3.03,-129.28,0.0,0.0,0.0,0.0,0.0,1.0,-0.14,1.0,0.49,1.0,5.04,1.0,0.14,1.0,0.16,1.0,0.0,1.0,-4.13,1.0,-35.97,1.0,65.54,1.0,-25.98,1.0,5.3,0.0,0.0,0.0,0.0,0.0,0.0,0.0,0.0,1.0,0.47,1.0,-0.43,1.0,4.74,1.0,0.64,1.0,-0.08,1.0,0.0,1.0,4.09,1.0,-31.17,1.0,74.92,1.0,-41.08,1.0,-4.69,0.0,0.0,0.0,0.0,0.0,0.0,0.0,0.0,0.0,0.0,0.0,0.0,0.0,1024.0,0.0,0.0,1536.0,-1063.0
90.0,5703.0,0.3,0.13,-0.93,108.3,-34.94,90.83,0.0,0.0,0.0,0.0,1.35,2.89,-129.02,0.0,0.0,0.0,0.0,0.0,1.0,-0.14,1.0,1.17,1.0,5.35,1.0,-0.17,1.0,0.16,1.0,0.0,1.0,-4.46,1.0,-35.67,1.0,65.5,1.0,-26.66,1.0,5.3,0.0,0.0,0.0,0.0,0.0,0.0,0.0,0.0,1.0,0.47,1.0,-0.43,1.0,4.74,1.0,0.64,1.0,0.53,1.0,0.0,1.0,4.43,1.0,-34.11,1.0,81.97,1.0,-43.78,1.0,-5.03,0.0,0.0,0.0,0.0,0.0,0.0,0.0,0.0,0.0,0.0,0.0,0.0,0.0,0.0,0.0,0.0,1536.0,-13224.0
90.0,5704.0,0.3,0.16,-0.98,132.76,-34.94,115.29,0.0,0.0,0.0,0.0,1.85,2.84,-128.69,0.0,0.0,0.0,0.0,0.0,1.0,-0.14,1.0,0.49,1.0,5.04,1.0,-0.17,1.0,0.16,1.0,0.0,1.0,-4.8,1.0,-35.67,1.0,66.18,1.0,-27.33,1.0,5.3,0.0,0.0,0.0,0.0,0.0,0.0,0.0,0.0,1.0,0.47,1.0,-0.12,1.0,4.74,1.0,0.0,1.0,-0.38,1.0,0.0,1.0,4.43,1.0,-36.37,1.0,84.67,1.0,-45.1,1.0,-5.03,0.0,0.0,0.0,0.0,0.0,0.0,0.0,0.0,0.0,0.0,0.0,0.0,0.0,256.0,0.0,0.0,1536.0,-18105.0
90.0,5705.0,0.28,0.1,-1.03,195.64,-52.4,157.21,0.0,0.0,0.0,0.0,2.72,2.62,-128.25,0.0,0.0,0.0,0.0,0.0,1.0,-0.14,1.0,1.17,1.0,4.1,1.0,0.14,1.0,0.16,1.0,0.0,1.0,-4.8,1.0,-34.99,1.0,66.52,1.0,-28.01,1.0,5.0,0.0,0.0,0.0,0.0,0.0,0.0,0.0,0.0,1.0,0.14,1.0,-0.12,1.0,5.07,1.0,0.3,1.0,-0.08,1.0,0.0,1.0,4.43,1.0,-39.0,1.0,88.01,1.0,-45.77,1.0,-5.03,0.0,0.0,0.0,0.0,0.0,0.0,0.0,0.0,0.0,0.0,0.0,0.0,0.0,0.0,0.0,0.0,1536.0,-26753.0
90.0,5707.0,0.29,0.15,-1.01,188.66,-80.35,269.01,0.0,0.0,0.0,0.0,4.63,2.19,-126.81,0.0,0.0,0.0,0.0,0.0,1.0,-0.14,1.0,0.15,1.0,5.68,1.0,-0.17,1.0,0.16,1.0,0.0,1.0,-4.8,1.0,-33.37,1.0,66.52,1.0,-30.03,1.0,5.0,0.0,0.0,0.0,0.0,0.0,0.0,0.0,0.0,1.0,-0.14,1.0,-0.12,1.0,5.07,1.0,0.3,1.0,-0.38,1.0,0.0,1.0,4.43,1.0,-42.92,1.0,93.04,1.0,-45.77,1.0,-5.37,0.0,0.0,0.0,0.0,0.0,0.0,0.0,0.0,0.0,0.0,0.0,0.0,0.0,0.0,0.0,0.0,1536.0,30790.0
90.0,5708.0,0.31,0.2,-1.03,202.63,-66.38,265.52,0.0,0.0,0.0,0.0,5.55,1.87,-125.88,0.0,0.0,0.0,0.0,0.0,1.0,-0.14,1.0,0.15,1.0,5.04,1.0,0.14,1.0,0.16,1.0,0.0,1.0,-4.8,1.0,-32.39,1.0,66.52,1.0,-31.04,1.0,5.0,0.0,0.0,0.0,0.0,0.0,0.0,0.0,0.0,1.0,-0.14,1.0,-0.12,1.0,4.74,1.0,0.3,1.0,-0.08,1.0,0.0,1.0,4.73,1.0,-44.54,1.0,94.05,1.0,-45.1,1.0,-5.03,0.0,0.0,0.0,0.0,0.0,0.0,0.0,0.0,0.0,0.0,0.0,0.0,0.0,0.0,0.0,0.0,1536.0,28155.0
90.0,5709.0,0.36,0.25,-1.03,188.66,-48.91,181.67,0.0,0.0,0.0,0.0,6.29,1.78,-125.21,0.0,0.0,0.0,0.0,0.0,1.0,-0.14,1.0,0.15,1.0,5.04,1.0,0.14,1.0,0.16,1.0,0.0,1.0,-4.8,1.0,-31.41,1.0,66.18,1.0,-32.39,1.0,3.72,0.0,0.0,0.0,0.0,0.0,0.0,0.0,0.0,1.0,-0.14,1.0,0.52,1.0,4.74,1.0,0.3,1.0,0.53,1.0,0.0,1.0,4.73,1.0,-44.88,1.0,93.72,1.0,-43.45,1.0,-4.02,0.0,0.0,0.0,0.0,0.0,0.0,0.0,0.0,0.0,0.0,0.0,0.0,0.0,1024.0,0.0,0.0,1536.0,-30638.0
