0.0,0.0,-0.0286,-0.0001,-9.8,-0.0,-0.0,-0.0,0.0,0.0,0.0,0.0,0.0004,-0.1673,0.0,0.0,0.0,0.0,0.0,0.0,1.0,0.0,0.0,0.0,1.0,5.0,0.0,0.0,0.0,0.0,1.0,0.0,1.0,0.0,1.0,-32.204227503972035,1.0,64.40845500794407,1.0,-32.204227503972035,1.0,-0.0,0.0,0.0,0.0,0.0,0.0,-0.0,0.0,0.0,0.0,0.0,0.0,0.0,1.0,5.0,0.0,0.0,0.0,0.0,1.0,0.0,1.0,0.0,1.0,-32.204227503972035,1.0,64.40845500794407,1.0,-32.204227503972035,1.0,-0.0,0.0,0.0,0.0,0.0,0.0,-0.0,0.0,0.0,0.0,0.0,0.0,0.0,0.0,0.0,0.0,0.0,0.0,0.0
0.0,0.0,-0.0286,-0.0001,-9.8,-0.0,-0.0,-0.0,0.0,0.0,0.0,0.0,0.0004,-0.1673,0.0,0.0,0.0,0.0,0.0,0.0,1.0,0.0,0.0,0.0,1.0,5.0,0.0,0.0,0.0,0.0,1.0,0.0,1.0,0.0,1.0,-32.204227503972035,1.0,64.40845500794407,1.0,-32.204227503972035,1.0,-0.0,0.0,0.0,0.0,0.0,0.0,-0.0,0.0,0.0,0.0,0.0,0.0,0.0,1.0,5.0,0.0,0.0,0.0,0.0,1.0,0.0,1.0,0.0,1.0,-32.204227503972035,1.0,64.40845500794407,1.0,-32.204227503972035,1.0,-0.0,0.0,0.0,0.0,0.0,0.0,-0.0,0.0,0.0,0.0,0.0,0.0,0.0,0.0,0.0,0.0,0.0,0.0,0.0
0.0,0.0,-0.0286,-0.0001,-9.8,0.0001,0.0,-0.0003,0.0,0.0,0.0,0.0,0.0004,-0.1673,0.0,0.0,0.0,0.0,0.0,0.0,1.0,0.0,0.0,0.0,1.0,5.0,0.0,0.0,0.0,0.0,1.0,0.0,1.0,0.0,1.0,-32.204227503972035,1.0,64.40845500794407,1.0,-32.204227503972035,1.0,-0.0,0.0,0.0,0.0,0.0,0.0,-0.0,0.0,0.0,0.0,0.0,0.0,0.0,1.0,5.0,0.0,0.0,0.0,0.0,1.0,0.0,1.0,0.0,1.0,-32.204227503972035,1.0,64.40845500794407,1.0,-32.204227503972035,1.0,-0.0,0.0,0.0,0.0,0.0,0.0,-0.0,0.0,0.0,0.0,0.0,0.0,0.0,0.0,0.0,0.0,0.0,0.0,0.0
0.0,0.0,-0.0286,-0.0001,-9.8,0.0002,0.0,-0.0006,0.0,0.0,0.0,0.0,0.0004,-0.1673,0.0,0.0,0.0,0.0,0.0,0.0,1.0,0.0,0.0,0.0,1.0,5.0,0.0,0.0,0.0,0.0,1.0,0.0,1.0,0.0,1.0,-32.204227503972035,1.0,64.40845500794407,1.0,-32.204227503972035,1.0,-0.0,0.0,0.0,0.0,0.0,0.0,-0.0,0.0,0.0,0.0,0.0,0.0,0.0,1.0,5.0,0.0,0.0,0.0,0.0,1.0,0.0,1.0,0.0,1.0,-32.204227503972035,1.0,64.40845500794407,1.0,-32.204227503972035,1.0,-0.0,0.0,0.0,0.0,0.0,0.0,-0.0,0.0,0.0,0.0,0.0,0.0,0.0,0.0,0.0,0.0,0.0,0.0,0.0
0.0,0.0,-0.0286,-0.0001,-9.8,0.0005,0.0,-0.0012,0.0,0.0,0.0,0.0,0.0004,-0.1673,0.0,0.0,0.0,0.0,0.0,0.0,1.0,0.0,0.0,0.0,1.0,5.0,0.0,0.0,0.0,0.0,1.0,0.0,1.0,0.0,1.0,-32.204227503972035,1.0,64.40845500794407,1.0,-32.204227503972035,1.0,-0.0,0.0,0.0,0.0,0.0,0.0,-0.0,0.0,0.0,0.0,0.0,0.0,0.0,1.0,5.0,0.0,0.0,0.0,0.0,1.0,0.0,1.0,0.0,1.0,-32.204227503972035,1.0,64.40845500794407,1.0,-32.204227503972035,1.0,-0.0,0.0,0.0,0.0,0.0,0.0,-0.0,0.0,0.0,0.0,0.0,0.0,0.0,0.0,0.0,0.0,0.0,0.0,0.0
0.0,0.0,-0.0286,-0.0001,-9.8,0.0009,0.0,-0.0018,0.0,0.0,0.0,0.0,0.0004,-0.1673,0.0,0.0,0.0,0.0,0.0,0.0,1.0,0.0,0.0,0.0,1.0,5.0,0.0,0.0,0.0,0.0,1.0,0.0,1.0,-2.086024980440623,1.0,-32.204227503972035,1.0,64.40845500794407,1.0,-32.204227503972035,1.0,2.086024980440623,0.0,0.0,0.0,0.0,0.0,-0.0,-0.004009,0.0,0.0,0.0,0.0,0.0,1.0,5.0,0.0,0.0,0.0,0.0,1.0,0.0,1.0,2.086024980440623,1.0,-32.204227503972035,1.0,64.40845500794407,1.0,-32.204227503972035,1.0,-2.086024980440623,0.0,0.0,0.0,0.0,0.0,-0.0,0.004009,0.0,0.0,0.0,0.0,0.0,0.0,0.0,0.0,0.0,0.0,0.0
0.0,0.0,-0.0286,-0.0001,-9.8,0.0012,0.0,-0.0022,0.0,0.0,0.0,0.0,0.0004,-0.1672,0.0,0.0,0.0,0.0,0.0,0.0,1.0,0.0,0.0,0.0,1.0,5.0,0.0,0.0,0.0,0.0,1.0,0.0,1.0,-2.3634206749667586,1.0,-32.204227503972035,1.0,64.40845500794407,1.0,-32.204227503972035,1.0,2.3634206749667586,0.0,0.0,0.0,0.0,0.0,-0.0,-0.004544,0.0,0.0,0.0,0.0,0.0,1.0,5.0,0.0,0.0,0.0,0.0,1.0,0.0,1.0,2.3634206749667586,1.0,-32.204227503972035,1.0,64.40845500794407,1.0,-32.204227503972035,1.0,-2.3634206749667586,0.0,0.0,0.0,0.0,0.0,-0.0,0.004544,0.0,0.0,0.0,0.0,0.0,0.0,0.0,0.0,0.0,0.0,0.0
0.0,0.0,-0.0286,-0.0045,-9.8,-0.008,1.5234,0.0931,0.0,0.0,0.0,0.0,0.0263,-0.1673,0.0001,0.0,0.0,0.0,0.0,0.0,1.0,0.0,0.0,0.0,1.0,5.0,0.0,0.0,0.0,0.0,1.0,0.0,1.0,-2.6057747180005912,1.0,-32.204227503972035,1.0,64.40845500794407,1.0,-32.204227503972035,1.0,2.6057747180005912,0.0,0.0,0.0,0.0,0.0,-0.0,-0.005011,0.0,0.0,0.0,0.0,0.0,1.0,5.0,0.0,0.0,0.0,0.0,1.0,0.0,1.0,2.6057747180005912,1.0,-32.204227503972035,1.0,64.40845500794407,1.0,-32.204227503972035,1.0,-2.6057747180005912,0.0,0.0,0.0,0.0,0.0,-0.0,0.005011,0.0,0.0,0.0,0.0,0.0,0.0,0.0,0.0,0.0,0.0,0.0
0.0,0.0,-0.0288,-0.0244,-9.7999,-0.0201,3.7238,0.3031,0.0,0.0,0.0,0.0,0.1424,-0.1681,0.0001,0.0,0.0,0.0,0.0,0.0,1.0,0.0,0.0,0.0,1.0,5.0,0.0,0.0,0.0,0.0,1.0,0.0,1.0,-2.7895728461086557,1.0,-32.204227503972035,1.0,64.40845500794407,1.0,-32.204227503972035,1.0,2.7895728461086557,0.0,0.0,0.0,0.0,0.0,-0.0,-0.005366,0.0,0.0,0.0,0.0,0.0,1.0,5.0,0.0,0.0,0.0,0.0,1.0,0.0,1.0,2.7895728461086557,1.0,-32.204227503972035,1.0,64.40845500794407,1.0,-32.204227503972035,1.0,-2.7895728461086557,0.0,0.0,0.0,0.0,0.0,-0.0,0.005366,0.0,0.0,0.0,0.0,0.0,0.0,0.0,0.0,0.0,0.0,0.0
0.0,0.0,-0.0292,-0.0628,-9.7998,-0.0235,5.9588,0.4916,0.0,0.0,0.0,0.0,0.3673,-0.1707,-0.0003,0.0,0.0,0.0,0.0,0.0,1.0,0.0,0.0,0.0,1.0,5.0,0.0,0.0,0.0,0.0,1.0,0.0,1.0,-2.9389057046795433,1.0,-32.204227503972035,1.0,64.40845500794407,1.0,-32.204227503972035,1.0,2.9389057046795433,0.0,0.0,0.0,0.0,0.0,-0.0,-0.005655,0.0,0.0,0.0,0.0,0.0,1.0,5.0,0.0,0.0,0.0,0.0,1.0,0.0,1.0,2.9389057046795433,1.0,-32.204227503972035,1.0,64.40845500794407,1.0,-32.204227503972035,1.0,-2.9389057046795433,0.0,0.0,0.0,0.0,0.0,-0.0,0.005655,0.0,0.0,0.0,0.0,0.0,0.0,0.0,0.0,0.0,0.0,0.0
0.0,0.0,-0.0299,-0.1076,-9.7994,-0.0275,7.5106,0.5449,0.0,0.0,0.0,0.0,0.6291,-0.175,-0.0004,0.0,0.0,0.0,0.0,0.0,1.0,0.0,0.0,0.0,1.0,5.0,0.0,0.0,0.0,0.0,1.0,0.0,1.0,-3.0416459923401753,1.0,-32.204227503972035,1.0,64.40845500794407,1.0,-32.204227503972035,1.0,3.0416459923401753,0.0,0.0,0.0,0.0,0.0,-0.0,-0.005853,0.0,0.0,0.0,0.0,0.0,1.0,5.0,0.0,0.0,0.0,0.0,1.0,0.0,1.0,3.0416459923401753,1.0,-32.204227503972035,1.0,64.40845500794407,1.0,-32.204227503972035,1.0,-3.0416459923401753,0.0,0.0,0.0,0.0,0.0,-0.0,0.005853,0.0,0.0,0.0,0.0,0.0,0.0,0.0,0.0,0.0,0.0,0.0
0.0,0.0,-0.0308,-0.1398,-9.799,-0.0353,8.1556,0.5568,0.0,0.0,0.0,0.0,0.8173,-0.1799,0.001,0.0,0.0,0.0,0.0,0.0,1.0,0.0,0.0,0.0,1.0,5.0,0.0,0.0,0.0,0.0,1.0,0.0,1.0,-3.1021206772111998,1.0,-32.204227503972035,1.0,64.40845500794407,1.0,-32.204227503972035,1.0,3.1021206772111998,0.0,0.0,0.0,0.0,0.0,-0.0,-0.00597,0.0,0.0,0.0,0.0,0.0,1.0,5.0,0.0,0.0,0.0,0.0,1.0,0.0,1.0,3.1021206772111998,1.0,-32.204227503972035,1.0,64.40845500794407,1.0,-32.204227503972035,1.0,-3.1021206772111998,0.0,0.0,0.0,0.0,0.0,-0.0,0.00597,0.0,0.0,0.0,0.0,0.0,0.0,0.0,0.0,0.0,0.0,0.0
0.0,0.0,-0.0318,-0.1596,-9.7986,-0.0477,8.3608,0.2925,0.0,0.0,0.0,0.0,0.9332,-0.1856,0.0043,0.0,0.0,0.0,0.0,0.0,1.0,0.0,0.0,0.0,1.0,5.0,0.0,0.0,0.0,0.0,1.0,0.0,1.0,-3.116815047906289,1.0,-32.204227503972035,1.0,64.40845500794407,1.0,-32.204227503972035,1.0,3.116815047906289,0.0,0.0,0.0,0.0,0.0,-0.0,-0.005999,0.0,0.0,0.0,0.0,0.0,1.0,5.0,0.0,0.0,0.0,0.0,1.0,0.0,1.0,3.116815047906289,1.0,-32.204227503972035,1.0,64.40845500794407,1.0,-32.204227503972035,1.0,-3.116815047906289,0.0,0.0,0.0,0.0,0.0,-0.0,0.005999,0.0,0.0,0.0,0.0,0.0,0.0,0.0,0.0,0.0,0.0,0.0
0.0,0.0,-0.0333,-0.1654,-9.7985,-0.0675,8.2551,-0.2069,0.0,0.0,0.0,0.0,0.9668,-0.1945,0.0088,0.0,0.0,0.0,0.0,0.0,1.0,0.0,0.0,0.0,1.0,5.0,0.0,0.0,0.0,0.0,1.0,0.0,1.0,-3.0852191751427247,1.0,-32.204227503972035,1.0,64.40845500794407,1.0,-32.204227503972035,1.0,3.0852191751427247,0.0,0.0,0.0,0.0,0.0,-0.0,-0.005938,0.0,0.0,0.0,0.0,0.0,1.0,5.0,0.0,0.0,0.0,0.0,1.0,0.0,1.0,3.0852191751427247,1.0,-32.204227503972035,1.0,64.40845500794407,1.0,-32.204227503972035,1.0,-3.0852191751427247,0.0,0.0,0.0,0.0,0.0,-0.0,0.005938,0.0,0.0,0.0,0.0,0.0,0.0,0.0,0.0,0.0,0.0,0.0
0.0,0.0,-0.0348,-0.1567,-9.7987,-0.0868,8.0363,-0.6231,0.0,0.0,0.0,0.0,0.9164,-0.2033,0.0119,0.0,0.0,0.0,0.0,0.0,1.0,0.0,0.0,0.0,1.0,5.0,0.0,0.0,0.0,0.0,1.0,0.0,1.0,-3.009168261769233,1.0,-32.204227503972035,1.0,64.40845500794407,1.0,-32.204227503972035,1.0,3.009168261769233,0.0,0.0,0.0,0.0,0.0,-0.0,-0.005791,0.0,0.0,0.0,0.0,0.0,1.0,5.0,0.0,0.0,0.0,0.0,1.0,0.0,1.0,3.009168261769233,1.0,-32.204227503972035,1.0,64.40845500794407,1.0,-32.204227503972035,1.0,-3.009168261769233,0.0,0.0,0.0,0.0,0.0,-0.0,0.005791,0.0,0.0,0.0,0.0,0.0,0.0,0.0,0.0,0.0,0.0,0.0
0.0,0.0,-0.0364,-0.1383,-9.799,0.0081,7.7335,-0.8498,0.0,0.0,0.0,0.0,0.8088,-0.2125,0.0142,0.0,0.0,0.0,0.0,0.0,1.0,0.0,1.0,-0.367188874121997,1.0,5.0,0.0,0.0,0.0,0.0,1.0,0.0,1.0,-3.604698938778218,1.0,-31.431131470361596,1.0,64.39223549585068,1.0,-32.96110402548909,1.0,3.604698938778218,0.0,0.0,0.0,0.0,0.0,-0.001469,-0.006943,0.0,0.0,0.0,1.0,0.36718887412199785,1.0,5.0,0.0,0.0,0.0,0.0,1.0,0.0,1.0,4.391345212687088,1.0,-47.02140108723388,1.0,92.17599911143873,1.0,-45.15459802420485,1.0,-4.391345212687088,0.0,0.0,0.0,0.0,0.0,0.001469,0.006943,0.01985,0.0,0.0,0.0,0.0,0.0,0.0,0.0,0.0,0.0,0.0
0.0,0.0,-0.0378,-0.1132,-9.7993,0.1173,7.4379,-1.0159,0.0,0.0,0.0,0.0,0.6617,-0.221,0.0154,0.0,0.0,0.0,0.0,0.0,1.0,0.0,1.0,-0.9717302245063074,1.0,5.0,0.0,0.0,0.0,0.0,1.0,0.0,1.0,-3.3998609058581666,1.0,-30.123666720759456,1.0,64.2948160249122,1.0,-34.17114930415274,1.0,3.3998609058581666,0.0,0.0,0.0,0.0,0.0,-0.003887,-0.006546,0.0,0.0,0.0,1.0,0.9717302245063073,1.0,5.0,0.0,0.0,0.0,0.0,1.0,0.0,1.0,4.101792709675636,1.0,-47.933256455367136,1.0,90.9777482907604,1.0,-43.044491835393266,1.0,-4.101792709675636,0.0,0.0,0.0,0.0,0.0,0.003887,0.006546,0.018947,0.0,0.0,0.0,0.0,0.0,0.0,0.0,0.0,0.0,0.0
0.0,0.0,-0.0378,-0.0876,-9.7995,0.5228,7.5886,-1.7862,0.0,0.0,0.0,0.0,0.512,-0.221,0.0092,0.0,0.0,0.0,0.0,0.0,1.0,0.0,1.0,-1.5490042969507476,1.0,5.0,0.0,0.0,0.0,0.0,1.0,0.0,1.0,-3.1505877907239355,1.0,-28.835822440547947,1.0,64.11947935866456,1.0,-35.28365691811662,1.0,3.1505877907239355,0.0,0.0,0.0,0.0,0.0,-0.006196,-0.006064,0.0,0.0,0.0,1.0,1.549004296950748,1.0,5.0,0.0,0.0,0.0,0.0,1.0,0.0,1.0,3.7349946007421346,1.0,-48.21245793457596,1.0,88.77649878061177,1.0,-40.56404084603581,1.0,-3.7349946007421346,0.0,0.0,0.0,0.0,0.0,0.006196,0.006064,0.017307,0.0,0.0,0.0,0.0,0.0,0.0,0.0,0.0,0.0,0.0
0.0,0.0,-0.038,-0.0668,-9.7997,1.5569,7.7005,-1.5275,0.0,0.0,0.0,0.0,0.3906,-0.2224,-0.0128,0.0,0.0,0.0,0.0,0.0,1.0,0.0,1.0,-2.1092167899205694,1.0,5.0,0.0,0.0,0.0,0.0,1.0,0.0,1.0,-2.8534166757117285,1.0,-27.55011957394383,1.0,63.87209948546559,1.0,-36.321979911521765,1.0,2.8534166757117285,0.0,0.0,0.0,0.0,0.0,-0.008437,-0.00549,0.0,0.0,0.0,1.0,2.1092167899205703,1.0,5.0,0.0,0.0,0.0,0.0,1.0,0.0,1.0,3.3002308705604184,1.0,-47.85382538398424,1.0,85.56181363122532,1.0,-37.707988247241076,1.0,-3.3002308705604184,0.0,0.0,0.0,0.0,0.0,0.008437,0.00549,0.014959,0.0,0.0,0.0,0.0,0.0,0.0,0.0,0.0,0.0,0.0
0.0,0.0,-0.0441,-0.0525,-9.7998,2.7864,7.1406,-0.8504,0.0,0.0,0.0,0.0,0.3071,-0.2581,-0.037,0.0,0.0,0.0,0.0,0.0,1.0,0.0,1.0,-2.673533328063153,1.0,5.0,0.0,0.0,0.0,0.0,1.0,0.0,1.0,-2.4901768219564007,1.0,-26.219941471883313,1.0,63.545503925394335,1.0,-37.325562453511026,1.0,2.4901768219564007,0.0,0.0,0.0,0.0,0.0,-0.010694,-0.004788,0.0,0.0,0.0,1.0,2.6735333280631535,1.0,5.0,0.0,0.0,0.0,0.0,1.0,0.0,1.0,2.7880438627515085,1.0,-46.75776328944445,1.0,81.08638665527893,1.0,-34.32862336583449,1.0,-2.7880438627515085,0.0,0.0,0.0,0.0,0.0,0.010694,0.004788,0.011791,0.0,0.0,0.0,0.0,0.0,0.0,0.0,0.0,0.0,0.0
0.0,0.0,-0.0581,-0.035,-9.7998,4.1507,5.9423,-0.2653,0.0,0.0,0.0,0.0,0.2049,-0.3397,-0.0518,0.0,0.0,0.0,0.0,0.0,1.0,0.0,1.0,-3.155127072816642,1.0,5.0,0.0,0.0,0.0,0.0,1.0,0.0,1.0,-2.1180334284374744,1.0,-25.057388130096694,1.0,63.204846408924006,1.0,-38.147458278827315,1.0,2.1180334284374744,0.0,0.0,0.0,0.0,0.0,-0.012621,-0.004071,0.0,0.0,0.0,1.0,3.155127072816643,1.0,5.0,0.0,0.0,0.0,0.0,1.0,0.0,1.0,2.2923812434553406,1.0,-45.113275181527705,1.0,76.0667386286772,1.0,-30.95346344714949,1.0,-2.2923812434553406,0.0,0.0,0.0,0.0,0.0,0.012621,0.004071,0.008386,0.0,0.0,0.0,0.0,0.0,0.0,0.0,0.0,0.0,0.0
0.0,0.0,-0.0824,-0.0069,-9.7997,5.611,4.0812,0.6531,0.0,0.0,0.0,0.0,0.0406,-0.4815,-0.052,0.0,0.0,0.0,0.0,0.0,1.0,0.0,1.0,-3.6120558733468666,1.0,5.0,0.0,0.0,0.0,0.0,1.0,0.0,1.0,-1.6956943557929176,1.0,-23.931381005817986,1.0,62.828404413449064,1.0,-38.897023407631075,1.0,1.6956943557929176,0.0,0.0,0.0,0.0,0.0,-0.014448,-0.003258,0.0,0.0,0.0,1.0,3.6120558733468675,1.0,5.0,0.0,0.0,0.0,0.0,1.0,0.0,1.0,1.7673825105536634,1.0,-42.77567980858361,1.0,69.95967335943374,1.0,-27.183993550850126,1.0,-1.7673825105536634,0.0,0.0,0.0,0.0,0.0,0.014448,0.003258,0.004468,0.0,0.0,0.0,0.0,0.0,0.0,0.0,0.0,0.0,0.0
0.0,0.0,-0.1068,0.0243,-9.7994,6.7823,2.4483,1.395,0.0,0.0,0.0,0.0,-0.142,-0.6241,-0.0458,0.0,0.0,0.0,0.0,0.0,1.0,0.0,1.0,-4.003472331183472,1.0,5.0,0.0,0.0,0.0,0.0,1.0,0.0,1.0,-1.258662093168693,1.0,-22.94917466282368,1.0,62.464304029780735,1.0,-39.515129366957055,1.0,1.258662093168693,0.0,0.0,0.0,0.0,0.0,-0.016014,-0.002417,0.0,0.0,0.0,1.0,4.003472331183472,1.0,5.0,0.0,0.0,0.0,0.0,1.0,0.0,1.0,1.264029107236062,1.0,-39.94094744709765,1.0,63.24623175318903,1.0,-23.305284306091377,1.0,-1.264029107236062,0.0,0.0,0.0,0.0,0.0,0.016014,0.002417,0.000467,0.0,0.0,0.0,0.0,0.0,0.0,0.0,0.0,0.0,0.0
0.0,0.0,-0.1328,0.0593,-9.7989,7.8789,0.8583,1.9843,0.0,0.0,0.0,0.0,-0.3465,-0.7765,-0.04,0.0,0.0,0.0,0.0,0.0,1.0,0.0,1.0,-4.362900852431879,1.0,5.0,0.0,0.0,0.0,0.0,1.0,0.0,1.0,-0.7613541534956404,1.0,-22.03298915554043,1.0,62.09576837387579,1.0,-40.062779218335365,1.0,0.7613541534956404,0.0,0.0,0.0,0.0,0.0,-0.017452,-0.001462,0.0,0.0,0.0,1.0,4.362900852431878,1.0,5.0,0.0,0.0,0.0,0.0,1.0,0.0,1.0,0.7613541534956404,1.0,-40.062779218335365,1.0,62.09576837387579,1.0,-22.03298915554043,1.0,-0.7613541534956404,0.0,0.0,0.0,0.0,0.0,0.017452,0.001462,0.0,0.0,0.0,0.0,0.0,0.0,0.0,0.0,0.0,0.0,0.0
0.0,0.0,-0.1589,0.097,-9.7982,8.8251,-0.7538,2.5516,0.0,0.0,0.0,0.0,-0.5675,-0.9288,-0.048,0.0,0.0,0.0,0.0,0.0,1.0,0.0,1.0,-4.637698085021665,1.0,5.0,0.0,0.0,0.0,0.0,1.0,0.0,1.0,-0.2687953941009259,1.0,-21.323359656044424,1.0,61.79170628328547,1.0,-40.46834662724105,1.0,0.2687953941009259,0.0,0.0,0.0,0.0,0.0,-0.018551,-0.000516,0.0,0.0,0.0,1.0,4.637698085021665,1.0,5.0,0.0,0.0,0.0,0.0,1.0,0.0,1.0,0.2687953941009259,1.0,-40.46834662724105,1.0,61.79170628328547,1.0,-21.323359656044424,1.0,-0.2687953941009259,0.0,0.0,0.0,0.0,0.0,0.018551,0.000516,0.0,0.0,0.0,0.0,0.0,0.0,0.0,0.0,0.0,0.0,0.0
0.0,0.0,-0.1806,0.1377,-9.7974,9.5302,-2.3324,3.1153,0.0,0.0,0.0,0.0,-0.8053,-1.0562,-0.08,0.0,0.0,0.0,0.0,0.0,1.0,0.0,1.0,-4.840244058292915,1.0,5.0,0.0,0.0,0.0,0.0,1.0,0.0,1.0,0.2369466643176619,1.0,-20.795230764012427,1.0,61.555106528989725,1.0,-40.7598757649773,1.0,-0.2369466643176619,0.0,0.0,0.0,0.0,0.0,-0.019361,0.000455,0.0,0.0,0.0,1.0,4.840244058292916,1.0,5.0,0.0,0.0,0.0,0.0,1.0,0.0,1.0,-0.2369466643176619,1.0,-40.759875764977295,1.0,61.555106528989725,1.0,-20.79523076401243,1.0,0.2369466643176619,0.0,0.0,0.0,0.0,0.0,0.019361,-0.000455,0.0,0.0,0.0,0.0,0.0,0.0,0.0,0.0,0.0,0.0,0.0
0.0,0.0,-0.2004,0.1865,-9.7962,10.3678,-3.7588,3.4487,0.0,0.0,0.0,0.0,-1.0904,-1.1716,-0.1369,0.0,0.0,0.0,0.0,0.0,1.0,0.0,1.0,-4.957566585324554,1.0,5.0,0.0,0.0,0.0,0.0,1.0,0.0,1.0,0.7138347111981527,1.0,-20.487346966649064,1.0,61.4131801106916,1.0,-40.925833144042535,1.0,-0.7138347111981527,0.0,0.0,0.0,0.0,0.0,-0.01983,0.001371,0.0,0.0,0.0,1.0,4.957566585324554,1.0,5.0,0.0,0.0,0.0,0.0,1.0,0.0,1.0,-0.7138347111981527,1.0,-40.925833144042535,1.0,61.4131801106916,1.0,-20.487346966649064,1.0,0.7138347111981527,0.0,0.0,0.0,0.0,0.0,0.01983,-0.001371,0.0,0.0,0.0,0.0,0.0,0.0,0.0,0.0,0.0,0.0,0.0
0.0,0.0,-0.2156,0.2303,-9.7949,11.2212,-4.8544,3.4486,0.0,0.0,0.0,0.0,-1.3472,-1.2609,-0.2133,0.0,0.0,0.0,0.0,0.0,1.0,0.0,1.0,-4.999764266460797,1.0,5.0,0.0,0.0,0.0,0.0,1.0,0.0,1.0,1.1706427092377014,1.0,-20.376256057905774,1.0,61.361254191712305,1.0,-40.984998133806535,1.0,-1.1706427092377014,0.0,0.0,0.0,0.0,0.0,-0.019999,0.002248,0.0,0.0,0.0,1.0,4.999764266460797,1.0,5.0,0.0,0.0,0.0,0.0,1.0,0.0,1.0,-1.1706427092377014,1.0,-40.984998133806535,1.0,61.361254191712305,1.0,-20.376256057905774,1.0,1.1706427092377014,0.0,0.0,0.0,0.0,0.0,0.019999,-0.002248,0.0,0.0,0.0,0.0,0.0,0.0,0.0,0.0,0.0,0.0,0.0
0.0,0.0,-0.2285,0.2675,-9.7937,12.0258,-5.5872,2.9702,0.0,0.0,0.0,0.0,-1.5648,-1.3358,-0.3059,0.0,0.0,0.0,0.0,0.0,1.0,0.0,1.0,-4.967769639403674,1.0,5.0,0.0,0.0,0.0,0.0,1.0,0.0,1.0,1.6194950472572005,1.0,-20.460503243310235,1.0,61.40066753785659,1.0,-40.940164294546356,1.0,-1.6194950472572005,0.0,0.0,0.0,0.0,0.0,-0.019871,0.003111,0.0,0.0,0.0,1.0,4.967769639403673,1.0,5.0,0.0,0.0,0.0,0.0,1.0,0.0,1.0,-1.6194950472572005,1.0,-40.940164294546356,1.0,61.40066753785659,1.0,-20.460503243310235,1.0,1.6194950472572005,0.0,0.0,0.0,0.0,0.0,0.019871,-0.003111,0.0,0.0,0.0,0.0,0.0,0.0,0.0,0.0,0.0,0.0,0.0
0.0,0.0,-0.239,0.2926,-9.7927,12.8516,-6.074,2.2327,0.0,0.0,0.0,0.0,-1.7116,-1.3973,-0.3802,0.0,0.0,0.0,0.0,0.0,1.0,0.0,1.0,-4.862409041047694,1.0,5.0,0.0,0.0,0.0,0.0,1.0,0.0,1.0,2.0374080900722067,1.0,-20.73717505741287,1.0,61.528568218328566,1.0,-40.791393160915696,1.0,-2.0374080900722067,0.0,0.0,0.0,0.0,0.0,-0.01945,0.003916,0.0,0.0,0.0,1.0,4.862409041047694,1.0,5.0,0.0,0.0,0.0,0.0,1.0,0.0,1.0,-2.0374080900722067,1.0,-40.791393160915696,1.0,61.528568218328566,1.0,-20.73717505741287,1.0,2.0374080900722067,0.0,0.0,0.0,0.0,0.0,0.01945,-0.003916,0.0,0.0,0.0,0.0,0.0,0.0,0.0,0.0,0.0,0.0,0.0
0.0,0.0,-0.2547,0.3192,-9.7915,13.8687,-7.1352,1.3057,0.0,0.0,0.0,0.0,-1.8671,-1.4893,-0.424,0.0,0.0,0.0,0.0,0.0,1.0,0.0,1.0,-4.691673870740215,1.0,5.0,0.0,0.0,0.0,0.0,1.0,0.0,1.0,2.413659899504538,1.0,-21.183041553990286,1.0,61.72969486086042,1.0,-40.546653306870134,1.0,-2.413659899504538,0.0,0.0,0.0,0.0,0.0,-0.018767,0.004641,0.0,0.0,0.0,1.0,4.691673870740215,1.0,5.0,0.0,0.0,0.0,0.0,1.0,0.0,1.0,-2.413659899504538,1.0,-40.546653306870134,1.0,61.72969486086042,1.0,-21.183041553990286,1.0,2.413659899504538,0.0,0.0,0.0,0.0,0.0,0.018767,-0.004641,0.0,0.0,0.0,0.0,0.0,0.0,0.0,0.0,0.0,0.0,0.0
0.0,0.0,-0.2649,0.3453,-9.7903,14.1229,-8.2126,0.3219,0.0,0.0,0.0,0.0,-2.0197,-1.549,-0.4137,0.0,0.0,0.0,0.0,0.0,1.0,0.0,1.0,-4.44935132034184,1.0,5.0,0.0,0.0,0.0,0.0,1.0,0.0,1.0,2.7638477589163983,1.0,-21.81059742982748,1.0,62.00220452770458,1.0,-40.191607097877096,1.0,-2.7638477589163983,0.0,0.0,0.0,0.0,0.0,-0.017797,0.005317,0.0,0.0,0.0,1.0,4.449351320341839,1.0,5.0,0.0,0.0,0.0,0.0,1.0,0.0,1.0,-2.7638477589163983,1.0,-40.19160709787708,1.0,62.00220452770455,1.0,-21.810597429827467,1.0,2.7638477589163983,0.0,0.0,0.0,0.0,0.0,0.017797,-0.005317,0.0,0.0,0.0,0.0,0.0,0.0,0.0,0.0,0.0,0.0,0.0
0.0,0.0,-0.262,0.3778,-9.7892,13.8229,-9.0141,-1.0899,0.0,0.0,0.0,0.0,-2.2103,-1.5321,-0.3552,0.0,0.0,0.0,0.0,0.0,1.0,0.0,1.0,-4.143962674079507,1.0,5.0,0.0,0.0,0.0,0.0,1.0,0.0,1.0,3.0720558437823717,1.0,-22.592684417262888,1.0,62.32417028404477,1.0,-39.73148586678188,1.0,-3.0720558437823717,0.0,0.0,0.0,0.0,0.0,-0.016576,0.005912,0.0,0.0,0.0,1.0,4.143962674079505,1.0,5.0,0.0,0.0,0.0,0.0,1.0,0.0,1.0,-3.0720558437823717,1.0,-39.73148586678189,1.0,62.32417028404477,1.0,-22.59268441726288,1.0,3.0720558437823717,0.0,0.0,0.0,0.0,0.0,0.016576,-0.005912,0.0,0.0,0.0,0.0,0.0,0.0,0.0,0.0,0.0,0.0,0.0
0.0,0.0,-0.2433,0.4019,-9.7887,13.218,-9.4603,-2.2168,0.0,0.0,0.0,0.0,-2.3513,-1.4223,-0.2714,0.0,0.0,0.0,0.0,0.0,1.0,0.0,1.0,-3.7825678655484256,1.0,5.0,0.0,0.0,0.0,0.0,1.0,0.0,1.0,3.4203603820549535,1.0,-25.585615641981565,1.0,67.23977150094848,1.0,-41.65415585896692,1.0,-3.4203603820549535,0.0,0.0,0.0,0.0,0.0,-0.01513,0.006418,0.002808,0.0,0.0,1.0,3.7825678655484256,1.0,5.0,0.0,0.0,0.0,0.0,1.0,0.0,1.0,-3.333553814365656,1.0,-39.16904076641443,1.0,62.67453894411206,1.0,-23.505498177697625,1.0,3.333553814365656,0.0,0.0,0.0,0.0,0.0,0.01513,-0.006418,0.0,0.0,0.0,0.0,0.0,0.0,0.0,0.0,0.0,0.0,0.0
0.0,0.0,-0.2096,0.4208,-9.7887,11.8591,-10.1042,-2.1433,0.0,0.0,0.0,0.0,-2.4614,-1.2253,-0.1802,0.0,0.0,0.0,0.0,0.0,1.0,0.0,1.0,-3.358977826308802,1.0,5.0,0.0,0.0,0.0,0.0,1.0,0.0,1.0,3.781383983067979,1.0,-29.35238433427704,1.0,73.53007372323184,1.0,-44.177689388954796,1.0,-3.781383983067979,0.0,0.0,0.0,0.0,0.0,-0.013436,0.006841,0.006728,0.0,0.0,1.0,3.3589778263088017,1.0,5.0,0.0,0.0,0.0,0.0,1.0,0.0,1.0,-3.5516371450149937,1.0,-38.48554662070321,1.0,63.04333832855437,1.0,-24.557791707851155,1.0,3.5516371450149937,0.0,0.0,0.0,0.0,0.0,0.013436,-0.006841,0.0,0.0,0.0,0.0,0.0,0.0,0.0,0.0,0.0,0.0,0.0
0.0,0.0,-0.1661,0.4317,-9.7891,10.5997,-10.5616,-1.8358,0.0,0.0,0.0,0.0,-2.5253,-0.9712,-0.0763,0.0,0.0,0.0,0.0,0.0,1.0,0.0,1.0,-2.8851403426852946,1.0,5.0,0.0,0.0,0.0,0.0,1.0,0.0,1.0,4.102083499913909,1.0,-32.90899142516112,1.0,79.03396712864524,1.0,-46.12497570348413,1.0,-4.102083499913909,0.0,0.0,0.0,0.0,0.0,-0.011541,0.007163,0.01038,0.0,0.0,1.0,2.885140342685294,1.0,5.0,0.0,0.0,0.0,0.0,1.0,0.0,1.0,-3.7178683758988287,1.0,-37.69067000152916,1.0,63.40287958036226,1.0,-25.712209578833093,1.0,3.7178683758988287,0.0,0.0,0.0,0.0,0.0,0.011541,-0.007163,0.0,0.0,0.0,0.0,0.0,0.0,0.0,0.0,0.0,0.0,0.0
0.0,0.0,-0.1119,0.4333,-9.7898,9.7753,-10.9429,-2.444,0.0,0.0,0.0,0.0,-2.5345,-0.654,0.069,0.0,0.0,0.0,0.0,0.0,1.0,0.0,1.0,-2.3749966446943502,1.0,5.0,0.0,0.0,0.0,0.0,1.0,0.0,1.0,4.3625006970158555,1.0,-36.18472924693585,1.0,83.62259074436935,1.0,-47.437861497433495,1.0,-4.3625006970158555,0.0,0.0,0.0,0.0,0.0,-0.0095,0.007378,0.013572,0.0,0.0,1.0,2.37499664469435,1.0,5.0,0.0,0.0,0.0,0.0,1.0,0.0,1.0,-3.828529112307953,1.0,-36.800014810164626,1.0,63.727995278094234,1.0,-26.927980467929604,1.0,3.828529112307953,0.0,0.0,0.0,0.0,0.0,0.0095,-0.007378,0.0,0.0,0.0,0.0,0.0,0.0,0.0,0.0,0.0,0.0,0.0
0.0,0.0,-0.0671,0.4291,-9.7904,9.1156,-11.2845,-3.7089,0.0,0.0,0.0,0.0,-2.5098,-0.3924,0.2157,0.0,0.0,0.0,0.0,0.0,1.0,0.0,1.0,-1.8226528826210397,1.0,5.0,0.0,0.0,0.0,0.0,1.0,0.0,1.0,4.551847292443078,1.0,-39.22640332188533,1.0,87.34683118479218,1.0,-48.12042786290686,1.0,-4.551847292443078,0.0,0.0,0.0,0.0,0.0,-0.007291,0.007487,0.016256,0.0,0.0,1.0,1.822652882621039,1.0,5.0,0.0,0.0,0.0,0.0,1.0,0.0,1.0,-3.8847745001425147,1.0,-35.79600581848087,1.0,64.00817125591499,1.0,-28.21216543743412,1.0,3.8847745001425147,0.0,0.0,0.0,0.0,0.0,0.007291,-0.007487,0.0,0.0,0.0,0.0,0.0,0.0,0.0,0.0,0.0,0.0,0.0
0.0,0.0,-0.0142,0.4226,-9.7909,8.3635,-11.9916,-5.0711,0.0,0.0,0.0,0.0,-2.4714,-0.0828,0.3972,0.0,0.0,0.0,0.0,0.0,1.0,0.0,1.0,-1.230248601248454,1.0,5.0,0.0,0.0,0.0,0.0,1.0,0.0,1.0,4.650716910358818,1.0,-41.990005883858515,1.0,90.1240797592419,1.0,-48.134073875383386,1.0,-4.650716910358818,0.0,0.0,0.0,0.0,0.0,-0.004921,0.007484,0.018308,0.0,0.0,1.0,1.2302486012484555,1.0,5.0,0.0,0.0,0.0,0.0,1.0,0.0,1.0,-3.8831916398958204,1.0,-34.674621884916036,1.0,64.22625573176067,1.0,-29.551633846844638,1.0,3.8831916398958204,0.0,0.0,0.0,0.0,0.0,0.004921,-0.007484,0.0,0.0,0.0,0.0,0.0,0.0,0.0,0.0,0.0,0.0,0.0
0.0,0.0,0.0396,0.416,-9.7911,7.5753,-12.5679,-6.47,0.0,0.0,0.0,0.0,-2.4327,0.2317,0.5676,0.0,0.0,0.0,0.0,0.0,1.0,0.0,1.0,-0.6406993627299864,1.0,5.0,0.0,0.0,0.0,0.0,1.0,0.0,1.0,4.643271599058138,1.0,-44.2621037520526,1.0,91.76991346141523,1.0,-47.50780970936263,1.0,-4.643271599058138,0.0,0.0,0.0,0.0,0.0,-0.002563,0.007371,0.019543,0.0,0.0,1.0,0.640699362729986,1.0,5.0,0.0,0.0,0.0,0.0,1.0,0.0,1.0,-3.8251067171316158,1.0,-33.514177865473776,1.0,64.35906630668765,1.0,-30.84488844121387,1.0,3.8251067171316158,0.0,0.0,0.0,0.0,0.0,0.002563,-0.007371,0.0,0.0,0.0,0.0,0.0,0.0,0.0,0.0,0.0,0.0,0.0
0.0,0.0,0.0837,0.4071,-9.7912,7.0664,-12.599,-6.6052,0.0,0.0,0.0,0.0,-2.3811,0.4892,0.7179,0.0,0.0,0.0,0.0,0.0,1.0,0.0,1.0,-0.04094464544592797,1.0,5.0,0.0,0.0,0.0,0.0,1.0,0.0,1.0,4.5290338892929585,1.0,-46.081447379843176,1.0,92.37141958053427,1.0,-46.289972200691096,1.0,-4.5290338892929585,0.0,0.0,0.0,0.0,0.0,-0.000164,0.007152,0.019998,0.0,0.0,1.0,0.04094464544592513,1.0,5.0,0.0,0.0,0.0,0.0,1.0,0.0,1.0,-3.712041760056408,1.0,-32.28943407825356,1.0,64.40825334601988,1.0,-32.11881926776632,1.0,3.712041760056408,0.0,0.0,0.0,0.0,0.0,0.000164,-0.007152,0.0,0.0,0.0,0.0,0.0,0.0,0.0,0.0,0.0,0.0,0.0
0.0,0.0,0.1104,0.3935,-9.7915,6.4246,-12.2274,-5.433,0.0,0.0,0.0,0.0,-2.3011,0.6455,0.8823,0.0,0.0,0.0,0.0,0.0,1.0,0.0,1.0,0.5572682083465221,1.0,5.0,0.0,0.0,0.0,0.0,1.0,0.0,1.0,4.311116373596037,1.0,-47.372049208661956,1.0,91.91738163441784,1.0,-44.54533242575588,1.0,-4.311116373596037,0.0,0.0,0.0,0.0,0.0,0.002229,0.00683,0.019655,0.0,0.0,1.0,-0.5572682083465206,1.0,5.0,0.0,0.0,0.0,0.0,1.0,0.0,1.0,-3.5462644525706226,1.0,-31.024646803227586,1.0,64.3710933879127,1.0,-33.34644658468511,1.0,3.5462644525706226,0.0,0.0,0.0,0.0,0.0,-0.002229,-0.00683,0.0,0.0,0.0,0.0,0.0,0.0,0.0,0.0,0.0,0.0,0.0
0.0,0.0,0.1236,0.3674,-9.7923,6.6306,-11.429,-3.4163,0.0,0.0,0.0,0.0,-2.1489,0.7225,1.0446,0.0,0.0,0.0,0.0,0.0,1.0,0.0,1.0,1.1838406854840173,1.0,5.0,0.0,0.0,0.0,0.0,1.0,0.0,1.0,3.9769513849570783,1.0,-48.106833715582226,1.0,90.29282620199093,1.0,-42.1859924864087,1.0,-3.9769513849570783,0.0,0.0,0.0,0.0,0.0,0.004735,0.006381,0.018434,0.0,0.0,1.0,-1.1838406854840202,1.0,5.0,0.0,0.0,0.0,0.0,1.0,0.0,1.0,-3.3145857613357945,1.0,-29.654886143212266,1.0,64.23975201392015,1.0,-34.58486587070789,1.0,3.3145857613357945,0.0,0.0,0.0,0.0,0.0,-0.004735,-0.006381,0.0,0.0,0.0,0.0,0.0,0.0,0.0,0.0,0.0,0.0,0.0
0.0,0.0,0.122,0.3351,-9.7935,6.9681,-10.337,-1.9628,0.0,0.0,0.0,0.0,-1.9596,0.7133,1.1392,0.0,0.0,0.0,0.0,0.0,1.0,0.0,1.0,1.815770997317505,1.0,5.0,0.0,0.0,0.0,0.0,1.0,0.0,1.0,3.537336031787641,1.0,-48.12463682848374,1.0,87.38599927640722,1.0,-39.261362447923474,1.0,-3.537336031787641,0.0,0.0,0.0,0.0,0.0,0.007263,0.005804,0.016284,0.0,0.0,1.0,-1.8157709973175054,1.0,5.0,0.0,0.0,0.0,0.0,1.0,0.0,1.0,-3.016298332097252,1.0,-28.227952309592627,1.0,64.01119336861198,1.0,-35.78324105901935,1.0,3.016298332097252,0.0,0.0,0.0,0.0,0.0,-0.007263,-0.005804,0.0,0.0,0.0,0.0,0.0,0.0,0.0,0.0,0.0,0.0,0.0
0.0,0.0,0.1098,0.2964,-9.7949,7.3768,-9.2785,-0.7402,0.0,0.0,0.0,0.0,-1.7332,0.6417,1.1965,0.0,0.0,0.0,0.0,0.0,1.0,0.0,1.0,2.385285180288345,1.0,5.0,0.0,0.0,0.0,0.0,1.0,0.0,1.0,3.0588195086654486,1.0,-47.41829402289774,1.0,83.54170059566174,1.0,-36.123406572764,1.0,-3.0588195086654486,0.0,0.0,0.0,0.0,0.0,0.009541,0.005163,0.013515,0.0,0.0,1.0,-2.3852851802883452,1.0,5.0,0.0,0.0,0.0,0.0,1.0,0.0,1.0,-2.6844821517863107,1.0,-26.903741047291966,1.0,63.72206964590976,1.0,-36.81832859861779,1.0,2.6844821517863107,0.0,0.0,0.0,0.0,0.0,-0.009541,-0.005163,0.0,0.0,0.0,0.0,0.0,0.0,0.0,0.0,0.0,0.0,0.0
0.0,0.0,0.0875,0.2463,-9.7965,7.9148,-8.1585,0.3372,0.0,0.0,0.0,0.0,-1.4401,0.5113,1.2397,0.0,0.0,0.0,0.0,0.0,1.0,0.0,1.0,2.902702624041025,1.0,5.0,0.0,0.0,0.0,0.0,1.0,0.0,1.0,2.5590637237391185,1.0,-46.066395863607504,1.0,78.85332594033844,1.0,-32.786930076730926,1.0,-2.5590637237391185,0.0,0.0,0.0,0.0,0.0,0.011611,0.004462,0.010257,0.0,0.0,1.0,-2.9027026240410256,1.0,5.0,0.0,0.0,0.0,0.0,1.0,0.0,1.0,-2.321138936874695,1.0,-25.6698529266318,1.0,63.390546157665284,1.0,-37.72069323103348,1.0,2.321138936874695,0.0,0.0,0.0,0.0,0.0,-0.011611,-0.004462,0.0,0.0,0.0,0.0,0.0,0.0,0.0,0.0,0.0,0.0,0.0
0.0,0.0,0.0647,0.2004,-9.7977,8.4655,-7.0006,1.0649,0.0,0.0,0.0,0.0,-1.1716,0.3781,1.2619,0.0,0.0,0.0,0.0,0.0,1.0,0.0,1.0,3.3810381739974398,1.0,5.0,0.0,0.0,0.0,0.0,1.0,0.0,1.0,2.0400794263339566,1.0,-44.06664683550831,1.0,73.23849872563012,1.0,-29.17185189012181,1.0,-2.0400794263339566,0.0,0.0,0.0,0.0,0.0,0.013524,0.003688,0.00654,0.0,0.0,1.0,-3.381038173997442,1.0,5.0,0.0,0.0,0.0,0.0,1.0,0.0,1.0,-1.9190220847994945,1.0,-24.50346005803794,1.0,63.02523968722431,1.0,-38.52177962918637,1.0,1.9190220847994945,0.0,0.0,0.0,0.0,0.0,-0.013524,-0.003688,0.0,0.0,0.0,0.0,0.0,0.0,0.0,0.0,0.0,0.0,0.0
0.0,0.0,0.0399,0.1513,-9.7988,9.1219,-5.6627,1.775,0.0,0.0,0.0,0.0,-0.8843,0.2332,1.2716,0.0,0.0,0.0,0.0,0.0,1.0,0.0,1.0,3.804922669347829,1.0,5.0,0.0,0.0,0.0,0.0,1.0,0.0,1.0,1.5266865987567566,1.0,-41.49506052142457,1.0,66.8615286622513,1.0,-25.366468140826733,1.0,-1.5266865987567566,0.0,0.0,0.0,0.0,0.0,0.01522,0.002864,0.002581,0.0,0.0,1.0,-3.8049226693478295,1.0,5.0,0.0,0.0,0.0,0.0,1.0,0.0,1.0,-1.490904996359509,1.0,-23.449434785585826,1.0,62.65382415859656,1.0,-39.20438937301073,1.0,1.490904996359509,0.0,0.0,0.0,0.0,0.0,-0.01522,-0.002864,0.0,0.0,0.0,0.0,0.0,0.0,0.0,0.0,0.0,0.0,0.0
0.0,0.0,0.0154,0.1006,-9.7995,9.745,-4.2706,2.4129,0.0,0.0,0.0,0.0,-0.5881,0.0898,1.27,0.0,0.0,0.0,0.0,0.0,1.0,0.0,1.0,4.190775489056952,1.0,5.0,0.0,0.0,0.0,0.0,1.0,0.0,1.0,1.0143876868083974,1.0,-39.80292575280498,1.0,62.27636177641356,1.0,-22.473436023608578,1.0,-1.0143876868083974,0.0,0.0,0.0,0.0,0.0,0.016763,0.001948,0.0,0.0,0.0,1.0,-4.190775489056952,1.0,5.0,0.0,0.0,0.0,0.0,1.0,0.0,1.0,-1.0143876868083974,1.0,-22.473436023608578,1.0,62.27636177641356,1.0,-39.80292575280498,1.0,1.0143876868083974,0.0,0.0,0.0,0.0,0.0,-0.016763,-0.001948,0.0,0.0,0.0,0.0,0.0,0.0,0.0,0.0,0.0,0.0,0.0
0.0,0.0,-0.0115,0.04,-9.7999,10.4494,-2.477,3.1212,0.0,0.0,0.0,0.0,-0.2337,-0.0671,1.2572,0.0,0.0,0.0,0.0,0.0,1.0,0.0,1.0,4.487160975963512,1.0,5.0,0.0,0.0,0.0,0.0,1.0,0.0,1.0,0.5556177517502593,1.0,-40.24759476202935,1.0,61.96068077571953,1.0,-21.71308601369018,1.0,-0.5556177517502593,0.0,0.0,0.0,0.0,0.0,0.017949,0.001067,0.0,0.0,0.0,1.0,-4.487160975963512,1.0,5.0,0.0,0.0,0.0,0.0,1.0,0.0,1.0,-0.5556177517502593,1.0,-21.71308601369018,1.0,61.96068077571953,1.0,-40.24759476202935,1.0,0.5556177517502593,0.0,0.0,0.0,0.0,0.0,-0.017949,-0.001067,0.0,0.0,0.0,0.0,0.0,0.0,0.0,0.0,0.0,0.0,0.0
0.0,0.0,-0.0308,-0.0118,-9.7999,10.9703,-1.1222,3.6342,0.0,0.0,0.0,0.0,0.0692,-0.18,1.2459,0.0,0.0,0.0,0.0,0.0,1.0,0.0,1.0,4.721196689066539,1.0,5.0,0.0,0.0,0.0,0.0,1.0,0.0,1.0,0.08343849264358018,1.0,-40.58929469918979,1.0,61.69545781313031,1.0,-21.106163113940518,1.0,-0.08343849264358018,0.0,0.0,0.0,0.0,0.0,0.018885,0.00016,0.0,0.0,0.0,1.0,-4.721196689066539,1.0,5.0,0.0,0.0,0.0,0.0,1.0,0.0,1.0,-0.08343849264358018,1.0,-21.106163113940518,1.0,61.69545781313031,1.0,-40.58929469918979,1.0,0.08343849264358018,0.0,0.0,0.0,0.0,0.0,-0.018885,-0.00016,0.0,0.0,0.0,0.0,0.0,0.0,0.0,0.0,0.0,0.0,0.0
0.0,0.0,-0.0468,-0.0694,-9.7996,11.6206,0.3194,4.0561,0.0,0.0,0.0,0.0,0.4057,-0.2739,1.2455,0.0,0.0,0.0,0.0,0.0,1.0,0.0,1.0,4.89589979850982,1.0,5.0,0.0,0.0,0.0,0.0,1.0,0.0,1.0,-0.4278404491423175,1.0,-40.838870305489635,1.0,61.48822668649156,1.0,-20.649356381001926,1.0,0.4278404491423175,0.0,0.0,0.0,0.0,0.0,0.019584,-0.000821,0.0,0.0,0.0,1.0,-4.89589979850982,1.0,5.0,0.0,0.0,0.0,0.0,1.0,0.0,1.0,0.4278404491423175,1.0,-20.649356381001926,1.0,61.48822668649156,1.0,-40.838870305489635,1.0,-0.4278404491423175,0.0,0.0,0.0,0.0,0.0,-0.019584,0.000821,0.0,0.0,0.0,0.0,0.0,0.0,0.0,0.0,0.0,0.0,0.0
0.0,0.0,-0.0582,-0.1238,-9.799,12.3308,1.7579,4.3096,0.0,0.0,0.0,0.0,0.7236,-0.34,1.2608,0.0,0.0,0.0,0.0,0.0,1.0,0.0,1.0,4.981914691404138,1.0,5.0,0.0,0.0,0.0,0.0,1.0,0.0,1.0,-0.8869240694503254,1.0,-40.960005416724904,1.0,61.383275645129636,1.0,-20.423270228404736,1.0,0.8869240694503254,0.0,0.0,0.0,0.0,0.0,0.019928,-0.001703,0.0,0.0,0.0,1.0,-4.981914691404138,1.0,5.0,0.0,0.0,0.0,0.0,1.0,0.0,1.0,0.8869240694503254,1.0,-20.423270228404736,1.0,61.383275645129636,1.0,-40.960005416724904,1.0,-0.8869240694503254,0.0,0.0,0.0,0.0,0.0,-0.019928,0.001703,0.0,0.0,0.0,0.0,0.0,0.0,0.0,0.0,0.0,0.0,0.0
0.0,0.0,-0.0654,-0.1686,-9.7983,12.9677,2.9777,4.3068,0.0,0.0,0.0,0.0,0.9856,-0.3823,1.2797,0.0,0.0,0.0,0.0,0.0,1.0,0.0,1.0,4.996194113657937,1.0,5.0,0.0,0.0,0.0,0.0,1.0,0.0,1.0,-1.3505744634144252,1.0,-40.98000325016545,1.0,61.36566544686252,1.0,-20.385662196697062,1.0,1.3505744634144252,0.0,0.0,0.0,0.0,0.0,0.019985,-0.002594,0.0,0.0,0.0,1.0,-4.996194113657937,1.0,5.0,0.0,0.0,0.0,0.0,1.0,0.0,1.0,1.3505744634144252,1.0,-20.385662196697062,1.0,61.36566544686252,1.0,-40.98000325016545,1.0,-1.3505744634144252,0.0,0.0,0.0,0.0,0.0,-0.019985,0.002594,0.0,0.0,0.0,0.0,0.0,0.0,0.0,0.0,0.0,0.0,0.0
0.0,0.0,-0.0716,-0.2126,-9.7974,13.6213,4.205,4.1115,0.0,0.0,0.0,0.0,1.2431,-0.4186,1.2989,0.0,0.0,0.0,0.0,0.0,1.0,0.0,1.0,4.938461386242778,1.0,5.0,0.0,0.0,0.0,0.0,1.0,0.0,1.0,-1.7720259766600435,1.0,-40.89895433781775,1.0,61.43653671037268,1.0,-20.53758237255493,1.0,1.7720259766600435,0.0,0.0,0.0,0.0,0.0,0.019754,-0.003405,0.0,0.0,0.0,1.0,-4.938461386242778,1.0,5.0,0.0,0.0,0.0,0.0,1.0,0.0,1.0,1.7720259766600435,1.0,-20.53758237255493,1.0,61.43653671037268,1.0,-40.89895433781775,1.0,-1.7720259766600435,0.0,0.0,0.0,0.0,0.0,-0.019754,0.003405,0.0,0.0,0.0,0.0,0.0,0.0,0.0,0.0,0.0,0.0,0.0
0.0,0.0,-0.0779,-0.2638,-9.7961,14.3784,5.5986,3.6661,0.0,0.0,0.0,0.0,1.5428,-0.4556,1.3128,0.0,0.0,0.0,0.0,0.0,1.0,0.0,1.0,4.801174819220825,1.0,5.0,0.0,0.0,0.0,0.0,1.0,0.0,1.0,-2.1937906683918786,1.0,-40.70413582888108,1.0,61.60157318637882,1.0,-20.897437357497743,1.0,2.1937906683918786,0.0,0.0,0.0,0.0,0.0,0.019205,-0.004217,0.0,0.0,0.0,1.0,-4.801174819220823,1.0,5.0,0.0,0.0,0.0,0.0,1.0,0.0,1.0,2.1937906683918786,1.0,-20.89743735749774,1.0,61.60157318637882,1.0,-40.70413582888108,1.0,-2.1937906683918786,0.0,0.0,0.0,0.0,0.0,-0.019205,0.004217,0.0,0.0,0.0,0.0,0.0,0.0,0.0,0.0,0.0,0.0,0.0
0.0,0.0,-0.0842,-0.3125,-9.7947,15.1287,6.4958,2.7598,0.0,0.0,0.0,0.0,1.8272,-0.4925,1.329,0.0,0.0,0.0,0.0,0.0,1.0,0.0,1.0,4.574902002050982,1.0,5.0,0.0,0.0,0.0,0.0,1.0,0.0,1.0,-2.5992110408465336,1.0,-40.37668145269003,1.0,61.862903714485675,1.0,-21.486222261795653,1.0,2.5992110408465336,0.0,0.0,0.0,0.0,0.0,0.0183,-0.004999,0.0,0.0,0.0,1.0,-4.574902002050984,1.0,5.0,0.0,0.0,0.0,0.0,1.0,0.0,1.0,2.5992110408465336,1.0,-21.486222261795657,1.0,61.862903714485675,1.0,-40.37668145269002,1.0,-2.5992110408465336,0.0,0.0,0.0,0.0,0.0,-0.0183,0.004999,0.0,0.0,0.0,0.0,0.0,0.0,0.0,0.0,0.0,0.0,0.0
0.0,0.0,-0.0901,-0.3481,-9.7934,15.7473,7.0085,1.6388,0.0,0.0,0.0,0.0,2.0357,-0.527,1.358,0.0,0.0,0.0,0.0,0.0,1.0,0.0,1.0,4.284879667846487,1.0,5.0,0.0,0.0,0.0,0.0,1.0,0.0,1.0,-2.9427579895066938,1.0,-39.94554399040714,1.0,62.17856582887143,1.0,-22.233021838464293,1.0,2.9427579895066938,0.0,0.0,0.0,0.0,0.0,0.01714,-0.005662,0.0,0.0,0.0,1.0,-4.284879667846486,1.0,5.0,0.0,0.0,0.0,0.0,1.0,0.0,1.0,2.9427579895066938,1.0,-22.233021838464293,1.0,62.17856582887143,1.0,-39.94554399040714,1.0,-2.9427579895066938,0.0,0.0,0.0,0.0,0.0,-0.01714,0.005662,0.0,0.0,0.0,0.0,0.0,0.0,0.0,0.0,0.0,0.0,0.0
0.0,0.0,-0.0985,-0.3837,-9.792,16.2996,7.714,0.3467,0.0,0.0,0.0,0.0,2.2442,-0.5761,1.3992,0.0,0.0,0.0,0.0,0.0,1.0,0.0,1.0,3.949341333342251,1.0,5.0,0.0,0.0,0.0,0.0,1.0,0.0,1.0,-3.2235066037421793,1.0,-39.43098692857727,1.0,62.51696159884145,1.0,-23.085974670264182,1.0,3.2235066037421793,0.0,0.0,0.0,0.0,0.0,0.015797,-0.006205,0.0,0.0,0.0,1.0,-3.9493413333422507,1.0,5.0,0.0,0.0,0.0,0.0,1.0,0.0,1.0,3.254771876833627,1.0,-23.889250350312306,1.0,64.28071443387498,1.0,-40.391464083562674,1.0,-3.254771876833627,0.0,0.0,0.0,0.0,0.0,-0.015797,0.006205,0.001062,0.0,0.0,0.0,0.0,0.0,0.0,0.0,0.0,0.0,0.0
0.0,0.0,-0.1045,-0.4108,-9.7908,15.9102,8.438,-0.6284,0.0,0.0,0.0,0.0,2.4026,-0.6108,1.424,0.0,0.0,0.0,0.0,0.0,1.0,0.0,1.0,3.5572813406400074,1.0,5.0,0.0,0.0,0.0,0.0,1.0,0.0,1.0,-3.4591809975478194,1.0,-38.80874728121674,1.0,62.87628228246617,1.0,-24.067535001249425,1.0,3.4591809975478194,0.0,0.0,0.0,0.0,0.0,0.014229,-0.006661,0.0,0.0,0.0,1.0,-3.5572813406400066,1.0,5.0,0.0,0.0,0.0,0.0,1.0,0.0,1.0,3.622058563779784,1.0,-27.67240355826794,1.0,70.77643628830064,1.0,-43.1040327300327,1.0,-3.622058563779784,0.0,0.0,0.0,0.0,0.0,-0.014229,0.006661,0.004977,0.0,0.0,0.0,0.0,0.0,0.0,0.0,0.0,0.0,0.0
0.0,0.0,-0.0925,-0.4385,-9.7897,14.2718,9.1593,-1.4496,0.0,0.0,0.0,0.0,2.5649,-0.541,1.4277,0.0,0.0,0.0,0.0,0.0,1.0,0.0,1.0,3.090136113381762,1.0,5.0,0.0,0.0,0.0,0.0,1.0,0.0,1.0,-3.654454803129927,1.0,-38.038434666815554,1.0,63.254166824327584,1.0,-25.215732157512022,1.0,3.654454803129927,0.0,0.0,0.0,0.0,0.0,0.012361,-0.00704,0.0,0.0,0.0,1.0,-3.090136113381761,1.0,5.0,0.0,0.0,0.0,0.0,1.0,0.0,1.0,3.9731553239533506,1.0,-31.44029240359936,1.0,76.81956375217638,1.0,-45.37927134857702,1.0,-3.9731553239533506,0.0,0.0,0.0,0.0,0.0,-0.012361,0.00704,0.008886,0.0,0.0,0.0,0.0,0.0,0.0,0.0,0.0,0.0,0.0
0.0,0.0,-0.0693,-0.4571,-9.7891,13.4031,9.7771,-1.7863,0.0,0.0,0.0,0.0,2.6735,-0.4051,1.3823,0.0,0.0,0.0,0.0,0.0,1.0,0.0,1.0,2.5752054979159817,1.0,5.0,0.0,0.0,0.0,0.0,1.0,0.0,1.0,-3.792482719427145,1.0,-37.15380847388222,1.0,63.60802645480883,1.0,-26.45421798092661,1.0,3.792482719427145,0.0,0.0,0.0,0.0,0.0,0.010301,-0.007308,0.0,0.0,0.0,1.0,-2.575205497915981,1.0,5.0,0.0,0.0,0.0,0.0,1.0,0.0,1.0,4.270305280899447,1.0,-34.9579975068995,1.0,81.96608505098753,1.0,-47.00808754408803,1.0,-4.270305280899447,0.0,0.0,0.0,0.0,0.0,-0.010301,0.007308,0.012405,0.0,0.0,0.0,0.0,0.0,0.0,0.0,0.0,0.0,0.0
0.0,0.0,-0.0445,-0.4709,-9.7886,12.8412,10.1543,-2.6031,0.0,0.0,0.0,0.0,2.7545,-0.2602,1.2881,0.0,0.0,0.0,0.0,0.0,1.0,0.0,1.0,2.0552141775012456,1.0,5.0,0.0,0.0,0.0,0.0,1.0,0.0,1.0,-3.868383647404354,1.0,-36.22369374129725,1.0,63.89927137535872,1.0,-27.675577634061476,1.0,3.868383647404354,0.0,0.0,0.0,0.0,0.0,0.008221,-0.007455,0.0,0.0,0.0,1.0,-2.0552141775012407,1.0,5.0,0.0,0.0,0.0,0.0,1.0,0.0,1.0,4.483642892361137,1.0,-38.0036741985043,1.0,85.92169986647279,1.0,-47.918025667968486,1.0,-4.483642892361137,0.0,0.0,0.0,0.0,0.0,-0.008221,0.007455,0.015219,0.0,0.0,0.0,0.0,0.0,0.0,0.0,0.0,0.0,0.0
0.0,0.0,-0.0108,-0.4804,-9.7882,11.9774,10.3634,-4.197,0.0,0.0,0.0,0.0,2.81,-0.0629,1.1305,0.0,0.0,0.0,0.0,0.0,1.0,0.0,1.0,1.4998526781899544,1.0,5.0,0.0,0.0,0.0,0.0,1.0,0.0,1.0,-3.8913126308704395,1.0,-35.19059845801552,1.0,64.13754805590283,1.0,-28.94694959788731,1.0,3.8913126308704395,0.0,0.0,0.0,0.0,0.0,0.005999,-0.0075,0.0,0.0,0.0,1.0,-1.4998526781899497,1.0,5.0,0.0,0.0,0.0,0.0,1.0,0.0,1.0,4.61900599603318,1.0,-40.793082146691795,1.0,89.0061349915914,1.0,-48.21305284489961,1.0,-4.61900599603318,0.0,0.0,0.0,0.0,0.0,-0.005999,0.0075,0.017477,0.0,0.0,0.0,0.0,0.0,0.0,0.0,0.0,0.0,0.0
0.0,0.0,0.0242,-0.4834,-9.788,11.2046,10.5551,-5.5311,0.0,0.0,0.0,0.0,2.8274,0.1413,0.9748,0.0,0.0,0.0,0.0,0.0,1.0,0.0,1.0,0.9335543899492429,1.0,5.0,0.0,0.0,0.0,0.0,1.0,0.0,1.0,-3.860703067914656,1.0,-34.09608465502243,1.0,64.30357342779473,1.0,-30.207488772772304,1.0,3.860703067914656,0.0,0.0,0.0,0.0,0.0,0.003734,-0.00744,0.0,0.0,0.0,1.0,-0.9335543899492424,1.0,5.0,0.0,0.0,0.0,0.0,1.0,0.0,1.0,4.660091236290632,1.0,-43.19251972484515,1.0,91.0861608462644,1.0,-47.893641121419265,1.0,-4.660091236290632,0.0,0.0,0.0,0.0,0.0,-0.003734,0.00744,0.019028,0.0,0.0,0.0,0.0,0.0,0.0,0.0,0.0,0.0,0.0
0.0,0.0,0.0708,-0.4812,-9.7879,10.322,10.9012,-6.9526,0.0,0.0,0.0,0.0,2.8148,0.414,0.7799,0.0,0.0,0.0,0.0,0.0,1.0,0.0,1.0,0.35037751740958584,1.0,5.0,0.0,0.0,0.0,0.0,1.0,0.0,1.0,-3.7770412862804172,1.0,-32.926809452164164,1.0,64.39368677324616,1.0,-31.466877321081995,1.0,3.7770412862804172,0.0,0.0,0.0,0.0,0.0,0.001402,-0.007278,0.0,0.0,0.0,1.0,-0.35037751740958967,1.0,5.0,0.0,0.0,0.0,0.0,1.0,0.0,1.0,4.601251644962753,1.0,-45.20605524274367,1.0,92.19372316022576,1.0,-46.98766791748209,1.0,-4.601251644962753,0.0,0.0,0.0,0.0,0.0,-0.001402,0.007278,0.019864,0.0,0.0,0.0,0.0,0.0,0.0,0.0,0.0,0.0,0.0
0.0,0.0,0.1211,-0.4738,-9.7878,9.5535,11.2295,-8.3108,0.0,0.0,0.0,0.0,2.7712,0.7082,0.5593,0.0,0.0,0.0,0.0,0.0,1.0,0.0,1.0,-0.27836289974469763,1.0,5.0,0.0,0.0,0.0,0.0,1.0,0.0,1.0,-3.6301589763632403,1.0,-31.619622402403518,1.0,64.39913386996975,1.0,-32.77951146756622,1.0,3.6301589763632403,0.0,0.0,0.0,0.0,0.0,-0.001113,-0.006993,0.0,0.0,0.0,1.0,0.2783628997446983,1.0,5.0,0.0,0.0,0.0,0.0,1.0,0.0,1.0,4.425359904449948,1.0,-46.83823888598391,1.0,92.26021459848607,1.0,-45.42197571250216,1.0,-4.425359904449948,0.0,0.0,0.0,0.0,0.0,0.001113,0.006993,0.019914,0.0,0.0,0.0,0.0,0.0,0.0,0.0,0.0,0.0,0.0
0.0,0.0,0.1558,-0.4614,-9.7879,10.6222,11.0012,-6.8174,0.0,0.0,0.0,0.0,2.699,0.9109,0.3423,0.0,0.0,0.0,0.0,0.0,1.0,0.0,1.0,-0.878452960915626,1.0,5.0,0.0,0.0,0.0,0.0,1.0,0.0,1.0,-3.4351153857731727,1.0,-30.328177248253414,1.0,64.31559363230865,1.0,-33.98741638405523,1.0,3.4351153857731727,0.0,0.0,0.0,0.0,0.0,-0.003514,-0.006615,0.0,0.0,0.0,1.0,0.8784529609156265,1.0,5.0,0.0,0.0,0.0,0.0,1.0,0.0,1.0,4.1529414108769975,1.0,-47.83205037783585,1.0,91.23473757994958,1.0,-43.40268720211373,1.0,-4.1529414108769975,0.0,0.0,0.0,0.0,0.0,0.003514,0.006615,0.01914,0.0,0.0,0.0,0.0,0.0,0.0,0.0,0.0,0.0,0.0
0.0,0.0,0.1744,-0.4423,-9.7885,11.2372,10.6579,-4.8379,0.0,0.0,0.0,0.0,2.5873,1.0198,0.1099,0.0,0.0,0.0,0.0,0.0,1.0,0.0,1.0,-1.4571096252755642,1.0,5.0,0.0,0.0,0.0,0.0,1.0,0.0,1.0,-3.1939635377321096,1.0,-29.043365879971976,1.0,64.15278514816941,1.0,-35.10941926819745,1.0,3.1939635377321096,0.0,0.0,0.0,0.0,0.0,-0.005828,-0.006148,0.0,0.0,0.0,1.0,1.4571096252755646,1.0,5.0,0.0,0.0,0.0,0.0,1.0,0.0,1.0,3.7990416911150233,1.0,-48.209743877038484,1.0,89.19927016959947,1.0,-40.98952629256099,1.0,-3.7990416911150233,0.0,0.0,0.0,0.0,0.0,0.005828,0.006148,0.01762,0.0,0.0,0.0,0.0,0.0,0.0,0.0,0.0,0.0,0.0
0.0,0.0,0.1842,-0.4168,-9.7894,11.179,10.0736,-2.6862,0.0,0.0,0.0,0.0,2.4379,1.0767,-0.0628,0.0,0.0,0.0,0.0,0.0,1.0,0.0,1.0,-2.0216756869138655,1.0,5.0,0.0,0.0,0.0,0.0,1.0,0.0,1.0,-2.903740928249135,1.0,-27.753331335310314,1.0,63.91578874052476,1.0,-36.16245740521445,1.0,2.903740928249135,0.0,0.0,0.0,0.0,0.0,-0.008087,-0.005587,0.0,0.0,0.0,1.0,2.0216756869138703,1.0,5.0,0.0,0.0,0.0,0.0,1.0,0.0,1.0,3.373087820209262,1.0,-47.95456994244454,1.0,86.13961271062277,1.0,-38.185042768178235,1.0,-3.373087820209262,0.0,0.0,0.0,0.0,0.0,0.008087,0.005587,0.015377,0.0,0.0,0.0,0.0,0.0,0.0,0.0,0.0,0.0,0.0
0.0,0.0,0.1837,-0.3844,-9.7907,11.2823,9.2154,-1.1398,0.0,0.0,0.0,0.0,2.2481,1.0743,-0.1545,0.0,0.0,0.0,0.0,0.0,1.0,0.0,1.0,-2.566583842187238,1.0,5.0,0.0,0.0,0.0,0.0,1.0,0.0,1.0,-2.56453445990122,1.0,-26.474709850270653,1.0,63.61339531746773,1.0,-37.13868546719708,1.0,2.56453445990122,0.0,0.0,0.0,0.0,0.0,-0.010266,-0.004932,0.0,0.0,0.0,1.0,2.5665838421872382,1.0,5.0,0.0,0.0,0.0,0.0,1.0,0.0,1.0,2.890738036330818,1.0,-47.0287727308577,1.0,82.04108661719354,1.0,-35.012313886335846,1.0,-2.890738036330818,0.0,0.0,0.0,0.0,0.0,0.010266,0.004932,0.012457,0.0,0.0,0.0,0.0,0.0,0.0,0.0,0.0,0.0,0.0
0.0,0.0,0.176,-0.3452,-9.7923,11.4283,8.3857,0.003,0.0,0.0,0.0,0.0,2.019,1.029,-0.1861,0.0,0.0,0.0,0.0,0.0,1.0,0.0,1.0,-3.0610296766554423,1.0,5.0,0.0,0.0,0.0,0.0,1.0,0.0,1.0,-2.1959679764342233,1.0,-25.28650012352472,1.0,63.27591554509121,1.0,-37.98941542156649,1.0,2.1959679764342233,0.0,0.0,0.0,0.0,0.0,-0.012244,-0.004221,0.0,0.0,0.0,1.0,3.0610296766554397,1.0,5.0,0.0,0.0,0.0,0.0,1.0,0.0,1.0,2.393611764457282,1.0,-45.49363290691815,1.0,77.14851406297608,1.0,-31.654881156057925,1.0,-2.393611764457282,0.0,0.0,0.0,0.0,0.0,0.012244,0.004221,0.009106,0.0,0.0,0.0,0.0,0.0,0.0,0.0,0.0,0.0,0.0
0.0,0.0,0.1621,-0.2928,-9.7943,11.6408,6.9866,1.1328,0.0,0.0,0.0,0.0,1.7123,0.9475,-0.1839,0.0,0.0,0.0,0.0,0.0,1.0,0.0,1.0,-3.5316043207501133,1.0,5.0,0.0,0.0,0.0,0.0,1.0,0.0,1.0,-1.7759695540754439,1.0,-24.131251039076908,1.0,62.8984674976192,1.0,-38.7672164585423,1.0,1.7759695540754439,0.0,0.0,0.0,0.0,0.0,-0.014126,-0.003412,0.0,0.0,0.0,1.0,3.531604320750114,1.0,5.0,0.0,0.0,0.0,0.0,1.0,0.0,1.0,1.8641539583055742,1.0,-43.25299941779488,1.0,71.15052343562782,1.0,-27.89752401783294,1.0,-1.8641539583055742,0.0,0.0,0.0,0.0,0.0,0.014126,0.003412,0.005212,0.0,0.0,0.0,0.0,0.0,0.0,0.0,0.0,0.0,0.0
0.0,0.0,0.1481,-0.2416,-9.7959,11.9058,5.4178,2.0141,0.0,0.0,0.0,0.0,1.4129,0.8661,-0.1747,0.0,0.0,0.0,0.0,0.0,1.0,0.0,1.0,-3.9196358371989213,1.0,5.0,0.0,0.0,0.0,0.0,1.0,0.0,1.0,-1.3596906743013846,1.0,-23.16091495939254,1.0,62.54554335090389,1.0,-39.384628391511356,1.0,1.3596906743013846,0.0,0.0,0.0,0.0,0.0,-0.015679,-0.002612,0.0,0.0,0.0,1.0,3.9196358371989195,1.0,5.0,0.0,0.0,0.0,0.0,1.0,0.0,1.0,1.376981924726852,1.0,-40.629755995927646,1.0,64.83208375813943,1.0,-24.20232776221179,1.0,-1.376981924726852,0.0,0.0,0.0,0.0,0.0,0.015679,0.002612,0.001383,0.0,0.0,0.0,0.0,0.0,0.0,0.0,0.0,0.0,0.0
0.0,0.0,0.1349,-0.1857,-9.7973,12.2246,3.8532,2.84,0.0,0.0,0.0,0.0,1.0857,0.7888,-0.1721,0.0,0.0,0.0,0.0,0.0,1.0,0.0,1.0,-4.267891797077693,1.0,5.0,0.0,0.0,0.0,0.0,1.0,0.0,1.0,-0.9049410138152665,1.0,-22.27649084393431,1.0,62.19638732625925,1.0,-39.919896482324944,1.0,0.9049410138152665,0.0,0.0,0.0,0.0,0.0,-0.017072,-0.001738,0.0,0.0,0.0,1.0,4.267891797077694,1.0,5.0,0.0,0.0,0.0,0.0,1.0,0.0,1.0,0.9049410138152665,1.0,-39.919896482324944,1.0,62.19638732625925,1.0,-22.27649084393431,1.0,-0.9049410138152665,0.0,0.0,0.0,0.0,0.0,0.017072,0.001738,0.0,0.0,0.0,0.0,0.0,0.0,0.0,0.0,0.0,0.0,0.0
0.0,0.0,0.124,-0.1282,-9.7984,12.5486,2.3701,3.5101,0.0,0.0,0.0,0.0,0.7493,0.7248,-0.1746,0.0,0.0,0.0,0.0,0.0,1.0,0.0,1.0,-4.554735730044507,1.0,5.0,0.0,0.0,0.0,0.0,1.0,0.0,1.0,-0.43295821425463943,1.0,-21.53843590585426,1.0,61.88555215943114,1.0,-40.347116253576885,1.0,0.43295821425463943,0.0,0.0,0.0,0.0,0.0,-0.018219,-0.000831,0.0,0.0,0.0,1.0,4.554735730044508,1.0,5.0,0.0,0.0,0.0,0.0,1.0,0.0,1.0,0.43295821425463943,1.0,-40.34711625357688,1.0,61.88555215943114,1.0,-21.538435905854264,1.0,-0.43295821425463943,0.0,0.0,0.0,0.0,0.0,0.018219,0.000831,0.0,0.0,0.0,0.0,0.0,0.0,0.0,0.0,0.0,0.0,0.0
0.0,0.0,0.1168,-0.0603,-9.7991,12.8433,0.6131,4.2091,0.0,0.0,0.0,0.0,0.3523,0.6832,-0.1827,0.0,0.0,0.0,0.0,0.0,1.0,0.0,1.0,-4.772290796098584,1.0,5.0,0.0,0.0,0.0,0.0,1.0,0.0,1.0,0.043757109241413884,1.0,-20.972895964853464,1.0,61.63567105901399,1.0,-40.66277509416052,1.0,-0.043757109241413884,0.0,0.0,0.0,0.0,0.0,-0.019089,8.4e-05,0.0,0.0,0.0,1.0,4.772290796098585,1.0,5.0,0.0,0.0,0.0,0.0,1.0,0.0,1.0,-0.043757109241413884,1.0,-40.66277509416052,1.0,61.63567105901399,1.0,-20.972895964853464,1.0,0.043757109241413884,0.0,0.0,0.0,0.0,0.0,0.019089,-8.4e-05,0.0,0.0,0.0,0.0,0.0,0.0,0.0,0.0,0.0,0.0,0.0
0.0,0.0,0.1153,-0.0035,-9.7993,13.2161,-0.5854,4.4094,0.0,0.0,0.0,0.0,0.0203,0.674,-0.1929,0.0,0.0,0.0,0.0,0.0,1.0,0.0,1.0,-4.914342646419214,1.0,5.0,0.0,0.0,0.0,0.0,1.0,0.0,1.0,0.5017059678122501,1.0,-20.60094567256722,1.0,61.465886355732025,1.0,-40.864940683164804,1.0,-0.5017059678122501,0.0,0.0,0.0,0.0,0.0,-0.019657,0.000963,0.0,0.0,0.0,1.0,4.914342646419215,1.0,5.0,0.0,0.0,0.0,0.0,1.0,0.0,1.0,-0.5017059678122501,1.0,-40.864940683164804,1.0,61.465886355732025,1.0,-20.600945672567224,1.0,0.5017059678122501,0.0,0.0,0.0,0.0,0.0,0.019657,-0.000963,0.0,0.0,0.0,0.0,0.0,0.0,0.0,0.0,0.0,0.0,0.0
0.0,0.0,0.1157,0.0482,-9.7992,13.6769,-1.5809,4.3759,0.0,0.0,0.0,0.0,-0.282,0.6765,-0.2053,0.0,0.0,0.0,0.0,0.0,1.0,0.0,1.0,-4.989496692868485,1.0,5.0,0.0,0.0,0.0,0.0,1.0,0.0,1.0,0.963728715640999,1.0,-20.4033040104957,1.0,61.3739317324079,1.0,-40.9706277219122,1.0,-0.963728715640999,0.0,0.0,0.0,0.0,0.0,-0.019958,0.001851,0.0,0.0,0.0,1.0,4.989496692868485,1.0,5.0,0.0,0.0,0.0,0.0,1.0,0.0,1.0,-0.963728715640999,1.0,-40.9706277219122,1.0,61.3739317324079,1.0,-20.4033040104957,1.0,0.963728715640999,0.0,0.0,0.0,0.0,0.0,0.019958,-0.001851,0.0,0.0,0.0,0.0,0.0,0.0,0.0,0.0,0.0,0.0,0.0
0.0,0.0,0.1172,0.1029,-9.7988,14.2702,-2.8194,4.2037,0.0,0.0,0.0,0.0,-0.6017,0.6852,-0.2173,0.0,0.0,0.0,0.0,0.0,1.0,0.0,1.0,-4.992785131254047,1.0,5.0,0.0,0.0,0.0,0.0,1.0,0.0,1.0,1.4042582599878621,1.0,-20.394642456297728,1.0,61.36987444726554,1.0,-40.975231990967806,1.0,-1.4042582599878621,0.0,0.0,0.0,0.0,0.0,-0.019971,0.002697,0.0,0.0,0.0,1.0,4.992785131254048,1.0,5.0,0.0,0.0,0.0,0.0,1.0,0.0,1.0,-1.4042582599878621,1.0,-40.975231990967806,1.0,61.36987444726554,1.0,-20.39464245629773,1.0,1.4042582599878621,0.0,0.0,0.0,0.0,0.0,0.019971,-0.002697,0.0,0.0,0.0,0.0,0.0,0.0,0.0,0.0,0.0,0.0,0.0
0.0,0.0,0.1183,0.1479,-9.7982,14.7893,-4.1697,4.0099,0.0,0.0,0.0,0.0,-0.8649,0.6917,-0.2243,0.0,0.0,0.0,0.0,0.0,1.0,0.0,1.0,-4.9247929798133425,1.0,5.0,0.0,0.0,0.0,0.0,1.0,0.0,1.0,1.8294443530061628,1.0,-20.573498689250812,1.0,61.45318818503598,1.0,-40.879689495785165,1.0,-1.8294443530061628,0.0,0.0,0.0,0.0,0.0,-0.019699,0.003515,0.0,0.0,0.0,1.0,4.9247929798133425,1.0,5.0,0.0,0.0,0.0,0.0,1.0,0.0,1.0,-1.8294443530061628,1.0,-40.879689495785165,1.0,61.45318818503598,1.0,-20.573498689250812,1.0,1.8294443530061628,0.0,0.0,0.0,0.0,0.0,0.019699,-0.003515,0.0,0.0,0.0,0.0,0.0,0.0,0.0,0.0,0.0,0.0,0.0
0.0,0.0,0.1194,0.1942,-9.7973,15.3004,-5.468,3.6907,0.0,0.0,0.0,0.0,-1.1358,0.6983,-0.2255,0.0,0.0,0.0,0.0,0.0,1.0,0.0,1.0,-4.786868851409145,1.0,5.0,0.0,0.0,0.0,0.0,1.0,0.0,1.0,2.22610188507672,1.0,-20.93482220377457,1.0,61.61848860889059,1.0,-40.68366640511602,1.0,-2.22610188507672,0.0,0.0,0.0,0.0,0.0,-0.019147,0.004279,0.0,0.0,0.0,1.0,4.786868851409144,1.0,5.0,0.0,0.0,0.0,0.0,1.0,0.0,1.0,-2.22610188507672,1.0,-40.68366640511602,1.0,61.61848860889059,1.0,-20.934822203774566,1.0,2.22610188507672,0.0,0.0,0.0,0.0,0.0,0.019147,-0.004279,0.0,0.0,0.0,0.0,0.0,0.0,0.0,0.0,0.0,0.0,0.0
0.0,0.0,0.1202,0.2395,-9.7963,15.7929,-6.5338,3.1821,0.0,0.0,0.0,0.0,-1.4004,0.703,-0.2234,0.0,0.0,0.0,0.0,0.0,1.0,0.0,1.0,-4.580696817156707,1.0,5.0,0.0,0.0,0.0,0.0,1.0,0.0,1.0,2.590850731592316,1.0,-21.471210672022757,1.0,61.85637624753294,1.0,-40.385165575510186,1.0,-2.590850731592316,0.0,0.0,0.0,0.0,0.0,-0.018323,0.004983,0.0,0.0,0.0,1.0,4.580696817156707,1.0,5.0,0.0,0.0,0.0,0.0,1.0,0.0,1.0,-2.590850731592316,1.0,-40.385165575510186,1.0,61.85637624753294,1.0,-21.471210672022757,1.0,2.590850731592316,0.0,0.0,0.0,0.0,0.0,0.018323,-0.004983,0.0,0.0,0.0,0.0,0.0,0.0,0.0,0.0,0.0,0.0,0.0
0.0,0.0,0.1195,0.289,-9.795,16.3246,-7.6057,2.2511,0.0,0.0,0.0,0.0,-1.6902,0.6986,-0.222,0.0,0.0,0.0,0.0,0.0,1.0,0.0,1.0,-4.308894347859558,1.0,5.0,0.0,0.0,0.0,0.0,1.0,0.0,1.0,2.9187227719982523,1.0,-22.17152063180663,1.0,62.15324689591494,1.0,-39.98172626410831,1.0,-2.9187227719982523,0.0,0.0,0.0,0.0,0.0,-0.017236,0.005616,0.0,0.0,0.0,1.0,4.308894347859557,1.0,5.0,0.0,0.0,0.0,0.0,1.0,0.0,1.0,-2.9187227719982523,1.0,-39.98172626410831,1.0,62.15324689591494,1.0,-22.17152063180663,1.0,2.9187227719982523,0.0,0.0,0.0,0.0,0.0,0.017236,-0.005616,0.0,0.0,0.0,0.0,0.0,0.0,0.0,0.0,0.0,0.0,0.0
0.0,0.0,0.1161,0.3282,-9.7938,16.7203,-8.4122,1.2892,0.0,0.0,0.0,0.0,-1.9191,0.6788,-0.2242,0.0,0.0,0.0,0.0,0.0,1.0,0.0,1.0,-3.9701363230888917,1.0,5.0,0.0,0.0,0.0,0.0,1.0,0.0,1.0,3.2330307735965182,1.0,-23.66701965703475,1.0,63.88795449719631,1.0,-40.22093484016157,1.0,-3.2330307735965182,0.0,0.0,0.0,0.0,0.0,-0.015881,0.006176,0.000835,0.0,0.0,1.0,3.9701363230888917,1.0,5.0,0.0,0.0,0.0,0.0,1.0,0.0,1.0,-3.2086034361725084,1.0,-39.463362295607986,1.0,62.496820412565114,1.0,-23.03345811695713,1.0,3.2086034361725084,0.0,0.0,0.0,0.0,0.0,0.015881,-0.006176,0.0,0.0,0.0,0.0,0.0,0.0,0.0,0.0,0.0,0.0,0.0
0.0,0.0,0.1103,0.3629,-9.7927,16.7267,-8.9678,0.3091,0.0,0.0,0.0,0.0,-2.1224,0.6452,-0.2229,0.0,0.0,0.0,0.0,0.0,1.0,0.0,1.0,-3.57520275258498,1.0,5.0,0.0,0.0,0.0,0.0,1.0,0.0,1.0,3.6068545204583096,1.0,-27.513847083992413,1.0,70.51205206323813,1.0,-42.99820497924571,1.0,-3.6068545204583096,0.0,0.0,0.0,0.0,0.0,-0.014301,0.006644,0.004812,0.0,0.0,1.0,3.575202752584979,1.0,5.0,0.0,0.0,0.0,0.0,1.0,0.0,1.0,-3.450040294093905,1.0,-38.83767760499898,1.0,62.86070013160161,1.0,-24.02302252660263,1.0,3.450040294093905,0.0,0.0,0.0,0.0,0.0,0.014301,-0.006644,0.0,0.0,0.0,0.0,0.0,0.0,0.0,0.0,0.0,0.0,0.0
0.0,0.0,0.1081,0.3893,-9.7917,15.7602,-9.2109,-0.5526,0.0,0.0,0.0,0.0,-2.2765,0.632,-0.2178,0.0,0.0,0.0,0.0,0.0,1.0,0.0,1.0,-3.115725974824639,1.0,5.0,0.0,0.0,0.0,0.0,1.0,0.0,1.0,3.9560352443198057,1.0,-31.24988832416203,1.0,76.526197781608,1.0,-45.276309457445976,1.0,-3.9560352443198057,0.0,0.0,0.0,0.0,0.0,-0.012463,0.007023,0.008691,0.0,0.0,1.0,3.1157259748246386,1.0,5.0,0.0,0.0,0.0,0.0,1.0,0.0,1.0,-3.6456739272469907,1.0,-38.081433145208045,1.0,63.2348722285106,1.0,-25.15343908330255,1.0,3.6456739272469907,0.0,0.0,0.0,0.0,0.0,0.012463,-0.007023,0.0,0.0,0.0,0.0,0.0,0.0,0.0,0.0,0.0,0.0,0.0
0.0,0.0,0.1213,0.4077,-9.7908,14.4122,-9.6099,-1.3021,0.0,0.0,0.0,0.0,-2.3843,0.7091,-0.1825,0.0,0.0,0.0,0.0,0.0,1.0,0.0,1.0,-2.6181569493659245,1.0,5.0,0.0,0.0,0.0,0.0,1.0,0.0,1.0,4.248860446853981,1.0,-34.68533439150285,1.0,81.58735871046437,1.0,-46.90202431896153,1.0,-4.248860446853981,0.0,0.0,0.0,0.0,0.0,-0.010473,0.00729,0.01214,0.0,0.0,1.0,2.618156949365924,1.0,5.0,0.0,0.0,0.0,0.0,1.0,0.0,1.0,-3.78355512954585,1.0,-37.228996878966164,1.0,63.581007736440846,1.0,-26.35201085747468,1.0,3.78355512954585,0.0,0.0,0.0,0.0,0.0,0.010473,-0.00729,0.0,0.0,0.0,0.0,0.0,0.0,0.0,0.0,0.0,0.0,0.0
0.0,0.0,0.1402,0.4156,-9.7902,13.7606,-9.8294,-2.3052,0.0,0.0,0.0,0.0,-2.4309,0.8196,-0.1119,0.0,0.0,0.0,0.0,0.0,1.0,0.0,1.0,-2.0910795862983864,1.0,5.0,0.0,0.0,0.0,0.0,1.0,0.0,1.0,4.471639250220037,1.0,-37.80780240833367,1.0,85.68393241441352,1.0,-47.87613000607984,1.0,-4.471639250220037,0.0,0.0,0.0,0.0,0.0,-0.008364,0.007448,0.015048,0.0,0.0,1.0,2.091079586298386,1.0,5.0,0.0,0.0,0.0,0.0,1.0,0.0,1.0,-3.864939328501899,1.0,-36.289013071105316,1.0,63.88130468179893,1.0,-27.592291610693614,1.0,3.864939328501899,0.0,0.0,0.0,0.0,0.0,0.008364,-0.007448,0.0,0.0,0.0,0.0,0.0,0.0,0.0,0.0,0.0,0.0,0.0
0.0,0.0,0.164,0.4178,-9.7897,13.1347,-9.9478,-3.7824,0.0,0.0,0.0,0.0,-2.4436,0.9587,0.0056,0.0,0.0,0.0,0.0,0.0,1.0,0.0,1.0,-1.5395418042161377,1.0,5.0,0.0,0.0,0.0,0.0,1.0,0.0,1.0,4.612466789109309,1.0,-40.60839725154214,1.0,88.82133801237103,1.0,-48.21294076082889,1.0,-4.612466789109309,0.0,0.0,0.0,0.0,0.0,-0.006158,0.0075,0.01734,0.0,0.0,1.0,1.539541804216137,1.0,5.0,0.0,0.0,0.0,0.0,1.0,0.0,1.0,-3.8914841690091313,1.0,-35.265765960711235,1.0,64.12300337851559,1.0,-28.857237417804363,1.0,3.8914841690091313,0.0,0.0,0.0,0.0,0.0,0.006158,-0.0075,0.0,0.0,0.0,0.0,0.0,0.0,0.0,0.0,0.0,0.0,0.0
0.0,0.0,0.1936,0.4159,-9.7893,12.4415,-10.1765,-5.1754,0.0,0.0,0.0,0.0,-2.4329,1.1317,0.156,0.0,0.0,0.0,0.0,0.0,1.0,0.0,1.0,-0.9679098102895556,1.0,5.0,0.0,0.0,0.0,0.0,1.0,0.0,1.0,4.660370350664929,1.0,-43.05939468576298,1.0,90.9888000068798,1.0,-47.92940532111681,1.0,-4.660370350664929,0.0,0.0,0.0,0.0,0.0,-0.003872,0.007447,0.018955,0.0,0.0,1.0,0.967909810289555,1.0,5.0,0.0,0.0,0.0,0.0,1.0,0.0,1.0,-3.864015392926451,1.0,-34.1636455347413,1.0,64.29570824679107,1.0,-30.132062712049766,1.0,3.864015392926451,0.0,0.0,0.0,0.0,0.0,0.003872,-0.007447,0.0,0.0,0.0,0.0,0.0,0.0,0.0,0.0,0.0,0.0,0.0
0.0,0.0,0.2349,0.4098,-9.7886,11.5796,-10.6123,-6.6119,0.0,0.0,0.0,0.0,-2.3971,1.3734,0.3615,0.0,0.0,0.0,0.0,0.0,1.0,0.0,1.0,-0.3679363595576918,1.0,5.0,0.0,0.0,0.0,0.0,1.0,0.0,1.0,4.604504800889785,1.0,-45.15230085738911,1.0,92.17519166902349,1.0,-47.02289081163438,1.0,-4.604504800889785,0.0,0.0,0.0,0.0,0.0,-0.001472,0.007284,0.019849,0.0,0.0,1.0,0.36793635955769116,1.0,5.0,0.0,0.0,0.0,0.0,1.0,0.0,1.0,-3.7803051932903164,1.0,-32.962628066557684,1.0,64.39216938809707,1.0,-31.429541321539393,1.0,3.7803051932903164,0.0,0.0,0.0,0.0,0.0,0.001472,-0.007284,0.0,0.0,0.0,0.0,0.0,0.0,0.0,0.0,0.0,0.0,0.0
0.0,0.0,0.2752,0.4016,-9.7879,10.884,-10.9732,-7.7596,0.0,0.0,0.0,0.0,-2.3495,1.6093,0.5524,0.0,0.0,0.0,0.0,0.0,1.0,0.0,1.0,0.2700962601150027,1.0,5.0,0.0,0.0,0.0,0.0,1.0,0.0,1.0,4.428411895505473,1.0,-46.82057728108097,1.0,92.26686966271654,1.0,-45.446292381635566,1.0,-4.428411895505473,0.0,0.0,0.0,0.0,0.0,0.00108,0.006997,0.019919,0.0,0.0,1.0,-0.2700962601150033,1.0,5.0,0.0,0.0,0.0,0.0,1.0,0.0,1.0,-3.6324688702890704,1.0,-31.637116804745865,1.0,64.39967929550441,1.0,-32.76256249075855,1.0,3.6324688702890704,0.0,0.0,0.0,0.0,0.0,-0.00108,-0.006997,0.0,0.0,0.0,0.0,0.0,0.0,0.0,0.0,0.0,0.0,0.0
0.0,0.0,0.3156,0.389,-9.7872,11.1373,-11.0047,-7.4704,0.0,0.0,0.0,0.0,-2.276,1.8453,0.7561,0.0,0.0,0.0,0.0,0.0,1.0,0.0,1.0,0.8553737521013709,1.0,5.0,0.0,0.0,0.0,0.0,1.0,0.0,1.0,4.165238808179672,1.0,-47.80471634002151,1.0,91.29420605900661,1.0,-43.48948971898511,1.0,-4.165238808179672,0.0,0.0,0.0,0.0,0.0,0.003421,0.006631,0.019185,0.0,0.0,1.0,-0.8553737521013716,1.0,5.0,0.0,0.0,0.0,0.0,1.0,0.0,1.0,-3.4436294374576315,1.0,-30.37862319008982,1.0,64.32041072444734,1.0,-33.94178753435752,1.0,3.4436294374576315,0.0,0.0,0.0,0.0,0.0,-0.003421,-0.006631,0.0,0.0,0.0,0.0,0.0,0.0,0.0,0.0,0.0,0.0,0.0
0.0,0.0,0.3432,0.3712,-9.7869,11.1039,-10.7752,-4.639,0.0,0.0,0.0,0.0,-2.1723,2.0072,0.9572,0.0,0.0,0.0,0.0,0.0,1.0,0.0,1.0,1.4293662054667444,1.0,5.0,0.0,0.0,0.0,0.0,1.0,0.0,1.0,3.817964549329978,1.0,-48.2057093290036,1.0,89.32138699647093,1.0,-41.115677667467345,1.0,-3.817964549329978,0.0,0.0,0.0,0.0,0.0,0.005717,0.006173,0.01771,0.0,0.0,1.0,-1.4293662054667449,1.0,5.0,0.0,0.0,0.0,0.0,1.0,0.0,1.0,-3.206776346717289,1.0,-29.105836665326127,1.0,64.16243838560122,1.0,-35.05660172027509,1.0,3.206776346717289,0.0,0.0,0.0,0.0,0.0,-0.005717,-0.006173,0.0,0.0,0.0,0.0,0.0,0.0,0.0,0.0,0.0,0.0,0.0
0.0,0.0,0.3631,0.3433,-9.7873,10.8698,-10.0861,-2.0126,0.0,0.0,0.0,0.0,-2.0086,2.1234,1.1204,0.0,0.0,0.0,0.0,0.0,1.0,0.0,1.0,2.0270725216924266,1.0,5.0,0.0,0.0,0.0,0.0,1.0,0.0,1.0,3.3686481440301757,1.0,-47.94886013998414,1.0,86.10483451556968,1.0,-38.15597437558554,1.0,-3.3686481440301757,0.0,0.0,0.0,0.0,0.0,0.008108,0.005581,0.015352,0.0,0.0,1.0,-2.027072521692427,1.0,5.0,0.0,0.0,0.0,0.0,1.0,0.0,1.0,-2.9006819773091976,1.0,-27.740828034483066,1.0,63.91314935753471,1.0,-36.17232132305164,1.0,2.9006819773091976,0.0,0.0,0.0,0.0,0.0,-0.008108,-0.005581,0.0,0.0,0.0,0.0,0.0,0.0,0.0,0.0,0.0,0.0,0.0
0.0,0.0,0.3679,0.3114,-9.7881,10.8458,-8.9427,-0.3952,0.0,0.0,0.0,0.0,-1.8225,2.1512,1.1965,0.0,0.0,0.0,0.0,0.0,1.0,0.0,1.0,2.547798084956482,1.0,5.0,0.0,0.0,0.0,0.0,1.0,0.0,1.0,2.908504681349686,1.0,-47.0731498452638,1.0,82.20333806285812,1.0,-35.13018821759432,1.0,-2.908504681349686,0.0,0.0,0.0,0.0,0.0,0.010191,0.004956,0.012571,0.0,0.0,1.0,-2.5477980849564825,1.0,5.0,0.0,0.0,0.0,0.0,1.0,0.0,1.0,-2.5773134360850083,1.0,-26.51933162692434,1.0,63.62503034007931,1.0,-37.10569871315497,1.0,2.5773134360850083,0.0,0.0,0.0,0.0,0.0,-0.010191,-0.004956,0.0,0.0,0.0,0.0,0.0,0.0,0.0,0.0,0.0,0.0,0.0
0.0,0.0,0.364,0.2732,-9.7894,10.9575,-7.7125,0.8075,0.0,0.0,0.0,0.0,-1.5984,2.1286,1.2314,0.0,0.0,0.0,0.0,0.0,1.0,0.0,1.0,3.0466852030525713,1.0,5.0,0.0,0.0,0.0,0.0,1.0,0.0,1.0,2.4088515315301624,1.0,-45.548930869275175,1.0,77.30880408627189,1.0,-31.759873216996713,1.0,-2.4088515315301624,0.0,0.0,0.0,0.0,0.0,0.012187,0.004244,0.009214,0.0,0.0,1.0,-3.046685203052572,1.0,5.0,0.0,0.0,0.0,0.0,1.0,0.0,1.0,-2.2076100621515105,1.0,-25.321343097084956,1.0,63.28655670085548,1.0,-37.96521360377052,1.0,2.2076100621515105,0.0,0.0,0.0,0.0,0.0,-0.012187,-0.004244,0.0,0.0,0.0,0.0,0.0,0.0,0.0,0.0,0.0,0.0,0.0
0.0,0.0,0.3548,0.2305,-9.7909,11.149,-6.3568,1.6838,0.0,0.0,0.0,0.0,-1.3489,2.075,1.2401,0.0,0.0,0.0,0.0,0.0,1.0,0.0,1.0,3.5090145163542195,1.0,5.0,0.0,0.0,0.0,0.0,1.0,0.0,1.0,1.8909698598524247,1.0,-43.381512499561396,1.0,71.47513420563497,1.0,-28.09362170607358,1.0,-1.8909698598524247,0.0,0.0,0.0,0.0,0.0,0.014036,0.003455,0.005417,0.0,0.0,1.0,-3.5090145163542203,1.0,5.0,0.0,0.0,0.0,0.0,1.0,0.0,1.0,-1.7980121055964116,1.0,-24.18724835470515,1.0,62.91784883477654,1.0,-38.730600480071395,1.0,1.7980121055964116,0.0,0.0,0.0,0.0,0.0,-0.014036,-0.003455,0.0,0.0,0.0,0.0,0.0,0.0,0.0,0.0,0.0,0.0,0.0
0.0,0.0,0.343,0.183,-9.7923,11.3955,-4.6694,2.5035,0.0,0.0,0.0,0.0,-1.0706,2.0056,1.2319,0.0,0.0,0.0,0.0,0.0,1.0,0.0,1.0,3.9018998204658755,1.0,5.0,0.0,0.0,0.0,0.0,1.0,0.0,1.0,1.4004796065688332,1.0,-40.7691361275417,1.0,65.15601221885,1.0,-24.386876091308295,1.0,-1.4004796065688332,0.0,0.0,0.0,0.0,0.0,0.015608,0.002652,0.001572,0.0,0.0,1.0,-3.901899820465876,1.0,5.0,0.0,0.0,0.0,0.0,1.0,0.0,1.0,-1.3804867294288425,1.0,-23.20561448550784,1.0,62.56250203631898,1.0,-39.35688755081114,1.0,1.3804867294288425,0.0,0.0,0.0,0.0,0.0,-0.015608,-0.002652,0.0,0.0,0.0,0.0,0.0,0.0,0.0,0.0,0.0,0.0,0.0
0.0,0.0,0.3313,0.131,-9.7935,11.6772,-3.0308,3.3258,0.0,0.0,0.0,0.0,-0.7664,1.937,1.2227,0.0,0.0,0.0,0.0,0.0,1.0,0.0,1.0,4.258694133609708,1.0,5.0,0.0,0.0,0.0,0.0,1.0,0.0,1.0,0.9183069981885548,1.0,-39.905992191893866,1.0,62.20600557975291,1.0,-22.300013387859046,1.0,-0.9183069981885548,0.0,0.0,0.0,0.0,0.0,0.017035,0.001763,0.0,0.0,0.0,1.0,-4.258694133609708,1.0,5.0,0.0,0.0,0.0,0.0,1.0,0.0,1.0,-0.9183069981885548,1.0,-22.300013387859046,1.0,62.20600557975291,1.0,-39.905992191893866,1.0,0.9183069981885548,0.0,0.0,0.0,0.0,0.0,-0.017035,-0.001763,0.0,0.0,0.0,0.0,0.0,0.0,0.0,0.0,0.0,0.0,0.0
0.0,0.0,0.3201,0.0689,-9.7945,12.0738,-1.2541,4.033,0.0,0.0,0.0,0.0,-0.403,1.8715,1.2177,0.0,0.0,0.0,0.0,0.0,1.0,0.0,1.0,4.541980447413558,1.0,5.0,0.0,0.0,0.0,0.0,1.0,0.0,1.0,0.4567939922864102,1.0,-40.3283840444739,1.0,61.89982331657127,1.0,-21.571439272097372,1.0,-0.4567939922864102,0.0,0.0,0.0,0.0,0.0,0.018168,0.000877,0.0,0.0,0.0,1.0,-4.541980447413559,1.0,5.0,0.0,0.0,0.0,0.0,1.0,0.0,1.0,-0.4567939922864102,1.0,-21.571439272097372,1.0,61.89982331657127,1.0,-40.3283840444739,1.0,0.4567939922864102,0.0,0.0,0.0,0.0,0.0,-0.018168,-0.000877,0.0,0.0,0.0,0.0,0.0,0.0,0.0,0.0,0.0,0.0,0.0
0.0,0.0,0.3145,0.0158,-9.7949,12.3742,0.1913,4.5549,0.0,0.0,0.0,0.0,-0.0924,1.8392,1.2217,0.0,0.0,0.0,0.0,0.0,1.0,0.0,1.0,4.759076390228252,1.0,5.0,0.0,0.0,0.0,0.0,1.0,0.0,1.0,-0.009628632713466694,1.0,-40.64380959322866,1.0,61.65119856461147,1.0,-21.00738897138281,1.0,0.009628632713466694,0.0,0.0,0.0,0.0,0.0,0.019036,-1.8e-05,0.0,0.0,0.0,1.0,-4.759076390228253,1.0,5.0,0.0,0.0,0.0,0.0,1.0,0.0,1.0,0.009628632713466694,1.0,-21.007388971382827,1.0,61.65119856461149,1.0,-40.64380959322867,1.0,-0.009628632713466694,0.0,0.0,0.0,0.0,0.0,-0.019036,1.8e-05,0.0,0.0,0.0,0.0,0.0,0.0,0.0,0.0,0.0,0.0,0.0
0.0,0.0,0.313,-0.0356,-9.7949,12.8075,1.3317,4.7335,0.0,0.0,0.0,0.0,0.2085,1.8304,1.2333,0.0,0.0,0.0,0.0,0.0,1.0,0.0,1.0,4.9108471018520365,1.0,5.0,0.0,0.0,0.0,0.0,1.0,0.0,1.0,-0.4871554867555321,1.0,-40.86000353448014,1.0,61.470127420916626,1.0,-20.610123886436487,1.0,0.4871554867555321,0.0,0.0,0.0,0.0,0.0,0.019643,-0.000935,0.0,0.0,0.0,1.0,-4.9108471018520365,1.0,5.0,0.0,0.0,0.0,0.0,1.0,0.0,1.0,0.4871554867555321,1.0,-20.610123886436487,1.0,61.470127420916626,1.0,-40.86000353448014,1.0,-0.4871554867555321,0.0,0.0,0.0,0.0,0.0,-0.019643,0.000935,0.0,0.0,0.0,0.0,0.0,0.0,0.0,0.0,0.0,0.0,0.0
0.0,0.0,0.3135,-0.0825,-9.7946,13.3187,2.2917,4.6636,0.0,0.0,0.0,0.0,0.4826,1.833,1.2497,0.0,0.0,0.0,0.0,0.0,1.0,0.0,1.0,4.988117201753894,1.0,5.0,0.0,0.0,0.0,0.0,1.0,0.0,1.0,-0.9481055640950398,1.0,-40.96869573909276,1.0,61.37563291011906,1.0,-20.406937171026307,1.0,0.9481055640950398,0.0,0.0,0.0,0.0,0.0,0.019952,-0.001821,0.0,0.0,0.0,1.0,-4.988117201753894,1.0,5.0,0.0,0.0,0.0,0.0,1.0,0.0,1.0,0.9481055640950398,1.0,-20.406937171026307,1.0,61.37563291011906,1.0,-40.96869573909276,1.0,-0.9481055640950398,0.0,0.0,0.0,0.0,0.0,-0.019952,0.001821,0.0,0.0,0.0,0.0,0.0,0.0,0.0,0.0,0.0,0.0,0.0
0.0,0.0,0.3149,-0.1254,-9.7941,13.872,3.3274,4.4926,0.0,0.0,0.0,0.0,0.7337,1.8414,1.2648,0.0,0.0,0.0,0.0,0.0,1.0,0.0,1.0,4.992751035387292,1.0,5.0,0.0,0.0,0.0,0.0,1.0,0.0,1.0,-1.4047198789019486,1.0,-40.97518426072331,1.0,61.36991652936763,1.0,-20.39473226864432,1.0,1.4047198789019486,0.0,0.0,0.0,0.0,0.0,0.019971,-0.002698,0.0,0.0,0.0,1.0,-4.992751035387292,1.0,5.0,0.0,0.0,0.0,0.0,1.0,0.0,1.0,1.4047198789019486,1.0,-20.39473226864432,1.0,61.36991652936763,1.0,-40.97518426072331,1.0,-1.4047198789019486,0.0,0.0,0.0,0.0,0.0,-0.019971,0.002698,0.0,0.0,0.0,0.0,0.0,0.0,0.0,0.0,0.0,0.0,0.0
0.0,0.0,0.3168,-0.1731,-9.7933,14.532,4.6522,4.2406,0.0,0.0,0.0,0.0,1.0128,1.8524,1.2764,0.0,0.0,0.0,0.0,0.0,1.0,0.0,1.0,4.923962846136367,1.0,5.0,0.0,0.0,0.0,0.0,1.0,0.0,1.0,-1.8327418197496261,1.0,-40.87851853049352,1.0,61.454197920397185,1.0,-20.575679389903655,1.0,1.8327418197496261,0.0,0.0,0.0,0.0,0.0,0.019696,-0.003522,0.0,0.0,0.0,1.0,-4.923962846136367,1.0,5.0,0.0,0.0,0.0,0.0,1.0,0.0,1.0,1.8327418197496261,1.0,-20.575679389903655,1.0,61.454197920397185,1.0,-40.87851853049352,1.0,-1.8327418197496261,0.0,0.0,0.0,0.0,0.0,-0.019696,0.003522,0.0,0.0,0.0,0.0,0.0,0.0,0.0,0.0,0.0,0.0,0.0
0.0,0.0,0.3189,-0.2194,-9.7924,15.1841,5.9471,3.8074,0.0,0.0,0.0,0.0,1.2838,1.8649,1.2775,0.0,0.0,0.0,0.0,0.0,1.0,0.0,1.0,4.7841603872150875,1.0,5.0,0.0,0.0,0.0,0.0,1.0,0.0,1.0,-2.2320732947170487,1.0,-40.67978748428922,1.0,61.62168511953782,1.0,-20.9418976352486,1.0,2.2320732947170487,0.0,0.0,0.0,0.0,0.0,0.019137,-0.004291,0.0,0.0,0.0,1.0,-4.7841603872150875,1.0,5.0,0.0,0.0,0.0,0.0,1.0,0.0,1.0,2.2320732947170487,1.0,-20.9418976352486,1.0,61.62168511953782,1.0,-40.67978748428922,1.0,-2.2320732947170487,0.0,0.0,0.0,0.0,0.0,-0.019137,0.004291,0.0,0.0,0.0,0.0,0.0,0.0,0.0,0.0,0.0,0.0,0.0
0.0,0.0,0.3205,-0.2624,-9.7912,15.7936,6.7737,2.9022,0.0,0.0,0.0,0.0,1.535,1.8743,1.2727,0.0,0.0,0.0,0.0,0.0,1.0,0.0,1.0,4.573139290028935,1.0,5.0,0.0,0.0,0.0,0.0,1.0,0.0,1.0,-2.601739030585029,1.0,-40.37409966815673,1.0,61.86488757244746,1.0,-21.490787904290727,1.0,2.601739030585029,0.0,0.0,0.0,0.0,0.0,0.018293,-0.005004,0.0,0.0,0.0,1.0,-4.5731392900289345,1.0,5.0,0.0,0.0,0.0,0.0,1.0,0.0,1.0,2.601739030585029,1.0,-21.490787904290723,1.0,61.86488757244746,1.0,-40.37409966815674,1.0,-2.601739030585029,0.0,0.0,0.0,0.0,0.0,-0.018293,0.005004,0.0,0.0,0.0,0.0,0.0,0.0,0.0,0.0,0.0,0.0,0.0
0.0,0.0,0.321,-0.2929,-9.7904,16.2737,7.2774,1.8775,0.0,0.0,0.0,0.0,1.7136,1.8769,1.2666,0.0,0.0,0.0,0.0,0.0,1.0,0.0,1.0,4.288564236955109,1.0,5.0,0.0,0.0,0.0,0.0,1.0,0.0,1.0,-2.9391115742175664,1.0,-39.95110106264865,1.0,62.17469072116474,1.0,-22.223589658516097,1.0,2.9391115742175664,0.0,0.0,0.0,0.0,0.0,0.017154,-0.005655,0.0,0.0,0.0,1.0,-4.288564236955109,1.0,5.0,0.0,0.0,0.0,0.0,1.0,0.0,1.0,2.9391115742175664,1.0,-22.223589658516097,1.0,62.17469072116474,1.0,-39.95110106264865,1.0,-2.9391115742175664,0.0,0.0,0.0,0.0,0.0,-0.017154,0.005655,0.0,0.0,0.0,0.0,0.0,0.0,0.0,0.0,0.0,0.0,0.0
0.0,0.0,0.3199,-0.3187,-9.7896,16.6887,7.8974,0.7836,0.0,0.0,0.0,0.0,1.8648,1.8704,1.2596,0.0,0.0,0.0,0.0,0.0,1.0,0.0,1.0,3.935670292800893,1.0,5.0,0.0,0.0,0.0,0.0,1.0,0.0,1.0,-3.233152596917195,1.0,-39.40966798251091,1.0,62.5301431950934,1.0,-23.120475212582488,1.0,3.233152596917195,0.0,0.0,0.0,0.0,0.0,0.015743,-0.006224,0.0,0.0,0.0,1.0,-3.935670292800893,1.0,5.0,0.0,0.0,0.0,0.0,1.0,0.0,1.0,3.2689259233115027,1.0,-24.033963909624877,1.0,64.53585907834999,1.0,-40.501895168725106,1.0,-3.2689259233115027,0.0,0.0,0.0,0.0,0.0,-0.015743,0.006224,0.00121,0.0,0.0,0.0,0.0,0.0,0.0,0.0,0.0,0.0,0.0
0.0,0.0,0.3154,-0.3422,-9.7889,16.7116,8.7244,0.0137,0.0,0.0,0.0,0.0,2.0019,1.8442,1.256,0.0,0.0,0.0,0.0,0.0,1.0,0.0,1.0,3.5407004002004228,1.0,5.0,0.0,0.0,0.0,0.0,1.0,0.0,1.0,-3.4675161807887425,1.0,-38.78193961169794,1.0,62.89062727432999,1.0,-24.108687662632036,1.0,3.4675161807887425,0.0,0.0,0.0,0.0,0.0,0.014163,-0.006678,0.0,0.0,0.0,1.0,-3.5407004002004223,1.0,5.0,0.0,0.0,0.0,0.0,1.0,0.0,1.0,3.636002547333723,1.0,-27.81804849770584,1.0,71.01863128591415,1.0,-43.20058278820831,1.0,-3.636002547333723,0.0,0.0,0.0,0.0,0.0,-0.014163,0.006678,0.005129,0.0,0.0,0.0,0.0,0.0,0.0,0.0,0.0,0.0,0.0
0.0,0.0,0.3061,-0.3623,-9.7885,16.4512,9.4724,-0.3432,0.0,0.0,0.0,0.0,2.1199,1.7899,1.288,0.0,0.0,0.0,0.0,0.0,1.0,0.0,1.0,3.100659394544495,1.0,5.0,0.0,0.0,0.0,0.0,1.0,0.0,1.0,-3.650868085470194,1.0,-38.05612801898897,1.0,63.246251995607096,1.0,-25.190123976618118,1.0,3.650868085470194,0.0,0.0,0.0,0.0,0.0,0.012403,-0.007033,0.0,0.0,0.0,1.0,-3.1006593945444942,1.0,5.0,0.0,0.0,0.0,0.0,1.0,0.0,1.0,3.9661431463302708,1.0,-31.36219188982493,1.0,76.69939823423015,1.0,-45.33720634440521,1.0,-3.9661431463302708,0.0,0.0,0.0,0.0,0.0,-0.012403,0.007033,0.008806,0.0,0.0,0.0,0.0,0.0,0.0,0.0,0.0,0.0,0.0
0.0,0.0,0.2993,-0.3798,-9.7881,15.5,10.313,-0.8046,0.0,0.0,0.0,0.0,2.2223,1.7501,1.3256,0.0,0.0,0.0,0.0,0.0,1.0,0.0,1.0,2.5740326285508837,1.0,5.0,0.0,0.0,0.0,0.0,1.0,0.0,1.0,-3.7927204222908104,1.0,-37.15175177353917,1.0,63.608757894759755,1.0,-26.457006121220587,1.0,3.7927204222908104,0.0,0.0,0.0,0.0,0.0,0.010296,-0.007308,0.0,0.0,0.0,1.0,-2.574032628550883,1.0,5.0,0.0,0.0,0.0,0.0,1.0,0.0,1.0,4.2708825598744165,1.0,-34.965394682811116,1.0,81.97630800551273,1.0,-47.01091332270162,1.0,-4.2708825598744165,0.0,0.0,0.0,0.0,0.0,-0.010296,0.007308,0.012412,0.0,0.0,0.0,0.0,0.0,0.0,0.0,0.0,0.0,0.0
0.0,0.0,0.304,-0.3921,-9.7874,14.689,10.7674,-1.8405,0.0,0.0,0.0,0.0,2.294,1.7774,1.27,0.0,0.0,0.0,0.0,0.0,1.0,0.0,1.0,2.040584600890791,1.0,5.0,0.0,0.0,0.0,0.0,1.0,0.0,1.0,-3.869716788941816,1.0,-36.197000681742416,1.0,63.9065099968834,1.0,-27.709509315140984,1.0,3.869716788941816,0.0,0.0,0.0,0.0,0.0,0.008162,-0.007458,0.0,0.0,0.0,1.0,-2.0405846008907904,1.0,5.0,0.0,0.0,0.0,0.0,1.0,0.0,1.0,4.4884249520134,1.0,-38.08300002833444,1.0,86.01727775274888,1.0,-47.934277724414436,1.0,-4.4884249520134,0.0,0.0,0.0,0.0,0.0,-0.008162,0.007458,0.015288,0.0,0.0,0.0,0.0,0.0,0.0,0.0,0.0,0.0,0.0
0.0,0.0,0.321,-0.3971,-9.7867,13.8306,10.9127,-3.5575,0.0,0.0,0.0,0.0,2.3233,1.8773,1.1279,0.0,0.0,0.0,0.0,0.0,1.0,0.0,1.0,1.4311944645859738,1.0,5.0,0.0,0.0,0.0,0.0,1.0,0.0,1.0,-3.890387634071841,1.0,-35.06008538981411,1.0,64.16180798383714,1.0,-29.101722594023023,1.0,3.890387634071841,0.0,0.0,0.0,0.0,0.0,0.005725,-0.007498,0.0,0.0,0.0,1.0,-1.431194464585973,1.0,5.0,0.0,0.0,0.0,0.0,1.0,0.0,1.0,4.629183194457101,1.0,-41.107397207177506,1.0,89.31341787336406,1.0,-48.206020666186554,1.0,-4.629183194457101,0.0,0.0,0.0,0.0,0.0,-0.005725,0.007498,0.017704,0.0,0.0,0.0,0.0,0.0,0.0,0.0,0.0,0.0,0.0
0.0,0.0,0.3507,-0.3953,-9.7857,12.9469,11.0744,-5.259,0.0,0.0,0.0,0.0,2.3133,2.0507,0.9406,0.0,0.0,0.0,0.0,0.0,1.0,0.0,1.0,0.8571305633208465,1.0,5.0,0.0,0.0,0.0,0.0,1.0,0.0,1.0,-3.852679583561394,1.0,-33.94526319262791,1.0,64.32004855901233,1.0,-30.374785366384426,1.0,3.852679583561394,0.0,0.0,0.0,0.0,0.0,0.003429,-0.007425,0.0,0.0,0.0,1.0,-0.8571305633208458,1.0,5.0,0.0,0.0,0.0,0.0,1.0,0.0,1.0,4.658192041795248,1.0,-43.482907697779495,1.0,91.2897364746346,1.0,-47.80682877685509,1.0,-4.658192041795248,0.0,0.0,0.0,0.0,0.0,-0.003429,0.007425,0.019181,0.0,0.0,0.0,0.0,0.0,0.0,0.0,0.0,0.0,0.0
0.0,0.0,0.3841,-0.3886,-9.7848,12.2317,11.3213,-6.5981,0.0,0.0,0.0,0.0,2.2746,2.2465,0.7588,0.0,0.0,0.0,0.0,0.0,1.0,0.0,1.0,0.22913699674731902,1.0,5.0,0.0,0.0,0.0,0.0,1.0,0.0,1.0,-3.7532583763393035,1.0,-32.67846154814877,1.0,64.40213916663312,1.0,-31.723677618484363,1.0,3.7532583763393035,0.0,0.0,0.0,0.0,0.0,0.000917,-0.007232,0.0,0.0,0.0,1.0,-0.22913699674731838,1.0,5.0,0.0,0.0,0.0,0.0,1.0,0.0,1.0,4.576304481546192,1.0,-45.56534444464321,1.0,92.29687766349475,1.0,-46.731533218851546,1.0,-4.576304481546192,0.0,0.0,0.0,0.0,0.0,-0.000917,0.007232,0.019942,0.0,0.0,0.0,0.0,0.0,0.0,0.0,0.0,0.0,0.0
0.0,0.0,0.4219,-0.3781,-9.7836,11.6257,11.6185,-7.8371,0.0,0.0,0.0,0.0,2.2132,2.4676,0.5537,0.0,0.0,0.0,0.0,0.0,1.0,0.0,1.0,-0.37688910366462625,1.0,5.0,0.0,0.0,0.0,0.0,1.0,0.0,1.0,-3.601847549600188,1.0,-31.410490736145587,1.0,64.39136715495756,1.0,-32.98087641881198,1.0,3.601847549600188,0.0,0.0,0.0,0.0,0.0,-0.001508,-0.006938,0.0,0.0,0.0,1.0,0.37688910366462686,1.0,5.0,0.0,0.0,0.0,0.0,1.0,0.0,1.0,4.387495781010922,1.0,-47.04066615418383,1.0,92.16539256278709,1.0,-45.12472640860326,1.0,-4.387495781010922,0.0,0.0,0.0,0.0,0.0,0.001508,0.006938,0.019842,0.0,0.0,0.0,0.0,0.0,0.0,0.0,0.0,0.0,0.0
0.0,0.0,0.4596,-0.3631,-9.7825,11.0401,11.6221,-6.1596,0.0,0.0,0.0,0.0,2.1256,2.6879,0.3596,0.0,0.0,0.0,0.0,0.0,1.0,0.0,1.0,-0.996749800465992,1.0,5.0,0.0,0.0,0.0,0.0,1.0,0.0,1.0,-3.3901732123705637,1.0,-30.068640486117815,1.0,64.28888588853259,1.0,-34.22024540241478,1.0,3.3901732123705637,0.0,0.0,0.0,0.0,0.0,-0.003987,-0.006528,0.0,0.0,0.0,1.0,0.9967498004659926,1.0,5.0,0.0,0.0,0.0,0.0,1.0,0.0,1.0,4.0876806050174626,1.0,-47.957851465164126,1.0,90.90425610215641,1.0,-42.94640463699228,1.0,-4.0876806050174626,0.0,0.0,0.0,0.0,0.0,0.003987,0.006528,0.018892,0.0,0.0,0.0,0.0,0.0,0.0,0.0,0.0,0.0,0.0
0.0,0.0,0.4892,-0.3403,-9.7819,10.4316,11.1708,-3.0016,0.0,0.0,0.0,0.0,1.9922,2.8614,0.1963,0.0,0.0,0.0,0.0,0.0,1.0,0.0,1.0,-1.5922413666883786,1.0,5.0,0.0,0.0,0.0,0.0,1.0,0.0,1.0,-3.1296763481661336,1.0,-28.73784242015906,1.0,64.10310088391088,1.0,-35.36525846375182,1.0,3.1296763481661336,0.0,0.0,0.0,0.0,0.0,-0.006369,-0.006024,0.0,0.0,0.0,1.0,1.5922413666883708,1.0,5.0,0.0,0.0,0.0,0.0,1.0,0.0,1.0,3.704137295384664,1.0,-48.20800025138838,1.0,88.5677662231501,1.0,-40.359765971761725,1.0,-3.704137295384664,0.0,0.0,0.0,0.0,0.0,0.006369,0.006024,0.017153,0.0,0.0,0.0,0.0,0.0,0.0,0.0,0.0,0.0,0.0
0.0,0.0,0.5027,-0.3143,-9.7821,10.2052,10.1032,-1.1205,0.0,0.0,0.0,0.0,1.8405,2.9401,0.1016,0.0,0.0,0.0,0.0,0.0,1.0,0.0,1.0,-2.1638338039701384,1.0,5.0,0.0,0.0,0.0,0.0,1.0,0.0,1.0,-2.8212467983287435,1.0,-27.42290648727227,1.0,63.843894989612565,1.0,-36.4209885023403,1.0,2.8212467983287435,0.0,0.0,0.0,0.0,0.0,-0.008655,-0.005427,0.0,0.0,0.0,1.0,2.163833803970139,1.0,5.0,0.0,0.0,0.0,0.0,1.0,0.0,1.0,3.253869771147456,1.0,-47.78207242026091,1.0,85.18636667411792,1.0,-37.404294253857,1.0,-3.253869771147456,0.0,0.0,0.0,0.0,0.0,0.008655,0.005427,0.014689,0.0,0.0,0.0,0.0,0.0,0.0,0.0,0.0,0.0,0.0
0.0,0.0,0.505,-0.2801,-9.783,10.0482,8.4708,0.3676,0.0,0.0,0.0,0.0,1.6403,2.9539,0.0522,0.0,0.0,0.0,0.0,0.0,1.0,0.0,1.0,-2.721496363688251,1.0,5.0,0.0,0.0,0.0,0.0,1.0,0.0,1.0,-2.455920184822237,1.0,-26.105283453284954,1.0,63.51414345316221,1.0,-37.40885999987726,1.0,2.455920184822237,0.0,0.0,0.0,0.0,0.0,-0.010886,-0.004722,0.0,0.0,0.0,1.0,2.7214963636882517,1.0,5.0,0.0,0.0,0.0,0.0,1.0,0.0,1.0,2.7411322178402804,1.0,-46.62583269906936,1.0,80.64067759549059,1.0,-34.01484489642122,1.0,-2.7411322178402804,0.0,0.0,0.0,0.0,0.0,0.010886,0.004722,0.011483,0.0,0.0,0.0,0.0,0.0,0.0,0.0,0.0,0.0,0.0
0.0,0.0,0.5006,-0.2362,-9.7844,9.9865,6.8047,1.4448,0.0,0.0,0.0,0.0,1.383,2.9281,0.0272,0.0,0.0,0.0,0.0,0.0,1.0,0.0,1.0,-3.2004939695290995,1.0,5.0,0.0,0.0,0.0,0.0,1.0,0.0,1.0,-2.0794580920696633,1.0,-24.946587800683336,1.0,63.169796930915936,1.0,-38.223209130232604,1.0,2.0794580920696633,0.0,0.0,0.0,0.0,0.0,-0.012802,-0.003997,0.0,0.0,0.0,1.0,3.2004939695291004,1.0,5.0,0.0,0.0,0.0,0.0,1.0,0.0,1.0,2.242781900008037,1.0,-44.91864654977028,1.0,75.52578045930971,1.0,-30.607133909539442,1.0,-2.242781900008037,0.0,0.0,0.0,0.0,0.0,0.012802,0.003997,0.008029,0.0,0.0,0.0,0.0,0.0,0.0,0.0,0.0,0.0,0.0
0.0,0.0,0.492,-0.1869,-9.7859,10.2373,5.3457,2.2735,0.0,0.0,0.0,0.0,1.0939,2.8779,0.0079,0.0,0.0,0.0,0.0,0.0,1.0,0.0,1.0,-3.6444223930826025,1.0,5.0,0.0,0.0,0.0,0.0,1.0,0.0,1.0,-1.6625864246543163,1.0,-23.850777220434644,1.0,62.79975947765914,1.0,-38.94898225722449,1.0,1.6625864246543163,0.0,0.0,0.0,0.0,0.0,-0.014578,-0.003194,0.0,0.0,0.0,1.0,3.644422393082597,1.0,5.0,0.0,0.0,0.0,0.0,1.0,0.0,1.0,1.7278731051531573,1.0,-42.574664248239515,1.0,69.46461320209306,1.0,-26.889948953853544,1.0,-1.7278731051531573,0.0,0.0,0.0,0.0,0.0,0.014578,0.003194,0.004162,0.0,0.0,0.0,0.0,0.0,0.0,0.0,0.0,0.0,0.0
0.0,0.0,0.482,-0.1363,-9.7872,10.5491,3.9405,3.1004,0.0,0.0,0.0,0.0,0.7981,2.8194,-0.007,0.0,0.0,0.0,0.0,0.0,1.0,0.0,1.0,-4.045540738470143,1.0,5.0,0.0,0.0,0.0,0.0,1.0,0.0,1.0,-1.2061623616566157,1.0,-22.84264565501415,1.0,62.42286795942256,1.0,-39.580222304408416,1.0,1.2061623616566157,0.0,0.0,0.0,0.0,0.0,-0.016182,-0.002317,0.0,0.0,0.0,1.0,4.045540738470144,1.0,5.0,0.0,0.0,0.0,0.0,1.0,0.0,1.0,1.2061623616566157,1.0,-39.580222304408416,1.0,62.42286795942256,1.0,-22.84264565501415,1.0,-1.2061623616566157,0.0,0.0,0.0,0.0,0.0,0.016182,0.002317,0.0,0.0,0.0,0.0,0.0,0.0,0.0,0.0,0.0,0.0,0.0
0.0,0.0,0.4729,-0.0856,-9.7882,10.9341,2.6511,3.7256,0.0,0.0,0.0,0.0,0.5009,2.766,-0.0143,0.0,0.0,0.0,0.0,0.0,1.0,0.0,1.0,-4.370909345786148,1.0,5.0,0.0,0.0,0.0,0.0,1.0,0.0,1.0,-0.748754662744834,1.0,-22.012420535063054,1.0,62.087181450487584,1.0,-40.074760915424534,1.0,0.748754662744834,0.0,0.0,0.0,0.0,0.0,-0.017484,-0.001438,0.0,0.0,0.0,1.0,4.370909345786153,1.0,5.0,0.0,0.0,0.0,0.0,1.0,0.0,1.0,0.748754662744834,1.0,-40.07476091542453,1.0,62.087181450487584,1.0,-22.01242053506306,1.0,-0.748754662744834,0.0,0.0,0.0,0.0,0.0,0.017484,0.001438,0.0,0.0,0.0,0.0,0.0,0.0,0.0,0.0,0.0,0.0,0.0
0.0,0.0,0.4652,-0.0366,-9.7889,11.321,1.4316,4.0839,0.0,0.0,0.0,0.0,0.214,2.7209,-0.0234,0.0,0.0,0.0,0.0,0.0,1.0,0.0,1.0,-4.6431145989465366,1.0,5.0,0.0,0.0,0.0,0.0,1.0,0.0,1.0,-0.25745704248056156,1.0,-21.309292435645386,1.0,61.78551739558689,1.0,-40.476224959941504,1.0,0.25745704248056156,0.0,0.0,0.0,0.0,0.0,-0.018572,-0.000494,0.0,0.0,0.0,1.0,4.64311459894654,1.0,5.0,0.0,0.0,0.0,0.0,1.0,0.0,1.0,0.25745704248056156,1.0,-40.4762249599415,1.0,61.78551739558689,1.0,-21.309292435645393,1.0,-0.25745704248056156,0.0,0.0,0.0,0.0,0.0,0.018572,0.000494,0.0,0.0,0.0,0.0,0.0,0.0,0.0,0.0,0.0,0.0,0.0
0.0,0.0,0.4608,0.0117,-9.7892,11.7387,0.0906,4.3808,0.0,0.0,0.0,0.0,-0.0684,2.6949,-0.0424,0.0,0.0,0.0,0.0,0.0,1.0,0.0,1.0,-4.832362924126997,1.0,5.0,0.0,0.0,0.0,0.0,1.0,0.0,1.0,0.21272313315356198,1.0,-20.815861015147473,1.0,61.56451185435074,1.0,-40.748650839203265,1.0,-0.21272313315356198,0.0,0.0,0.0,0.0,0.0,-0.019329,0.000408,0.0,0.0,0.0,1.0,4.832362924126997,1.0,5.0,0.0,0.0,0.0,0.0,1.0,0.0,1.0,-0.21272313315356198,1.0,-40.748650839203265,1.0,61.56451185435074,1.0,-20.815861015147473,1.0,0.21272313315356198,0.0,0.0,0.0,0.0,0.0,0.019329,-0.000408,0.0,0.0,0.0,0.0,0.0,0.0,0.0,0.0,0.0,0.0,0.0
0.0,0.0,0.4586,0.0696,-9.789,12.3679,-1.7615,4.755,0.0,0.0,0.0,0.0,-0.4073,2.6822,-0.0632,0.0,0.0,0.0,0.0,0.0,1.0,0.0,1.0,-4.951761499661988,1.0,5.0,0.0,0.0,0.0,0.0,1.0,0.0,1.0,0.6806151653317181,1.0,-20.50261497404483,1.0,61.42028706496956,1.0,-40.91767209092473,1.0,-0.6806151653317181,0.0,0.0,0.0,0.0,0.0,-0.019807,0.001307,0.0,0.0,0.0,1.0,4.9517614996619885,1.0,5.0,0.0,0.0,0.0,0.0,1.0,0.0,1.0,-0.6806151653317181,1.0,-40.917672090924725,1.0,61.42028706496956,1.0,-20.502614974044835,1.0,0.6806151653317181,0.0,0.0,0.0,0.0,0.0,0.019807,-0.001307,0.0,0.0,0.0,0.0,0.0,0.0,0.0,0.0,0.0,0.0,0.0
0.0,0.0,0.4585,0.1213,-9.7885,12.9825,-3.1893,4.8389,0.0,0.0,0.0,0.0,-0.7102,2.6814,-0.0736,0.0,0.0,0.0,0.0,0.0,1.0,0.0,1.0,-4.999020254600828,1.0,5.0,0.0,0.0,0.0,0.0,1.0,0.0,1.0,1.1330316894721533,1.0,-20.378216386667418,1.0,61.36217376263184,1.0,-40.98395737596442,1.0,-1.1330316894721533,0.0,0.0,0.0,0.0,0.0,-0.019996,0.002176,0.0,0.0,0.0,1.0,4.999020254600828,1.0,5.0,0.0,0.0,0.0,0.0,1.0,0.0,1.0,-1.1330316894721533,1.0,-40.98395737596442,1.0,61.36217376263184,1.0,-20.378216386667418,1.0,1.1330316894721533,0.0,0.0,0.0,0.0,0.0,0.019996,-0.002176,0.0,0.0,0.0,0.0,0.0,0.0,0.0,0.0,0.0,0.0,0.0
0.0,0.0,0.4589,0.1727,-9.7877,13.6212,-4.4414,4.7468,0.0,0.0,0.0,0.0,-1.011,2.6842,-0.0779,0.0,0.0,0.0,0.0,0.0,1.0,0.0,1.0,-4.973047671044747,1.0,5.0,0.0,0.0,0.0,0.0,1.0,0.0,1.0,1.5849127651777042,1.0,-20.446612714435112,1.0,61.3941841122442,1.0,-40.947571397809085,1.0,-1.5849127651777042,0.0,0.0,0.0,0.0,0.0,-0.019892,0.003045,0.0,0.0,0.0,1.0,4.973047671044746,1.0,5.0,0.0,0.0,0.0,0.0,1.0,0.0,1.0,-1.5849127651777042,1.0,-40.94757139780907,1.0,61.39418411224417,1.0,-20.446612714435098,1.0,1.5849127651777042,0.0,0.0,0.0,0.0,0.0,0.019892,-0.003045,0.0,0.0,0.0,0.0,0.0,0.0,0.0,0.0,0.0,0.0,0.0
0.0,0.0,0.4599,0.2212,-9.7867,14.2611,-5.3335,4.4742,0.0,0.0,0.0,0.0,-1.2946,2.6901,-0.0757,0.0,0.0,0.0,0.0,0.0,1.0,0.0,1.0,-4.871638799731599,1.0,5.0,0.0,0.0,0.0,0.0,1.0,0.0,1.0,2.0105751061563577,1.0,-20.712984762056653,1.0,61.51747962351871,1.0,-40.804494861462054,1.0,-2.0105751061563577,0.0,0.0,0.0,0.0,0.0,-0.019487,0.003864,0.0,0.0,0.0,1.0,4.871638799731597,1.0,5.0,0.0,0.0,0.0,0.0,1.0,0.0,1.0,-2.0105751061563577,1.0,-40.80449486146206,1.0,61.51747962351871,1.0,-20.71298476205665,1.0,2.0105751061563577,0.0,0.0,0.0,0.0,0.0,0.019487,-0.003864,0.0,0.0,0.0,0.0,0.0,0.0,0.0,0.0,0.0,0.0,0.0
0.0,0.0,0.4609,0.2691,-9.7855,14.985,-6.1037,3.8508,0.0,0.0,0.0,0.0,-1.5753,2.6956,-0.0687,0.0,0.0,0.0,0.0,0.0,1.0,0.0,1.0,-4.693315251951599,1.0,5.0,0.0,0.0,0.0,0.0,1.0,0.0,1.0,2.410754009500702,1.0,-21.178769744082814,1.0,61.727797308819184,1.0,-40.54902756473637,1.0,-2.410754009500702,0.0,0.0,0.0,0.0,0.0,-0.018773,0.004635,0.0,0.0,0.0,1.0,4.693315251951599,1.0,5.0,0.0,0.0,0.0,0.0,1.0,0.0,1.0,-2.410754009500702,1.0,-40.54902756473637,1.0,61.727797308819184,1.0,-21.178769744082814,1.0,2.410754009500702,0.0,0.0,0.0,0.0,0.0,0.018773,-0.004635,0.0,0.0,0.0,0.0,0.0,0.0,0.0,0.0,0.0,0.0,0.0
0.0,0.0,0.4607,0.3037,-9.7845,15.5649,-6.7767,3.0461,0.0,0.0,0.0,0.0,-1.7776,2.6946,-0.0611,0.0,0.0,0.0,0.0,0.0,1.0,0.0,1.0,-4.4469386393902575,1.0,5.0,0.0,0.0,0.0,0.0,1.0,0.0,1.0,2.7667406976116924,1.0,-21.81681465308242,1.0,62.00484174312222,1.0,-40.188027090039796,1.0,-2.7667406976116924,0.0,0.0,0.0,0.0,0.0,-0.017788,0.005322,0.0,0.0,0.0,1.0,4.4469386393902575,1.0,5.0,0.0,0.0,0.0,0.0,1.0,0.0,1.0,-2.7667406976116924,1.0,-40.188027090039796,1.0,62.00484174312222,1.0,-21.81681465308242,1.0,2.7667406976116924,0.0,0.0,0.0,0.0,0.0,0.017788,-0.005322,0.0,0.0,0.0,0.0,0.0,0.0,0.0,0.0,0.0,0.0,0.0
0.0,0.0,0.459,0.3396,-9.7834,16.162,-7.6984,2.0076,0.0,0.0,0.0,0.0,-1.9879,2.6843,-0.049,0.0,0.0,0.0,0.0,0.0,1.0,0.0,1.0,-4.141633753318544,1.0,5.0,0.0,0.0,0.0,0.0,1.0,0.0,1.0,3.0740401171613487,1.0,-22.598610952076687,1.0,62.32653417352529,1.0,-39.727923221448606,1.0,-3.0740401171613487,0.0,0.0,0.0,0.0,0.0,-0.016567,0.005916,0.0,0.0,0.0,1.0,4.141633753318544,1.0,5.0,0.0,0.0,0.0,0.0,1.0,0.0,1.0,-3.0740401171613487,1.0,-39.727923221448606,1.0,62.32653417352529,1.0,-22.598610952076683,1.0,3.0740401171613487,0.0,0.0,0.0,0.0,0.0,0.016567,-0.005916,0.0,0.0,0.0,0.0,0.0,0.0,0.0,0.0,0.0,0.0,0.0
0.0,0.0,0.4553,0.3671,-9.7825,16.294,-8.2644,0.9873,0.0,0.0,0.0,0.0,-2.1488,2.663,-0.0356,0.0,0.0,0.0,0.0,0.0,1.0,0.0,1.0,-3.77682112905916,1.0,5.0,0.0,0.0,0.0,0.0,1.0,0.0,1.0,3.425804747965147,1.0,-25.641569010463602,1.0,67.33614661406078,1.0,-41.69457760359718,1.0,-3.425804747965147,0.0,0.0,0.0,0.0,0.0,-0.015107,0.006425,0.002866,0.0,0.0,1.0,3.776821129059165,1.0,5.0,0.0,0.0,0.0,0.0,1.0,0.0,1.0,-3.3370673353420046,1.0,-39.15994192481401,1.0,62.67984373696397,1.0,-23.51990181214996,1.0,3.3370673353420046,0.0,0.0,0.0,0.0,0.0,0.015107,-0.006425,0.0,0.0,0.0,0.0,0.0,0.0,0.0,0.0,0.0,0.0,0.0
0.0,0.0,0.4453,0.3913,-9.7821,16.2487,-8.8868,0.2808,0.0,0.0,0.0,0.0,-2.2908,2.6046,-0.056,0.0,0.0,0.0,0.0,0.0,1.0,0.0,1.0,-3.355636431669098,1.0,5.0,0.0,0.0,0.0,0.0,1.0,0.0,1.0,3.783933727035573,1.0,-29.379598240311648,1.0,73.5739324097385,1.0,-44.19433416942685,1.0,-3.783933727035573,0.0,0.0,0.0,0.0,0.0,-0.013423,0.006843,0.006756,0.0,0.0,1.0,3.3556364316690974,1.0,5.0,0.0,0.0,0.0,0.0,1.0,0.0,1.0,-3.5530663217430623,1.0,-38.480052492650444,1.0,63.04606907499763,1.0,-24.56601658234718,1.0,3.5530663217430623,0.0,0.0,0.0,0.0,0.0,0.013423,-0.006843,0.0,0.0,0.0,0.0,0.0,0.0,0.0,0.0,0.0,0.0,0.0
0.0,0.0,0.4301,0.4044,-9.7822,16.1687,-9.4123,0.1078,0.0,0.0,0.0,0.0,-2.3674,2.5154,-0.1198,0.0,0.0,0.0,0.0,0.0,1.0,0.0,1.0,-2.8991809587066584,1.0,5.0,0.0,0.0,0.0,0.0,1.0,0.0,1.0,4.093710952293123,1.0,-32.811460689394856,1.0,78.88968038157986,1.0,-46.078219692185016,1.0,-4.093710952293123,0.0,0.0,0.0,0.0,0.0,-0.011597,0.007155,0.010281,0.0,0.0,1.0,2.899180958706658,1.0,5.0,0.0,0.0,0.0,0.0,1.0,0.0,1.0,-3.71390225660581,1.0,-37.71467628100988,1.0,63.393025415786006,1.0,-25.678349134776123,1.0,3.71390225660581,0.0,0.0,0.0,0.0,0.0,0.011597,-0.007155,0.0,0.0,0.0,0.0,0.0,0.0,0.0,0.0,0.0,0.0,0.0
0.0,0.0,0.4147,0.412,-9.7826,15.4011,-10.0455,-0.5063,0.0,0.0,0.0,0.0,-2.4114,2.4254,-0.1498,0.0,0.0,0.0,0.0,0.0,1.0,0.0,1.0,-2.3957302773049283,1.0,5.0,0.0,0.0,0.0,0.0,1.0,0.0,1.0,4.353542245914201,1.0,-36.06096489600461,1.0,83.45912069501763,1.0,-47.39815579901301,1.0,-4.353542245914201,0.0,0.0,0.0,0.0,0.0,-0.009583,0.007371,0.013456,0.0,0.0,1.0,2.395730277304928,1.0,5.0,0.0,0.0,0.0,0.0,1.0,0.0,1.0,-3.8252092338845096,1.0,-36.836906410513556,1.0,63.716027329239466,1.0,-26.87912091872591,1.0,3.8252092338845096,0.0,0.0,0.0,0.0,0.0,0.009583,-0.007371,0.0,0.0,0.0,0.0,0.0,0.0,0.0,0.0,0.0,0.0,0.0
0.0,0.0,0.4134,0.4156,-9.7825,14.6575,-10.4885,-1.7623,0.0,0.0,0.0,0.0,-2.4327,2.4175,-0.0792,0.0,0.0,0.0,0.0,0.0,1.0,0.0,1.0,-1.8592228699622229,1.0,5.0,0.0,0.0,0.0,0.0,1.0,0.0,1.0,4.542225268308822,1.0,-39.03946906619149,1.0,87.13584521167107,1.0,-48.096376145479574,1.0,-4.542225268308822,0.0,0.0,0.0,0.0,0.0,-0.007437,0.007483,0.016102,0.0,0.0,1.0,1.8592228699622224,1.0,5.0,0.0,0.0,0.0,0.0,1.0,0.0,1.0,-3.882864840307272,1.0,-35.86373258621441,1.0,63.991918781424665,1.0,-28.128186195210255,1.0,3.882864840307272,0.0,0.0,0.0,0.0,0.0,0.007437,-0.007483,0.0,0.0,0.0,0.0,0.0,0.0,0.0,0.0,0.0,0.0,0.0
0.0,0.0,0.4275,0.4177,-9.7818,13.7297,-10.8168,-3.4951,0.0,0.0,0.0,0.0,-2.445,2.5005,0.0764,0.0,0.0,0.0,0.0,0.0,1.0,0.0,1.0,-1.2836512550694137,1.0,5.0,0.0,0.0,0.0,0.0,1.0,0.0,1.0,4.646193048204669,1.0,-41.76084489555785,1.0,89.92138602580062,1.0,-48.160541130242756,1.0,-4.646193048204669,0.0,0.0,0.0,0.0,0.0,-0.005135,0.007489,0.018156,0.0,0.0,1.0,1.2836512550694132,1.0,5.0,0.0,0.0,0.0,0.0,1.0,0.0,1.0,-3.885748613617555,1.0,-34.77756609796103,1.0,64.21008111987584,1.0,-29.432515021914806,1.0,3.885748613617555,0.0,0.0,0.0,0.0,0.0,0.005135,-0.007489,0.0,0.0,0.0,0.0,0.0,0.0,0.0,0.0,0.0,0.0,0.0
0.0,0.0,0.4561,0.4157,-9.7806,12.8119,-11.2174,-5.1336,0.0,0.0,0.0,0.0,-2.4339,2.6673,0.2662,0.0,0.0,0.0,0.0,0.0,1.0,0.0,1.0,-0.7041800775842229,1.0,5.0,0.0,0.0,0.0,0.0,1.0,0.0,1.0,4.6491062612370175,1.0,-44.04019478786625,1.0,91.64373451548293,1.0,-47.603539727616685,1.0,-4.6491062612370175,0.0,0.0,0.0,0.0,0.0,-0.002817,0.007388,0.019448,0.0,0.0,1.0,0.7041800775842223,1.0,5.0,0.0,0.0,0.0,0.0,1.0,0.0,1.0,-3.8339317052183195,1.0,-33.641222601418164,1.0,64.34879199677978,1.0,-30.707569395361613,1.0,3.8339317052183195,0.0,0.0,0.0,0.0,0.0,0.002817,-0.007388,0.0,0.0,0.0,0.0,0.0,0.0,0.0,0.0,0.0,0.0,0.0
0.0,0.0,0.4888,0.4114,-9.7792,12.1796,-11.5468,-6.4997,0.0,0.0,0.0,0.0,-2.4087,2.8588,0.4454,0.0,0.0,0.0,0.0,0.0,1.0,0.0,1.0,-0.10943120355687785,1.0,5.0,0.0,0.0,0.0,0.0,1.0,0.0,1.0,4.547434150363166,1.0,-45.89953974097317,1.0,92.35632124435303,1.0,-46.45678150337986,1.0,-4.547434150363166,0.0,0.0,0.0,0.0,0.0,-0.000438,0.007182,0.019987,0.0,0.0,1.0,0.10943120355688613,1.0,5.0,0.0,0.0,0.0,0.0,1.0,0.0,1.0,-3.727645733010436,1.0,-32.43150408924817,1.0,64.40701450457786,1.0,-31.975510415329694,1.0,3.727645733010436,0.0,0.0,0.0,0.0,0.0,0.000438,-0.007182,0.0,0.0,0.0,0.0,0.0,0.0,0.0,0.0,0.0,0.0,0.0
0.0,0.0,0.532,0.4002,-9.7774,11.3894,-11.6653,-7.4352,0.0,0.0,0.0,0.0,-2.3436,3.1117,0.6745,0.0,0.0,0.0,0.0,0.0,1.0,0.0,1.0,0.5393655570182326,1.0,5.0,0.0,0.0,0.0,0.0,1.0,0.0,1.0,4.319101909374299,1.0,-47.341460363115296,1.0,91.94631708384227,1.0,-44.604856720726985,1.0,-4.319101909374299,0.0,0.0,0.0,0.0,0.0,0.002157,0.006841,0.019676,0.0,0.0,1.0,-0.5393655570182332,1.0,5.0,0.0,0.0,0.0,0.0,1.0,0.0,1.0,-3.551999063941948,1.0,-31.063113009518236,1.0,64.37345571337148,1.0,-33.310342703853244,1.0,3.551999063941948,0.0,0.0,0.0,0.0,0.0,-0.002157,-0.006841,0.0,0.0,0.0,0.0,0.0,0.0,0.0,0.0,0.0,0.0,0.0
0.0,0.0,0.5638,0.3855,-9.7762,10.1563,-11.3916,-5.1002,0.0,0.0,0.0,0.0,-2.2579,3.2979,0.8661,0.0,0.0,0.0,0.0,0.0,1.0,0.0,1.0,1.1279016828975306,1.0,5.0,0.0,0.0,0.0,0.0,1.0,0.0,1.0,4.011014554734946,1.0,-48.06881821547734,1.0,90.48715223501816,1.0,-42.418334019540815,1.0,-4.011014554734946,0.0,0.0,0.0,0.0,0.0,0.004512,0.006426,0.018579,0.0,0.0,1.0,-1.127901682897531,1.0,5.0,0.0,0.0,0.0,0.0,1.0,0.0,1.0,-3.337771597226634,1.0,-29.779016768031546,1.0,64.25532850885676,1.0,-34.47631174082522,1.0,3.337771597226634,0.0,0.0,0.0,0.0,0.0,-0.004512,-0.006426,0.0,0.0,0.0,0.0,0.0,0.0,0.0,0.0,0.0,0.0,0.0
0.0,0.0,0.5863,0.3656,-9.7756,9.5087,-10.8768,-3.0347,0.0,0.0,0.0,0.0,-2.1416,3.4297,1.0358,0.0,0.0,0.0,0.0,0.0,1.0,0.0,1.0,1.7074744897154523,1.0,5.0,0.0,0.0,0.0,0.0,1.0,0.0,1.0,3.619661463267392,1.0,-48.17782039904415,1.0,87.980271894706,1.0,-39.802451495661835,1.0,-3.619661463267392,0.0,0.0,0.0,0.0,0.0,0.00683,0.005913,0.01672,0.0,0.0,1.0,-1.7074744897154528,1.0,5.0,0.0,0.0,0.0,0.0,1.0,0.0,1.0,-3.0723442081030616,1.0,-28.475684961474247,1.0,64.05723563500167,1.0,-35.58155067352743,1.0,3.0723442081030616,0.0,0.0,0.0,0.0,0.0,-0.00683,-0.005913,0.0,0.0,0.0,0.0,0.0,0.0,0.0,0.0,0.0,0.0,0.0
0.0,0.0,0.5974,0.3404,-9.7759,9.3234,-9.9136,-1.4741,0.0,0.0,0.0,0.0,-1.9941,3.4948,1.1545,0.0,0.0,0.0,0.0,0.0,1.0,0.0,1.0,2.2652083915503503,1.0,5.0,0.0,0.0,0.0,0.0,1.0,0.0,1.0,3.165985246327184,1.0,-47.63029858430999,1.0,84.45826548712436,1.0,-36.827966902814374,1.0,-3.165985246327184,0.0,0.0,0.0,0.0,0.0,0.009061,0.005309,0.014167,0.0,0.0,1.0,-2.265208391550351,1.0,5.0,0.0,0.0,0.0,0.0,1.0,0.0,1.0,-2.759921743731245,1.0,-27.18591502195539,1.0,63.789614362734326,1.0,-36.60369934077894,1.0,2.759921743731245,0.0,0.0,0.0,0.0,0.0,-0.009061,-0.005309,0.0,0.0,0.0,0.0,0.0,0.0,0.0,0.0,0.0,0.0,0.0
0.0,0.0,0.5972,0.3033,-9.7771,9.2604,-8.4942,-0.0292,0.0,0.0,0.0,0.0,-1.7766,3.4937,1.2358,0.0,0.0,0.0,0.0,0.0,1.0,0.0,1.0,2.8288286936163995,1.0,5.0,0.0,0.0,0.0,0.0,1.0,0.0,1.0,2.634217537812461,1.0,-46.30638896942,1.0,79.60224835318691,1.0,-33.2958593837669,1.0,-2.634217537812461,0.0,0.0,0.0,0.0,0.0,0.011315,0.00457,0.010768,0.0,0.0,1.0,-2.8288286936164004,1.0,5.0,0.0,0.0,0.0,0.0,1.0,0.0,1.0,-2.377135409009004,1.0,-25.847797285899244,1.0,63.441911924816246,1.0,-37.594114638917,1.0,2.377135409009004,0.0,0.0,0.0,0.0,0.0,-0.011315,-0.00457,0.0,0.0,0.0,0.0,0.0,0.0,0.0,0.0,0.0,0.0,0.0
0.0,0.0,0.5901,0.2643,-9.7786,9.323,-7.0865,0.9222,0.0,0.0,0.0,0.0,-1.5484,3.4522,1.276,0.0,0.0,0.0,0.0,0.0,1.0,0.0,1.0,3.307226969311971,1.0,5.0,0.0,0.0,0.0,0.0,1.0,0.0,1.0,2.1239973417908935,1.0,-44.43041986795772,1.0,74.2005111537628,1.0,-29.77009128580508,1.0,-2.1239973417908935,0.0,0.0,0.0,0.0,0.0,0.013229,0.003817,0.007162,0.0,0.0,1.0,-3.3072269693119716,1.0,5.0,0.0,0.0,0.0,0.0,1.0,0.0,1.0,-1.9859958138897527,1.0,-24.685043210020112,1.0,63.08531936220374,1.0,-38.40027615218363,1.0,1.9859958138897527,0.0,0.0,0.0,0.0,0.0,-0.013229,-0.003817,0.0,0.0,0.0,0.0,0.0,0.0,0.0,0.0,0.0,0.0,0.0
0.0,0.0,0.5797,0.2191,-9.7804,9.4703,-5.7639,1.7175,0.0,0.0,0.0,0.0,-1.2832,3.3911,1.3003,0.0,0.0,0.0,0.0,0.0,1.0,0.0,1.0,3.7195053874584287,1.0,5.0,0.0,0.0,0.0,0.0,1.0,0.0,1.0,1.6348816730134128,1.0,-42.08736399491152,1.0,68.27871018743501,1.0,-26.191346192523493,1.0,-1.6348816730134128,0.0,0.0,0.0,0.0,0.0,0.014878,0.003043,0.003436,0.0,0.0,1.0,-3.7195053874584296,1.0,5.0,0.0,0.0,0.0,0.0,1.0,0.0,1.0,-1.5838824778021743,1.0,-23.663366693042374,1.0,62.732296679421275,1.0,-39.0689299863789,1.0,1.5838824778021743,0.0,0.0,0.0,0.0,0.0,-0.014878,-0.003043,0.0,0.0,0.0,0.0,0.0,0.0,0.0,0.0,0.0,0.0,0.0
0.0,0.0,0.5686,0.1704,-9.782,9.6842,-4.5084,2.4342,0.0,0.0,0.0,0.0,-0.9977,3.3259,1.3148,0.0,0.0,0.0,0.0,0.0,1.0,0.0,1.0,4.10001187547676,1.0,5.0,0.0,0.0,0.0,0.0,1.0,0.0,1.0,1.136240871946316,1.0,-39.66411631953186,1.0,62.36854837669413,1.0,-22.704432057162272,1.0,-1.136240871946316,0.0,0.0,0.0,0.0,0.0,0.0164,0.002182,0.0,0.0,0.0,1.0,-4.10001187547676,1.0,5.0,0.0,0.0,0.0,0.0,1.0,0.0,1.0,-1.136240871946316,1.0,-22.704432057162272,1.0,62.36854837669413,1.0,-39.66411631953186,1.0,1.136240871946316,0.0,0.0,0.0,0.0,0.0,-0.0164,-0.002182,0.0,0.0,0.0,0.0,0.0,0.0,0.0,0.0,0.0,0.0,0.0
0.0,0.0,0.5551,0.1093,-9.7837,10.2651,-2.6413,3.2792,0.0,0.0,0.0,0.0,-0.6399,3.247,1.325,0.0,0.0,0.0,0.0,0.0,1.0,0.0,1.0,4.421709384528788,1.0,5.0,0.0,0.0,0.0,0.0,1.0,0.0,1.0,0.6668257626638237,1.0,-40.15053830564419,1.0,62.03232941452696,1.0,-21.88179110888277,1.0,-0.6668257626638237,0.0,0.0,0.0,0.0,0.0,0.017687,0.00128,0.0,0.0,0.0,1.0,-4.421709384528789,1.0,5.0,0.0,0.0,0.0,0.0,1.0,0.0,1.0,-0.6668257626638237,1.0,-21.881791108882773,1.0,62.03232941452696,1.0,-40.15053830564419,1.0,0.6668257626638237,0.0,0.0,0.0,0.0,0.0,-0.017687,-0.00128,0.0,0.0,0.0,0.0,0.0,0.0,0.0,0.0,0.0,0.0,0.0
0.0,0.0,0.545,0.0545,-9.7847,10.7561,-1.2071,3.8949,0.0,0.0,0.0,0.0,-0.3189,3.1878,1.3354,0.0,0.0,0.0,0.0,0.0,1.0,0.0,1.0,4.665465565824464,1.0,5.0,0.0,0.0,0.0,0.0,1.0,0.0,1.0,0.20974498155941274,1.0,-40.50868687060696,1.0,61.75989904398909,1.0,-21.251212173382136,1.0,-0.20974498155941274,0.0,0.0,0.0,0.0,0.0,0.018662,0.000403,0.0,0.0,0.0,1.0,-4.665465565824464,1.0,5.0,0.0,0.0,0.0,0.0,1.0,0.0,1.0,-0.20974498155941274,1.0,-21.251212173382136,1.0,61.75989904398909,1.0,-40.50868687060696,1.0,0.20974498155941274,0.0,0.0,0.0,0.0,0.0,-0.018662,-0.000403,0.0,0.0,0.0,0.0,0.0,0.0,0.0,0.0,0.0,0.0,0.0
0.0,0.0,0.5391,0.0001,-9.7852,11.3274,0.0973,4.2669,0.0,0.0,0.0,0.0,-0.0008,3.1535,1.3563,0.0,0.0,0.0,0.0,0.0,1.0,0.0,1.0,4.845666811225627,1.0,5.0,0.0,0.0,0.0,0.0,1.0,0.0,1.0,-0.2539515454067365,1.0,-40.767593673717876,1.0,61.54862564181044,1.0,-20.78103196809256,1.0,0.2539515454067365,0.0,0.0,0.0,0.0,0.0,0.019383,-0.000488,0.0,0.0,0.0,1.0,-4.845666811225627,1.0,5.0,0.0,0.0,0.0,0.0,1.0,0.0,1.0,0.2539515454067365,1.0,-20.78103196809256,1.0,61.54862564181044,1.0,-40.767593673717876,1.0,-0.2539515454067365,0.0,0.0,0.0,0.0,0.0,-0.019383,0.000488,0.0,0.0,0.0,0.0,0.0,0.0,0.0,0.0,0.0,0.0,0.0
0.0,0.0,0.5358,-0.0613,-9.7851,12.1026,1.6323,4.591,0.0,0.0,0.0,0.0,0.3589,3.1342,1.3817,0.0,0.0,0.0,0.0,0.0,1.0,0.0,1.0,4.960274617949012,1.0,5.0,0.0,0.0,0.0,0.0,1.0,0.0,1.0,-0.7300851416096017,1.0,-40.929638417649926,1.0,61.40986175257634,1.0,-20.480223334926418,1.0,0.7300851416096017,0.0,0.0,0.0,0.0,0.0,0.019841,-0.001402,0.0,0.0,0.0,1.0,-4.960274617949012,1.0,5.0,0.0,0.0,0.0,0.0,1.0,0.0,1.0,0.7300851416096017,1.0,-20.480223334926418,1.0,61.40986175257634,1.0,-40.929638417649926,1.0,-0.7300851416096017,0.0,0.0,0.0,0.0,0.0,-0.019841,0.001402,0.0,0.0,0.0,0.0,0.0,0.0,0.0,0.0,0.0,0.0,0.0
0.0,0.0,0.5347,-0.1118,-9.7848,12.8158,2.8821,4.6872,0.0,0.0,0.0,0.0,0.6546,3.1275,1.3984,0.0,0.0,0.0,0.0,0.0,1.0,0.0,1.0,4.999976563933667,1.0,5.0,0.0,0.0,0.0,0.0,1.0,0.0,1.0,-1.1953693409844859,1.0,-40.98529508932082,1.0,61.36099177337709,1.0,-20.375696684056262,1.0,1.1953693409844859,0.0,0.0,0.0,0.0,0.0,0.02,-0.002296,0.0,0.0,0.0,1.0,-4.999976563933667,1.0,5.0,0.0,0.0,0.0,0.0,1.0,0.0,1.0,1.1953693409844859,1.0,-20.375696684056262,1.0,61.36099177337709,1.0,-40.98529508932082,1.0,-1.1953693409844859,0.0,0.0,0.0,0.0,0.0,-0.02,0.002296,0.0,0.0,0.0,0.0,0.0,0.0,0.0,0.0,0.0,0.0,0.0
0.0,0.0,0.5341,-0.1593,-9.7841,13.4991,3.8486,4.5213,0.0,0.0,0.0,0.0,0.9328,3.124,1.4134,0.0,0.0,0.0,0.0,0.0,1.0,0.0,1.0,4.960817158912393,1.0,5.0,0.0,0.0,0.0,0.0,1.0,0.0,1.0,-1.6607791828304102,1.0,-40.93040064757696,1.0,61.409196705422346,1.0,-20.478796057845386,1.0,1.6607791828304102,0.0,0.0,0.0,0.0,0.0,0.019843,-0.003191,0.0,0.0,0.0,1.0,-4.960817158912393,1.0,5.0,0.0,0.0,0.0,0.0,1.0,0.0,1.0,1.6607791828304102,1.0,-20.478796057845383,1.0,61.409196705422346,1.0,-40.93040064757697,1.0,-1.6607791828304102,0.0,0.0,0.0,0.0,0.0,-0.019843,0.003191,0.0,0.0,0.0,0.0,0.0,0.0,0.0,0.0,0.0,0.0,0.0
0.0,0.0,0.5343,-0.2078,-9.7832,14.2909,4.754,3.993,0.0,0.0,0.0,0.0,1.2169,3.1253,1.4289,0.0,0.0,0.0,0.0,0.0,1.0,0.0,1.0,4.848862329073257,1.0,5.0,0.0,0.0,0.0,0.0,1.0,0.0,1.0,-2.075004202668136,1.0,-40.7721395421711,1.0,61.544803002676396,1.0,-20.772663460505296,1.0,2.075004202668136,0.0,0.0,0.0,0.0,0.0,0.019395,-0.003988,0.0,0.0,0.0,1.0,-4.848862329073257,1.0,5.0,0.0,0.0,0.0,0.0,1.0,0.0,1.0,2.075004202668136,1.0,-20.772663460505296,1.0,61.544803002676396,1.0,-40.7721395421711,1.0,-2.075004202668136,0.0,0.0,0.0,0.0,0.0,-0.019395,0.003988,0.0,0.0,0.0,0.0,0.0,0.0,0.0,0.0,0.0,0.0,0.0
0.0,0.0,0.5342,-0.2442,-9.7824,14.9864,5.5457,3.3228,0.0,0.0,0.0,0.0,1.4298,3.1246,1.4318,0.0,0.0,0.0,0.0,0.0,1.0,0.0,1.0,4.668840791344683,1.0,5.0,0.0,0.0,0.0,0.0,1.0,0.0,1.0,-2.4531117493211316,1.0,-40.51358228522234,1.0,61.75601918181245,1.0,-21.242436896590103,1.0,2.4531117493211316,0.0,0.0,0.0,0.0,0.0,0.018675,-0.004717,0.0,0.0,0.0,1.0,-4.668840791344683,1.0,5.0,0.0,0.0,0.0,0.0,1.0,0.0,1.0,2.4531117493211316,1.0,-21.242436896590103,1.0,61.75601918181245,1.0,-40.51358228522234,1.0,-2.4531117493211316,0.0,0.0,0.0,0.0,0.0,-0.018675,0.004717,0.0,0.0,0.0,0.0,0.0,0.0,0.0,0.0,0.0,0.0,0.0
0.0,0.0,0.5329,-0.2778,-9.7816,15.5649,6.4557,2.608,0.0,0.0,0.0,0.0,1.6266,3.1172,1.425,0.0,0.0,0.0,0.0,0.0,1.0,0.0,1.0,4.424228155442349,1.0,5.0,0.0,0.0,0.0,0.0,1.0,0.0,1.0,-2.793536402993727,1.0,-40.15428534478799,1.0,62.029592515236395,1.0,-21.875307170448405,1.0,2.793536402993727,0.0,0.0,0.0,0.0,0.0,0.017697,-0.005374,0.0,0.0,0.0,1.0,-4.424228155442348,1.0,5.0,0.0,0.0,0.0,0.0,1.0,0.0,1.0,2.793536402993727,1.0,-21.875307170448405,1.0,62.029592515236395,1.0,-40.15428534478799,1.0,-2.793536402993727,0.0,0.0,0.0,0.0,0.0,-0.017697,0.005374,0.0,0.0,0.0,0.0,0.0,0.0,0.0,0.0,0.0,0.0,0.0
0.0,0.0,0.5288,-0.3156,-9.7806,15.6977,7.6386,1.8885,0.0,0.0,0.0,0.0,1.8485,3.0929,1.4091,0.0,0.0,0.0,0.0,0.0,1.0,0.0,1.0,4.1094967825501865,1.0,5.0,0.0,0.0,0.0,0.0,1.0,0.0,1.0,-3.1009618968317216,1.0,-39.678679492567355,1.0,62.35901281482946,1.0,-22.680333322262104,1.0,3.1009618968317216,0.0,0.0,0.0,0.0,0.0,0.016438,-0.005968,0.0,0.0,0.0,1.0,-4.1094967825501865,1.0,5.0,0.0,0.0,0.0,0.0,1.0,0.0,1.0,3.1009618968317216,1.0,-22.6803333222621,1.0,62.35901281482946,1.0,-39.678679492567355,1.0,-3.1009618968317216,0.0,0.0,0.0,0.0,0.0,-0.016438,0.005968,0.0,0.0,0.0,0.0,0.0,0.0,0.0,0.0,0.0,0.0,0.0
0.0,0.0,0.5212,-0.3455,-9.78,15.6739,8.3584,1.3355,0.0,0.0,0.0,0.0,2.023,3.0486,1.4132,0.0,0.0,0.0,0.0,0.0,1.0,0.0,1.0,3.7366804424887334,1.0,5.0,0.0,0.0,0.0,0.0,1.0,0.0,1.0,-3.3611308677539897,1.0,-39.096252571291586,1.0,62.71666555173867,1.0,-23.620412980447085,1.0,3.3611308677539897,0.0,0.0,0.0,0.0,0.0,0.014947,-0.006471,0.0,0.0,0.0,1.0,-3.736680442488733,1.0,5.0,0.0,0.0,0.0,0.0,1.0,0.0,1.0,3.4633767169009717,1.0,-26.02815272602478,1.0,67.99976212825798,1.0,-41.97160940223321,1.0,-3.4633767169009717,0.0,0.0,0.0,0.0,0.0,-0.014947,0.006471,0.003266,0.0,0.0,0.0,0.0,0.0,0.0,0.0,0.0,0.0,0.0
0.0,0.0,0.5079,-0.3686,-9.7799,15.67,8.9993,1.0454,0.0,0.0,0.0,0.0,2.1586,2.9706,1.4646,0.0,0.0,0.0,0.0,0.0,1.0,0.0,1.0,3.284430578727928,1.0,5.0,0.0,0.0,0.0,0.0,1.0,0.0,1.0,-3.58257656236544,1.0,-38.36259335386757,1.0,63.10360043491368,1.0,-24.74100708104612,1.0,3.58257656236544,0.0,0.0,0.0,0.0,0.0,0.013138,-0.006901,0.0,0.0,0.0,1.0,-3.2844305787279278,1.0,5.0,0.0,0.0,0.0,0.0,1.0,0.0,1.0,3.8372501148101854,1.0,-29.95158035597099,1.0,74.48995076205605,1.0,-44.53837040608507,1.0,-3.8372501148101854,0.0,0.0,0.0,0.0,0.0,-0.013138,0.006901,0.00735,0.0,0.0,0.0,0.0,0.0,0.0,0.0,0.0,0.0,0.0
0.0,0.0,0.4894,-0.385,-9.7802,15.4212,9.6245,1.0027,0.0,0.0,0.0,0.0,2.2543,2.8627,1.5372,0.0,0.0,0.0,0.0,0.0,1.0,0.0,1.0,2.8112902318899415,1.0,5.0,0.0,0.0,0.0,0.0,1.0,0.0,1.0,-3.7378606377391144,1.0,-37.56395230766723,1.0,63.45390889458699,1.0,-25.88995658691975,1.0,3.7378606377391144,0.0,0.0,0.0,0.0,0.0,0.011245,-0.007202,0.0,0.0,0.0,1.0,-2.8112902318899406,1.0,5.0,0.0,0.0,0.0,0.0,1.0,0.0,1.0,4.145033897268544,1.0,-33.414971279902296,1.0,79.77589296393339,1.0,-46.360921684031084,1.0,-4.145033897268544,0.0,0.0,0.0,0.0,0.0,-0.011245,0.007202,0.010887,0.0,0.0,0.0,0.0,0.0,0.0,0.0,0.0,0.0,0.0
0.0,0.0,0.476,-0.3954,-9.7804,14.7607,10.2023,0.556,0.0,0.0,0.0,0.0,2.3149,2.7841,1.5539,0.0,0.0,0.0,0.0,0.0,1.0,0.0,1.0,2.2792712140774136,1.0,5.0,0.0,0.0,0.0,0.0,1.0,0.0,1.0,-3.842664661840734,1.0,-36.62893621329743,1.0,63.781886165313765,1.0,-27.152949952016336,1.0,3.842664661840734,0.0,0.0,0.0,0.0,0.0,0.009117,-0.007405,0.0,0.0,0.0,1.0,-2.279271214077413,1.0,5.0,0.0,0.0,0.0,0.0,1.0,0.0,1.0,4.40210975207618,1.0,-36.74669666661254,1.0,84.35399676419618,1.0,-47.60730009758364,1.0,-4.40210975207618,0.0,0.0,0.0,0.0,0.0,-0.009117,0.007405,0.014093,0.0,0.0,0.0,0.0,0.0,0.0,0.0,0.0,0.0,0.0
0.0,0.0,0.4736,-0.4029,-9.7803,14.052,10.6289,-0.837,0.0,0.0,0.0,0.0,2.359,2.77,1.4846,0.0,0.0,0.0,0.0,0.0,1.0,0.0,1.0,1.7202764541227957,1.0,5.0,0.0,0.0,0.0,0.0,1.0,0.0,1.0,-3.8888333549885794,1.0,-35.605472988707106,1.0,64.0519413169582,1.0,-28.446468328251097,1.0,3.8888333549885794,0.0,0.0,0.0,0.0,0.0,0.006881,-0.007495,0.0,0.0,0.0,1.0,-1.7202764541227953,1.0,5.0,0.0,0.0,0.0,0.0,1.0,0.0,1.0,4.576601048097539,1.0,-39.73936914125364,1.0,87.9121700656952,1.0,-48.17280092444155,1.0,-4.576601048097539,0.0,0.0,0.0,0.0,0.0,-0.006881,0.007495,0.01667,0.0,0.0,0.0,0.0,0.0,0.0,0.0,0.0,0.0,0.0
0.0,0.0,0.484,-0.409,-9.7795,13.3007,10.9712,-2.4423,0.0,0.0,0.0,0.0,2.3946,2.8306,1.3598,0.0,0.0,0.0,0.0,0.0,1.0,0.0,1.0,1.1558628416972758,1.0,5.0,0.0,0.0,0.0,0.0,1.0,0.0,1.0,-3.8788638777852933,1.0,-34.53062234106851,1.0,64.24763706879381,1.0,-29.71701472772531,1.0,3.8788638777852933,0.0,0.0,0.0,0.0,0.0,0.004623,-0.007475,0.0,0.0,0.0,1.0,-1.1558628416972752,1.0,5.0,0.0,0.0,0.0,0.0,1.0,0.0,1.0,4.655574142430629,1.0,-42.30272983341275,1.0,90.39125423903072,1.0,-48.08852440561797,1.0,-4.655574142430629,0.0,0.0,0.0,0.0,0.0,-0.004623,0.007475,0.018507,0.0,0.0,0.0,0.0,0.0,0.0,0.0,0.0,0.0,0.0
0.0,0.0,0.5097,-0.4128,-9.778,12.4291,11.3494,-4.2302,0.0,0.0,0.0,0.0,2.4176,2.9812,1.1856,0.0,0.0,0.0,0.0,0.0,1.0,0.0,1.0,0.5353398388435766,1.0,5.0,0.0,0.0,0.0,0.0,1.0,0.0,1.0,-3.8091200073729916,1.0,-33.30221868068995,1.0,64.37397629437913,1.0,-31.07175761368918,1.0,3.8091200073729916,0.0,0.0,0.0,0.0,0.0,0.002141,-0.00734,0.0,0.0,0.0,1.0,-0.5353398388435759,1.0,5.0,0.0,0.0,0.0,0.0,1.0,0.0,1.0,4.63092540067177,1.0,-44.61818075573118,1.0,91.95269221857689,1.0,-47.3345114628457,1.0,-4.63092540067177,0.0,0.0,0.0,0.0,0.0,-0.002141,0.00734,0.019681,0.0,0.0,0.0,0.0,0.0,0.0,0.0,0.0,0.0,0.0
0.0,0.0,0.5409,-0.4125,-9.7764,11.776,11.5577,-5.7184,0.0,0.0,0.0,0.0,2.4161,3.1639,1.0231,0.0,0.0,0.0,0.0,0.0,1.0,0.0,1.0,-0.07844451911063646,1.0,5.0,0.0,0.0,0.0,0.0,1.0,0.0,1.0,-3.6831870950499903,1.0,-32.04042002799188,1.0,64.40771479638144,1.0,-32.36729476838956,1.0,3.6831870950499903,0.0,0.0,0.0,0.0,0.0,-0.000314,-0.007096,0.0,0.0,0.0,1.0,0.07844451911063707,1.0,5.0,0.0,0.0,0.0,0.0,1.0,0.0,1.0,4.49370238146907,1.0,-46.38216951824567,1.0,92.3648563490811,1.0,-45.98268683083543,1.0,-4.49370238146907,0.0,0.0,0.0,0.0,0.0,0.000314,0.007096,0.019993,0.0,0.0,0.0,0.0,0.0,0.0,0.0,0.0,0.0,0.0
0.0,0.0,0.5835,-0.4047,-9.7742,11.136,11.5908,-7.4689,0.0,0.0,0.0,0.0,2.3708,3.4134,0.8135,0.0,0.0,0.0,0.0,0.0,1.0,0.0,1.0,-0.6943329034259826,1.0,5.0,0.0,0.0,0.0,0.0,1.0,0.0,1.0,-3.500755958215726,1.0,-30.728901246026506,1.0,64.35044937374752,1.0,-33.62154812772102,1.0,3.500755958215726,0.0,0.0,0.0,0.0,0.0,-0.002777,-0.006742,0.0,0.0,0.0,1.0,0.6943329034259832,1.0,5.0,0.0,0.0,0.0,0.0,1.0,0.0,1.0,4.247052043833781,1.0,-47.58912212793691,1.0,91.66410143498273,1.0,-44.074979307045815,1.0,-4.247052043833781,0.0,0.0,0.0,0.0,0.0,0.002777,0.006742,0.019463,0.0,0.0,0.0,0.0,0.0,0.0,0.0,0.0,0.0,0.0
0.0,0.0,0.6189,-0.3907,-9.7726,10.0604,11.3001,-5.7899,0.0,0.0,0.0,0.0,2.2893,3.621,0.6261,0.0,0.0,0.0,0.0,0.0,1.0,0.0,1.0,-1.2919062881591872,1.0,5.0,0.0,0.0,0.0,0.0,1.0,0.0,1.0,-3.2683583326842176,1.0,-29.414072528794165,1.0,64.20751930680655,1.0,-34.79344677801238,1.0,3.2683583326842176,0.0,0.0,0.0,0.0,0.0,-0.005168,-0.006292,0.0,0.0,0.0,1.0,1.2919062881591878,1.0,5.0,0.0,0.0,0.0,0.0,1.0,0.0,1.0,3.9088645027829214,1.0,-48.164162852411025,1.0,89.88923613294246,1.0,-41.725073280531426,1.0,-3.9088645027829214,0.0,0.0,0.0,0.0,0.0,0.005168,0.006292,0.018133,0.0,0.0,0.0,0.0,0.0,0.0,0.0,0.0,0.0,0.0
0.0,0.0,0.6482,-0.3663,-9.7717,8.9876,10.5763,-3.6733,0.0,0.0,0.0,0.0,2.1471,3.7928,0.4129,0.0,0.0,0.0,0.0,0.0,1.0,0.0,1.0,-1.8677529819041592,1.0,5.0,0.0,0.0,0.0,0.0,1.0,0.0,1.0,-2.9886345741137226,1.0,-28.108576224797368,1.0,63.98808105505203,1.0,-35.87950483025466,1.0,2.9886345741137226,0.0,0.0,0.0,0.0,0.0,-0.007471,-0.005751,0.0,0.0,0.0,1.0,1.8677529819041596,1.0,5.0,0.0,0.0,0.0,0.0,1.0,0.0,1.0,3.496820279952685,1.0,-48.090355961611486,1.0,87.0859391718949,1.0,-38.99558321028342,1.0,-3.496820279952685,0.0,0.0,0.0,0.0,0.0,0.007471,0.005751,0.016065,0.0,0.0,0.0,0.0,0.0,0.0,0.0,0.0,0.0,0.0
0.0,0.0,0.6612,-0.3363,-9.7719,8.8278,9.3414,-1.8694,0.0,0.0,0.0,0.0,1.9712,3.8685,0.2671,0.0,0.0,0.0,0.0,0.0,1.0,0.0,1.0,-2.4315387645908895,1.0,5.0,0.0,0.0,0.0,0.0,1.0,0.0,1.0,-2.6545863113798824,1.0,-26.794626154453947,1.0,63.6951098759009,1.0,-36.90048372144695,1.0,2.6545863113798824,0.0,0.0,0.0,0.0,0.0,-0.009726,-0.005106,0.0,0.0,0.0,1.0,2.43153876459089,1.0,5.0,0.0,0.0,0.0,0.0,1.0,0.0,1.0,3.0166548414913614,1.0,-47.32701475049889,1.0,83.1724816803554,1.0,-35.845466929856514,1.0,-3.0166548414913614,0.0,0.0,0.0,0.0,0.0,0.009726,0.005106,0.013253,0.0,0.0,0.0,0.0,0.0,0.0,0.0,0.0,0.0,0.0
0.0,0.0,0.6621,-0.2986,-9.773,8.8187,7.8672,-0.4075,0.0,0.0,0.0,0.0,1.7501,3.8742,0.1731,0.0,0.0,0.0,0.0,0.0,1.0,0.0,1.0,-2.953035779233217,1.0,5.0,0.0,0.0,0.0,0.0,1.0,0.0,1.0,-2.2821261858974364,1.0,-25.54827532868658,1.0,63.3547766363433,1.0,-37.806501307656724,1.0,2.2821261858974364,0.0,0.0,0.0,0.0,0.0,-0.011812,-0.004387,0.0,0.0,0.0,1.0,2.9530357792332174,1.0,5.0,0.0,0.0,0.0,0.0,1.0,0.0,1.0,2.507118421818985,1.0,-45.893127843362194,1.0,78.32643609481751,1.0,-32.43330825145531,1.0,-2.507118421818985,0.0,0.0,0.0,0.0,0.0,0.011812,0.004387,0.009899,0.0,0.0,0.0,0.0,0.0,0.0,0.0,0.0,0.0,0.0
0.0,0.0,0.6559,-0.2534,-9.7747,8.933,6.398,0.8347,0.0,0.0,0.0,0.0,1.4848,3.8375,0.1182,0.0,0.0,0.0,0.0,0.0,1.0,0.0,1.0,-3.406377373058946,1.0,5.0,0.0,0.0,0.0,0.0,1.0,0.0,1.0,-1.8955669405988755,1.0,-24.440988987623918,1.0,63.00430119913044,1.0,-38.56331221150652,1.0,1.8955669405988755,0.0,0.0,0.0,0.0,0.0,-0.013626,-0.003643,0.0,0.0,0.0,1.0,3.4063773730589464,1.0,5.0,0.0,0.0,0.0,0.0,1.0,0.0,1.0,2.0109257875002413,1.0,-43.936602227972266,1.0,72.89921314997837,1.0,-28.962610922006107,1.0,-2.0109257875002413,0.0,0.0,0.0,0.0,0.0,0.013626,0.003643,0.006322,0.0,0.0,0.0,0.0,0.0,0.0,0.0,0.0,0.0,0.0
0.0,0.0,0.6465,-0.2032,-9.7765,9.1145,5.0131,1.8774,0.0,0.0,0.0,0.0,1.1906,3.7826,0.0867,0.0,0.0,0.0,0.0,0.0,1.0,0.0,1.0,-3.812533286807802,1.0,5.0,0.0,0.0,0.0,0.0,1.0,0.0,1.0,-1.4824326440921127,1.0,-23.43033612209596,1.0,62.64674314006905,1.0,-39.21640701797309,1.0,1.4824326440921127,0.0,0.0,0.0,0.0,0.0,-0.01525,-0.002848,0.0,0.0,0.0,1.0,3.8125332868078026,1.0,5.0,0.0,0.0,0.0,0.0,1.0,0.0,1.0,1.5169157321513416,1.0,-41.44021522185502,1.0,66.73152688570802,1.0,-25.291311663852998,1.0,-1.5169157321513416,0.0,0.0,0.0,0.0,0.0,0.01525,0.002848,0.002503,0.0,0.0,0.0,0.0,0.0,0.0,0.0,0.0,0.0,0.0
0.0,0.0,0.6361,-0.1493,-9.7782,9.5113,3.483,2.8703,0.0,0.0,0.0,0.0,0.8749,3.7216,0.0661,0.0,0.0,0.0,0.0,0.0,1.0,0.0,1.0,-4.186821913086183,1.0,5.0,0.0,0.0,0.0,0.0,1.0,0.0,1.0,-1.0198451957898191,1.0,-22.48351607240112,1.0,62.28042102007134,1.0,-39.79690494767022,1.0,1.0198451957898191,0.0,0.0,0.0,0.0,0.0,-0.016747,-0.001958,0.0,0.0,0.0,1.0,4.186821913086183,1.0,5.0,0.0,0.0,0.0,0.0,1.0,0.0,1.0,1.0198451957898191,1.0,-39.79690494767022,1.0,62.28042102007134,1.0,-22.48351607240112,1.0,-1.0198451957898191,0.0,0.0,0.0,0.0,0.0,0.016747,0.001958,0.0,0.0,0.0,0.0,0.0,0.0,0.0,0.0,0.0,0.0,0.0
0.0,0.0,0.6249,-0.0843,-9.7797,10.0739,1.8574,3.8672,0.0,0.0,0.0,0.0,0.494,3.656,0.043,0.0,0.0,0.0,0.0,0.0,1.0,0.0,1.0,-4.487628983176538,1.0,5.0,0.0,0.0,0.0,0.0,1.0,0.0,1.0,-0.5547973149242836,1.0,-21.711878077627635,1.0,61.96016449315307,1.0,-40.248286415525435,1.0,0.5547973149242836,0.0,0.0,0.0,0.0,0.0,-0.017951,-0.001065,0.0,0.0,0.0,1.0,4.487628983176539,1.0,5.0,0.0,0.0,0.0,0.0,1.0,0.0,1.0,0.5547973149242836,1.0,-40.248286415525435,1.0,61.96016449315307,1.0,-21.711878077627635,1.0,-0.5547973149242836,0.0,0.0,0.0,0.0,0.0,0.017951,0.001065,0.0,0.0,0.0,0.0,0.0,0.0,0.0,0.0,0.0,0.0,0.0
0.0,0.0,0.6193,-0.0295,-9.7804,10.6531,0.5803,4.3806,0.0,0.0,0.0,0.0,0.1731,3.6233,0.0151,0.0,0.0,0.0,0.0,0.0,1.0,0.0,1.0,-4.716814918980006,1.0,5.0,0.0,0.0,0.0,0.0,1.0,0.0,1.0,-0.09379396578525985,1.0,-21.117579180488317,1.0,61.70055353774193,1.0,-40.58297435725361,1.0,0.09379396578525985,0.0,0.0,0.0,0.0,0.0,-0.018867,-0.00018,0.0,0.0,0.0,1.0,4.716814918980006,1.0,5.0,0.0,0.0,0.0,0.0,1.0,0.0,1.0,0.09379396578525985,1.0,-40.58297435725361,1.0,61.70055353774193,1.0,-21.117579180488317,1.0,-0.09379396578525985,0.0,0.0,0.0,0.0,0.0,0.018867,0.00018,0.0,0.0,0.0,0.0,0.0,0.0,0.0,0.0,0.0,0.0,0.0
0.0,0.0,0.6162,0.0239,-9.7806,11.3269,-0.7909,4.7534,0.0,0.0,0.0,0.0,-0.1402,3.6051,-0.0182,0.0,0.0,0.0,0.0,0.0,1.0,0.0,1.0,-4.887376488535436,1.0,5.0,0.0,0.0,0.0,0.0,1.0,0.0,1.0,0.3958569516176151,1.0,-20.671717180849466,1.0,61.49852123434288,1.0,-40.82680405349342,1.0,-0.3958569516176151,0.0,0.0,0.0,0.0,0.0,-0.01955,0.00076,0.0,0.0,0.0,1.0,4.887376488535436,1.0,5.0,0.0,0.0,0.0,0.0,1.0,0.0,1.0,-0.3958569516176151,1.0,-40.82680405349342,1.0,61.49852123434288,1.0,-20.671717180849466,1.0,0.3958569516176151,0.0,0.0,0.0,0.0,0.0,0.01955,-0.00076,0.0,0.0,0.0,0.0,0.0,0.0,0.0,0.0,0.0,0.0,0.0
0.0,0.0,0.6144,0.0853,-9.7804,12.1623,-2.4091,5.0349,0.0,0.0,0.0,0.0,-0.4998,3.5943,-0.0543,0.0,0.0,0.0,0.0,0.0,1.0,0.0,1.0,-4.978242629029532,1.0,5.0,0.0,0.0,0.0,0.0,1.0,0.0,1.0,0.8555477695092627,1.0,-20.43293795752605,1.0,61.38779561826701,1.0,-40.95485766074096,1.0,-0.8555477695092627,0.0,0.0,0.0,0.0,0.0,-0.019913,0.001643,0.0,0.0,0.0,1.0,4.978242629029532,1.0,5.0,0.0,0.0,0.0,0.0,1.0,0.0,1.0,-0.8555477695092627,1.0,-40.95485766074096,1.0,61.38779561826701,1.0,-20.43293795752605,1.0,0.8555477695092627,0.0,0.0,0.0,0.0,0.0,0.019913,-0.001643,0.0,0.0,0.0,0.0,0.0,0.0,0.0,0.0,0.0,0.0,0.0
0.0,0.0,0.6134,0.1371,-9.7798,12.8901,-3.7101,5.0295,0.0,0.0,0.0,0.0,-0.8029,3.5888,-0.0784,0.0,0.0,0.0,0.0,0.0,1.0,0.0,1.0,-4.998017788983945,1.0,5.0,0.0,0.0,0.0,0.0,1.0,0.0,1.0,1.3107403890017937,1.0,-20.380857599595927,1.0,61.36341254360077,1.0,-40.982554944004846,1.0,-1.3107403890017937,0.0,0.0,0.0,0.0,0.0,-0.019992,0.002518,0.0,0.0,0.0,1.0,4.998017788983945,1.0,5.0,0.0,0.0,0.0,0.0,1.0,0.0,1.0,-1.3107403890017937,1.0,-40.982554944004846,1.0,61.36341254360077,1.0,-20.380857599595927,1.0,1.3107403890017937,0.0,0.0,0.0,0.0,0.0,0.019992,-0.002518,0.0,0.0,0.0,0.0,0.0,0.0,0.0,0.0,0.0,0.0,0.0
0.0,0.0,0.6128,0.194,-9.7789,13.724,-4.807,4.6857,0.0,0.0,0.0,0.0,-1.1368,3.5854,-0.0919,0.0,0.0,0.0,0.0,0.0,1.0,0.0,1.0,-4.946381314540941,1.0,5.0,0.0,0.0,0.0,0.0,1.0,0.0,1.0,1.735558174166456,1.0,-20.516762285516847,1.0,61.426865966102206,1.0,-40.91010368058536,1.0,-1.735558174166456,0.0,0.0,0.0,0.0,0.0,-0.019786,0.003335,0.0,0.0,0.0,1.0,4.9463813145409405,1.0,5.0,0.0,0.0,0.0,0.0,1.0,0.0,1.0,-1.735558174166456,1.0,-40.91010368058536,1.0,61.426865966102206,1.0,-20.516762285516844,1.0,1.735558174166456,0.0,0.0,0.0,0.0,0.0,0.019786,-0.003335,0.0,0.0,0.0,0.0,0.0,0.0,0.0,0.0,0.0,0.0,0.0
0.0,0.0,0.6122,0.2363,-9.778,14.4166,-5.4865,4.0023,0.0,0.0,0.0,0.0,-1.3841,3.5813,-0.0952,0.0,0.0,0.0,0.0,0.0,1.0,0.0,1.0,-4.818486969051133,1.0,5.0,0.0,0.0,0.0,0.0,1.0,0.0,1.0,2.1528051326924005,1.0,-20.852167906289974,1.0,61.58103211162057,1.0,-40.728864205330595,1.0,-2.1528051326924005,0.0,0.0,0.0,0.0,0.0,-0.019274,0.004138,0.0,0.0,0.0,1.0,4.818486969051133,1.0,5.0,0.0,0.0,0.0,0.0,1.0,0.0,1.0,-2.1528051326924005,1.0,-40.728864205330595,1.0,61.58103211162057,1.0,-20.852167906289974,1.0,2.1528051326924005,0.0,0.0,0.0,0.0,0.0,0.019274,-0.004138,0.0,0.0,0.0,0.0,0.0,0.0,0.0,0.0,0.0,0.0,0.0
0.0,0.0,0.6104,0.2732,-9.7772,15.105,-6.229,3.1601,0.0,0.0,0.0,0.0,-1.6006,3.5711,-0.0904,0.0,0.0,0.0,0.0,0.0,1.0,0.0,1.0,-4.6154846539784415,1.0,5.0,0.0,0.0,0.0,0.0,1.0,0.0,1.0,2.538978535480278,1.0,-21.38101788625041,1.0,61.817007972354794,1.0,-40.43599008610438,1.0,-2.538978535480278,0.0,0.0,0.0,0.0,0.0,-0.018462,0.004882,0.0,0.0,0.0,1.0,4.6154846539784415,1.0,5.0,0.0,0.0,0.0,0.0,1.0,0.0,1.0,-2.538978535480278,1.0,-40.43599008610438,1.0,61.817007972354794,1.0,-21.38101788625041,1.0,2.538978535480278,0.0,0.0,0.0,0.0,0.0,0.018462,-0.004882,0.0,0.0,0.0,0.0,0.0,0.0,0.0,0.0,0.0,0.0,0.0
0.0,0.0,0.6071,0.3071,-9.7764,15.6019,-7.1069,2.3432,0.0,0.0,0.0,0.0,-1.7994,3.5519,-0.079,0.0,0.0,0.0,0.0,0.0,1.0,0.0,1.0,-4.34184924078734,1.0,5.0,0.0,0.0,0.0,0.0,1.0,0.0,1.0,2.8846666930125426,1.0,-22.08702490247182,1.0,62.11826214686186,1.0,-40.03123724439004,1.0,-2.8846666930125426,0.0,0.0,0.0,0.0,0.0,-0.017367,0.00555,0.0,0.0,0.0,1.0,4.34184924078734,1.0,5.0,0.0,0.0,0.0,0.0,1.0,0.0,1.0,-2.8846666930125426,1.0,-40.03123724439004,1.0,62.11826214686186,1.0,-22.08702490247182,1.0,2.8846666930125426,0.0,0.0,0.0,0.0,0.0,0.017367,-0.00555,0.0,0.0,0.0,0.0,0.0,0.0,0.0,0.0,0.0,0.0,0.0
0.0,0.0,0.5998,0.3431,-9.7756,15.7251,-7.8802,1.3548,0.0,0.0,0.0,0.0,-2.0099,3.509,-0.0654,0.0,0.0,0.0,0.0,0.0,1.0,0.0,1.0,-4.005123289366476,1.0,5.0,0.0,0.0,0.0,0.0,1.0,0.0,1.0,3.1958615138797333,1.0,-23.287189109428923,1.0,63.21405330222652,1.0,-39.926864192797595,1.0,-3.1958615138797333,0.0,0.0,0.0,0.0,0.0,-0.01602,0.006126,0.000449,0.0,0.0,1.0,4.005123289366476,1.0,5.0,0.0,0.0,0.0,0.0,1.0,0.0,1.0,-3.182882132949549,1.0,-39.517688851318866,1.0,62.46268634621111,1.0,-22.944997494892238,1.0,3.182882132949549,0.0,0.0,0.0,0.0,0.0,0.01602,-0.006126,0.0,0.0,0.0,0.0,0.0,0.0,0.0,0.0,0.0,0.0,0.0
0.0,0.0,0.5882,0.3669,-9.7755,15.709,-8.4579,0.8413,0.0,0.0,0.0,0.0,-2.1492,3.441,-0.0872,0.0,0.0,0.0,0.0,0.0,1.0,0.0,1.0,-3.615522711338193,1.0,5.0,0.0,0.0,0.0,0.0,1.0,0.0,1.0,3.572136279051567,1.0,-27.15269507663481,1.0,69.9070962733741,1.0,-42.75440119673927,1.0,-3.572136279051567,0.0,0.0,0.0,0.0,0.0,-0.014462,0.006603,0.004436,0.0,0.0,1.0,3.6155227113381927,1.0,5.0,0.0,0.0,0.0,0.0,1.0,0.0,1.0,-3.428964176362585,1.0,-38.902596067841834,1.0,62.82534877111998,1.0,-23.922752703278135,1.0,3.428964176362585,0.0,0.0,0.0,0.0,0.0,0.014462,-0.006603,0.0,0.0,0.0,0.0,0.0,0.0,0.0,0.0,0.0,0.0,0.0
0.0,0.0,0.5664,0.3872,-9.776,15.6308,-9.4285,0.7139,0.0,0.0,0.0,0.0,-2.268,3.313,-0.1616,0.0,0.0,0.0,0.0,0.0,1.0,0.0,1.0,-3.1858121532727406,1.0,5.0,0.0,0.0,0.0,0.0,1.0,0.0,1.0,3.907948318891816,1.0,-30.719812942959354,1.0,75.70226670318249,1.0,-44.98245376022313,1.0,-3.907948318891816,0.0,0.0,0.0,0.0,0.0,-0.012743,0.006974,0.008145,0.0,0.0,1.0,3.1858121532727406,1.0,5.0,0.0,0.0,0.0,0.0,1.0,0.0,1.0,-3.620581676889606,1.0,-38.19872615756887,1.0,63.18119573560546,1.0,-24.982469578036596,1.0,3.620581676889606,0.0,0.0,0.0,0.0,0.0,0.012743,-0.006974,0.0,0.0,0.0,0.0,0.0,0.0,0.0,0.0,0.0,0.0,0.0
0.0,0.0,0.5509,0.4024,-9.7762,14.6366,-10.0695,-0.3226,0.0,0.0,0.0,0.0,-2.3573,3.2228,-0.2026,0.0,0.0,0.0,0.0,0.0,1.0,0.0,1.0,-2.709406702715813,1.0,5.0,0.0,0.0,0.0,0.0,1.0,0.0,1.0,4.201323378548887,1.0,-34.094364823218896,1.0,80.75407109298212,1.0,-46.65970626976323,1.0,-4.201323378548887,0.0,0.0,0.0,0.0,0.0,-0.010838,0.007251,0.011561,0.0,0.0,1.0,2.7094067027158126,1.0,5.0,0.0,0.0,0.0,0.0,1.0,0.0,1.0,-3.7631208142598096,1.0,-37.38789370166536,1.0,63.52210160892748,1.0,-26.13420790726212,1.0,3.7631208142598096,0.0,0.0,0.0,0.0,0.0,0.010838,-0.007251,0.0,0.0,0.0,0.0,0.0,0.0,0.0,0.0,0.0,0.0,0.0
0.0,0.0,0.5524,0.4113,-9.7758,13.971,-10.2784,-1.8957,0.0,0.0,0.0,0.0,-2.4092,3.2314,-0.1425,0.0,0.0,0.0,0.0,0.0,1.0,0.0,1.0,-2.1742002120629373,1.0,5.0,0.0,0.0,0.0,0.0,1.0,0.0,1.0,4.442287481499322,1.0,-37.346119129408514,1.0,85.11378836313064,1.0,-47.76766923372212,1.0,-4.442287481499322,0.0,0.0,0.0,0.0,0.0,-0.008697,0.007431,0.014637,0.0,0.0,1.0,2.174200212062937,1.0,5.0,0.0,0.0,0.0,0.0,1.0,0.0,1.0,-3.8559823498703194,1.0,-36.43973547463476,1.0,63.83845953090273,1.0,-27.398724056267966,1.0,3.8559823498703194,0.0,0.0,0.0,0.0,0.0,0.008697,-0.007431,0.0,0.0,0.0,0.0,0.0,0.0,0.0,0.0,0.0,0.0,0.0
0.0,0.0,0.568,0.4167,-9.7746,13.193,-10.4832,-3.7371,0.0,0.0,0.0,0.0,-2.4411,3.3227,0.0149,0.0,0.0,0.0,0.0,0.0,1.0,0.0,1.0,-1.6069741429986897,1.0,5.0,0.0,0.0,0.0,0.0,1.0,0.0,1.0,4.600253463633972,1.0,-40.289560342798396,1.0,88.4951930337741,1.0,-48.205632690975705,1.0,-4.600253463633972,0.0,0.0,0.0,0.0,0.0,-0.006428,0.007499,0.017099,0.0,0.0,1.0,1.6069741429986892,1.0,5.0,0.0,0.0,0.0,0.0,1.0,0.0,1.0,-3.8911583388614246,1.0,-35.39300824778436,1.0,64.09741649239976,1.0,-28.704408244615394,1.0,3.8911583388614246,0.0,0.0,0.0,0.0,0.0,0.006428,-0.007499,0.0,0.0,0.0,0.0,0.0,0.0,0.0,0.0,0.0,0.0,0.0
0.0,0.0,0.5909,0.4165,-9.7733,12.6084,-10.7364,-5.2088,0.0,0.0,0.0,0.0,-2.4404,3.4568,0.1911,0.0,0.0,0.0,0.0,0.0,1.0,0.0,1.0,-0.9926102867443376,1.0,5.0,0.0,0.0,0.0,0.0,1.0,0.0,1.0,4.660350536772379,1.0,-42.96269191418129,1.0,90.91654919270609,1.0,-47.95385727852479,1.0,-4.660350536772379,0.0,0.0,0.0,0.0,0.0,-0.00397,0.007451,0.018901,0.0,0.0,1.0,0.992610286744337,1.0,5.0,0.0,0.0,0.0,0.0,1.0,0.0,1.0,-3.8662833747978858,1.0,-34.21212785246776,1.0,64.28987746329038,1.0,-30.077749610822618,1.0,3.8662833747978858,0.0,0.0,0.0,0.0,0.0,0.00397,-0.007451,0.0,0.0,0.0,0.0,0.0,0.0,0.0,0.0,0.0,0.0,0.0
0.0,0.0,0.6187,0.4123,-9.7718,12.2954,-10.952,-6.4046,0.0,0.0,0.0,0.0,-2.416,3.6198,0.3989,0.0,0.0,0.0,0.0,0.0,1.0,0.0,1.0,-0.399797426460436,1.0,5.0,0.0,0.0,0.0,0.0,1.0,0.0,1.0,4.610174598240919,1.0,-45.053657139920396,1.0,92.13924021099083,1.0,-47.085583071070445,1.0,-4.610174598240919,0.0,0.0,0.0,0.0,0.0,-0.001599,0.007295,0.019822,0.0,0.0,1.0,0.39979742646043537,1.0,5.0,0.0,0.0,0.0,0.0,1.0,0.0,1.0,-3.7861107981788065,1.0,-33.02752570143542,1.0,64.38922656085401,1.0,-31.361700859418583,1.0,3.7861107981788065,0.0,0.0,0.0,0.0,0.0,0.001599,-0.007295,0.0,0.0,0.0,0.0,0.0,0.0,0.0,0.0,0.0,0.0,0.0
0.0,0.0,0.6426,0.3988,-9.7708,13.0036,-10.6992,-6.6564,0.0,0.0,0.0,0.0,-2.337,3.7594,0.686,0.0,0.0,0.0,0.0,0.0,1.0,0.0,1.0,0.21463740538736567,1.0,5.0,0.0,0.0,0.0,0.0,1.0,0.0,1.0,4.448384588513948,1.0,-46.69940144471497,1.0,92.30631815324385,1.0,-45.60691670852888,1.0,-4.448384588513948,0.0,0.0,0.0,0.0,0.0,0.000859,0.007027,0.019949,0.0,0.0,1.0,-0.21463740538736625,1.0,5.0,0.0,0.0,0.0,0.0,1.0,0.0,1.0,-3.6477036424259914,1.0,-31.754272326563935,1.0,64.402913216335,1.0,-32.648640889771066,1.0,3.6477036424259914,0.0,0.0,0.0,0.0,0.0,-0.000859,-0.007027,0.0,0.0,0.0,0.0,0.0,0.0,0.0,0.0,0.0,0.0,0.0
0.0,0.0,0.6556,0.3803,-9.7707,11.7586,-10.4016,-4.1976,0.0,0.0,0.0,0.0,-2.2288,3.8356,0.9032,0.0,0.0,0.0,0.0,0.0,1.0,0.0,1.0,0.8337823867149488,1.0,5.0,0.0,0.0,0.0,0.0,1.0,0.0,1.0,4.176614145197292,1.0,-47.77832834914384,1.0,91.34836880081852,1.0,-43.57004045167468,1.0,-4.176614145197292,0.0,0.0,0.0,0.0,0.0,0.003335,0.006647,0.019225,0.0,0.0,1.0,-0.8337823867149495,1.0,5.0,0.0,0.0,0.0,0.0,1.0,0.0,1.0,-3.4515200093705314,1.0,-30.4257611732817,1.0,64.32480099688348,1.0,-33.89903982360178,1.0,3.4515200093705314,0.0,0.0,0.0,0.0,0.0,-0.003335,-0.006647,0.0,0.0,0.0,0.0,0.0,0.0,0.0,0.0,0.0,0.0,0.0
0.0,0.0,0.666,0.3565,-9.7708,10.9555,-9.9075,-2.3556,0.0,0.0,0.0,0.0,-2.0894,3.8968,1.0506,0.0,0.0,0.0,0.0,0.0,1.0,0.0,1.0,1.4131391590385813,1.0,5.0,0.0,0.0,0.0,0.0,1.0,0.0,1.0,3.8289431525434994,1.0,-48.20266582597921,1.0,89.39163586259161,1.0,-41.188970036612396,1.0,-3.8289431525434994,0.0,0.0,0.0,0.0,0.0,0.005653,0.006187,0.017762,0.0,0.0,1.0,-1.413139159038582,1.0,5.0,0.0,0.0,0.0,0.0,1.0,0.0,1.0,-3.2142103270196554,1.0,-29.14233526661587,1.0,64.16799816961657,1.0,-35.02566290300069,1.0,3.2142103270196554,0.0,0.0,0.0,0.0,0.0,-0.005653,-0.006187,0.0,0.0,0.0,0.0,0.0,0.0,0.0,0.0,0.0,0.0,0.0
0.0,0.0,0.6705,0.3275,-9.7716,10.5337,-8.8699,-0.9265,0.0,0.0,0.0,0.0,-1.9196,3.9229,1.1313,0.0,0.0,0.0,0.0,0.0,1.0,0.0,1.0,1.9955308044267583,1.0,5.0,0.0,0.0,0.0,0.0,1.0,0.0,1.0,3.3944989196150406,1.0,-47.98130957613784,1.0,86.3065445636029,1.0,-38.32523498746506,1.0,-3.3944989196150406,0.0,0.0,0.0,0.0,0.0,0.007982,0.005615,0.015498,0.0,0.0,1.0,-1.995530804426759,1.0,5.0,0.0,0.0,0.0,0.0,1.0,0.0,1.0,-2.9184799649209,1.0,-27.81385768957326,1.0,63.928474747378054,1.0,-36.114617057804786,1.0,2.9184799649209,0.0,0.0,0.0,0.0,0.0,-0.007982,-0.005615,0.0,0.0,0.0,0.0,0.0,0.0,0.0,0.0,0.0,0.0,0.0
0.0,0.0,0.6684,0.2921,-9.7728,10.2805,-7.6403,0.2308,0.0,0.0,0.0,0.0,-1.7118,3.9107,1.1568,0.0,0.0,0.0,0.0,0.0,1.0,0.0,1.0,2.5365884317069405,1.0,5.0,0.0,0.0,0.0,0.0,1.0,0.0,1.0,2.919067605934304,1.0,-47.099179251550765,1.0,82.29939533389417,1.0,-35.2002160823434,1.0,-2.919067605934304,0.0,0.0,0.0,0.0,0.0,0.010146,0.004971,0.012638,0.0,0.0,1.0,-2.536588431706941,1.0,5.0,0.0,0.0,0.0,0.0,1.0,0.0,1.0,-2.5848994127973737,1.0,-26.545939583156876,1.0,63.6319318047449,1.0,-37.08599222158802,1.0,2.5848994127973737,0.0,0.0,0.0,0.0,0.0,-0.010146,-0.004971,0.0,0.0,0.0,0.0,0.0,0.0,0.0,0.0,0.0,0.0,0.0
0.0,0.0,0.6624,0.252,-9.7743,10.1836,-6.5758,1.0455,0.0,0.0,0.0,0.0,-1.4769,3.8756,1.1575,0.0,0.0,0.0,0.0,0.0,1.0,0.0,1.0,3.0354700877485707,1.0,5.0,0.0,0.0,0.0,0.0,1.0,0.0,1.0,2.4207316045083878,1.0,-45.59168131542606,1.0,77.43329499144085,1.0,-31.84161367601478,1.0,-2.4207316045083878,0.0,0.0,0.0,0.0,0.0,0.012142,0.004261,0.009297,0.0,0.0,1.0,-3.035470087748571,1.0,5.0,0.0,0.0,0.0,0.0,1.0,0.0,1.0,-2.2166694240559583,1.0,-25.34856940180698,1.0,63.29484090095512,1.0,-37.94627149914814,1.0,2.2166694240559583,0.0,0.0,0.0,0.0,0.0,-0.012142,-0.004261,0.0,0.0,0.0,0.0,0.0,0.0,0.0,0.0,0.0,0.0,0.0
0.0,0.0,0.6525,0.202,-9.7762,10.2197,-5.2515,1.6978,0.0,0.0,0.0,0.0,-1.1836,3.8179,1.1581,0.0,0.0,0.0,0.0,0.0,1.0,0.0,1.0,3.4980347032527312,1.0,5.0,0.0,0.0,0.0,0.0,1.0,0.0,1.0,1.9039487727049875,1.0,-43.44313048398357,1.0,71.6314171669545,1.0,-28.18828668297093,1.0,-1.9039487727049875,0.0,0.0,0.0,0.0,0.0,0.013992,0.003475,0.005515,0.0,0.0,1.0,-3.498034703252732,1.0,5.0,0.0,0.0,0.0,0.0,1.0,0.0,1.0,-1.8086496261497764,1.0,-24.214446339848095,1.0,62.92722304773116,1.0,-38.712776707883066,1.0,1.8086496261497764,0.0,0.0,0.0,0.0,0.0,-0.013992,-0.003475,0.0,0.0,0.0,0.0,0.0,0.0,0.0,0.0,0.0,0.0,0.0
0.0,0.0,0.6434,0.1552,-9.7776,10.3057,-3.8685,2.4429,0.0,0.0,0.0,0.0,-0.9093,3.7644,1.1618,0.0,0.0,0.0,0.0,0.0,1.0,0.0,1.0,3.9100142811444165,1.0,5.0,0.0,0.0,0.0,0.0,1.0,0.0,1.0,1.3897457084388292,1.0,-40.705632247471385,1.0,65.00829174688961,1.0,-24.302659499418237,1.0,-1.3897457084388292,0.0,0.0,0.0,0.0,0.0,0.01564,0.002633,0.001485,0.0,0.0,1.0,-3.9100142811444174,1.0,5.0,0.0,0.0,0.0,0.0,1.0,0.0,1.0,-1.3709963141483146,1.0,-23.18516799084108,1.0,62.55475308279242,1.0,-39.36958509195134,1.0,1.3709963141483146,0.0,0.0,0.0,0.0,0.0,-0.01564,-0.002633,0.0,0.0,0.0,0.0,0.0,0.0,0.0,0.0,0.0,0.0,0.0
0.0,0.0,0.6353,0.1036,-9.7788,10.6832,-2.113,3.3534,0.0,0.0,0.0,0.0,-0.607,3.7171,1.1631,0.0,0.0,0.0,0.0,0.0,1.0,0.0,1.0,4.262354219489376,1.0,5.0,0.0,0.0,0.0,0.0,1.0,0.0,1.0,0.9129987621705525,1.0,-39.91152673720751,1.0,62.202180713438075,1.0,-22.290653976230566,1.0,-0.9129987621705525,0.0,0.0,0.0,0.0,0.0,0.017049,0.001753,0.0,0.0,0.0,1.0,-4.262354219489376,1.0,5.0,0.0,0.0,0.0,0.0,1.0,0.0,1.0,-0.9129987621705525,1.0,-22.290653976230566,1.0,62.202180713438075,1.0,-39.91152673720751,1.0,0.9129987621705525,0.0,0.0,0.0,0.0,0.0,-0.017049,-0.001753,0.0,0.0,0.0,0.0,0.0,0.0,0.0,0.0,0.0,0.0,0.0
0.0,0.0,0.6298,0.0483,-9.7796,11.0117,-0.4314,4.1677,0.0,0.0,0.0,0.0,-0.2827,3.6845,1.1659,0.0,0.0,0.0,0.0,0.0,1.0,0.0,1.0,4.5426754353661885,1.0,5.0,0.0,0.0,0.0,0.0,1.0,0.0,1.0,0.45550392012483826,1.0,-40.329405332287045,1.0,61.89904681399474,1.0,-21.569641481707695,1.0,-0.45550392012483826,0.0,0.0,0.0,0.0,0.0,0.018171,0.000875,0.0,0.0,0.0,1.0,-4.5426754353661885,1.0,5.0,0.0,0.0,0.0,0.0,1.0,0.0,1.0,-0.45550392012483826,1.0,-21.569641481707695,1.0,61.89904681399474,1.0,-40.329405332287045,1.0,0.45550392012483826,0.0,0.0,0.0,0.0,0.0,-0.018171,-0.000875,0.0,0.0,0.0,0.0,0.0,0.0,0.0,0.0,0.0,0.0,0.0
0.0,0.0,0.6283,-0.0087,-9.7798,11.4851,1.0472,4.6712,0.0,0.0,0.0,0.0,0.051,3.6757,1.1778,0.0,0.0,0.0,0.0,0.0,1.0,0.0,1.0,4.76523636427855,1.0,5.0,0.0,0.0,0.0,0.0,1.0,0.0,1.0,-0.025421305779505618,1.0,-40.65265383215692,1.0,61.64396596512653,1.0,-20.99131213296961,1.0,0.025421305779505618,0.0,0.0,0.0,0.0,0.0,0.019061,-4.9e-05,0.0,0.0,0.0,1.0,-4.76523636427855,1.0,5.0,0.0,0.0,0.0,0.0,1.0,0.0,1.0,0.025421305779505618,1.0,-20.99131213296961,1.0,61.64396596512653,1.0,-40.65265383215692,1.0,-0.025421305779505618,0.0,0.0,0.0,0.0,0.0,-0.019061,4.9e-05,0.0,0.0,0.0,0.0,0.0,0.0,0.0,0.0,0.0,0.0,0.0
0.0,0.0,0.6288,-0.0625,-9.7796,12.1027,1.9649,4.6989,0.0,0.0,0.0,0.0,0.3663,3.6789,1.2024,0.0,0.0,0.0,0.0,0.0,1.0,0.0,1.0,4.913750323561873,1.0,5.0,0.0,0.0,0.0,0.0,1.0,0.0,1.0,-0.4992204530638319,1.0,-40.86410421336388,1.0,61.4666052320277,1.0,-20.60250101866382,1.0,0.4992204530638319,0.0,0.0,0.0,0.0,0.0,0.019655,-0.000958,0.0,0.0,0.0,1.0,-4.913750323561873,1.0,5.0,0.0,0.0,0.0,0.0,1.0,0.0,1.0,0.4992204530638319,1.0,-20.60250101866382,1.0,61.4666052320277,1.0,-40.86410421336388,1.0,-0.4992204530638319,0.0,0.0,0.0,0.0,0.0,-0.019655,0.000958,0.0,0.0,0.0,0.0,0.0,0.0,0.0,0.0,0.0,0.0,0.0
0.0,0.0,0.6298,-0.1091,-9.7791,12.7486,2.6818,4.469,0.0,0.0,0.0,0.0,0.6389,3.6845,1.237,0.0,0.0,0.0,0.0,0.0,1.0,0.0,1.0,4.989361201255979,1.0,5.0,0.0,0.0,0.0,0.0,1.0,0.0,1.0,-0.9621512809762242,1.0,-40.97043797856543,1.0,61.37409884166372,1.0,-20.403660863098292,1.0,0.9621512809762242,0.0,0.0,0.0,0.0,0.0,0.019957,-0.001848,0.0,0.0,0.0,1.0,-4.989361201255979,1.0,5.0,0.0,0.0,0.0,0.0,1.0,0.0,1.0,0.9621512809762242,1.0,-20.403660863098292,1.0,61.37409884166372,1.0,-40.97043797856543,1.0,-0.9621512809762242,0.0,0.0,0.0,0.0,0.0,-0.019957,0.001848,0.0,0.0,0.0,0.0,0.0,0.0,0.0,0.0,0.0,0.0,0.0
0.0,0.0,0.6307,-0.1497,-9.7785,13.4365,3.5416,4.1731,0.0,0.0,0.0,0.0,0.8769,3.6897,1.2692,0.0,0.0,0.0,0.0,0.0,1.0,0.0,1.0,4.9924268282290445,1.0,5.0,0.0,0.0,0.0,0.0,1.0,0.0,1.0,-1.40905506352015,1.0,-40.97473039934333,1.0,61.37031665999151,1.0,-20.395586260648177,1.0,1.40905506352015,0.0,0.0,0.0,0.0,0.0,0.01997,-0.002707,0.0,0.0,0.0,1.0,-4.9924268282290445,1.0,5.0,0.0,0.0,0.0,0.0,1.0,0.0,1.0,1.40905506352015,1.0,-20.395586260648177,1.0,61.37031665999151,1.0,-40.97473039934333,1.0,-1.40905506352015,0.0,0.0,0.0,0.0,0.0,-0.01997,0.002707,0.0,0.0,0.0,0.0,0.0,0.0,0.0,0.0,0.0,0.0,0.0
0.0,0.0,0.631,-0.1873,-9.7779,14.1447,4.5883,3.905,0.0,0.0,0.0,0.0,1.0975,3.6916,1.2893,0.0,0.0,0.0,0.0,0.0,1.0,0.0,1.0,4.920126640093527,1.0,5.0,0.0,0.0,0.0,0.0,1.0,0.0,1.0,-1.8477314502984188,1.0,-40.873105880388565,1.0,61.45886176363033,1.0,-20.58575588324177,1.0,1.8477314502984188,0.0,0.0,0.0,0.0,0.0,0.019681,-0.00355,0.0,0.0,0.0,1.0,-4.920126640093527,1.0,5.0,0.0,0.0,0.0,0.0,1.0,0.0,1.0,1.8477314502984188,1.0,-20.58575588324177,1.0,61.45886176363033,1.0,-40.873105880388565,1.0,-1.8477314502984188,0.0,0.0,0.0,0.0,0.0,-0.019681,0.00355,0.0,0.0,0.0,0.0,0.0,0.0,0.0,0.0,0.0,0.0,0.0
0.0,0.0,0.6313,-0.2241,-9.7771,14.8291,5.7552,3.6242,0.0,0.0,0.0,0.0,1.313,3.6932,1.2927,0.0,0.0,0.0,0.0,0.0,1.0,0.0,1.0,4.777922814562642,1.0,5.0,0.0,0.0,0.0,0.0,1.0,0.0,1.0,-2.24565801592014,1.0,-40.67085004275423,1.0,61.629039412888005,1.0,-20.95818937013378,1.0,2.24565801592014,0.0,0.0,0.0,0.0,0.0,0.019112,-0.004317,0.0,0.0,0.0,1.0,-4.777922814562641,1.0,5.0,0.0,0.0,0.0,0.0,1.0,0.0,1.0,2.24565801592014,1.0,-20.958189370133777,1.0,61.629039412888005,1.0,-40.67085004275423,1.0,-2.24565801592014,0.0,0.0,0.0,0.0,0.0,-0.019112,0.004317,0.0,0.0,0.0,0.0,0.0,0.0,0.0,0.0,0.0,0.0,0.0
0.0,0.0,0.6314,-0.2599,-9.7762,15.4734,6.6656,3.0845,0.0,0.0,0.0,0.0,1.5227,3.6942,1.2841,0.0,0.0,0.0,0.0,0.0,1.0,0.0,1.0,4.560753991618413,1.0,5.0,0.0,0.0,0.0,0.0,1.0,0.0,1.0,-2.6193069506515037,1.0,-40.35594595736901,1.0,61.878804112729085,1.0,-21.522858155360073,1.0,2.6193069506515037,0.0,0.0,0.0,0.0,0.0,0.018243,-0.005037,0.0,0.0,0.0,1.0,-4.560753991618412,1.0,5.0,0.0,0.0,0.0,0.0,1.0,0.0,1.0,2.6193069506515037,1.0,-21.52285815536007,1.0,61.878804112729085,1.0,-40.35594595736901,1.0,-2.6193069506515037,0.0,0.0,0.0,0.0,0.0,-0.018243,0.005037,0.0,0.0,0.0,0.0,0.0,0.0,0.0,0.0,0.0,0.0,0.0
0.0,0.0,0.6312,-0.2918,-9.7753,15.9958,7.382,2.3209,0.0,0.0,0.0,0.0,1.7098,3.6928,1.2689,0.0,0.0,0.0,0.0,0.0,1.0,0.0,1.0,4.275025911743191,1.0,5.0,0.0,0.0,0.0,0.0,1.0,0.0,1.0,-2.952437756988884,1.0,-39.930672520244244,1.0,62.188912105903206,1.0,-22.258239585658966,1.0,2.952437756988884,0.0,0.0,0.0,0.0,0.0,0.0171,-0.005681,0.0,0.0,0.0,1.0,-4.27502591174319,1.0,5.0,0.0,0.0,0.0,0.0,1.0,0.0,1.0,2.952437756988884,1.0,-22.258239585658963,1.0,62.188912105903206,1.0,-39.930672520244244,1.0,-2.952437756988884,0.0,0.0,0.0,0.0,0.0,-0.0171,0.005681,0.0,0.0,0.0,0.0,0.0,0.0,0.0,0.0,0.0,0.0,0.0
0.0,0.0,0.6203,-0.3487,-9.7741,16.054,9.1494,1.1418,0.0,0.0,0.0,0.0,2.043,3.629,1.2626,0.0,0.0,0.0,0.0,0.0,1.0,0.0,1.0,3.9176543324368347,1.0,5.0,0.0,0.0,0.0,0.0,1.0,0.0,1.0,-3.245684539664983,1.0,-39.38153142323701,1.0,62.547441956508806,1.0,-23.1659105332718,1.0,3.245684539664983,0.0,0.0,0.0,0.0,0.0,0.015671,-0.006248,0.0,0.0,0.0,1.0,-3.9176543324368343,1.0,5.0,0.0,0.0,0.0,0.0,1.0,0.0,1.0,3.287413094101707,1.0,-24.223032833807007,1.0,64.86846669669688,1.0,-40.64543386288988,1.0,-3.287413094101707,0.0,0.0,0.0,0.0,0.0,-0.015671,0.006248,0.001404,0.0,0.0,0.0,0.0,0.0,0.0,0.0,0.0,0.0,0.0
0.0,0.0,0.6203,-0.3487,-9.7741,16.054,9.1494,1.1418,0.0,0.0,0.0,0.0,2.043,3.629,1.2626,0.0,0.0,0.0,0.0,0.0,1.0,0.0,1.0,3.497976188518864,1.0,5.0,0.0,0.0,0.0,0.0,1.0,0.0,1.0,-3.4884657248678144,1.0,-38.71268167319589,1.0,62.927272924941185,1.0,-24.214591251745297,1.0,3.4884657248678144,0.0,0.0,0.0,0.0,0.0,0.013992,-0.006718,0.0,0.0,0.0,1.0,-3.4979761885188636,1.0,5.0,0.0,0.0,0.0,0.0,1.0,0.0,1.0,3.671396029836125,1.0,-28.188790056681277,1.0,71.6322474521445,1.0,-43.44345739546322,1.0,-3.671396029836125,0.0,0.0,0.0,0.0,0.0,-0.013992,0.006718,0.005516,0.0,0.0,0.0,0.0,0.0,0.0,0.0,0.0,0.0,0.0
0.0,0.0,0.6021,-0.3709,-9.7745,16.1641,10.0139,1.1405,0.0,0.0,0.0,0.0,2.173,3.5226,1.3447,0.0,0.0,0.0,0.0,0.0,1.0,0.0,1.0,3.031584434100565,1.0,5.0,0.0,0.0,0.0,0.0,1.0,0.0,1.0,-3.673803612261021,1.0,-37.93970459570117,1.0,63.297703826562916,1.0,-25.357999230861743,1.0,3.673803612261021,0.0,0.0,0.0,0.0,0.0,0.012126,-0.007077,0.0,0.0,0.0,1.0,-3.0315844341005644,1.0,5.0,0.0,0.0,0.0,0.0,1.0,0.0,1.0,4.011460270493093,1.0,-31.869863430061386,1.0,77.47625780204447,1.0,-45.60639437198308,1.0,-4.011460270493093,0.0,0.0,0.0,0.0,0.0,-0.012126,0.007077,0.009326,0.0,0.0,0.0,0.0,0.0,0.0,0.0,0.0,0.0,0.0
0.0,0.0,0.5785,-0.383,-9.7754,16.102,10.6769,1.0055,0.0,0.0,0.0,0.0,2.2439,3.3841,1.4224,0.0,0.0,0.0,0.0,0.0,1.0,0.0,1.0,2.539583228184583,1.0,5.0,0.0,0.0,0.0,0.0,1.0,0.0,1.0,-3.799559590831646,1.0,-37.091258731750486,1.0,63.63009101308975,1.0,-26.538832281339268,1.0,3.799559590831646,0.0,0.0,0.0,0.0,0.0,0.010158,-0.007322,0.0,0.0,0.0,1.0,-2.5395832281845827,1.0,5.0,0.0,0.0,0.0,0.0,1.0,0.0,1.0,4.2876418229112465,1.0,-35.18152979360571,1.0,82.2737878426864,1.0,-47.0922580490807,1.0,-4.2876418229112465,0.0,0.0,0.0,0.0,0.0,-0.010158,0.007322,0.01262,0.0,0.0,0.0,0.0,0.0,0.0,0.0,0.0,0.0,0.0
0.0,0.0,0.5612,-0.3917,-9.7761,15.2432,11.0236,-0.4025,0.0,0.0,0.0,0.0,2.2947,3.2826,1.406,0.0,0.0,0.0,0.0,0.0,1.0,0.0,1.0,1.9941049640334896,1.0,5.0,0.0,0.0,0.0,0.0,1.0,0.0,1.0,-3.8736788647527143,1.0,-36.11200542250733,1.0,63.929161805459195,1.0,-27.817156382951868,1.0,3.8736788647527143,0.0,0.0,0.0,0.0,0.0,0.007976,-0.007465,0.0,0.0,0.0,1.0,-1.9941049640334891,1.0,5.0,0.0,0.0,0.0,0.0,1.0,0.0,1.0,4.503179283610363,1.0,-38.33285061822883,1.0,86.31557468894664,1.0,-47.982724070717815,1.0,-4.503179283610363,0.0,0.0,0.0,0.0,0.0,-0.007976,0.007465,0.015505,0.0,0.0,0.0,0.0,0.0,0.0,0.0,0.0,0.0,0.0
0.0,0.0,0.5624,-0.394,-9.7759,14.4715,11.0882,-2.1442,0.0,0.0,0.0,0.0,2.308,3.2902,1.3041,0.0,0.0,0.0,0.0,0.0,1.0,0.0,1.0,1.4144136864102141,1.0,5.0,0.0,0.0,0.0,0.0,1.0,0.0,1.0,-3.8900414414083575,1.0,-35.02809417021151,1.0,64.16756379179652,1.0,-29.139469621585018,1.0,3.8900414414083575,0.0,0.0,0.0,0.0,0.0,0.005658,-0.007497,0.0,0.0,0.0,1.0,-1.4144136864102137,1.0,5.0,0.0,0.0,0.0,0.0,1.0,0.0,1.0,4.631452001583649,1.0,-41.18322656117149,1.0,89.38614963431914,1.0,-48.20292307314765,1.0,-4.631452001583649,0.0,0.0,0.0,0.0,0.0,-0.005658,0.007497,0.017758,0.0,0.0,0.0,0.0,0.0,0.0,0.0,0.0,0.0,0.0
0.0,0.0,0.577,-0.3919,-9.7751,13.7049,11.206,-3.8168,0.0,0.0,0.0,0.0,2.2961,3.3753,1.1612,0.0,0.0,0.0,0.0,0.0,1.0,0.0,1.0,0.7986130510357691,1.0,5.0,0.0,0.0,0.0,0.0,1.0,0.0,1.0,-3.845928640595348,1.0,-33.82928487336082,1.0,64.33171151351736,1.0,-30.502426640156543,1.0,3.845928640595348,0.0,0.0,0.0,0.0,0.0,0.003194,-0.007412,0.0,0.0,0.0,1.0,-0.7986130510357683,1.0,5.0,0.0,0.0,0.0,0.0,1.0,0.0,1.0,4.655547278831571,1.0,-43.699887788292315,1.0,91.4335534487194,1.0,-47.733665660427086,1.0,-4.655547278831571,0.0,0.0,0.0,0.0,0.0,-0.003194,0.007412,0.019289,0.0,0.0,0.0,0.0,0.0,0.0,0.0,0.0,0.0,0.0
0.0,0.0,0.6021,-0.386,-9.7739,13.0071,11.4501,-5.3475,0.0,0.0,0.0,0.0,2.2615,3.5223,0.9975,0.0,0.0,0.0,0.0,0.0,1.0,0.0,1.0,0.18614089863104588,1.0,5.0,0.0,0.0,0.0,0.0,1.0,0.0,1.0,-3.7443021465952344,1.0,-32.589958993646434,1.0,64.40428707724261,1.0,-31.81432808359618,1.0,3.7443021465952344,0.0,0.0,0.0,0.0,0.0,0.000745,-0.007214,0.0,0.0,0.0,1.0,-0.1861408986310453,1.0,5.0,0.0,0.0,0.0,0.0,1.0,0.0,1.0,4.566418032409135,1.0,-45.68774536653811,1.0,92.32307154398183,1.0,-46.63532617744371,1.0,-4.566418032409135,0.0,0.0,0.0,0.0,0.0,-0.000745,0.007214,0.019961,0.0,0.0,0.0,0.0,0.0,0.0,0.0,0.0,0.0,0.0
0.0,0.0,0.6336,-0.3768,-9.7722,12.4505,11.731,-6.765,0.0,0.0,0.0,0.0,2.2083,3.7069,0.8117,0.0,0.0,0.0,0.0,0.0,1.0,0.0,1.0,-0.4201214066597919,1.0,5.0,0.0,0.0,0.0,0.0,1.0,0.0,1.0,-3.588968926665791,1.0,-31.31836317855273,1.0,64.38722170841314,1.0,-33.0688585298604,1.0,3.588968926665791,0.0,0.0,0.0,0.0,0.0,-0.00168,-0.006913,0.0,0.0,0.0,1.0,0.4201214066597925,1.0,5.0,0.0,0.0,0.0,0.0,1.0,0.0,1.0,4.37001793506008,1.0,-47.12474860617717,1.0,92.11473905940889,1.0,-44.98999045323172,1.0,-4.37001793506008,0.0,0.0,0.0,0.0,0.0,0.00168,0.006913,0.019804,0.0,0.0,0.0,0.0,0.0,0.0,0.0,0.0,0.0,0.0
0.0,0.0,0.6734,-0.3609,-9.7702,11.2765,11.7058,-5.8044,0.0,0.0,0.0,0.0,2.1153,3.9401,0.5812,0.0,0.0,0.0,0.0,0.0,1.0,0.0,1.0,-1.0201914032590536,1.0,5.0,0.0,0.0,0.0,0.0,1.0,0.0,1.0,-3.3810071530274484,1.0,-30.017019309582793,1.0,64.28319270117531,1.0,-34.26617339159252,1.0,3.3810071530274484,0.0,0.0,0.0,0.0,0.0,-0.004081,-0.00651,0.0,0.0,0.0,1.0,1.020191403259054,1.0,5.0,0.0,0.0,0.0,0.0,1.0,0.0,1.0,4.07430867714078,1.0,-47.97990659613427,1.0,90.83363948742883,1.0,-42.85373289129456,1.0,-4.07430867714078,0.0,0.0,0.0,0.0,0.0,0.004081,0.00651,0.018839,0.0,0.0,0.0,0.0,0.0,0.0,0.0,0.0,0.0,0.0
0.0,0.0,0.6997,-0.343,-9.769,10.1688,11.3004,-3.7664,0.0,0.0,0.0,0.0,2.011,4.0942,0.3918,0.0,0.0,0.0,0.0,0.0,1.0,0.0,1.0,-1.6092502581411836,1.0,5.0,0.0,0.0,0.0,0.0,1.0,0.0,1.0,-3.121360923611185,1.0,-28.699240711703617,1.0,64.09653359843598,1.0,-35.397292886732366,1.0,3.121360923611185,0.0,0.0,0.0,0.0,0.0,-0.006437,-0.006007,0.0,0.0,0.0,1.0,1.6092502581411843,1.0,5.0,0.0,0.0,0.0,0.0,1.0,0.0,1.0,3.6918724511563057,1.0,-48.2052282572032,1.0,88.48391502379086,1.0,-40.278686766587654,1.0,-3.6918724511563057,0.0,0.0,0.0,0.0,0.0,0.006437,0.006007,0.017091,0.0,0.0,0.0,0.0,0.0,0.0,0.0,0.0,0.0,0.0
0.0,0.0,0.7171,-0.3186,-9.7685,9.6854,10.2143,-1.9309,0.0,0.0,0.0,0.0,1.8681,4.1965,0.2382,0.0,0.0,0.0,0.0,0.0,1.0,0.0,1.0,-2.1766793183058386,1.0,5.0,0.0,0.0,0.0,0.0,1.0,0.0,1.0,-2.813593055830604,1.0,-27.392939119913883,1.0,63.83715576478775,1.0,-36.44421664487387,1.0,2.813593055830604,0.0,0.0,0.0,0.0,0.0,-0.008707,-0.005413,0.0,0.0,0.0,1.0,2.176679318305839,1.0,5.0,0.0,0.0,0.0,0.0,1.0,0.0,1.0,3.2428653041575197,1.0,-47.76418739593748,1.0,85.09636866838936,1.0,-37.33218127245187,1.0,-3.2428653041575197,0.0,0.0,0.0,0.0,0.0,0.008707,0.005413,0.014624,0.0,0.0,0.0,0.0,0.0,0.0,0.0,0.0,0.0,0.0
0.0,0.0,0.7233,-0.2856,-9.7691,9.4033,8.5637,-0.4395,0.0,0.0,0.0,0.0,1.6746,4.2327,0.144,0.0,0.0,0.0,0.0,0.0,1.0,0.0,1.0,-2.7031459258905683,1.0,5.0,0.0,0.0,0.0,0.0,1.0,0.0,1.0,-2.4690945318865696,1.0,-26.149180556247533,1.0,63.526208695330304,1.0,-37.377028139082775,1.0,2.4690945318865696,0.0,0.0,0.0,0.0,0.0,-0.010813,-0.004748,0.0,0.0,0.0,1.0,2.7031459258905683,1.0,5.0,0.0,0.0,0.0,0.0,1.0,0.0,1.0,2.759143252616672,1.0,-46.67708346673508,1.0,80.8125146205127,1.0,-34.13543115377762,1.0,-2.759143252616672,0.0,0.0,0.0,0.0,0.0,0.010813,0.004748,0.011602,0.0,0.0,0.0,0.0,0.0,0.0,0.0,0.0,0.0,0.0
0.0,0.0,0.7223,-0.243,-9.7703,9.2596,6.9016,0.8218,0.0,0.0,0.0,0.0,1.4248,4.2266,0.0876,0.0,0.0,0.0,0.0,0.0,1.0,0.0,1.0,-3.181004338500111,1.0,5.0,0.0,0.0,0.0,0.0,1.0,0.0,1.0,-2.096111872306066,1.0,-24.99421466858455,1.0,63.184916831678144,1.0,-38.19070216309359,1.0,2.096111872306066,0.0,0.0,0.0,0.0,0.0,-0.012724,-0.004029,0.0,0.0,0.0,1.0,3.181004338500111,1.0,5.0,0.0,0.0,0.0,0.0,1.0,0.0,1.0,2.264153846499481,1.0,-45.00317694378193,1.0,75.75976330988159,1.0,-30.75658636609966,1.0,-2.264153846499481,0.0,0.0,0.0,0.0,0.0,0.012724,0.004029,0.008183,0.0,0.0,0.0,0.0,0.0,0.0,0.0,0.0,0.0,0.0
0.0,0.0,0.7179,-0.194,-9.7717,9.2216,5.3601,1.8929,0.0,0.0,0.0,0.0,1.1373,4.2012,0.05,0.0,0.0,0.0,0.0,0.0,1.0,0.0,1.0,-3.617001721269375,1.0,5.0,0.0,0.0,0.0,0.0,1.0,0.0,1.0,-1.6906661601264212,1.0,-23.919071339572362,1.0,62.824044266472285,1.0,-38.90497292689993,1.0,1.6906661601264212,0.0,0.0,0.0,0.0,0.0,-0.014468,-0.003248,0.0,0.0,0.0,1.0,3.6170017212693755,1.0,5.0,0.0,0.0,0.0,0.0,1.0,0.0,1.0,1.7613670683102205,1.0,-42.745305103205446,1.0,69.88463347899044,1.0,-27.139328375784984,1.0,-1.7613670683102205,0.0,0.0,0.0,0.0,0.0,0.014468,0.003248,0.004422,0.0,0.0,0.0,0.0,0.0,0.0,0.0,0.0,0.0,0.0
0.0,0.0,0.7125,-0.1406,-9.7731,9.3461,3.9964,2.8033,0.0,0.0,0.0,0.0,0.8242,4.1693,0.0214,0.0,0.0,0.0,0.0,0.0,1.0,0.0,1.0,-4.006584242538392,1.0,5.0,0.0,0.0,0.0,0.0,1.0,0.0,1.0,-1.2548214419969481,1.0,-22.94130082773373,1.0,62.46125426203794,1.0,-39.519953434304206,1.0,1.2548214419969481,0.0,0.0,0.0,0.0,0.0,-0.016026,-0.00241,0.0,0.0,0.0,1.0,4.006584242538392,1.0,5.0,0.0,0.0,0.0,0.0,1.0,0.0,1.0,1.2597739552099643,1.0,-39.91438439680374,1.0,63.1855463915169,1.0,-23.27116199471316,1.0,-1.2597739552099643,0.0,0.0,0.0,0.0,0.0,0.016026,0.00241,0.000433,0.0,0.0,0.0,0.0,0.0,0.0,0.0,0.0,0.0,0.0
0.0,0.0,0.7048,-0.0762,-9.7743,9.9595,2.266,3.6256,0.0,0.0,0.0,0.0,0.4468,4.1243,-0.0117,0.0,0.0,0.0,0.0,0.0,1.0,0.0,1.0,-4.335287700966029,1.0,5.0,0.0,0.0,0.0,0.0,1.0,0.0,1.0,-0.8041774844696459,1.0,-22.10385767876467,1.0,62.12524999961024,1.0,-40.02139232084557,1.0,0.8041774844696459,0.0,0.0,0.0,0.0,0.0,-0.017341,-0.001544,0.0,0.0,0.0,1.0,4.335287700966029,1.0,5.0,0.0,0.0,0.0,0.0,1.0,0.0,1.0,0.8041774844696459,1.0,-40.02139232084557,1.0,62.12524999961024,1.0,-22.10385767876467,1.0,-0.8041774844696459,0.0,0.0,0.0,0.0,0.0,0.017341,0.001544,0.0,0.0,0.0,0.0,0.0,0.0,0.0,0.0,0.0,0.0,0.0
0.0,0.0,0.6991,-0.011,-9.775,10.5486,0.5786,4.3265,0.0,0.0,0.0,0.0,0.0645,4.0905,-0.0541,0.0,0.0,0.0,0.0,0.0,1.0,0.0,1.0,-4.597061565068906,1.0,5.0,0.0,0.0,0.0,0.0,1.0,0.0,1.0,-0.35131027976645557,1.0,-21.428798399069173,1.0,61.83789569330766,1.0,-40.409097294238485,1.0,0.35131027976645557,0.0,0.0,0.0,0.0,0.0,-0.018388,-0.000674,0.0,0.0,0.0,1.0,4.597061565068906,1.0,5.0,0.0,0.0,0.0,0.0,1.0,0.0,1.0,0.35131027976645557,1.0,-40.409097294238485,1.0,61.83789569330766,1.0,-21.428798399069173,1.0,-0.35131027976645557,0.0,0.0,0.0,0.0,0.0,0.018388,0.000674,0.0,0.0,0.0,0.0,0.0,0.0,0.0,0.0,0.0,0.0,0.0
0.0,0.0,0.6967,0.0444,-9.7751,11.2097,-0.8495,4.8405,0.0,0.0,0.0,0.0,-0.2605,4.0767,-0.0888,0.0,0.0,0.0,0.0,0.0,1.0,0.0,1.0,-4.80080018300354,1.0,5.0,0.0,0.0,0.0,0.0,1.0,0.0,1.0,0.1208376861100792,1.0,-20.8984166438212,1.0,61.602016835553485,1.0,-40.703600191732285,1.0,-0.1208376861100792,0.0,0.0,0.0,0.0,0.0,-0.019203,0.000232,0.0,0.0,0.0,1.0,4.80080018300354,1.0,5.0,0.0,0.0,0.0,0.0,1.0,0.0,1.0,-0.1208376861100792,1.0,-40.703600191732285,1.0,61.602016835553485,1.0,-20.8984166438212,1.0,0.1208376861100792,0.0,0.0,0.0,0.0,0.0,0.019203,-0.000232,0.0,0.0,0.0,0.0,0.0,0.0,0.0,0.0,0.0,0.0,0.0
0.0,0.0,0.6959,0.1061,-9.7747,12.0145,-2.1386,5.0876,0.0,0.0,0.0,0.0,-0.6219,4.0722,-0.1186,0.0,0.0,0.0,0.0,0.0,1.0,0.0,1.0,-4.932738098168785,1.0,5.0,0.0,0.0,0.0,0.0,1.0,0.0,1.0,0.5835337690653513,1.0,-20.552623780324247,1.0,61.44351501734023,1.0,-40.890891237015985,1.0,-0.5835337690653513,0.0,0.0,0.0,0.0,0.0,-0.019731,0.00112,0.0,0.0,0.0,1.0,4.932738098168786,1.0,5.0,0.0,0.0,0.0,0.0,1.0,0.0,1.0,-0.5835337690653513,1.0,-40.89089123701598,1.0,61.44351501734023,1.0,-20.55262378032425,1.0,0.5835337690653513,0.0,0.0,0.0,0.0,0.0,0.019731,-0.00112,0.0,0.0,0.0,0.0,0.0,0.0,0.0,0.0,0.0,0.0,0.0
0.0,0.0,0.696,0.1604,-9.7739,12.83,-3.1401,4.801,0.0,0.0,0.0,0.0,-0.9405,4.0727,-0.1439,0.0,0.0,0.0,0.0,0.0,1.0,0.0,1.0,-4.994338536061033,1.0,5.0,0.0,0.0,0.0,0.0,1.0,0.0,1.0,1.0287870172421876,1.0,-20.390550483819286,1.0,61.36795686754454,1.0,-40.97740638372525,1.0,-1.0287870172421876,0.0,0.0,0.0,0.0,0.0,-0.019977,0.001976,0.0,0.0,0.0,1.0,4.994338536061033,1.0,5.0,0.0,0.0,0.0,0.0,1.0,0.0,1.0,-1.0287870172421876,1.0,-40.97740638372525,1.0,61.36795686754454,1.0,-20.390550483819286,1.0,1.0287870172421876,0.0,0.0,0.0,0.0,0.0,0.019977,-0.001976,0.0,0.0,0.0,0.0,0.0,0.0,0.0,0.0,0.0,0.0,0.0
0.0,0.0,0.6955,0.2019,-9.7732,13.5516,-4.0378,4.3918,0.0,0.0,0.0,0.0,-1.1837,4.0694,-0.1594,0.0,0.0,0.0,0.0,0.0,1.0,0.0,1.0,-4.9883592404199435,1.0,5.0,0.0,0.0,0.0,0.0,1.0,0.0,1.0,1.4569639543242634,1.0,-20.406299729170925,1.0,61.37533446593978,1.0,-40.969034736768855,1.0,-1.4569639543242634,0.0,0.0,0.0,0.0,0.0,-0.019953,0.002799,0.0,0.0,0.0,1.0,4.9883592404199435,1.0,5.0,0.0,0.0,0.0,0.0,1.0,0.0,1.0,-1.4569639543242634,1.0,-40.969034736768855,1.0,61.37533446593978,1.0,-20.406299729170925,1.0,1.4569639543242634,0.0,0.0,0.0,0.0,0.0,0.019953,-0.002799,0.0,0.0,0.0,0.0,0.0,0.0,0.0,0.0,0.0,0.0,0.0
0.0,0.0,0.6942,0.247,-9.7723,14.4069,-5.2199,3.8562,0.0,0.0,0.0,0.0,-1.4477,4.0622,-0.1612,0.0,0.0,0.0,0.0,0.0,1.0,0.0,1.0,-4.911888061215006,1.0,5.0,0.0,0.0,0.0,0.0,1.0,0.0,1.0,1.8786469447320546,1.0,-20.607390784812818,1.0,61.46886478182434,1.0,-40.861473997011515,1.0,-1.8786469447320546,0.0,0.0,0.0,0.0,0.0,-0.019648,0.00361,0.0,0.0,0.0,1.0,4.911888061215005,1.0,5.0,0.0,0.0,0.0,0.0,1.0,0.0,1.0,-1.8786469447320546,1.0,-40.86147399701152,1.0,61.46886478182434,1.0,-20.607390784812814,1.0,1.8786469447320546,0.0,0.0,0.0,0.0,0.0,0.019648,-0.00361,0.0,0.0,0.0,0.0,0.0,0.0,0.0,0.0,0.0,0.0,0.0
0.0,0.0,0.6925,0.284,-9.7714,15.0994,-6.2494,3.2825,0.0,0.0,0.0,0.0,-1.6649,4.0522,-0.1505,0.0,0.0,0.0,0.0,0.0,1.0,0.0,1.0,-4.751604611389716,1.0,5.0,0.0,0.0,0.0,0.0,1.0,0.0,1.0,2.3005933873829227,1.0,-21.02688412344422,1.0,61.65995817536937,1.0,-40.63307405192515,1.0,-2.3005933873829227,0.0,0.0,0.0,0.0,0.0,-0.019006,0.004423,0.0,0.0,0.0,1.0,4.751604611389716,1.0,5.0,0.0,0.0,0.0,0.0,1.0,0.0,1.0,-2.3005933873829227,1.0,-40.63307405192515,1.0,61.65995817536937,1.0,-21.02688412344422,1.0,2.3005933873829227,0.0,0.0,0.0,0.0,0.0,0.019006,-0.004423,0.0,0.0,0.0,0.0,0.0,0.0,0.0,0.0,0.0,0.0,0.0
0.0,0.0,0.6901,0.3191,-9.7705,15.6458,-7.0194,2.4907,0.0,0.0,0.0,0.0,-1.8705,4.0378,-0.1325,0.0,0.0,0.0,0.0,0.0,1.0,0.0,1.0,-4.534660333369949,1.0,5.0,0.0,0.0,0.0,0.0,1.0,0.0,1.0,2.655252812279034,1.0,-21.590371813448243,1.0,61.907994444944684,1.0,-40.31762263149645,1.0,-2.655252812279034,0.0,0.0,0.0,0.0,0.0,-0.018139,0.005107,0.0,0.0,0.0,1.0,4.534660333369949,1.0,5.0,0.0,0.0,0.0,0.0,1.0,0.0,1.0,-2.655252812279034,1.0,-40.31762263149645,1.0,61.907994444944684,1.0,-21.590371813448243,1.0,2.655252812279034,0.0,0.0,0.0,0.0,0.0,0.018139,-0.005107,0.0,0.0,0.0,0.0,0.0,0.0,0.0,0.0,0.0,0.0,0.0
0.0,0.0,0.6857,0.3494,-9.7697,15.7686,-7.6429,1.6299,0.0,0.0,0.0,0.0,-2.0483,4.0123,-0.1106,0.0,0.0,0.0,0.0,0.0,1.0,0.0,1.0,-4.251817004542672,1.0,5.0,0.0,0.0,0.0,0.0,1.0,0.0,1.0,2.974832534571757,1.0,-22.317595467168957,1.0,62.213183073058424,1.0,-39.89558760588946,1.0,-2.974832534571757,0.0,0.0,0.0,0.0,0.0,-0.017007,0.005724,0.0,0.0,0.0,1.0,4.251817004542672,1.0,5.0,0.0,0.0,0.0,0.0,1.0,0.0,1.0,-2.974832534571757,1.0,-39.89558760588946,1.0,62.213183073058424,1.0,-22.317595467168957,1.0,2.974832534571757,0.0,0.0,0.0,0.0,0.0,0.017007,-0.005724,0.0,0.0,0.0,0.0,0.0,0.0,0.0,0.0,0.0,0.0,0.0
0.0,0.0,0.6745,0.3786,-9.7694,15.7376,-8.5436,1.1834,0.0,0.0,0.0,0.0,-2.219,3.9468,-0.1265,0.0,0.0,0.0,0.0,0.0,1.0,0.0,1.0,-3.907902014889152,1.0,5.0,0.0,0.0,0.0,0.0,1.0,0.0,1.0,3.2973431807469087,1.0,-24.32461682740709,1.0,65.04682242778067,1.0,-40.72220560037358,1.0,-3.2973431807469087,0.0,0.0,0.0,0.0,0.0,-0.015632,0.006261,0.001508,0.0,0.0,1.0,3.907902014889152,1.0,5.0,0.0,0.0,0.0,0.0,1.0,0.0,1.0,-3.252384457248608,1.0,-39.36628074134046,1.0,62.55677180653858,1.0,-23.19049106519812,1.0,3.252384457248608,0.0,0.0,0.0,0.0,0.0,0.015632,-0.006261,0.0,0.0,0.0,0.0,0.0,0.0,0.0,0.0,0.0,0.0,0.0
0.0,0.0,0.6541,0.4001,-9.77,15.8269,-9.3187,1.1236,0.0,0.0,0.0,0.0,-2.3451,3.8272,-0.2104,0.0,0.0,0.0,0.0,0.0,1.0,0.0,1.0,-3.5071272993458513,1.0,5.0,0.0,0.0,0.0,0.0,1.0,0.0,1.0,3.6638794830242682,1.0,-28.109922741592364,1.0,71.50206530827916,1.0,-43.39214256668679,1.0,-3.6638794830242682,0.0,0.0,0.0,0.0,0.0,-0.014029,0.00671,0.005434,0.0,0.0,1.0,3.507127299345851,1.0,5.0,0.0,0.0,0.0,0.0,1.0,0.0,1.0,-3.484041630479764,1.0,-38.72753815294806,1.0,62.91946222691979,1.0,-24.191924073971734,1.0,3.484041630479764,0.0,0.0,0.0,0.0,0.0,0.014029,-0.00671,0.0,0.0,0.0,0.0,0.0,0.0,0.0,0.0,0.0,0.0,0.0
0.0,0.0,0.6288,0.4108,-9.7712,15.8225,-9.9383,0.9626,0.0,0.0,0.0,0.0,-2.4074,3.6789,-0.3065,0.0,0.0,0.0,0.0,0.0,1.0,0.0,1.0,-3.060512818742512,1.0,5.0,0.0,0.0,0.0,0.0,1.0,0.0,1.0,3.9926851845716524,1.0,-31.658672908450853,1.0,77.15431042158909,1.0,-45.495637513138234,1.0,-3.9926851845716524,0.0,0.0,0.0,0.0,0.0,-0.012242,0.007059,0.00911,0.0,0.0,1.0,3.0605128187425117,1.0,5.0,0.0,0.0,0.0,0.0,1.0,0.0,1.0,-3.664371771367285,1.0,-37.988543886708456,1.0,63.27629985097744,1.0,-25.287755964268978,1.0,3.664371771367285,0.0,0.0,0.0,0.0,0.0,0.012242,-0.007059,0.0,0.0,0.0,0.0,0.0,0.0,0.0,0.0,0.0,0.0,0.0
0.0,0.0,0.6104,0.4172,-9.7721,15.0778,-10.3027,-0.1517,0.0,0.0,0.0,0.0,-2.4444,3.5709,-0.326,0.0,0.0,0.0,0.0,0.0,1.0,0.0,1.0,-2.563258064899757,1.0,5.0,0.0,0.0,0.0,0.0,1.0,0.0,1.0,4.276165100452995,1.0,-35.03322945649979,1.0,82.06992777337605,1.0,-47.03669831687627,1.0,-4.276165100452995,0.0,0.0,0.0,0.0,0.0,-0.010253,0.007312,0.012477,0.0,0.0,1.0,2.5632580648997565,1.0,5.0,0.0,0.0,0.0,0.0,1.0,0.0,1.0,-3.7948890696222173,1.0,-37.1328490980154,1.0,63.61546146106507,1.0,-26.482612363049665,1.0,3.7948890696222173,0.0,0.0,0.0,0.0,0.0,0.010253,-0.007312,0.0,0.0,0.0,0.0,0.0,0.0,0.0,0.0,0.0,0.0,0.0
0.0,0.0,0.6078,0.4199,-9.7721,14.2483,-10.4804,-2.1056,0.0,0.0,0.0,0.0,-2.4602,3.5558,-0.2306,0.0,0.0,0.0,0.0,0.0,1.0,0.0,1.0,-2.0436726173787583,1.0,5.0,0.0,0.0,0.0,0.0,1.0,0.0,1.0,4.487421061909677,1.0,-38.066283319368075,1.0,85.99717075584661,1.0,-47.930887436478535,1.0,-4.487421061909677,0.0,0.0,0.0,0.0,0.0,-0.008175,0.007457,0.015274,0.0,0.0,1.0,2.0436726173787574,1.0,5.0,0.0,0.0,0.0,0.0,1.0,0.0,1.0,-3.869438836845189,1.0,-36.20263743283802,1.0,63.90498640873121,1.0,-27.702348975893198,1.0,3.869438836845189,0.0,0.0,0.0,0.0,0.0,0.008175,-0.007457,0.0,0.0,0.0,0.0,0.0,0.0,0.0,0.0,0.0,0.0,0.0
0.0,0.0,0.6198,0.4185,-9.7714,13.5377,-10.6479,-3.7408,0.0,0.0,0.0,0.0,-2.4522,3.6261,-0.0933,0.0,0.0,0.0,0.0,0.0,1.0,0.0,1.0,-1.4653071382681677,1.0,5.0,0.0,0.0,0.0,0.0,1.0,0.0,1.0,4.624306404765445,1.0,-40.952047608193745,1.0,89.16270011140905,1.0,-48.210652503215314,1.0,-4.624306404765445,0.0,0.0,0.0,0.0,0.0,-0.005861,0.007499,0.017593,0.0,0.0,1.0,1.465307138268167,1.0,5.0,0.0,0.0,0.0,0.0,1.0,0.0,1.0,-3.8909462615215524,1.0,-35.12500657755181,1.0,64.14989718030357,1.0,-29.024890602751757,1.0,3.8909462615215524,0.0,0.0,0.0,0.0,0.0,0.005861,-0.007499,0.0,0.0,0.0,0.0,0.0,0.0,0.0,0.0,0.0,0.0,0.0
0.0,0.0,0.645,0.4125,-9.77,12.9339,-11.0103,-5.4983,0.0,0.0,0.0,0.0,-2.4179,3.7738,0.1157,0.0,0.0,0.0,0.0,0.0,1.0,0.0,1.0,-0.8691316091851706,1.0,5.0,0.0,0.0,0.0,0.0,1.0,0.0,1.0,4.658606917570765,1.0,-43.43783263927056,1.0,91.25895196352967,1.0,-47.821119324259115,1.0,-4.658606917570765,0.0,0.0,0.0,0.0,0.0,-0.003477,0.007427,0.019158,0.0,0.0,1.0,0.86913160918517,1.0,5.0,0.0,0.0,0.0,0.0,1.0,0.0,1.0,-3.8539991493590775,1.0,-33.96899560190207,1.0,64.3175546461077,1.0,-30.348559044205615,1.0,3.8539991493590775,0.0,0.0,0.0,0.0,0.0,0.003477,-0.007427,0.0,0.0,0.0,0.0,0.0,0.0,0.0,0.0,0.0,0.0,0.0
0.0,0.0,0.6723,0.404,-9.7686,12.4047,-11.306,-6.8875,0.0,0.0,0.0,0.0,-2.3684,3.9337,0.3396,0.0,0.0,0.0,0.0,0.0,1.0,0.0,1.0,-0.2543741585889205,1.0,5.0,0.0,0.0,0.0,0.0,1.0,0.0,1.0,4.581854466616844,1.0,-45.49227211386296,1.0,92.27897176000492,1.0,-46.78669964614197,1.0,-4.581854466616844,0.0,0.0,0.0,0.0,0.0,-0.001017,0.007242,0.019928,0.0,0.0,1.0,0.2543741585889199,1.0,5.0,0.0,0.0,0.0,0.0,1.0,0.0,1.0,-3.7583881815968976,1.0,-32.730304716823305,1.0,64.40067124821638,1.0,-31.670366531393082,1.0,3.7583881815968976,0.0,0.0,0.0,0.0,0.0,0.001017,-0.007242,0.0,0.0,0.0,0.0,0.0,0.0,0.0,0.0,0.0,0.0,0.0
0.0,0.0,0.7061,0.3888,-9.7668,11.172,-11.233,-5.4613,0.0,0.0,0.0,0.0,-2.2799,4.1319,0.6112,0.0,0.0,0.0,0.0,0.0,1.0,0.0,1.0,0.3871952783860909,1.0,5.0,0.0,0.0,0.0,0.0,1.0,0.0,1.0,4.383376883720433,1.0,-47.06097467799722,1.0,92.15381887905558,1.0,-45.09284420105835,1.0,-4.383376883720433,0.0,0.0,0.0,0.0,0.0,0.001549,0.006932,0.019833,0.0,0.0,1.0,-0.38719527838609147,1.0,5.0,0.0,0.0,0.0,0.0,1.0,0.0,1.0,-3.598802692457545,1.0,-31.38854844272741,1.0,64.39041975815776,1.0,-33.001871315430364,1.0,3.598802692457545,0.0,0.0,0.0,0.0,0.0,-0.001549,-0.006932,0.0,0.0,0.0,0.0,0.0,0.0,0.0,0.0,0.0,0.0,0.0
0.0,0.0,0.7277,0.3715,-9.7659,10.0259,-10.8621,-3.7307,0.0,0.0,0.0,0.0,-2.1785,4.2584,0.8213,0.0,0.0,0.0,0.0,0.0,1.0,0.0,1.0,1.0430431441236883,1.0,5.0,0.0,0.0,0.0,0.0,1.0,0.0,1.0,4.061134051946341,1.0,-48.000481543124934,1.0,90.76315675060334,1.0,-42.7626752074784,1.0,-4.061134051946341,0.0,0.0,0.0,0.0,0.0,0.004172,0.006493,0.018786,0.0,0.0,1.0,-1.043043144123689,1.0,5.0,0.0,0.0,0.0,0.0,1.0,0.0,1.0,-3.3719882616000048,1.0,-29.966636215886002,1.0,64.27751511698922,1.0,-34.310878901103216,1.0,3.3719882616000048,0.0,0.0,0.0,0.0,0.0,-0.004172,-0.006493,0.0,0.0,0.0,0.0,0.0,0.0,0.0,0.0,0.0,0.0,0.0
0.0,0.0,0.7441,0.3437,-9.7657,9.4196,-9.7456,-1.8788,0.0,0.0,0.0,0.0,-2.016,4.3548,1.0043,0.0,0.0,0.0,0.0,0.0,1.0,0.0,1.0,1.649917232694128,1.0,5.0,0.0,0.0,0.0,0.0,1.0,0.0,1.0,3.6622608969279997,1.0,-48.19624983466895,1.0,88.27942648102223,1.0,-40.08317664635329,1.0,-3.6622608969279997,0.0,0.0,0.0,0.0,0.0,0.0066,0.005969,0.01694,0.0,0.0,1.0,-1.6499172326941287,1.0,5.0,0.0,0.0,0.0,0.0,1.0,0.0,1.0,-3.1012738325361413,1.0,-28.606815119529486,1.0,64.08054731251167,1.0,-35.47373219298218,1.0,3.1012738325361413,0.0,0.0,0.0,0.0,0.0,-0.0066,-0.005969,0.0,0.0,0.0,0.0,0.0,0.0,0.0,0.0,0.0,0.0,0.0
0.0,0.0,0.7479,0.3127,-9.7664,9.185,-8.4963,-0.5846,0.0,0.0,0.0,0.0,-1.8337,4.3767,1.0955,0.0,0.0,0.0,0.0,0.0,1.0,0.0,1.0,2.2445198575084384,1.0,5.0,0.0,0.0,0.0,0.0,1.0,0.0,1.0,3.1841137532527624,1.0,-47.66326411677697,1.0,84.61020142680856,1.0,-36.94693731003158,1.0,-3.1841137532527624,0.0,0.0,0.0,0.0,0.0,0.008978,0.005333,0.014276,0.0,0.0,1.0,-2.244519857508439,1.0,5.0,0.0,0.0,0.0,0.0,1.0,0.0,1.0,-2.772609951187154,1.0,-27.234372105632374,1.0,63.80089584535594,1.0,-36.56652373972357,1.0,2.772609951187154,0.0,0.0,0.0,0.0,0.0,-0.008978,-0.005333,0.0,0.0,0.0,0.0,0.0,0.0,0.0,0.0,0.0,0.0,0.0
0.0,0.0,0.7453,0.2745,-9.7678,9.0882,-7.045,0.4617,0.0,0.0,0.0,0.0,-1.6099,4.3614,1.1531,0.0,0.0,0.0,0.0,0.0,1.0,0.0,1.0,2.7960292349269316,1.0,5.0,0.0,0.0,0.0,0.0,1.0,0.0,1.0,2.6671743328568467,1.0,-46.40762259318167,1.0,79.92571420198266,1.0,-33.51809160880098,1.0,-2.6671743328568467,0.0,0.0,0.0,0.0,0.0,0.011184,0.004617,0.01099,0.0,0.0,1.0,-2.7960292349269467,1.0,5.0,0.0,0.0,0.0,0.0,1.0,0.0,1.0,-2.401528825269154,1.0,-25.92661421132458,1.0,63.46428627279503,1.0,-37.53767206147045,1.0,2.401528825269154,0.0,0.0,0.0,0.0,0.0,-0.011184,-0.004617,0.0,0.0,0.0,0.0,0.0,0.0,0.0,0.0,0.0,0.0,0.0
0.0,0.0,0.7377,0.2217,-9.7697,9.1608,-5.4834,1.4625,0.0,0.0,0.0,0.0,-1.3002,4.3173,1.1983,0.0,0.0,0.0,0.0,0.0,1.0,0.0,1.0,3.301823198448451,1.0,5.0,0.0,0.0,0.0,0.0,1.0,0.0,1.0,2.130083257814434,1.0,-44.45619343284408,1.0,74.26944255516555,1.0,-29.813249122321473,1.0,-2.130083257814434,0.0,0.0,0.0,0.0,0.0,0.013207,0.003826,0.007207,0.0,0.0,1.0,-3.301823198448452,1.0,5.0,0.0,0.0,0.0,0.0,1.0,0.0,1.0,-1.9908220658323175,1.0,-24.698314188222,1.0,63.08966450174127,1.0,-38.39135031351926,1.0,1.9908220658323175,0.0,0.0,0.0,0.0,0.0,-0.013207,-0.003826,0.0,0.0,0.0,0.0,0.0,0.0,0.0,0.0,0.0,0.0,0.0
0.0,0.0,0.73,0.1731,-9.7712,9.3063,-4.3048,2.1964,0.0,0.0,0.0,0.0,-1.0151,4.272,1.2286,0.0,0.0,0.0,0.0,0.0,1.0,0.0,1.0,3.772562096730751,1.0,5.0,0.0,0.0,0.0,0.0,1.0,0.0,1.0,1.5679896130427442,1.0,-41.72441063416279,1.0,67.4073482256153,1.0,-25.68293759145251,1.0,-1.5679896130427442,0.0,0.0,0.0,0.0,0.0,0.01509,0.002933,0.002909,0.0,0.0,1.0,-3.7725620967307396,1.0,5.0,0.0,0.0,0.0,0.0,1.0,0.0,1.0,-1.526579591238808,1.0,-23.53057440484176,1.0,62.683769867978015,1.0,-39.15319546313626,1.0,1.526579591238808,0.0,0.0,0.0,0.0,0.0,-0.01509,-0.002933,0.0,0.0,0.0,0.0,0.0,0.0,0.0,0.0,0.0,0.0,0.0
0.0,0.0,0.7205,0.1128,-9.7728,9.7906,-2.6176,3.0874,0.0,0.0,0.0,0.0,-0.6613,4.2163,1.2581,0.0,0.0,0.0,0.0,0.0,1.0,0.0,1.0,4.180186172798936,1.0,5.0,0.0,0.0,0.0,0.0,1.0,0.0,1.0,1.0289731640750626,1.0,-39.78679429000871,1.0,62.28722516385588,1.0,-22.500430873847172,1.0,-1.0289731640750626,0.0,0.0,0.0,0.0,0.0,0.016721,0.001976,0.0,0.0,0.0,1.0,-4.180186172798946,1.0,5.0,0.0,0.0,0.0,0.0,1.0,0.0,1.0,-1.0289731640750626,1.0,-22.50043087384719,1.0,62.28722516385588,1.0,-39.786794290008686,1.0,1.0289731640750626,0.0,0.0,0.0,0.0,0.0,-0.016721,-0.001976,0.0,0.0,0.0,0.0,0.0,0.0,0.0,0.0,0.0,0.0,0.0
0.0,0.0,0.7126,0.0587,-9.7739,10.3623,-1.2406,3.78,0.0,0.0,0.0,0.0,-0.344,4.1697,1.2819,0.0,0.0,0.0,0.0,0.0,1.0,0.0,1.0,4.484869786702331,1.0,5.0,0.0,0.0,0.0,0.0,1.0,0.0,1.0,0.5596288360809043,1.0,-40.244208203202255,1.0,61.96320749036324,1.0,-21.71899928716098,1.0,-0.5596288360809043,0.0,0.0,0.0,0.0,0.0,0.017939,0.001074,0.0,0.0,0.0,1.0,-4.4848697867023235,1.0,5.0,0.0,0.0,0.0,0.0,1.0,0.0,1.0,-0.5596288360809043,1.0,-21.71899928716097,1.0,61.96320749036324,1.0,-40.24420820320227,1.0,0.5596288360809043,0.0,0.0,0.0,0.0,0.0,-0.017939,-0.001074,0.0,0.0,0.0,0.0,0.0,0.0,0.0,0.0,0.0,0.0,0.0
0.0,0.0,0.708,0.0051,-9.7744,11.0038,0.0309,4.2296,0.0,0.0,0.0,0.0,-0.0302,4.1429,1.3096,0.0,0.0,0.0,0.0,0.0,1.0,0.0,1.0,4.746131415156688,1.0,5.0,0.0,0.0,0.0,0.0,1.0,0.0,1.0,0.022930313969945253,1.0,-40.62520462794698,1.0,61.66636553787224,1.0,-21.04116090992526,1.0,-0.022930313969945253,0.0,0.0,0.0,0.0,0.0,0.018985,4.4e-05,0.0,0.0,0.0,1.0,-4.746131415156688,1.0,5.0,0.0,0.0,0.0,0.0,1.0,0.0,1.0,-0.022930313969945253,1.0,-21.04116090992526,1.0,61.66636553787224,1.0,-40.62520462794698,1.0,0.022930313969945253,0.0,0.0,0.0,0.0,0.0,-0.018985,-4.4e-05,0.0,0.0,0.0,0.0,0.0,0.0,0.0,0.0,0.0,0.0,0.0
0.0,0.0,0.7059,-0.047,-9.7744,11.6871,1.376,4.5866,0.0,0.0,0.0,0.0,0.2756,4.1305,1.3396,0.0,0.0,0.0,0.0,0.0,1.0,0.0,1.0,4.914364732897804,1.0,5.0,0.0,0.0,0.0,0.0,1.0,0.0,1.0,-0.5017988078563683,1.0,-40.86497187231366,1.0,61.465859548570194,1.0,-20.60088767625653,1.0,0.5017988078563683,0.0,0.0,0.0,0.0,0.0,0.019657,-0.000963,0.0,0.0,0.0,1.0,-4.914364732897807,1.0,5.0,0.0,0.0,0.0,0.0,1.0,0.0,1.0,0.5017988078563683,1.0,-20.600887676256534,1.0,61.465859548570194,1.0,-40.86497187231366,1.0,-0.5017988078563683,0.0,0.0,0.0,0.0,0.0,-0.019657,0.000963,0.0,0.0,0.0,0.0,0.0,0.0,0.0,0.0,0.0,0.0,0.0
0.0,0.0,0.7052,-0.0979,-9.7741,12.4184,2.7171,4.8069,0.0,0.0,0.0,0.0,0.5738,4.1268,1.3668,0.0,0.0,0.0,0.0,0.0,1.0,0.0,1.0,4.993177955217566,1.0,5.0,0.0,0.0,0.0,0.0,1.0,0.0,1.0,-1.011258989719502,1.0,-40.97578188565496,1.0,61.36938959065496,1.0,-20.393607705,1.0,1.011258989719502,0.0,0.0,0.0,0.0,0.0,0.019973,-0.001942,0.0,0.0,0.0,1.0,-4.993177955217566,1.0,5.0,0.0,0.0,0.0,0.0,1.0,0.0,1.0,1.011258989719502,1.0,-20.393607705,1.0,61.36938959065496,1.0,-40.97578188565496,1.0,-1.011258989719502,0.0,0.0,0.0,0.0,0.0,-0.019973,0.001942,0.0,0.0,0.0,0.0,0.0,0.0,0.0,0.0,0.0,0.0,0.0
0.0,0.0,0.7052,-0.1561,-9.7733,13.2855,4.2212,4.8002,0.0,0.0,0.0,0.0,0.9153,4.1268,1.3902,0.0,0.0,0.0,0.0,0.0,1.0,0.0,1.0,4.987922050403343,1.0,5.0,0.0,0.0,0.0,0.0,1.0,0.0,1.0,-1.4615594332626414,1.0,-40.96842240478507,1.0,61.37587352904086,1.0,-20.407451124255783,1.0,1.4615594332626414,0.0,0.0,0.0,0.0,0.0,0.019952,-0.002808,0.0,0.0,0.0,1.0,-4.987922050403342,1.0,5.0,0.0,0.0,0.0,0.0,1.0,0.0,1.0,1.4615594332626414,1.0,-20.40745112425578,1.0,61.37587352904086,1.0,-40.96842240478508,1.0,-1.4615594332626414,0.0,0.0,0.0,0.0,0.0,-0.019952,0.002808,0.0,0.0,0.0,0.0,0.0,0.0,0.0,0.0,0.0,0.0,0.0
0.0,0.0,0.7057,-0.2046,-9.7724,14.0339,5.3854,4.5489,0.0,0.0,0.0,0.0,1.1992,4.1296,1.3983,0.0,0.0,0.0,0.0,0.0,1.0,0.0,1.0,4.908691733907811,1.0,5.0,0.0,0.0,0.0,0.0,1.0,0.0,1.0,-1.890213029546132,1.0,-40.85695831789817,1.0,61.472740891079354,1.0,-20.615782573181185,1.0,1.890213029546132,0.0,0.0,0.0,0.0,0.0,0.019635,-0.003632,0.0,0.0,0.0,1.0,-4.9086917339078076,1.0,5.0,0.0,0.0,0.0,0.0,1.0,0.0,1.0,1.890213029546132,1.0,-20.61578257318118,1.0,61.472740891079354,1.0,-40.856958317898176,1.0,-1.890213029546132,0.0,0.0,0.0,0.0,0.0,-0.019635,0.003632,0.0,0.0,0.0,0.0,0.0,0.0,0.0,0.0,0.0,0.0,0.0
0.0,0.0,0.7058,-0.2588,-9.7711,14.8981,6.6205,3.9458,0.0,0.0,0.0,0.0,1.5171,4.1298,1.3958,0.0,0.0,0.0,0.0,0.0,1.0,0.0,1.0,4.759168415426656,1.0,5.0,0.0,0.0,0.0,0.0,1.0,0.0,1.0,-2.2851791432760904,1.0,-40.643941762381615,1.0,61.65109058768825,1.0,-21.007148825306636,1.0,2.2851791432760904,0.0,0.0,0.0,0.0,0.0,0.019037,-0.004393,0.0,0.0,0.0,1.0,-4.759168415426661,1.0,5.0,0.0,0.0,0.0,0.0,1.0,0.0,1.0,2.2851791432760904,1.0,-21.007148825306658,1.0,61.65109058768828,1.0,-40.64394176238162,1.0,-2.2851791432760904,0.0,0.0,0.0,0.0,0.0,-0.019037,0.004393,0.0,0.0,0.0,0.0,0.0,0.0,0.0,0.0,0.0,0.0,0.0
0.0,0.0,0.7043,-0.3077,-9.7698,15.5413,7.3724,3.1026,0.0,0.0,0.0,0.0,1.8039,4.1214,1.383,0.0,0.0,0.0,0.0,0.0,1.0,0.0,1.0,4.531754093316,1.0,5.0,0.0,0.0,0.0,0.0,1.0,0.0,1.0,-2.6591706812662155,1.0,-40.3133478573571,1.0,61.91123472839619,1.0,-21.597886871039087,1.0,2.6591706812662155,0.0,0.0,0.0,0.0,0.0,0.018127,-0.005114,0.0,0.0,0.0,1.0,-4.5317540933159925,1.0,5.0,0.0,0.0,0.0,0.0,1.0,0.0,1.0,2.6591706812662155,1.0,-21.597886871039073,1.0,61.91123472839619,1.0,-40.313347857357115,1.0,-2.6591706812662155,0.0,0.0,0.0,0.0,0.0,-0.018127,0.005114,0.0,0.0,0.0,0.0,0.0,0.0,0.0,0.0,0.0,0.0,0.0
0.0,0.0,0.7005,-0.3412,-9.769,15.6662,7.8093,2.2202,0.0,0.0,0.0,0.0,2.0002,4.0987,1.368,0.0,0.0,0.0,0.0,0.0,1.0,0.0,1.0,4.235074734720873,1.0,5.0,0.0,0.0,0.0,0.0,1.0,0.0,1.0,-2.9906458607609507,1.0,-39.870228145923846,1.0,62.23060610981677,1.0,-22.36037796389292,1.0,2.9906458607609507,0.0,0.0,0.0,0.0,0.0,0.01694,-0.005755,0.0,0.0,0.0,1.0,-4.235074734720873,1.0,5.0,0.0,0.0,0.0,0.0,1.0,0.0,1.0,2.9906458607609507,1.0,-22.36037796389292,1.0,62.23060610981677,1.0,-39.870228145923846,1.0,-2.9906458607609507,0.0,0.0,0.0,0.0,0.0,-0.01694,0.005755,0.0,0.0,0.0,0.0,0.0,0.0,0.0,0.0,0.0,0.0,0.0
0.0,0.0,0.6893,-0.3711,-9.7687,15.6721,8.5366,1.6552,0.0,0.0,0.0,0.0,2.1755,4.0334,1.3969,0.0,0.0,0.0,0.0,0.0,1.0,0.0,1.0,3.876654616557854,1.0,5.0,0.0,0.0,0.0,0.0,1.0,0.0,1.0,-3.2734644699173803,1.0,-39.3173218640799,1.0,62.586503694940575,1.0,-23.269181830860678,1.0,3.2734644699173803,0.0,0.0,0.0,0.0,0.0,0.015507,-0.006302,0.0,0.0,0.0,1.0,-3.8766546165578535,1.0,5.0,0.0,0.0,0.0,0.0,1.0,0.0,1.0,3.328801602386108,1.0,-24.646592969272135,1.0,65.61049474830874,1.0,-40.963901779036604,1.0,-3.328801602386108,0.0,0.0,0.0,0.0,0.0,-0.015507,0.006302,0.001839,0.0,0.0,0.0,0.0,0.0,0.0,0.0,0.0,0.0,0.0
0.0,0.0,0.6686,-0.392,-9.7693,15.8121,9.2061,1.4416,0.0,0.0,0.0,0.0,2.298,3.9121,1.4921,0.0,0.0,0.0,0.0,0.0,1.0,0.0,1.0,3.44624970829389,1.0,5.0,0.0,0.0,0.0,0.0,1.0,0.0,1.0,-3.512842748100008,1.0,-38.62847955564546,1.0,62.97102900431866,1.0,-24.342549448673193,1.0,3.512842748100008,0.0,0.0,0.0,0.0,0.0,0.013785,-0.006765,0.0,0.0,0.0,1.0,-3.44624970829389,1.0,5.0,0.0,0.0,0.0,0.0,1.0,0.0,1.0,3.7132342381643495,1.0,-28.629195098432426,1.0,72.35564430131294,1.0,-43.7264492028805,1.0,-3.7132342381643495,0.0,0.0,0.0,0.0,0.0,-0.013785,0.006765,0.005975,0.0,0.0,0.0,0.0,0.0,0.0,0.0,0.0,0.0,0.0
0.0,0.0,0.6686,-0.392,-9.7693,15.8121,9.2061,1.4416,0.0,0.0,0.0,0.0,2.298,3.9121,1.4921,0.0,0.0,0.0,0.0,0.0,1.0,0.0,1.0,2.9794923021402155,1.0,5.0,0.0,0.0,0.0,0.0,1.0,0.0,1.0,-3.690172010558666,1.0,-37.85146277242411,1.0,63.335724042916894,1.0,-25.484261270492784,1.0,3.690172010558666,0.0,0.0,0.0,0.0,0.0,0.011918,-0.007109,0.0,0.0,0.0,1.0,-2.979492302140201,1.0,5.0,0.0,0.0,0.0,0.0,1.0,0.0,1.0,4.044536969226636,1.0,-32.24513395258418,1.0,78.04393838158393,1.0,-45.79880442899974,1.0,-4.044536969226636,0.0,0.0,0.0,0.0,0.0,-0.011918,0.007109,0.009708,0.0,0.0,0.0,0.0,0.0,0.0,0.0,0.0,0.0,0.0
0.0,0.0,0.6382,-0.4034,-9.7709,15.7729,9.8829,1.0635,0.0,0.0,0.0,0.0,2.3644,3.7339,1.5967,0.0,0.0,0.0,0.0,0.0,1.0,0.0,1.0,2.473395929376396,1.0,5.0,0.0,0.0,0.0,0.0,1.0,0.0,1.0,-3.811936296674803,1.0,-36.97457974368638,1.0,63.67026080727721,1.0,-26.695681063590833,1.0,3.811936296674803,0.0,0.0,0.0,0.0,0.0,0.009894,-0.007346,0.0,0.0,0.0,1.0,-2.4733959293764105,1.0,5.0,0.0,0.0,0.0,0.0,1.0,0.0,1.0,4.318778389746903,1.0,-35.590724406419,1.0,82.83041089578512,1.0,-47.23968648936613,1.0,-4.318778389746903,0.0,0.0,0.0,0.0,0.0,-0.009894,0.007346,0.013012,0.0,0.0,0.0,0.0,0.0,0.0,0.0,0.0,0.0,0.0
0.0,0.0,0.621,-0.4088,-9.7718,15.0818,10.1831,-0.1901,0.0,0.0,0.0,0.0,2.3955,3.6331,1.5888,0.0,0.0,0.0,0.0,0.0,1.0,0.0,1.0,1.9051253249034925,1.0,5.0,0.0,0.0,0.0,0.0,1.0,0.0,1.0,-3.8801198920351547,1.0,-35.94849349684855,1.0,63.97105851330708,1.0,-28.022565016458525,1.0,3.8801198920351547,0.0,0.0,0.0,0.0,0.0,0.007621,-0.007478,0.0,0.0,0.0,1.0,-1.9051253249034918,1.0,5.0,0.0,0.0,0.0,0.0,1.0,0.0,1.0,4.529565983691508,1.0,-38.802041930972365,1.0,86.86417975382734,1.0,-48.062137822854986,1.0,-4.529565983691508,0.0,0.0,0.0,0.0,0.0,-0.007621,0.007478,0.015903,0.0,0.0,0.0,0.0,0.0,0.0,0.0,0.0,0.0,0.0
0.0,0.0,0.6189,-0.4101,-9.7718,14.3352,10.299,-1.9474,0.0,0.0,0.0,0.0,2.4032,3.621,1.4939,0.0,0.0,0.0,0.0,0.0,1.0,0.0,1.0,1.3184376740489336,1.0,5.0,0.0,0.0,0.0,0.0,1.0,0.0,1.0,-3.8871648442091775,1.0,-34.844427644381376,1.0,64.19917414017281,1.0,-29.354746495791435,1.0,3.8871648442091775,0.0,0.0,0.0,0.0,0.0,0.005274,-0.007492,0.0,0.0,0.0,1.0,-1.3184376740489332,1.0,5.0,0.0,0.0,0.0,0.0,1.0,0.0,1.0,4.64277971110014,1.0,-41.60947307228715,1.0,89.78441883759112,1.0,-48.174945765303974,1.0,-4.64277971110014,0.0,0.0,0.0,0.0,0.0,-0.005274,0.007492,0.018054,0.0,0.0,0.0,0.0,0.0,0.0,0.0,0.0,0.0,0.0
0.0,0.0,0.6339,-0.4086,-9.7709,13.428,10.7629,-3.7326,0.0,0.0,0.0,0.0,2.3948,3.7086,1.3295,0.0,0.0,0.0,0.0,0.0,1.0,0.0,1.0,0.6928449076896047,1.0,5.0,0.0,0.0,0.0,0.0,1.0,0.0,1.0,-3.832400603507348,1.0,-33.61857409119023,1.0,64.35069778629597,1.0,-30.73212369510573,1.0,3.832400603507348,0.0,0.0,0.0,0.0,0.0,0.002771,-0.007385,0.0,0.0,0.0,1.0,-0.6928449076895865,1.0,5.0,0.0,0.0,0.0,0.0,1.0,0.0,1.0,4.64815304646462,1.0,-44.08022401313027,1.0,91.66715366892281,1.0,-47.586929655792545,1.0,-4.64815304646462,0.0,0.0,0.0,0.0,0.0,-0.002771,0.007385,0.019466,0.0,0.0,0.0,0.0,0.0,0.0,0.0,0.0,0.0,0.0
0.0,0.0,0.6636,-0.4059,-9.7691,12.6072,11.2082,-5.4296,0.0,0.0,0.0,0.0,2.3791,3.8827,1.1368,0.0,0.0,0.0,0.0,0.0,1.0,0.0,1.0,0.06180107411980926,1.0,5.0,0.0,0.0,0.0,0.0,1.0,0.0,1.0,-3.7168668980136053,1.0,-32.33275905130154,1.0,64.40799557493831,1.0,-32.07523652363677,1.0,3.7168668980136053,0.0,0.0,0.0,0.0,0.0,0.000247,-0.007161,0.0,0.0,0.0,1.0,-0.06180107411980864,1.0,5.0,0.0,0.0,0.0,0.0,1.0,0.0,1.0,4.534781996569846,1.0,-46.0267717838492,1.0,92.36827822130878,1.0,-46.341506437459586,1.0,-4.534781996569846,0.0,0.0,0.0,0.0,0.0,-0.000247,0.007161,0.019996,0.0,0.0,0.0,0.0,0.0,0.0,0.0,0.0,0.0,0.0
0.0,0.0,0.7024,-0.3979,-9.7667,11.9471,11.3842,-7.1563,0.0,0.0,0.0,0.0,2.3331,4.1103,0.9223,0.0,0.0,0.0,0.0,0.0,1.0,0.0,1.0,-0.5629025588302135,1.0,5.0,0.0,0.0,0.0,0.0,1.0,0.0,1.0,-3.544449667593713,1.0,-31.012532876897893,1.0,64.37033394605089,1.0,-33.35780106915299,1.0,3.544449667593713,0.0,0.0,0.0,0.0,0.0,-0.002252,-0.006827,0.0,0.0,0.0,1.0,0.562902558830214,1.0,5.0,0.0,0.0,0.0,0.0,1.0,0.0,1.0,4.308584803858786,1.0,-47.38157013598283,1.0,91.90807737201784,1.0,-44.526507236035016,1.0,-4.308584803858786,0.0,0.0,0.0,0.0,0.0,0.002252,0.006827,0.019647,0.0,0.0,0.0,0.0,0.0,0.0,0.0,0.0,0.0,0.0
0.0,0.0,0.7357,-0.3853,-9.7647,10.7069,11.1133,-5.1494,0.0,0.0,0.0,0.0,2.2599,4.3051,0.74,0.0,0.0,0.0,0.0,0.0,1.0,0.0,1.0,-1.1911189465597458,1.0,5.0,0.0,0.0,0.0,0.0,1.0,0.0,1.0,-3.311531955598625,1.0,-29.638709111091778,1.0,64.23766976934685,1.0,-34.59896065825508,1.0,3.311531955598625,0.0,0.0,0.0,0.0,0.0,-0.004764,-0.006375,0.0,0.0,0.0,1.0,1.1911189465597636,1.0,5.0,0.0,0.0,0.0,0.0,1.0,0.0,1.0,3.972459919435979,1.0,-48.11136475474676,1.0,90.26681415699221,1.0,-42.15544940224545,1.0,-3.972459919435979,0.0,0.0,0.0,0.0,0.0,0.004764,0.006375,0.018414,0.0,0.0,0.0,0.0,0.0,0.0,0.0,0.0,0.0,0.0
0.0,0.0,0.7651,-0.3632,-9.7633,9.5102,10.407,-3.2865,0.0,0.0,0.0,0.0,2.1305,4.4778,0.5305,0.0,0.0,0.0,0.0,0.0,1.0,0.0,1.0,-1.7820885622588511,1.0,5.0,0.0,0.0,0.0,0.0,1.0,0.0,1.0,-3.0339579284132183,1.0,-28.305142711020004,1.0,64.02581867660376,1.0,-35.72067596558376,1.0,3.0339579284132183,0.0,0.0,0.0,0.0,0.0,-0.007128,-0.005838,0.0,0.0,0.0,1.0,1.782088562258835,1.0,5.0,0.0,0.0,0.0,0.0,1.0,0.0,1.0,3.563243447926716,1.0,-48.14379793101698,1.0,87.57526780190054,1.0,-39.43146987088357,1.0,-3.563243447926716,0.0,0.0,0.0,0.0,0.0,0.007128,0.005838,0.016423,0.0,0.0,0.0,0.0,0.0,0.0,0.0,0.0,0.0,0.0
0.0,0.0,0.7803,-0.3353,-9.7631,8.9738,9.1462,-1.936,0.0,0.0,0.0,0.0,1.9668,4.5666,0.3884,0.0,0.0,0.0,0.0,0.0,1.0,0.0,1.0,-2.356061915320079,1.0,5.0,0.0,0.0,0.0,0.0,1.0,0.0,1.0,-2.703128011797919,1.0,-26.972559708591625,1.0,63.73883291329365,1.0,-36.766273204702024,1.0,2.703128011797919,0.0,0.0,0.0,0.0,0.0,-0.009424,-0.005199,0.0,0.0,0.0,1.0,2.3560619153200637,1.0,5.0,0.0,0.0,0.0,0.0,1.0,0.0,1.0,3.085206036712835,1.0,-47.47317869601462,1.0,83.77029197603478,1.0,-36.29711328002016,1.0,-3.085206036712835,0.0,0.0,0.0,0.0,0.0,0.009424,0.005199,0.013677,0.0,0.0,0.0,0.0,0.0,0.0,0.0,0.0,0.0,0.0
0.0,0.0,0.7843,-0.2995,-9.764,8.8802,7.6883,-0.5937,0.0,0.0,0.0,0.0,1.7572,4.5904,0.2934,0.0,0.0,0.0,0.0,0.0,1.0,0.0,1.0,-2.8810949326778164,1.0,5.0,0.0,0.0,0.0,0.0,1.0,0.0,1.0,-2.3376710222746655,1.0,-25.721961569270615,1.0,63.40570974741415,1.0,-37.68374817814353,1.0,2.3376710222746655,0.0,0.0,0.0,0.0,0.0,-0.011524,-0.004494,0.0,0.0,0.0,1.0,2.881094932677831,1.0,5.0,0.0,0.0,0.0,0.0,1.0,0.0,1.0,2.5811789501532862,1.0,-46.138333390661224,1.0,79.07534550288206,1.0,-32.937012112220835,1.0,-2.5811789501532862,0.0,0.0,0.0,0.0,0.0,0.011524,0.004494,0.010408,0.0,0.0,0.0,0.0,0.0,0.0,0.0,0.0,0.0,0.0
0.0,0.0,0.7811,-0.2561,-9.7655,8.92,6.2277,0.5735,0.0,0.0,0.0,0.0,1.5021,4.5714,0.2278,0.0,0.0,0.0,0.0,0.0,1.0,0.0,1.0,-3.378694149755706,1.0,5.0,0.0,0.0,0.0,0.0,1.0,0.0,1.0,-1.9211796470415077,1.0,-24.509235537581507,1.0,63.02716852397895,1.0,-38.51793298639744,1.0,1.9211796470415077,0.0,0.0,0.0,0.0,0.0,-0.013515,-0.003692,0.0,0.0,0.0,1.0,3.378694149755694,1.0,5.0,0.0,0.0,0.0,0.0,1.0,0.0,1.0,2.042767296310912,1.0,-44.07854114872147,1.0,73.26964713229441,1.0,-29.19110598357294,1.0,-2.042767296310912,0.0,0.0,0.0,0.0,0.0,0.013515,0.003692,0.00656,0.0,0.0,0.0,0.0,0.0,0.0,0.0,0.0,0.0,0.0
0.0,0.0,0.7731,-0.1993,-9.7674,9.1137,4.7025,1.7186,0.0,0.0,0.0,0.0,1.1692,4.5244,0.1736,0.0,0.0,0.0,0.0,0.0,1.0,0.0,1.0,-3.808671564398044,1.0,5.0,0.0,0.0,0.0,0.0,1.0,0.0,1.0,-1.4867355909315518,1.0,-23.440027788804752,1.0,62.65033796220619,1.0,-39.21031017340144,1.0,1.4867355909315518,0.0,0.0,0.0,0.0,0.0,-0.015235,-0.002856,0.0,0.0,0.0,1.0,3.8086715643980327,1.0,5.0,0.0,0.0,0.0,0.0,1.0,0.0,1.0,1.5218763447125319,1.0,-41.46808809664282,1.0,66.79757028691171,1.0,-25.329482190268884,1.0,-1.5218763447125319,0.0,0.0,0.0,0.0,0.0,0.015235,0.002856,0.002543,0.0,0.0,0.0,0.0,0.0,0.0,0.0,0.0,0.0,0.0
0.0,0.0,0.7649,-0.1476,-9.769,9.4246,3.3577,2.6541,0.0,0.0,0.0,0.0,0.8656,4.4766,0.1391,0.0,0.0,0.0,0.0,0.0,1.0,0.0,1.0,-4.182724135953183,1.0,5.0,0.0,0.0,0.0,0.0,1.0,0.0,1.0,-1.025486715873289,1.0,-22.493962039058648,1.0,62.28462411627468,1.0,-39.79066207721603,1.0,1.025486715873289,0.0,0.0,0.0,0.0,0.0,-0.016731,-0.001969,0.0,0.0,0.0,1.0,4.182724135953193,1.0,5.0,0.0,0.0,0.0,0.0,1.0,0.0,1.0,1.025486715873289,1.0,-39.790662077216005,1.0,62.28462411627468,1.0,-22.49396203905867,1.0,-1.025486715873289,0.0,0.0,0.0,0.0,0.0,0.016731,0.001969,0.0,0.0,0.0,0.0,0.0,0.0,0.0,0.0,0.0,0.0,0.0
0.0,0.0,0.7557,-0.0847,-9.7705,10.0777,1.7448,3.6666,0.0,0.0,0.0,0.0,0.4965,4.4224,0.1057,0.0,0.0,0.0,0.0,0.0,1.0,0.0,1.0,-4.505724492124258,1.0,5.0,0.0,0.0,0.0,0.0,1.0,0.0,1.0,-0.5227787886221233,1.0,-21.665155549772052,1.0,61.940159218416944,1.0,-40.275003668644885,1.0,0.5227787886221233,0.0,0.0,0.0,0.0,0.0,-0.018023,-0.001004,0.0,0.0,0.0,1.0,4.5057244921242505,1.0,5.0,0.0,0.0,0.0,0.0,1.0,0.0,1.0,0.5227787886221233,1.0,-40.2750036686449,1.0,61.940159218416944,1.0,-21.66515554977204,1.0,-0.5227787886221233,0.0,0.0,0.0,0.0,0.0,0.018023,0.001004,0.0,0.0,0.0,0.0,0.0,0.0,0.0,0.0,0.0,0.0,0.0
0.0,0.0,0.7512,-0.0311,-9.7711,10.7207,0.4765,4.2114,0.0,0.0,0.0,0.0,0.1821,4.3964,0.0754,0.0,0.0,0.0,0.0,0.0,1.0,0.0,1.0,-4.745592317047278,1.0,5.0,0.0,0.0,0.0,0.0,1.0,0.0,1.0,-0.024268467439123996,1.0,-21.04256697260181,1.0,61.66699622896171,1.0,-40.624429256359896,1.0,0.024268467439123996,0.0,0.0,0.0,0.0,0.0,-0.018982,-4.7e-05,0.0,0.0,0.0,1.0,4.745592317047272,1.0,5.0,0.0,0.0,0.0,0.0,1.0,0.0,1.0,0.024268467439123996,1.0,-40.6244292563599,1.0,61.66699622896171,1.0,-21.042566972601804,1.0,-0.024268467439123996,0.0,0.0,0.0,0.0,0.0,0.018982,4.7e-05,0.0,0.0,0.0,0.0,0.0,0.0,0.0,0.0,0.0,0.0,0.0
0.0,0.0,0.7489,0.0303,-9.7713,11.5422,-1.1241,4.6559,0.0,0.0,0.0,0.0,-0.1774,4.3828,0.0401,0.0,0.0,0.0,0.0,0.0,1.0,0.0,1.0,-4.904880871704414,1.0,5.0,0.0,0.0,0.0,0.0,1.0,0.0,1.0,0.4629433982068957,1.0,-20.62578638784369,1.0,61.477358748537114,1.0,-40.851572360693424,1.0,-0.4629433982068957,0.0,0.0,0.0,0.0,0.0,-0.01962,0.000889,0.0,0.0,0.0,1.0,4.9048808717044174,1.0,5.0,0.0,0.0,0.0,0.0,1.0,0.0,1.0,-0.4629433982068957,1.0,-40.85157236069342,1.0,61.477358748537114,1.0,-20.625786387843693,1.0,0.4629433982068957,0.0,0.0,0.0,0.0,0.0,0.01962,-0.000889,0.0,0.0,0.0,0.0,0.0,0.0,0.0,0.0,0.0,0.0,0.0
0.0,0.0,0.7484,0.0815,-9.771,12.2869,-2.454,4.8783,0.0,0.0,0.0,0.0,-0.4779,4.3797,0.0145,0.0,0.0,0.0,0.0,0.0,1.0,0.0,1.0,-4.988281434118708,1.0,5.0,0.0,0.0,0.0,0.0,1.0,0.0,1.0,0.9499170822001718,1.0,-20.406504643353927,1.0,61.37543040615772,1.0,-40.96892576280379,1.0,-0.9499170822001718,0.0,0.0,0.0,0.0,0.0,-0.019953,0.001824,0.0,0.0,0.0,1.0,4.988281434118706,1.0,5.0,0.0,0.0,0.0,0.0,1.0,0.0,1.0,-0.9499170822001718,1.0,-40.96892576280379,1.0,61.37543040615772,1.0,-20.406504643353927,1.0,0.9499170822001718,0.0,0.0,0.0,0.0,0.0,0.019953,-0.001824,0.0,0.0,0.0,0.0,0.0,0.0,0.0,0.0,0.0,0.0,0.0
0.0,0.0,0.7482,0.1316,-9.7705,13.0433,-3.7533,4.8864,0.0,0.0,0.0,0.0,-0.7717,4.3787,-0.0038,0.0,0.0,0.0,0.0,0.0,1.0,0.0,1.0,-4.989499959883834,1.0,5.0,0.0,0.0,0.0,0.0,1.0,0.0,1.0,1.4445384265435774,1.0,-20.403295405932393,1.0,61.37392770295892,1.0,-40.97063229702653,1.0,-1.4445384265435774,0.0,0.0,0.0,0.0,0.0,-0.019958,0.002775,0.0,0.0,0.0,1.0,4.989499959883835,1.0,5.0,0.0,0.0,0.0,0.0,1.0,0.0,1.0,-1.4445384265435774,1.0,-40.970632297026526,1.0,61.37392770295892,1.0,-20.403295405932397,1.0,1.4445384265435774,0.0,0.0,0.0,0.0,0.0,0.019958,-0.002775,0.0,0.0,0.0,0.0,0.0,0.0,0.0,0.0,0.0,0.0,0.0
0.0,0.0,0.7484,0.1889,-9.7696,13.9307,-5.1931,4.6169,0.0,0.0,0.0,0.0,-1.1078,4.3797,-0.01,0.0,0.0,0.0,0.0,0.0,1.0,0.0,1.0,-4.905933705453239,1.0,5.0,0.0,0.0,0.0,0.0,1.0,0.0,1.0,1.9000155553345464,1.0,-20.62302276850809,1.0,61.47608334352792,1.0,-40.85306057501983,1.0,-1.9000155553345464,0.0,0.0,0.0,0.0,0.0,-0.019624,0.003651,0.0,0.0,0.0,1.0,4.905933705453243,1.0,5.0,0.0,0.0,0.0,0.0,1.0,0.0,1.0,-1.9000155553345464,1.0,-40.853060575019825,1.0,61.47608334352792,1.0,-20.623022768508093,1.0,1.9000155553345464,0.0,0.0,0.0,0.0,0.0,0.019624,-0.003651,0.0,0.0,0.0,0.0,0.0,0.0,0.0,0.0,0.0,0.0,0.0
0.0,0.0,0.7481,0.2364,-9.7685,14.6781,-6.2843,4.122,0.0,0.0,0.0,0.0,-1.3863,4.3782,-0.0038,0.0,0.0,0.0,0.0,0.0,1.0,0.0,1.0,-4.742784300521626,1.0,5.0,0.0,0.0,0.0,0.0,1.0,0.0,1.0,2.3182133657620976,1.0,-21.049890279923183,1.0,61.67028010966913,1.0,-40.620389829745946,1.0,-2.3182133657620976,0.0,0.0,0.0,0.0,0.0,-0.018971,0.004457,0.0,0.0,0.0,1.0,4.74278430052163,1.0,5.0,0.0,0.0,0.0,0.0,1.0,0.0,1.0,-2.3182133657620976,1.0,-40.62038982974594,1.0,61.67028010966913,1.0,-21.049890279923194,1.0,2.3182133657620976,0.0,0.0,0.0,0.0,0.0,0.018971,-0.004457,0.0,0.0,0.0,0.0,0.0,0.0,0.0,0.0,0.0,0.0,0.0
0.0,0.0,0.7469,0.2805,-9.7675,15.3188,-7.0414,3.4381,0.0,0.0,0.0,0.0,-1.6448,4.371,0.01,0.0,0.0,0.0,0.0,0.0,1.0,0.0,1.0,-4.495345626626601,1.0,5.0,0.0,0.0,0.0,0.0,1.0,0.0,1.0,2.706890548925163,1.0,-21.691957945819627,1.0,61.95164375008586,1.0,-40.259685804266226,1.0,-2.706890548925163,0.0,0.0,0.0,0.0,0.0,-0.017981,0.005207,0.0,0.0,0.0,1.0,4.495345626626593,1.0,5.0,0.0,0.0,0.0,0.0,1.0,0.0,1.0,-2.706890548925163,1.0,-40.25968580426625,1.0,61.95164375008586,1.0,-21.691957945819606,1.0,2.706890548925163,0.0,0.0,0.0,0.0,0.0,0.017981,-0.005207,0.0,0.0,0.0,0.0,0.0,0.0,0.0,0.0,0.0,0.0,0.0
0.0,0.0,0.7426,0.3234,-9.7665,15.5516,-7.6811,2.4142,0.0,0.0,0.0,0.0,-1.8968,4.3459,0.0306,0.0,0.0,0.0,0.0,0.0,1.0,0.0,1.0,-4.1727422790141375,1.0,5.0,0.0,0.0,0.0,0.0,1.0,0.0,1.0,3.0471512612705807,1.0,-22.519400174093157,1.0,62.29484462270865,1.0,-39.775444448615495,1.0,-3.0471512612705807,0.0,0.0,0.0,0.0,0.0,-0.016691,0.005864,0.0,0.0,0.0,1.0,4.172742279014127,1.0,5.0,0.0,0.0,0.0,0.0,1.0,0.0,1.0,-3.0471512612705807,1.0,-39.775444448615524,1.0,62.29484462270865,1.0,-22.51940017409313,1.0,3.0471512612705807,0.0,0.0,0.0,0.0,0.0,0.016691,-0.005864,0.0,0.0,0.0,0.0,0.0,0.0,0.0,0.0,0.0,0.0,0.0
0.0,0.0,0.7336,0.3528,-9.7661,15.5661,-8.3138,1.8755,0.0,0.0,0.0,0.0,-2.0689,4.2933,0.0165,0.0,0.0,0.0,0.0,0.0,1.0,0.0,1.0,-3.783212746265763,1.0,5.0,0.0,0.0,0.0,0.0,1.0,0.0,1.0,3.4197483975721195,1.0,-25.57932704739894,1.0,67.22893482751188,1.0,-41.649607780112945,1.0,-3.4197483975721195,0.0,0.0,0.0,0.0,0.0,-0.015133,0.006417,0.002801,0.0,0.0,1.0,3.783212746265751,1.0,5.0,0.0,0.0,0.0,0.0,1.0,0.0,1.0,-3.3331584503130127,1.0,-39.17006150889241,1.0,62.673943137743144,1.0,-23.50388162885073,1.0,3.3331584503130127,0.0,0.0,0.0,0.0,0.0,0.015133,-0.006417,0.0,0.0,0.0,0.0,0.0,0.0,0.0,0.0,0.0,0.0,0.0
0.0,0.0,0.7146,0.3782,-9.7666,15.6798,-9.0004,1.6391,0.0,0.0,0.0,0.0,-2.2177,4.1815,-0.067,0.0,0.0,0.0,0.0,0.0,1.0,0.0,1.0,-3.343134830634707,1.0,5.0,0.0,0.0,0.0,0.0,1.0,0.0,1.0,3.7934350798722405,1.0,-29.481115640157796,1.0,73.73732173838076,1.0,-44.25620609822296,1.0,-3.7934350798722405,0.0,0.0,0.0,0.0,0.0,-0.013373,0.006854,0.006862,0.0,0.0,1.0,3.3431348306347197,1.0,5.0,0.0,0.0,0.0,0.0,1.0,0.0,1.0,-3.558377695786312,1.0,-38.45948246409041,1.0,63.056261286267855,1.0,-24.59677882217745,1.0,3.558377695786312,0.0,0.0,0.0,0.0,0.0,0.013373,-0.006854,0.0,0.0,0.0,0.0,0.0,0.0,0.0,0.0,0.0,0.0,0.0
0.0,0.0,0.6895,0.3917,-9.7679,15.7389,-9.5508,1.2057,0.0,0.0,0.0,0.0,-2.2965,4.0342,-0.1665,0.0,0.0,0.0,0.0,0.0,1.0,0.0,1.0,-2.8414418580192145,1.0,5.0,0.0,0.0,0.0,0.0,1.0,0.0,1.0,4.127717916188862,1.0,-33.20979579346786,1.0,79.47639218755492,1.0,-46.26659639408706,1.0,-4.127717916188862,0.0,0.0,0.0,0.0,0.0,-0.011366,0.007186,0.010682,0.0,0.0,1.0,2.8414418580192287,1.0,5.0,0.0,0.0,0.0,0.0,1.0,0.0,1.0,-3.729872737602163,1.0,-37.615780178747585,1.0,63.43323713821217,1.0,-25.817456959464586,1.0,3.729872737602163,0.0,0.0,0.0,0.0,0.0,0.011366,-0.007186,0.0,0.0,0.0,0.0,0.0,0.0,0.0,0.0,0.0,0.0,0.0
0.0,0.0,0.6717,0.4036,-9.7686,14.845,-10.0995,-0.4566,0.0,0.0,0.0,0.0,-2.3657,3.9304,-0.1698,0.0,0.0,0.0,0.0,0.0,1.0,0.0,1.0,-2.2794378783009988,1.0,5.0,0.0,0.0,0.0,0.0,1.0,0.0,1.0,4.4020432853685145,1.0,-36.745731544894284,1.0,84.35275620131705,1.0,-47.60702465642277,1.0,-4.4020432853685145,0.0,0.0,0.0,0.0,0.0,-0.009118,0.007405,0.014092,0.0,0.0,1.0,2.2794378783009823,1.0,5.0,0.0,0.0,0.0,0.0,1.0,0.0,1.0,-3.8426417302673963,1.0,-36.62923514613204,1.0,63.78179428543592,1.0,-27.15255913930389,1.0,3.8426417302673963,0.0,0.0,0.0,0.0,0.0,0.009118,-0.007405,0.0,0.0,0.0,0.0,0.0,0.0,0.0,0.0,0.0,0.0,0.0
0.0,0.0,0.673,0.4122,-9.7682,14.1215,-10.4174,-2.1313,0.0,0.0,0.0,0.0,-2.4163,3.9379,-0.0755,0.0,0.0,0.0,0.0,0.0,1.0,0.0,1.0,-1.6968239709838566,1.0,5.0,0.0,0.0,0.0,0.0,1.0,0.0,1.0,4.581819372972562,1.0,-39.85475371265335,1.0,88.03649377012309,1.0,-48.181740057469746,1.0,-4.581819372972562,0.0,0.0,0.0,0.0,0.0,-0.006787,0.007496,0.016761,0.0,0.0,1.0,1.6968239709838393,1.0,5.0,0.0,0.0,0.0,0.0,1.0,0.0,1.0,-3.889499642907944,1.0,-35.561632320411896,1.0,64.06160989622029,1.0,-28.4999775758084,1.0,3.889499642907944,0.0,0.0,0.0,0.0,0.0,0.006787,-0.007496,0.0,0.0,0.0,0.0,0.0,0.0,0.0,0.0,0.0,0.0,0.0
0.0,0.0,0.6871,0.4179,-9.7669,13.3869,-10.7169,-3.7229,0.0,0.0,0.0,0.0,-2.4499,4.0203,0.0624,0.0,0.0,0.0,0.0,0.0,1.0,0.0,1.0,-1.0965332146329434,1.0,5.0,0.0,0.0,0.0,0.0,1.0,0.0,1.0,4.658244286933664,1.0,-42.54676106232307,1.0,90.5918070764331,1.0,-48.045046014110035,1.0,-4.658244286933664,0.0,0.0,0.0,0.0,0.0,-0.004386,0.007468,0.018657,0.0,0.0,1.0,1.0965332146329603,1.0,5.0,0.0,0.0,0.0,0.0,1.0,0.0,1.0,-3.874778683690339,1.0,-34.415264798773755,1.0,64.2637324841691,1.0,-29.848467685395338,1.0,3.874778683690339,0.0,0.0,0.0,0.0,0.0,0.004386,-0.007468,0.0,0.0,0.0,0.0,0.0,0.0,0.0,0.0,0.0,0.0,0.0
0.0,0.0,0.7112,0.42,-9.7651,12.7699,-10.9547,-5.2405,0.0,0.0,0.0,0.0,-2.4631,4.1616,0.2247,0.0,0.0,0.0,0.0,0.0,1.0,0.0,1.0,-0.445470384936409,1.0,5.0,0.0,0.0,0.0,0.0,1.0,0.0,1.0,4.617777118551312,1.0,-44.909773980105655,1.0,92.08246659847637,1.0,-47.17269261837072,1.0,-4.617777118551312,0.0,0.0,0.0,0.0,0.0,-0.001782,0.007311,0.019779,0.0,0.0,1.0,0.4454703849364261,1.0,5.0,0.0,0.0,0.0,0.0,1.0,0.0,1.0,-3.794169977773456,1.0,-33.120339668692345,1.0,64.38458182458217,1.0,-31.264242155889825,1.0,3.794169977773456,0.0,0.0,0.0,0.0,0.0,0.001782,-0.007311,0.0,0.0,0.0,0.0,0.0,0.0,0.0,0.0,0.0,0.0,0.0
0.0,0.0,0.7412,0.4166,-9.763,12.2551,-11.0376,-6.7453,0.0,0.0,0.0,0.0,-2.4434,4.3373,0.412,0.0,0.0,0.0,0.0,0.0,1.0,0.0,1.0,0.18198369437998474,1.0,5.0,0.0,0.0,0.0,0.0,1.0,0.0,1.0,4.459734289542336,1.0,-46.625876263649275,1.0,92.32531621447761,1.0,-45.699439950828335,1.0,-4.459734289542336,0.0,0.0,0.0,0.0,0.0,0.000728,0.007044,0.019963,0.0,0.0,1.0,-0.1819836943799676,1.0,5.0,0.0,0.0,0.0,0.0,1.0,0.0,1.0,-3.6564608871393642,1.0,-31.823081206650777,1.0,64.40447117152651,1.0,-32.58138996487573,1.0,3.6564608871393642,0.0,0.0,0.0,0.0,0.0,-0.000728,-0.007044,0.0,0.0,0.0,0.0,0.0,0.0,0.0,0.0,0.0,0.0,0.0
0.0,0.0,0.7719,0.4067,-9.7611,11.0863,-10.7718,-5.0828,0.0,0.0,0.0,0.0,-2.3861,4.5176,0.6059,0.0,0.0,0.0,0.0,0.0,1.0,0.0,1.0,0.7930764293171939,1.0,5.0,0.0,0.0,0.0,0.0,1.0,0.0,1.0,4.19771894785545,1.0,-47.72644558041554,1.0,91.44662141955271,1.0,-43.72017583913718,1.0,-4.19771894785545,0.0,0.0,0.0,0.0,0.0,0.003172,0.006675,0.019299,0.0,0.0,1.0,-0.7930764293172121,1.0,5.0,0.0,0.0,0.0,0.0,1.0,0.0,1.0,-3.466200465896863,1.0,-30.514482814608133,1.0,64.33277225525454,1.0,-33.8182894406464,1.0,3.466200465896863,0.0,0.0,0.0,0.0,0.0,-0.003172,-0.006675,0.0,0.0,0.0,0.0,0.0,0.0,0.0,0.0,0.0,0.0,0.0
0.0,0.0,0.7959,0.3905,-9.7598,10.0015,-10.1774,-3.3765,0.0,0.0,0.0,0.0,-2.2913,4.6586,0.7925,0.0,0.0,0.0,0.0,0.0,1.0,0.0,1.0,1.4506382736862466,1.0,5.0,0.0,0.0,0.0,0.0,1.0,0.0,1.0,3.803472790473925,1.0,-48.208935089556526,1.0,89.22798236032078,1.0,-41.019047270764254,1.0,-3.803472790473925,0.0,0.0,0.0,0.0,0.0,0.005803,0.006154,0.017641,0.0,0.0,1.0,-1.4506382736862302,1.0,5.0,0.0,0.0,0.0,0.0,1.0,0.0,1.0,-3.1969638588036537,1.0,-29.05794542567541,1.0,64.15505349976782,1.0,-35.09710807409241,1.0,3.1969638588036537,0.0,0.0,0.0,0.0,0.0,-0.005803,-0.006154,0.0,0.0,0.0,0.0,0.0,0.0,0.0,0.0,0.0,0.0,0.0
0.0,0.0,0.8123,0.3654,-9.7594,9.2369,-9.046,-2.1288,0.0,0.0,0.0,0.0,-2.1442,4.7548,0.9591,0.0,0.0,0.0,0.0,0.0,1.0,0.0,1.0,2.0650641819159605,1.0,5.0,0.0,0.0,0.0,0.0,1.0,0.0,1.0,3.337201324828738,1.0,-47.90681068540224,1.0,85.85688944785478,1.0,-37.95007876245254,1.0,-3.337201324828738,0.0,0.0,0.0,0.0,0.0,0.00826,0.005539,0.015172,0.0,0.0,1.0,-2.065064181915945,1.0,5.0,0.0,0.0,0.0,0.0,1.0,0.0,1.0,-2.8789871110261527,1.0,-27.65271829818687,1.0,63.894368272255015,1.0,-36.241649974068146,1.0,2.8789871110261527,0.0,0.0,0.0,0.0,0.0,-0.00826,-0.005539,0.0,0.0,0.0,0.0,0.0,0.0,0.0,0.0,0.0,0.0,0.0
0.0,0.0,0.82,0.3324,-9.76,8.6826,-7.8436,-1.1954,0.0,0.0,0.0,0.0,-1.9507,4.7996,1.07,0.0,0.0,0.0,0.0,0.0,1.0,0.0,1.0,2.614409755027218,1.0,5.0,0.0,0.0,0.0,0.0,1.0,0.0,1.0,2.8451405207897635,1.0,-46.9114786896028,1.0,81.62073915393506,1.0,-34.70926046433226,1.0,-2.8451405207897635,0.0,0.0,0.0,0.0,0.0,0.010458,0.004868,0.012163,0.0,0.0,1.0,-2.614409755027203,1.0,5.0,0.0,0.0,0.0,0.0,1.0,0.0,1.0,-2.5316238629165944,1.0,-26.36093565719062,1.0,63.583382966276176,1.0,-37.22244730908556,1.0,2.5316238629165944,0.0,0.0,0.0,0.0,0.0,-0.010458,-0.004868,0.0,0.0,0.0,0.0,0.0,0.0,0.0,0.0,0.0,0.0,0.0
0.0,0.0,0.8192,0.2873,-9.7615,8.6634,-6.4056,-0.0136,0.0,0.0,0.0,0.0,-1.6861,4.7948,1.1505,0.0,0.0,0.0,0.0,0.0,1.0,0.0,1.0,3.1224265557122513,1.0,5.0,0.0,0.0,0.0,0.0,1.0,0.0,1.0,2.3278103711105644,1.0,-45.24897136525938,1.0,76.4487302503524,1.0,-31.199758885093015,1.0,-2.3278103711105644,0.0,0.0,0.0,0.0,0.0,0.01249,0.004124,0.008639,0.0,0.0,1.0,-3.122426555712238,1.0,5.0,0.0,0.0,0.0,0.0,1.0,0.0,1.0,-2.145429584059091,1.0,-25.137116335268562,1.0,63.229793199928935,1.0,-38.092676864660376,1.0,2.145429584059091,0.0,0.0,0.0,0.0,0.0,-0.01249,-0.004124,0.0,0.0,0.0,0.0,0.0,0.0,0.0,0.0,0.0,0.0,0.0
0.0,0.0,0.8129,0.2427,-9.7632,8.748,-4.967,0.9212,0.0,0.0,0.0,0.0,-1.4242,4.7579,1.1971,0.0,0.0,0.0,0.0,0.0,1.0,0.0,1.0,3.5769281780517996,1.0,5.0,0.0,0.0,0.0,0.0,1.0,0.0,1.0,1.809883545550251,1.0,-42.98793463716196,1.0,70.48645323726912,1.0,-27.49851860010715,1.0,-1.809883545550251,0.0,0.0,0.0,0.0,0.0,0.014308,0.003326,0.004796,0.0,0.0,1.0,-3.5769281780518125,1.0,5.0,0.0,0.0,0.0,0.0,1.0,0.0,1.0,-1.7310921927590384,1.0,-24.018735183701544,1.0,62.8591956765461,1.0,-38.84046049284456,1.0,1.7310921927590384,0.0,0.0,0.0,0.0,0.0,-0.014308,-0.003326,0.0,0.0,0.0,0.0,0.0,0.0,0.0,0.0,0.0,0.0,0.0
0.0,0.0,0.8129,0.2427,-9.7632,8.748,-4.967,0.9212,0.0,0.0,0.0,0.0,-1.4242,4.7579,1.1971,0.0,0.0,0.0,0.0,0.0,1.0,0.0,1.0,3.9810136638424405,1.0,5.0,0.0,0.0,0.0,0.0,1.0,0.0,1.0,1.2946024042004303,1.0,-40.13048447365173,1.0,63.680225673197455,1.0,-23.54974119954573,1.0,-1.2946024042004303,0.0,0.0,0.0,0.0,0.0,0.015924,0.00247,0.000716,0.0,0.0,1.0,-3.98101366384243,1.0,5.0,0.0,0.0,0.0,0.0,1.0,0.0,1.0,-1.2861826911124814,1.0,-23.005969825069997,1.0,62.48624144986112,1.0,-39.480271624791115,1.0,1.2861826911124814,0.0,0.0,0.0,0.0,0.0,-0.015924,-0.00247,0.0,0.0,0.0,0.0,0.0,0.0,0.0,0.0,0.0,0.0,0.0
0.0,0.0,0.8038,0.1845,-9.7652,8.9535,-3.4973,2.0427,0.0,0.0,0.0,0.0,-1.0823,4.7048,1.2428,0.0,0.0,0.0,0.0,0.0,1.0,0.0,1.0,4.322358184472584,1.0,5.0,0.0,0.0,0.0,0.0,1.0,0.0,1.0,0.8239100421396655,1.0,-40.00197390911431,1.0,62.13898732188208,1.0,-22.137013412767757,1.0,-0.8239100421396655,0.0,0.0,0.0,0.0,0.0,0.017289,0.001582,0.0,0.0,0.0,1.0,-4.322358184472575,1.0,5.0,0.0,0.0,0.0,0.0,1.0,0.0,1.0,-0.8239100421396655,1.0,-22.13701341276773,1.0,62.13898732188205,1.0,-40.00197390911432,1.0,0.8239100421396655,0.0,0.0,0.0,0.0,0.0,-0.017289,-0.001582,0.0,0.0,0.0,0.0,0.0,0.0,0.0,0.0,0.0,0.0,0.0
0.0,0.0,0.7952,0.1239,-9.7669,9.5511,-2.0848,2.9767,0.0,0.0,0.0,0.0,-0.7269,4.6544,1.2905,0.0,0.0,0.0,0.0,0.0,1.0,0.0,1.0,4.609876878252677,1.0,5.0,0.0,0.0,0.0,0.0,1.0,0.0,1.0,0.32575350410201037,1.0,-40.42780973188254,1.0,61.82337523018795,1.0,-21.39556549830541,1.0,-0.32575350410201037,0.0,0.0,0.0,0.0,0.0,0.01844,0.000625,0.0,0.0,0.0,1.0,-4.6098768782526705,1.0,5.0,0.0,0.0,0.0,0.0,1.0,0.0,1.0,-0.32575350410201037,1.0,-21.39556549830539,1.0,61.82337523018795,1.0,-40.427809731882554,1.0,0.32575350410201037,0.0,0.0,0.0,0.0,0.0,-0.01844,-0.000625,0.0,0.0,0.0,0.0,0.0,0.0,0.0,0.0,0.0,0.0,0.0
0.0,0.0,0.789,0.0709,-9.7679,10.168,-0.7673,3.7244,0.0,0.0,0.0,0.0,-0.416,4.6182,1.3325,0.0,0.0,0.0,0.0,0.0,1.0,0.0,1.0,4.819545234697787,1.0,5.0,0.0,0.0,0.0,0.0,1.0,0.0,1.0,-0.17447534714652346,1.0,-40.73037430737598,1.0,61.579773939305916,1.0,-20.84939963192993,1.0,0.17447534714652346,0.0,0.0,0.0,0.0,0.0,0.019278,-0.000335,0.0,0.0,0.0,1.0,-4.8195452346977925,1.0,5.0,0.0,0.0,0.0,0.0,1.0,0.0,1.0,0.17447534714652346,1.0,-20.849399631929955,1.0,61.579773939305944,1.0,-40.73037430737599,1.0,-0.17447534714652346,0.0,0.0,0.0,0.0,0.0,-0.019278,0.000335,0.0,0.0,0.0,0.0,0.0,0.0,0.0,0.0,0.0,0.0,0.0
0.0,0.0,0.7851,0.0081,-9.7685,11.005,0.9455,4.3575,0.0,0.0,0.0,0.0,-0.0476,4.5952,1.3716,0.0,0.0,0.0,0.0,0.0,1.0,0.0,1.0,4.948971270924229,1.0,5.0,0.0,0.0,0.0,0.0,1.0,0.0,1.0,-0.6653404608381607,1.0,-40.91374758676711,1.0,61.423699906373905,1.0,-20.509952319606803,1.0,0.6653404608381607,0.0,0.0,0.0,0.0,0.0,0.019796,-0.001278,0.0,0.0,0.0,1.0,-4.948971270924226,1.0,5.0,0.0,0.0,0.0,0.0,1.0,0.0,1.0,0.6653404608381607,1.0,-20.509952319606796,1.0,61.423699906373905,1.0,-40.91374758676711,1.0,-0.6653404608381607,0.0,0.0,0.0,0.0,0.0,-0.019796,0.001278,0.0,0.0,0.0,0.0,0.0,0.0,0.0,0.0,0.0,0.0,0.0
0.0,0.0,0.7836,-0.0457,-9.7685,11.7716,2.383,4.7494,0.0,0.0,0.0,0.0,0.268,4.5862,1.393,0.0,0.0,0.0,0.0,0.0,1.0,0.0,1.0,4.999306595304277,1.0,5.0,0.0,0.0,0.0,0.0,1.0,0.0,1.0,-1.144762203997827,1.0,-40.98435793271379,1.0,61.3618198733514,1.0,-20.377461940637613,1.0,1.144762203997827,0.0,0.0,0.0,0.0,0.0,0.019997,-0.002199,0.0,0.0,0.0,1.0,-4.999306595304277,1.0,5.0,0.0,0.0,0.0,0.0,1.0,0.0,1.0,1.144762203997827,1.0,-20.377461940637613,1.0,61.3618198733514,1.0,-40.98435793271379,1.0,-1.144762203997827,0.0,0.0,0.0,0.0,0.0,-0.019997,0.002199,0.0,0.0,0.0,0.0,0.0,0.0,0.0,0.0,0.0,0.0,0.0
0.0,0.0,0.7834,-0.1074,-9.768,12.6679,3.9602,4.9616,0.0,0.0,0.0,0.0,0.63,4.5853,1.4096,0.0,0.0,0.0,0.0,0.0,1.0,0.0,1.0,4.973336074619342,1.0,5.0,0.0,0.0,0.0,0.0,1.0,0.0,1.0,-1.5829250260582022,1.0,-40.94797601309469,1.0,61.39382963330945,1.0,-20.445853620214763,1.0,1.5829250260582022,0.0,0.0,0.0,0.0,0.0,0.019893,-0.003041,0.0,0.0,0.0,1.0,-4.973336074619339,1.0,5.0,0.0,0.0,0.0,0.0,1.0,0.0,1.0,1.5829250260582022,1.0,-20.445853620214763,1.0,61.39382963330945,1.0,-40.94797601309469,1.0,-1.5829250260582022,0.0,0.0,0.0,0.0,0.0,-0.019893,0.003041,0.0,0.0,0.0,0.0,0.0,0.0,0.0,0.0,0.0,0.0,0.0
0.0,0.0,0.7846,-0.1588,-9.7672,13.4293,5.2098,4.9006,0.0,0.0,0.0,0.0,0.9312,4.5923,1.4171,0.0,0.0,0.0,0.0,0.0,1.0,0.0,1.0,4.869908574160085,1.0,5.0,0.0,0.0,0.0,0.0,1.0,0.0,1.0,-2.01568627210621,1.0,-40.80203980409526,1.0,61.519559999757114,1.0,-20.71752019566185,1.0,2.01568627210621,0.0,0.0,0.0,0.0,0.0,0.01948,-0.003874,0.0,0.0,0.0,1.0,-4.869908574160081,1.0,5.0,0.0,0.0,0.0,0.0,1.0,0.0,1.0,2.01568627210621,1.0,-20.71752019566184,1.0,61.519559999757114,1.0,-40.802039804095266,1.0,-2.01568627210621,0.0,0.0,0.0,0.0,0.0,-0.01948,0.003874,0.0,0.0,0.0,0.0,0.0,0.0,0.0,0.0,0.0,0.0,0.0
0.0,0.0,0.786,-0.2165,-9.766,14.3409,6.5105,4.3736,0.0,0.0,0.0,0.0,1.2699,4.6004,1.4193,0.0,0.0,0.0,0.0,0.0,1.0,0.0,1.0,4.690871468230306,1.0,5.0,0.0,0.0,0.0,0.0,1.0,0.0,1.0,-2.4150769410912787,1.0,-40.54549248081126,1.0,61.730622240712975,1.0,-21.185129759901713,1.0,2.4150769410912787,0.0,0.0,0.0,0.0,0.0,0.018763,-0.004643,0.0,0.0,0.0,1.0,-4.690871468230312,1.0,5.0,0.0,0.0,0.0,0.0,1.0,0.0,1.0,2.4150769410912787,1.0,-21.185129759901724,1.0,61.730622240712975,1.0,-40.545492480811255,1.0,-2.4150769410912787,0.0,0.0,0.0,0.0,0.0,-0.018763,0.004643,0.0,0.0,0.0,0.0,0.0,0.0,0.0,0.0,0.0,0.0,0.0
0.0,0.0,0.7854,-0.2633,-9.7649,14.9197,7.4782,3.6948,0.0,0.0,0.0,0.0,1.5446,4.597,1.4157,0.0,0.0,0.0,0.0,0.0,1.0,0.0,1.0,4.4259728453189515,1.0,5.0,0.0,0.0,0.0,0.0,1.0,0.0,1.0,-2.7915052485872325,1.0,-40.156880262113596,1.0,62.027695778830676,1.0,-21.870815516717077,1.0,2.7915052485872325,0.0,0.0,0.0,0.0,0.0,0.017704,-0.00537,0.0,0.0,0.0,1.0,-4.4259728453189595,1.0,5.0,0.0,0.0,0.0,0.0,1.0,0.0,1.0,2.7915052485872325,1.0,-21.87081551671709,1.0,62.027695778830676,1.0,-40.15688026211358,1.0,-2.7915052485872325,0.0,0.0,0.0,0.0,0.0,-0.017704,0.00537,0.0,0.0,0.0,0.0,0.0,0.0,0.0,0.0,0.0,0.0,0.0
0.0,0.0,0.7815,-0.3057,-9.764,15.1207,8.1254,2.923,0.0,0.0,0.0,0.0,1.7932,4.574,1.409,0.0,0.0,0.0,0.0,0.0,1.0,0.0,1.0,4.093304559921017,1.0,5.0,0.0,0.0,0.0,0.0,1.0,0.0,1.0,-3.1142102541943206,1.0,-39.653809799931615,1.0,62.375277713091954,1.0,-22.72146791316034,1.0,3.1142102541943206,0.0,0.0,0.0,0.0,0.0,0.016373,-0.005994,0.0,0.0,0.0,1.0,-4.093304559921006,1.0,5.0,0.0,0.0,0.0,0.0,1.0,0.0,1.0,3.1142102541943206,1.0,-22.7214679131603,1.0,62.375277713091926,1.0,-39.65380979993163,1.0,-3.1142102541943206,0.0,0.0,0.0,0.0,0.0,-0.016373,0.005994,0.0,0.0,0.0,0.0,0.0,0.0,0.0,0.0,0.0,0.0,0.0
0.0,0.0,0.7721,-0.3396,-9.7636,15.1831,8.62,2.323,0.0,0.0,0.0,0.0,1.9922,4.5186,1.4278,0.0,0.0,0.0,0.0,0.0,1.0,0.0,1.0,3.709191593118517,1.0,5.0,0.0,0.0,0.0,0.0,1.0,0.0,1.0,-3.3771392327837373,1.0,-39.0525018658418,1.0,62.741647672940275,1.0,-23.689145807098473,1.0,3.3771392327837373,0.0,0.0,0.0,0.0,0.0,0.014837,-0.006502,0.0,0.0,0.0,1.0,-3.7091915931185286,1.0,5.0,0.0,0.0,0.0,0.0,1.0,0.0,1.0,3.4886543694993604,1.0,-26.288724202004794,1.0,68.4448172475826,1.0,-42.156093045577805,1.0,-3.4886543694993604,0.0,0.0,0.0,0.0,0.0,-0.014837,0.006502,0.003537,0.0,0.0,0.0,0.0,0.0,0.0,0.0,0.0,0.0,0.0
0.0,0.0,0.7521,-0.3673,-9.7642,15.3544,9.1025,1.9341,0.0,0.0,0.0,0.0,2.1544,4.4017,1.5105,0.0,0.0,0.0,0.0,0.0,1.0,0.0,1.0,3.2475117211396065,1.0,5.0,0.0,0.0,0.0,0.0,1.0,0.0,1.0,-3.597184328157777,1.0,-38.30140933049715,1.0,63.13293232332138,1.0,-24.83152299282423,1.0,3.597184328157777,0.0,0.0,0.0,0.0,0.0,0.01299,-0.006929,0.0,0.0,0.0,1.0,-3.2475117211396194,1.0,5.0,0.0,0.0,0.0,0.0,1.0,0.0,1.0,3.8641385379468463,1.0,-30.242341061423716,1.0,74.95126280805799,1.0,-44.708921746634275,1.0,-3.8641385379468463,0.0,0.0,0.0,0.0,0.0,-0.01299,0.006929,0.007651,0.0,0.0,0.0,0.0,0.0,0.0,0.0,0.0,0.0,0.0
0.0,0.0,0.7265,-0.3809,-9.7656,15.3925,9.4778,1.1974,0.0,0.0,0.0,0.0,2.2336,4.2517,1.6082,0.0,0.0,0.0,0.0,0.0,1.0,0.0,1.0,2.7361267939732397,1.0,5.0,0.0,0.0,0.0,0.0,1.0,0.0,1.0,-3.756750150694787,1.0,-37.43420564809391,1.0,63.50446468220889,1.0,-26.07025903411498,1.0,3.756750150694787,0.0,0.0,0.0,0.0,0.0,0.010945,-0.007238,0.0,0.0,0.0,1.0,-2.736126793973224,1.0,5.0,0.0,0.0,0.0,0.0,1.0,0.0,1.0,4.186890653971507,1.0,-33.91822283462483,1.0,80.5025001696612,1.0,-46.58427733503637,1.0,-4.186890653971507,0.0,0.0,0.0,0.0,0.0,-0.010945,0.007238,0.011387,0.0,0.0,0.0,0.0,0.0,0.0,0.0,0.0,0.0,0.0
0.0,0.0,0.7104,-0.3919,-9.7664,14.5178,9.8941,-0.748,0.0,0.0,0.0,0.0,2.2981,4.1568,1.611,0.0,0.0,0.0,0.0,0.0,1.0,0.0,1.0,2.194794347509384,1.0,5.0,0.0,0.0,0.0,0.0,1.0,0.0,1.0,-3.8535495943856177,1.0,-36.47693593282311,1.0,63.82758350120981,1.0,-27.3506475683867,1.0,3.8535495943856177,0.0,0.0,0.0,0.0,0.0,0.008779,-0.007426,0.0,0.0,0.0,1.0,-2.194794347509367,1.0,5.0,0.0,0.0,0.0,0.0,1.0,0.0,1.0,4.434683570035102,1.0,-37.23003784311723,1.0,84.96834424126945,1.0,-47.73830639815222,1.0,-4.434683570035102,0.0,0.0,0.0,0.0,0.0,-0.008779,0.007426,0.014533,0.0,0.0,0.0,0.0,0.0,0.0,0.0,0.0,0.0,0.0
0.0,0.0,0.7128,-0.3995,-9.7659,13.8163,10.1968,-2.4549,0.0,0.0,0.0,0.0,2.3425,4.1708,1.512,0.0,0.0,0.0,0.0,0.0,1.0,0.0,1.0,1.6135215792001527,1.0,5.0,0.0,0.0,0.0,0.0,1.0,0.0,1.0,-3.8910849819610562,1.0,-35.40533155266924,1.0,64.0948733830491,1.0,-28.68954183037986,1.0,3.8910849819610562,0.0,0.0,0.0,0.0,0.0,0.006454,-0.007499,0.0,0.0,0.0,1.0,-1.6135215792001691,1.0,5.0,0.0,0.0,0.0,0.0,1.0,0.0,1.0,4.598993576053612,1.0,-40.25826186498087,1.0,88.462703190272,1.0,-48.20444132529113,1.0,-4.598993576053612,0.0,0.0,0.0,0.0,0.0,-0.006454,0.007499,0.017075,0.0,0.0,0.0,0.0,0.0,0.0,0.0,0.0,0.0,0.0
0.0,0.0,0.7276,-0.4042,-9.7646,13.0943,10.5116,-4.0435,0.0,0.0,0.0,0.0,2.3701,4.2576,1.3648,0.0,0.0,0.0,0.0,0.0,1.0,0.0,1.0,0.9934544939056351,1.0,5.0,0.0,0.0,0.0,0.0,1.0,0.0,1.0,-3.8663592077546634,1.0,-34.21378351069623,1.0,64.28967557843713,1.0,-30.0758920677409,1.0,3.8663592077546634,0.0,0.0,0.0,0.0,0.0,0.003974,-0.007451,0.0,0.0,0.0,1.0,-0.9934544939056171,1.0,5.0,0.0,0.0,0.0,0.0,1.0,0.0,1.0,4.66034659846769,1.0,-42.959372195319766,1.0,90.91404646334715,1.0,-47.95467426802738,1.0,-4.66034659846769,0.0,0.0,0.0,0.0,0.0,-0.003974,0.007451,0.018899,0.0,0.0,0.0,0.0,0.0,0.0,0.0,0.0,0.0,0.0
0.0,0.0,0.7575,-0.4052,-9.7623,12.3242,10.7952,-5.7752,0.0,0.0,0.0,0.0,2.3769,4.4331,1.1645,0.0,0.0,0.0,0.0,0.0,1.0,0.0,1.0,0.3969477776361735,1.0,5.0,0.0,0.0,0.0,0.0,1.0,0.0,1.0,-3.7855976853394844,1.0,-33.0217263301341,1.0,64.3894997160405,1.0,-31.367773385906407,1.0,3.7855976853394844,0.0,0.0,0.0,0.0,0.0,0.001588,-0.007294,0.0,0.0,0.0,1.0,-0.3969477776361552,1.0,5.0,0.0,0.0,0.0,0.0,1.0,0.0,1.0,4.609679743345342,1.0,-45.06253773412146,1.0,92.14257788073502,1.0,-47.08004014661356,1.0,-4.609679743345342,0.0,0.0,0.0,0.0,0.0,-0.001588,0.007294,0.019825,0.0,0.0,0.0,0.0,0.0,0.0,0.0,0.0,0.0,0.0
0.0,0.0,0.7575,-0.4052,-9.7623,12.3242,10.7952,-5.7752,0.0,0.0,0.0,0.0,2.3769,4.4331,1.1645,0.0,0.0,0.0,0.0,0.0,1.0,0.0,1.0,-0.20706662129398495,1.0,5.0,0.0,0.0,0.0,0.0,1.0,0.0,1.0,-3.6497480553356794,1.0,-31.770237027583658,1.0,64.40329727480163,1.0,-32.63306024721797,1.0,3.6497480553356794,0.0,0.0,0.0,0.0,0.0,-0.000828,-0.007031,0.0,0.0,0.0,1.0,0.20706662129400333,1.0,5.0,0.0,0.0,0.0,0.0,1.0,0.0,1.0,4.451043133638471,1.0,-46.68249786049633,1.0,92.3110018371458,1.0,-45.62850397664946,1.0,-4.451043133638471,0.0,0.0,0.0,0.0,0.0,0.000828,0.007031,0.019952,0.0,0.0,0.0,0.0,0.0,0.0,0.0,0.0,0.0,0.0
0.0,0.0,0.7945,-0.3989,-9.7596,11.3119,10.7709,-5.6415,0.0,0.0,0.0,0.0,2.3404,4.6499,0.9404,0.0,0.0,0.0,0.0,0.0,1.0,0.0,1.0,-0.8891672196418159,1.0,5.0,0.0,0.0,0.0,0.0,1.0,0.0,1.0,-3.4311347698678656,1.0,-30.304737339858203,1.0,64.31331369784812,1.0,-34.00857635798991,1.0,3.4311347698678656,0.0,0.0,0.0,0.0,0.0,-0.003557,-0.006607,0.0,0.0,0.0,1.0,0.8891672196418339,1.0,5.0,0.0,0.0,0.0,0.0,1.0,0.0,1.0,4.147184050725873,1.0,-47.84443241692603,1.0,91.20657643861823,1.0,-43.3621440216922,1.0,-4.147184050725873,0.0,0.0,0.0,0.0,0.0,0.003557,0.006607,0.019119,0.0,0.0,0.0,0.0,0.0,0.0,0.0,0.0,0.0,0.0
0.0,0.0,0.8218,-0.388,-9.7578,10.0663,10.3876,-3.5647,0.0,0.0,0.0,0.0,2.277,4.81,0.7564,0.0,0.0,0.0,0.0,0.0,1.0,0.0,1.0,-1.5067433776747743,1.0,5.0,0.0,0.0,0.0,0.0,1.0,0.0,1.0,-3.1707150845234464,1.0,-28.93138680596761,1.0,64.13505023243499,1.0,-35.20366342646738,1.0,3.1707150845234464,0.0,0.0,0.0,0.0,0.0,-0.006027,-0.006103,0.0,0.0,0.0,1.0,1.5067433776747918,1.0,5.0,0.0,0.0,0.0,0.0,1.0,0.0,1.0,3.7647091984327425,1.0,-48.21325425860713,1.0,88.9744295358345,1.0,-40.76117527722737,1.0,-3.7647091984327425,0.0,0.0,0.0,0.0,0.0,0.006027,0.006103,0.017453,0.0,0.0,0.0,0.0,0.0,0.0,0.0,0.0,0.0,0.0
0.0,0.0,0.8427,-0.3703,-9.7567,9.1954,9.6079,-2.255,0.0,0.0,0.0,0.0,2.1737,4.9332,0.5817,0.0,0.0,0.0,0.0,0.0,1.0,0.0,1.0,-2.110332726188671,1.0,5.0,0.0,0.0,0.0,0.0,1.0,0.0,1.0,-2.852765374670503,1.0,-27.547523648291193,1.0,63.87153049310024,1.0,-36.32400684480904,1.0,2.852765374670503,0.0,0.0,0.0,0.0,0.0,-0.008441,-0.005488,0.0,0.0,0.0,1.0,2.1103327261886555,1.0,5.0,0.0,0.0,0.0,0.0,1.0,0.0,1.0,3.29929056680496,1.0,-47.85242837568547,1.0,85.55425852115533,1.0,-37.70183014546986,1.0,-3.29929056680496,0.0,0.0,0.0,0.0,0.0,0.008441,0.005488,0.014954,0.0,0.0,0.0,0.0,0.0,0.0,0.0,0.0,0.0,0.0
0.0,0.0,0.8542,-0.3442,-9.7566,8.5908,8.3401,-1.3059,0.0,0.0,0.0,0.0,2.0206,5.0006,0.4578,0.0,0.0,0.0,0.0,0.0,1.0,0.0,1.0,-2.667133300744033,1.0,5.0,0.0,0.0,0.0,0.0,1.0,0.0,1.0,-2.4947046672992688,1.0,-26.235222179824827,1.0,63.54964575676371,1.0,-37.314423576938886,1.0,2.4947046672992688,0.0,0.0,0.0,0.0,0.0,-0.010669,-0.004797,0.0,0.0,0.0,1.0,2.6671333007440485,1.0,5.0,0.0,0.0,0.0,0.0,1.0,0.0,1.0,2.794263387266265,1.0,-46.774874173339825,1.0,81.14502593970519,1.0,-34.37015176636536,1.0,-2.794263387266265,0.0,0.0,0.0,0.0,0.0,0.010669,0.004797,0.011832,0.0,0.0,0.0,0.0,0.0,0.0,0.0,0.0,0.0,0.0
0.0,0.0,0.8578,-0.3108,-9.7574,8.0334,7.1257,-0.7711,0.0,0.0,0.0,0.0,1.8243,5.0218,0.3815,0.0,0.0,0.0,0.0,0.0,1.0,0.0,1.0,-3.174500581625279,1.0,5.0,0.0,0.0,0.0,0.0,1.0,0.0,1.0,-2.1016417614609937,1.0,-25.010098863498616,1.0,63.18994139618791,1.0,-38.17984253268929,1.0,2.1016417614609937,0.0,0.0,0.0,0.0,0.0,-0.012698,-0.004039,0.0,0.0,0.0,1.0,3.174500581625294,1.0,5.0,0.0,0.0,0.0,0.0,1.0,0.0,1.0,2.2712642198622524,1.0,-45.031076154429506,1.0,75.83730993335884,1.0,-30.806233778929336,1.0,-2.2712642198622524,0.0,0.0,0.0,0.0,0.0,0.012698,0.004039,0.008234,0.0,0.0,0.0,0.0,0.0,0.0,0.0,0.0,0.0,0.0
0.0,0.0,0.8556,-0.2726,-9.7588,8.0373,5.942,0.1017,0.0,0.0,0.0,0.0,1.6,5.0085,0.3304,0.0,0.0,0.0,0.0,0.0,1.0,0.0,1.0,-3.646647185615714,1.0,5.0,0.0,0.0,0.0,0.0,1.0,0.0,1.0,-1.6602929484785864,1.0,-23.845232636017776,1.0,62.79778083969324,1.0,-38.95254820367546,1.0,1.6602929484785864,0.0,0.0,0.0,0.0,0.0,-0.014587,-0.00319,0.0,0.0,0.0,1.0,3.646647185615726,1.0,5.0,0.0,0.0,0.0,0.0,1.0,0.0,1.0,1.725144809964273,1.0,-42.560651163308144,1.0,69.43023509793362,1.0,-26.86958393462549,1.0,-1.725144809964273,0.0,0.0,0.0,0.0,0.0,0.014587,0.00319,0.004141,0.0,0.0,0.0,0.0,0.0,0.0,0.0,0.0,0.0,0.0
0.0,0.0,0.8488,-0.2293,-9.7605,8.2117,4.5239,1.0208,0.0,0.0,0.0,0.0,1.3457,4.9688,0.2901,0.0,0.0,0.0,0.0,0.0,1.0,0.0,1.0,-4.060529582373386,1.0,5.0,0.0,0.0,0.0,0.0,1.0,0.0,1.0,-1.1871466797580186,1.0,-22.804644576643753,1.0,62.407995945619795,1.0,-39.603351368976035,1.0,1.1871466797580186,0.0,0.0,0.0,0.0,0.0,-0.016242,-0.00228,0.0,0.0,0.0,1.0,4.0605295823733965,1.0,5.0,0.0,0.0,0.0,0.0,1.0,0.0,1.0,1.1871466797580186,1.0,-39.60335136897604,1.0,62.407995945619845,1.0,-22.8046445766438,1.0,-1.1871466797580186,0.0,0.0,0.0,0.0,0.0,0.016242,0.00228,0.0,0.0,0.0,0.0,0.0,0.0,0.0,0.0,0.0,0.0,0.0
0.0,0.0,0.84,-0.1808,-9.7623,8.4702,3.2451,1.9164,0.0,0.0,0.0,0.0,1.0607,4.9171,0.2546,0.0,0.0,0.0,0.0,0.0,1.0,0.0,1.0,-4.3991134166757355,1.0,5.0,0.0,0.0,0.0,0.0,1.0,0.0,1.0,-0.7037079724906955,1.0,-21.939928873594823,1.0,62.05680942331596,1.0,-40.11688054972114,1.0,0.7037079724906955,0.0,0.0,0.0,0.0,0.0,-0.017596,-0.001351,0.0,0.0,0.0,1.0,4.399113416675744,1.0,5.0,0.0,0.0,0.0,0.0,1.0,0.0,1.0,0.7037079724906955,1.0,-40.11688054972113,1.0,62.05680942331599,1.0,-21.93992887359485,1.0,-0.7037079724906955,0.0,0.0,0.0,0.0,0.0,0.017596,0.001351,0.0,0.0,0.0,0.0,0.0,0.0,0.0,0.0,0.0,0.0,0.0
0.0,0.0,0.829,-0.1209,-9.7641,9.1334,1.7551,2.8332,0.0,0.0,0.0,0.0,0.7095,4.8526,0.213,0.0,0.0,0.0,0.0,0.0,1.0,0.0,1.0,-4.666858609709252,1.0,5.0,0.0,0.0,0.0,0.0,1.0,0.0,1.0,-0.20671995526083092,1.0,-21.247590532076263,1.0,61.75829808050171,1.0,-40.510707548425444,1.0,0.20671995526083092,0.0,0.0,0.0,0.0,0.0,-0.018667,-0.000397,0.0,0.0,0.0,1.0,4.666858609709259,1.0,5.0,0.0,0.0,0.0,0.0,1.0,0.0,1.0,0.20671995526083092,1.0,-40.51070754842543,1.0,61.75829808050171,1.0,-21.247590532076277,1.0,-0.20671995526083092,0.0,0.0,0.0,0.0,0.0,0.018667,0.000397,0.0,0.0,0.0,0.0,0.0,0.0,0.0,0.0,0.0,0.0,0.0
0.0,0.0,0.8207,-0.0672,-9.7653,9.7705,0.197,3.7545,0.0,0.0,0.0,0.0,0.3942,4.8038,0.1715,0.0,0.0,0.0,0.0,0.0,1.0,0.0,1.0,-4.8595617607178605,1.0,5.0,0.0,0.0,0.0,0.0,1.0,0.0,1.0,0.2988929385069742,1.0,-20.74463569484992,1.0,61.53198445080192,1.0,-40.787348755952,1.0,-0.2988929385069742,0.0,0.0,0.0,0.0,0.0,-0.019438,0.000574,0.0,0.0,0.0,1.0,4.859561760717856,1.0,5.0,0.0,0.0,0.0,0.0,1.0,0.0,1.0,-0.2988929385069742,1.0,-40.78734875595201,1.0,61.53198445080192,1.0,-20.74463569484991,1.0,0.2988929385069742,0.0,0.0,0.0,0.0,0.0,0.019438,-0.000574,0.0,0.0,0.0,0.0,0.0,0.0,0.0,0.0,0.0,0.0,0.0
0.0,0.0,0.8153,-0.0114,-9.766,10.5167,-1.4363,4.3955,0.0,0.0,0.0,0.0,0.0666,4.7719,0.1361,0.0,0.0,0.0,0.0,0.0,1.0,0.0,1.0,-4.971206635392266,1.0,5.0,0.0,0.0,0.0,0.0,1.0,0.0,1.0,0.8019507503176111,1.0,-20.451458216532316,1.0,61.396446429951084,1.0,-40.94498821341877,1.0,-0.8019507503176111,0.0,0.0,0.0,0.0,0.0,-0.019885,0.00154,0.0,0.0,0.0,1.0,4.971206635392264,1.0,5.0,0.0,0.0,0.0,0.0,1.0,0.0,1.0,-0.8019507503176111,1.0,-40.944988213418775,1.0,61.396446429951084,1.0,-20.451458216532313,1.0,0.8019507503176111,0.0,0.0,0.0,0.0,0.0,0.019885,-0.00154,0.0,0.0,0.0,0.0,0.0,0.0,0.0,0.0,0.0,0.0,0.0
0.0,0.0,0.8114,0.0544,-9.7662,11.4067,-3.1814,4.8895,0.0,0.0,0.0,0.0,-0.3194,4.7493,0.0984,0.0,0.0,0.0,0.0,0.0,1.0,0.0,1.0,-4.9988013648744785,1.0,5.0,0.0,0.0,0.0,0.0,1.0,0.0,1.0,1.2877001883000327,1.0,-20.37879310810202,1.0,61.36244427458499,1.0,-40.98365116648297,1.0,-1.2877001883000327,0.0,0.0,0.0,0.0,0.0,-0.019995,0.002473,0.0,0.0,0.0,1.0,4.998801364874479,1.0,5.0,0.0,0.0,0.0,0.0,1.0,0.0,1.0,-1.2877001883000327,1.0,-40.98365116648297,1.0,61.36244427458499,1.0,-20.37879310810202,1.0,1.2877001883000327,0.0,0.0,0.0,0.0,0.0,0.019995,-0.002473,0.0,0.0,0.0,0.0,0.0,0.0,0.0,0.0,0.0,0.0,0.0
0.0,0.0,0.8098,0.1181,-9.7658,12.3108,-4.605,5.0763,0.0,0.0,0.0,0.0,-0.6929,4.74,0.0628,0.0,0.0,0.0,0.0,0.0,1.0,0.0,1.0,-4.944364827133262,1.0,5.0,0.0,0.0,0.0,0.0,1.0,0.0,1.0,1.7451029853364588,1.0,-20.52206389864339,1.0,61.429329782431424,1.0,-40.907265883788035,1.0,-1.7451029853364588,0.0,0.0,0.0,0.0,0.0,-0.019777,0.003353,0.0,0.0,0.0,1.0,4.944364827133264,1.0,5.0,0.0,0.0,0.0,0.0,1.0,0.0,1.0,-1.7451029853364588,1.0,-40.90726588378803,1.0,61.429329782431424,1.0,-20.522063898643395,1.0,1.7451029853364588,0.0,0.0,0.0,0.0,0.0,0.019777,-0.003353,0.0,0.0,0.0,0.0,0.0,0.0,0.0,0.0,0.0,0.0,0.0
0.0,0.0,0.81,0.1689,-9.765,13.0962,-5.6639,4.9762,0.0,0.0,0.0,0.0,-0.991,4.7409,0.0406,0.0,0.0,0.0,0.0,0.0,1.0,0.0,1.0,-4.809399423023239,1.0,5.0,0.0,0.0,0.0,0.0,1.0,0.0,1.0,2.1745914250225877,1.0,-20.875934808719578,1.0,61.59182431009161,1.0,-40.71588950137203,1.0,-2.1745914250225877,0.0,0.0,0.0,0.0,0.0,-0.019238,0.00418,0.0,0.0,0.0,1.0,4.809399423023243,1.0,5.0,0.0,0.0,0.0,0.0,1.0,0.0,1.0,-2.1745914250225877,1.0,-40.715889501372025,1.0,61.59182431009161,1.0,-20.875934808719585,1.0,2.1745914250225877,0.0,0.0,0.0,0.0,0.0,0.019238,-0.00418,0.0,0.0,0.0,0.0,0.0,0.0,0.0,0.0,0.0,0.0,0.0
0.0,0.0,0.8102,0.2165,-9.7641,13.9068,-6.6594,4.5075,0.0,0.0,0.0,0.0,-1.2705,4.742,0.0276,0.0,0.0,0.0,0.0,0.0,1.0,0.0,1.0,-4.583100515237431,1.0,5.0,0.0,0.0,0.0,0.0,1.0,0.0,1.0,2.5873602502791746,1.0,-21.4649828065412,1.0,61.853666102934696,1.0,-40.388683296393495,1.0,-2.5873602502791746,0.0,0.0,0.0,0.0,0.0,-0.018332,0.004976,0.0,0.0,0.0,1.0,4.583100515237424,1.0,5.0,0.0,0.0,0.0,0.0,1.0,0.0,1.0,-2.5873602502791746,1.0,-40.38868329639351,1.0,61.853666102934696,1.0,-21.464982806541187,1.0,2.5873602502791746,0.0,0.0,0.0,0.0,0.0,0.018332,-0.004976,0.0,0.0,0.0,0.0,0.0,0.0,0.0,0.0,0.0,0.0,0.0
0.0,0.0,0.8079,0.269,-9.7629,14.7676,-7.7252,3.4678,0.0,0.0,0.0,0.0,-1.578,4.7287,0.0223,0.0,0.0,0.0,0.0,0.0,1.0,0.0,1.0,-4.276352567038121,1.0,5.0,0.0,0.0,0.0,0.0,1.0,0.0,1.0,2.9511405803358155,1.0,-22.25484500284109,1.0,62.18752058530747,1.0,-39.93267558246638,1.0,-2.9511405803358155,0.0,0.0,0.0,0.0,0.0,-0.017105,0.005678,0.0,0.0,0.0,1.0,4.276352567038112,1.0,5.0,0.0,0.0,0.0,0.0,1.0,0.0,1.0,-2.9511405803358155,1.0,-39.932675582466366,1.0,62.18752058530742,1.0,-22.254845002841048,1.0,2.9511405803358155,0.0,0.0,0.0,0.0,0.0,0.017105,-0.005678,0.0,0.0,0.0,0.0,0.0,0.0,0.0,0.0,0.0,0.0,0.0
0.0,0.0,0.8014,0.3112,-9.7622,14.9595,-8.6084,2.8272,0.0,0.0,0.0,0.0,-1.8256,4.6909,0.0059,0.0,0.0,0.0,0.0,0.0,1.0,0.0,1.0,-3.8948773729730295,1.0,5.0,0.0,0.0,0.0,0.0,1.0,0.0,1.0,3.310521712689777,1.0,-24.45946740548004,1.0,65.28320489713444,1.0,-40.8237374916544,1.0,-3.310521712689777,0.0,0.0,0.0,0.0,0.0,-0.01558,0.006278,0.001646,0.0,0.0,1.0,3.894877372973018,1.0,5.0,0.0,0.0,0.0,0.0,1.0,0.0,1.0,-3.2612421763333823,1.0,-39.34589098213565,1.0,62.56919473302704,1.0,-23.223303750891386,1.0,3.2612421763333823,0.0,0.0,0.0,0.0,0.0,0.01558,-0.006278,0.0,0.0,0.0,0.0,0.0,0.0,0.0,0.0,0.0,0.0,0.0
0.0,0.0,0.789,0.3473,-9.762,15.0485,-9.2236,2.3601,0.0,0.0,0.0,0.0,-2.0377,4.6178,-0.041,0.0,0.0,0.0,0.0,0.0,1.0,0.0,1.0,-3.4360754173644366,1.0,5.0,0.0,0.0,0.0,0.0,1.0,0.0,1.0,3.72133535694286,1.0,-28.714765460974704,1.0,72.49549017575089,1.0,-43.78072471477618,1.0,-3.72133535694286,0.0,0.0,0.0,0.0,0.0,-0.013744,0.006774,0.006064,0.0,0.0,1.0,3.4360754173644232,1.0,5.0,0.0,0.0,0.0,0.0,1.0,0.0,1.0,-3.5175139389278014,1.0,-38.61187232960588,1.0,62.979556859810515,1.0,-24.367684530204635,1.0,3.5175139389278014,0.0,0.0,0.0,0.0,0.0,0.013744,-0.006774,0.0,0.0,0.0,0.0,0.0,0.0,0.0,0.0,0.0,0.0,0.0
0.0,0.0,0.7625,0.3782,-9.763,15.5067,-9.7987,1.7682,0.0,0.0,0.0,0.0,-2.2184,4.4626,-0.1629,0.0,0.0,0.0,0.0,0.0,1.0,0.0,1.0,-2.923220622117995,1.0,5.0,0.0,0.0,0.0,0.0,1.0,0.0,1.0,4.079221428155879,1.0,-32.6434631484484,1.0,78.64019642096333,1.0,-45.99673327251494,1.0,-4.079221428155879,0.0,0.0,0.0,0.0,0.0,-0.011693,0.007142,0.010112,0.0,0.0,1.0,2.9232206221180093,1.0,5.0,0.0,0.0,0.0,0.0,1.0,0.0,1.0,-3.706986764940211,1.0,-37.75571497830874,1.0,63.37604052588649,1.0,-25.620325547577746,1.0,3.706986764940211,0.0,0.0,0.0,0.0,0.0,0.011693,-0.007142,0.0,0.0,0.0,0.0,0.0,0.0,0.0,0.0,0.0,0.0,0.0
0.0,0.0,0.7367,0.3966,-9.7642,15.0222,-10.045,0.4454,0.0,0.0,0.0,0.0,-2.3257,4.3112,-0.24,0.0,0.0,0.0,0.0,0.0,1.0,0.0,1.0,-2.3662080185458327,1.0,5.0,0.0,0.0,0.0,0.0,1.0,0.0,1.0,4.366257181464774,1.0,-36.236968678051106,1.0,83.69133440962973,1.0,-47.45436573157863,1.0,-4.366257181464774,0.0,0.0,0.0,0.0,0.0,-0.009465,0.00738,0.013621,0.0,0.0,1.0,2.3662080185458474,1.0,5.0,0.0,0.0,0.0,0.0,1.0,0.0,1.0,-3.829908313108869,1.0,-36.78435954611541,1.0,63.73303652115831,1.0,-26.948676975042904,1.0,3.829908313108869,0.0,0.0,0.0,0.0,0.0,0.009465,-0.00738,0.0,0.0,0.0,0.0,0.0,0.0,0.0,0.0,0.0,0.0,0.0
0.0,0.0,0.7268,0.4088,-9.7645,14.3409,-10.075,-1.4231,0.0,0.0,0.0,0.0,-2.3976,4.2531,-0.2036,0.0,0.0,0.0,0.0,0.0,1.0,0.0,1.0,-1.7587861907390332,1.0,5.0,0.0,0.0,0.0,0.0,1.0,0.0,1.0,4.5676668379792105,1.0,-39.548191216351235,1.0,87.70385468738478,1.0,-48.15566347103354,1.0,-4.5676668379792105,0.0,0.0,0.0,0.0,0.0,-0.007035,0.007492,0.016517,0.0,0.0,1.0,1.7587861907390492,1.0,5.0,0.0,0.0,0.0,0.0,1.0,0.0,1.0,-3.8875272996432977,1.0,-35.67730470485752,1.0,64.0357755418472,1.0,-28.35847083698969,1.0,3.8875272996432977,0.0,0.0,0.0,0.0,0.0,0.007035,-0.007492,0.0,0.0,0.0,0.0,0.0,0.0,0.0,0.0,0.0,0.0,0.0
0.0,0.0,0.7337,0.4176,-9.7636,13.4712,-10.414,-3.3188,0.0,0.0,0.0,0.0,-2.4489,4.2939,-0.0782,0.0,0.0,0.0,0.0,0.0,1.0,0.0,1.0,-1.108531728209536,1.0,5.0,0.0,0.0,0.0,0.0,1.0,0.0,1.0,4.657790411416752,1.0,-42.49779527093845,1.0,90.55214138833476,1.0,-48.054346117396314,1.0,-4.657790411416752,0.0,0.0,0.0,0.0,0.0,-0.004434,0.007469,0.018628,0.0,0.0,1.0,1.1085317282095528,1.0,5.0,0.0,0.0,0.0,0.0,1.0,0.0,1.0,-3.8756499288309345,1.0,-34.43863013884976,1.0,64.2605460052172,1.0,-29.82191586636744,1.0,3.8756499288309345,0.0,0.0,0.0,0.0,0.0,0.004434,-0.007469,0.0,0.0,0.0,0.0,0.0,0.0,0.0,0.0,0.0,0.0,0.0
0.0,0.0,0.7528,0.422,-9.7619,12.7386,-10.7161,-4.8393,0.0,0.0,0.0,0.0,-2.4755,4.4057,0.0709,0.0,0.0,0.0,0.0,0.0,1.0,0.0,1.0,-0.47462510399125146,1.0,5.0,0.0,0.0,0.0,0.0,1.0,0.0,1.0,4.622306032524172,1.0,-44.81640705643811,1.0,92.04299433679196,1.0,-47.22658728035386,1.0,-4.622306032524172,0.0,0.0,0.0,0.0,0.0,-0.001899,0.007321,0.019749,0.0,0.0,1.0,0.47462510399126856,1.0,5.0,0.0,0.0,0.0,0.0,1.0,0.0,1.0,-3.79915203880423,1.0,-33.17945228616216,1.0,64.3813543439022,1.0,-31.201902057740053,1.0,3.79915203880423,0.0,0.0,0.0,0.0,0.0,0.001899,-0.007321,0.0,0.0,0.0,0.0,0.0,0.0,0.0,0.0,0.0,0.0,0.0
0.0,0.0,0.7863,0.4211,-9.7593,12.0394,-10.847,-6.6002,0.0,0.0,0.0,0.0,-2.4705,4.6021,0.2824,0.0,0.0,0.0,0.0,0.0,1.0,0.0,1.0,0.18141731476288367,1.0,5.0,0.0,0.0,0.0,0.0,1.0,0.0,1.0,4.459928462598147,1.0,-46.624586789583596,1.0,92.32561810076173,1.0,-45.70103131117814,1.0,-4.459928462598147,0.0,0.0,0.0,0.0,0.0,0.000726,0.007044,0.019963,0.0,0.0,1.0,-0.18141731476286654,1.0,5.0,0.0,0.0,0.0,0.0,1.0,0.0,1.0,-3.6566113910500624,1.0,-31.824273577003666,1.0,64.4044959307759,1.0,-32.58022235377223,1.0,3.6566113910500624,0.0,0.0,0.0,0.0,0.0,-0.000726,-0.007044,0.0,0.0,0.0,0.0,0.0,0.0,0.0,0.0,0.0,0.0,0.0
0.0,0.0,0.8198,0.4125,-9.7569,11.2096,-10.7538,-6.5716,0.0,0.0,0.0,0.0,-2.421,4.7984,0.4813,0.0,0.0,0.0,0.0,0.0,1.0,0.0,1.0,0.8496415909047461,1.0,5.0,0.0,0.0,0.0,0.0,1.0,0.0,1.0,4.168270976388798,1.0,-47.79778752640793,1.0,91.30872401067309,1.0,-43.51093648426516,1.0,-4.168270976388798,0.0,0.0,0.0,0.0,0.0,0.003399,0.006635,0.019196,0.0,0.0,1.0,-0.8496415909047641,1.0,5.0,0.0,0.0,0.0,0.0,1.0,0.0,1.0,-3.445731282157622,1.0,-30.391142836506624,1.0,64.32158723035033,1.0,-33.930444393843715,1.0,3.445731282157622,0.0,0.0,0.0,0.0,0.0,-0.003399,-0.006635,0.0,0.0,0.0,0.0,0.0,0.0,0.0,0.0,0.0,0.0,0.0
0.0,0.0,0.8481,0.3979,-9.7551,9.9329,-10.2432,-4.1721,0.0,0.0,0.0,0.0,-2.336,4.9647,0.6667,0.0,0.0,0.0,0.0,0.0,1.0,0.0,1.0,1.4910086259494773,1.0,5.0,0.0,0.0,0.0,0.0,1.0,0.0,1.0,3.775659545329675,1.0,-48.2126588685563,1.0,89.04659591307647,1.0,-40.83393704452017,1.0,-3.775659545329675,0.0,0.0,0.0,0.0,0.0,0.005964,0.006117,0.017507,0.0,0.0,1.0,-1.4910086259494948,1.0,5.0,0.0,0.0,0.0,0.0,1.0,0.0,1.0,-3.1781307016830533,1.0,-28.966916222834037,1.0,64.14073709962382,1.0,-35.17382087678978,1.0,3.1781307016830533,0.0,0.0,0.0,0.0,0.0,-0.005964,-0.006117,0.0,0.0,0.0,0.0,0.0,0.0,0.0,0.0,0.0,0.0,0.0
0.0,0.0,0.8678,0.3747,-9.7543,9.1919,-9.2269,-2.3504,0.0,0.0,0.0,0.0,-2.1999,5.0804,0.8329,0.0,0.0,0.0,0.0,0.0,1.0,0.0,1.0,2.0861044104392756,1.0,5.0,0.0,0.0,0.0,0.0,1.0,0.0,1.0,3.3196404021592616,1.0,-47.88211667995255,1.0,85.71720923973088,1.0,-37.835092559778325,1.0,-3.3196404021592616,0.0,0.0,0.0,0.0,0.0,0.008344,0.005515,0.015072,0.0,0.0,1.0,-2.086104410439292,1.0,5.0,0.0,0.0,0.0,0.0,1.0,0.0,1.0,-2.866850131168504,1.0,-27.60385337410926,1.0,63.88381571849918,1.0,-36.279962344389915,1.0,2.866850131168504,0.0,0.0,0.0,0.0,0.0,-0.008344,-0.005515,0.0,0.0,0.0,0.0,0.0,0.0,0.0,0.0,0.0,0.0,0.0
0.0,0.0,0.8765,0.338,-9.7549,8.8984,-7.8871,-0.6909,0.0,0.0,0.0,0.0,-1.9844,5.1312,0.9612,0.0,0.0,0.0,0.0,0.0,1.0,0.0,1.0,2.6547550042015287,1.0,5.0,0.0,0.0,0.0,0.0,1.0,0.0,1.0,2.806265750764112,1.0,-46.80764175432814,1.0,81.25788822444487,1.0,-34.450246470116724,1.0,-2.806265750764112,0.0,0.0,0.0,0.0,0.0,0.010619,0.004814,0.011911,0.0,0.0,1.0,-2.6547550042015446,1.0,5.0,0.0,0.0,0.0,0.0,1.0,0.0,1.0,-2.503433373974968,1.0,-26.264763987688475,1.0,63.557627888578246,1.0,-37.29286390088977,1.0,2.503433373974968,0.0,0.0,0.0,0.0,0.0,-0.010619,-0.004814,0.0,0.0,0.0,0.0,0.0,0.0,0.0,0.0,0.0,0.0,0.0
0.0,0.0,0.8751,0.3013,-9.7562,8.7998,-6.6919,0.4571,0.0,0.0,0.0,0.0,-1.769,5.1231,1.028,0.0,0.0,0.0,0.0,0.0,1.0,0.0,1.0,3.1768320992618078,1.0,5.0,0.0,0.0,0.0,0.0,1.0,0.0,1.0,2.2687164724479265,1.0,-45.0210923153281,1.0,75.80954099448323,1.0,-30.788448679155138,1.0,-2.2687164724479265,0.0,0.0,0.0,0.0,0.0,0.012707,0.004036,0.008216,0.0,0.0,1.0,-3.1768320992618215,1.0,5.0,0.0,0.0,0.0,0.0,1.0,0.0,1.0,-2.0996609398964208,1.0,-25.004405094171815,1.0,63.18814135907543,1.0,-38.18373626490361,1.0,2.0996609398964208,0.0,0.0,0.0,0.0,0.0,-0.012707,-0.004036,0.0,0.0,0.0,0.0,0.0,0.0,0.0,0.0,0.0,0.0,0.0
0.0,0.0,0.8699,0.2589,-9.7579,8.84,-5.2356,1.4824,0.0,0.0,0.0,0.0,-1.52,5.0925,1.0729,0.0,0.0,0.0,0.0,0.0,1.0,0.0,1.0,3.6428254716165656,1.0,5.0,0.0,0.0,0.0,0.0,1.0,0.0,1.0,1.7298304322286984,1.0,-42.584706953102,1.0,69.4892613236757,1.0,-26.904554370573706,1.0,-1.7298304322286984,0.0,0.0,0.0,0.0,0.0,0.014571,0.003197,0.004177,0.0,0.0,1.0,-3.6428254716165775,1.0,5.0,0.0,0.0,0.0,0.0,1.0,0.0,1.0,-1.6642312275009516,1.0,-23.85475671301228,1.0,62.80117894713722,1.0,-38.94642223412494,1.0,1.6642312275009516,0.0,0.0,0.0,0.0,0.0,-0.014571,-0.003197,0.0,0.0,0.0,0.0,0.0,0.0,0.0,0.0,0.0,0.0,0.0
0.0,0.0,0.8619,0.2021,-9.7599,9.0366,-3.6741,2.4841,0.0,0.0,0.0,0.0,-1.1864,5.0458,1.1124,0.0,0.0,0.0,0.0,0.0,1.0,0.0,1.0,4.074879647302102,1.0,5.0,0.0,0.0,0.0,0.0,1.0,0.0,1.0,1.1687835127042128,1.0,-39.625463515260435,1.0,62.39370429769712,1.0,-22.76824078243669,1.0,-1.1687835127042128,0.0,0.0,0.0,0.0,0.0,0.0163,0.002245,0.0,0.0,0.0,1.0,-4.074879647302113,1.0,5.0,0.0,0.0,0.0,0.0,1.0,0.0,1.0,-1.1687835127042128,1.0,-22.76824078243672,1.0,62.39370429769715,1.0,-39.62546351526043,1.0,1.1687835127042128,0.0,0.0,0.0,0.0,0.0,-0.0163,-0.002245,0.0,0.0,0.0,0.0,0.0,0.0,0.0,0.0,0.0,0.0,0.0
0.0,0.0,0.8553,0.1506,-9.7614,9.3548,-2.496,3.1356,0.0,0.0,0.0,0.0,-0.884,5.0067,1.1438,0.0,0.0,0.0,0.0,0.0,1.0,0.0,1.0,4.417567021336076,1.0,5.0,0.0,0.0,0.0,0.0,1.0,0.0,1.0,0.6736418570907629,1.0,-40.144373846701455,1.0,62.03682697083646,1.0,-21.892453124135006,1.0,-0.6736418570907629,0.0,0.0,0.0,0.0,0.0,0.01767,0.001293,0.0,0.0,0.0,1.0,-4.417567021336085,1.0,5.0,0.0,0.0,0.0,0.0,1.0,0.0,1.0,-0.6736418570907629,1.0,-21.892453124135024,1.0,62.03682697083646,1.0,-40.144373846701434,1.0,0.6736418570907629,0.0,0.0,0.0,0.0,0.0,-0.01767,-0.001293,0.0,0.0,0.0,0.0,0.0,0.0,0.0,0.0,0.0,0.0,0.0
0.0,0.0,0.8498,0.0969,-9.7626,9.8911,-1.0875,3.8283,0.0,0.0,0.0,0.0,-0.5688,4.9748,1.1826,0.0,0.0,0.0,0.0,0.0,1.0,0.0,1.0,4.6798254206170915,1.0,5.0,0.0,0.0,0.0,0.0,1.0,0.0,1.0,0.1782577004977201,1.0,-40.529502230529985,1.0,61.74337181363558,1.0,-21.213869583105595,1.0,-0.1782577004977201,0.0,0.0,0.0,0.0,0.0,0.018719,0.000342,0.0,0.0,0.0,1.0,-4.679825420617098,1.0,5.0,0.0,0.0,0.0,0.0,1.0,0.0,1.0,-0.1782577004977201,1.0,-21.21386958310561,1.0,61.74337181363558,1.0,-40.52950223052997,1.0,0.1782577004977201,0.0,0.0,0.0,0.0,0.0,-0.018719,-0.000342,0.0,0.0,0.0,0.0,0.0,0.0,0.0,0.0,0.0,0.0,0.0
0.0,0.0,0.8468,0.0322,-9.7633,10.6291,0.6388,4.4795,0.0,0.0,0.0,0.0,-0.189,4.957,1.2266,0.0,0.0,0.0,0.0,0.0,1.0,0.0,1.0,4.871706130073264,1.0,5.0,0.0,0.0,0.0,0.0,1.0,0.0,1.0,-0.33996780903530865,1.0,-40.80459038864182,1.0,61.51739865157742,1.0,-20.712808262935603,1.0,0.33996780903530865,0.0,0.0,0.0,0.0,0.0,0.019487,-0.000653,0.0,0.0,0.0,1.0,-4.87170613007326,1.0,5.0,0.0,0.0,0.0,0.0,1.0,0.0,1.0,0.33996780903530865,1.0,-20.712808262935596,1.0,61.51739865157742,1.0,-40.80459038864183,1.0,-0.33996780903530865,0.0,0.0,0.0,0.0,0.0,-0.019487,0.000653,0.0,0.0,0.0,0.0,0.0,0.0,0.0,0.0,0.0,0.0,0.0
0.0,0.0,0.8461,-0.0233,-9.7634,11.3854,2.0769,4.8346,0.0,0.0,0.0,0.0,0.1369,4.9529,1.2539,0.0,0.0,0.0,0.0,0.0,1.0,0.0,1.0,4.976438055238245,1.0,5.0,0.0,0.0,0.0,0.0,1.0,0.0,1.0,-0.8410805006579528,1.0,-40.952327108548864,1.0,61.390015591054315,1.0,-20.43768848250545,1.0,0.8410805006579528,0.0,0.0,0.0,0.0,0.0,0.019906,-0.001615,0.0,0.0,0.0,1.0,-4.976438055238247,1.0,5.0,0.0,0.0,0.0,0.0,1.0,0.0,1.0,0.8410805006579528,1.0,-20.437688482505457,1.0,61.390015591054315,1.0,-40.95232710854886,1.0,-0.8410805006579528,0.0,0.0,0.0,0.0,0.0,-0.019906,0.001615,0.0,0.0,0.0,0.0,0.0,0.0,0.0,0.0,0.0,0.0,0.0
0.0,0.0,0.8461,-0.0779,-9.7631,12.1701,3.4305,5.0124,0.0,0.0,0.0,0.0,0.4569,4.953,1.2724,0.0,0.0,0.0,0.0,0.0,1.0,0.0,1.0,4.996853963148633,1.0,5.0,0.0,0.0,0.0,0.0,1.0,0.0,1.0,-1.3375942712819784,1.0,-40.98092657438423,1.0,61.36485039291452,1.0,-20.383923818530295,1.0,1.3375942712819784,0.0,0.0,0.0,0.0,0.0,0.019987,-0.002569,0.0,0.0,0.0,1.0,-4.996853963148633,1.0,5.0,0.0,0.0,0.0,0.0,1.0,0.0,1.0,1.3375942712819784,1.0,-20.383923818530295,1.0,61.36485039291452,1.0,-40.98092657438423,1.0,-1.3375942712819784,0.0,0.0,0.0,0.0,0.0,-0.019987,0.002569,0.0,0.0,0.0,0.0,0.0,0.0,0.0,0.0,0.0,0.0,0.0
0.0,0.0,0.8468,-0.1387,-9.7624,13.0867,4.6949,4.8892,0.0,0.0,0.0,0.0,0.8137,4.9571,1.2815,0.0,0.0,0.0,0.0,0.0,1.0,0.0,1.0,4.933305942816327,1.0,5.0,0.0,0.0,0.0,0.0,1.0,0.0,1.0,-1.7944220899450474,1.0,-40.89169145819588,1.0,61.44282303636609,1.0,-20.551131578170214,1.0,1.7944220899450474,0.0,0.0,0.0,0.0,0.0,0.019733,-0.003448,0.0,0.0,0.0,1.0,-4.93330594281633,1.0,5.0,0.0,0.0,0.0,0.0,1.0,0.0,1.0,1.7944220899450474,1.0,-20.551131578170217,1.0,61.44282303636609,1.0,-40.89169145819587,1.0,-1.7944220899450474,0.0,0.0,0.0,0.0,0.0,-0.019733,0.003448,0.0,0.0,0.0,0.0,0.0,0.0,0.0,0.0,0.0,0.0,0.0
0.0,0.0,0.8472,-0.1849,-9.7616,13.8501,5.4697,4.372,0.0,0.0,0.0,0.0,1.0852,4.9596,1.2828,0.0,0.0,0.0,0.0,0.0,1.0,0.0,1.0,4.781682641357337,1.0,5.0,0.0,0.0,0.0,0.0,1.0,0.0,1.0,-2.237497162259003,1.0,-40.6762379922146,1.0,61.62460766916566,1.0,-20.948369676951053,1.0,2.237497162259003,0.0,0.0,0.0,0.0,0.0,0.019127,-0.004301,0.0,0.0,0.0,1.0,-4.781682641357342,1.0,5.0,0.0,0.0,0.0,0.0,1.0,0.0,1.0,2.237497162259003,1.0,-20.948369676951067,1.0,61.62460766916566,1.0,-40.676237992214595,1.0,-2.237497162259003,0.0,0.0,0.0,0.0,0.0,-0.019127,0.004301,0.0,0.0,0.0,0.0,0.0,0.0,0.0,0.0,0.0,0.0,0.0
0.0,0.0,0.8465,-0.2259,-9.7608,14.548,6.2595,3.6406,0.0,0.0,0.0,0.0,1.3256,4.9554,1.2785,0.0,0.0,0.0,0.0,0.0,1.0,0.0,1.0,4.542663126137503,1.0,5.0,0.0,0.0,0.0,0.0,1.0,0.0,1.0,-2.6443772568577275,1.0,-40.32938724446292,1.0,61.89906056804617,1.0,-21.569673323583245,1.0,2.6443772568577275,0.0,0.0,0.0,0.0,0.0,0.018171,-0.005086,0.0,0.0,0.0,1.0,-4.54266312613751,1.0,5.0,0.0,0.0,0.0,0.0,1.0,0.0,1.0,2.6443772568577275,1.0,-21.56967332358326,1.0,61.89906056804617,1.0,-40.32938724446291,1.0,-2.6443772568577275,0.0,0.0,0.0,0.0,0.0,-0.018171,0.005086,0.0,0.0,0.0,0.0,0.0,0.0,0.0,0.0,0.0,0.0,0.0
0.0,0.0,0.8431,-0.2634,-9.7601,14.8362,7.1435,2.8456,0.0,0.0,0.0,0.0,1.5457,4.9352,1.2664,0.0,0.0,0.0,0.0,0.0,1.0,0.0,1.0,4.238924398901146,1.0,5.0,0.0,0.0,0.0,0.0,1.0,0.0,1.0,-2.9870345881427642,1.0,-39.87606293907887,1.0,62.22660624494247,1.0,-22.350543305863592,1.0,2.9870345881427642,0.0,0.0,0.0,0.0,0.0,0.016956,-0.005748,0.0,0.0,0.0,1.0,-4.238924398901155,1.0,5.0,0.0,0.0,0.0,0.0,1.0,0.0,1.0,2.9870345881427642,1.0,-22.350543305863614,1.0,62.22660624494247,1.0,-39.87606293907886,1.0,-2.9870345881427642,0.0,0.0,0.0,0.0,0.0,-0.016956,0.005748,0.0,0.0,0.0,0.0,0.0,0.0,0.0,0.0,0.0,0.0,0.0
0.0,0.0,0.8327,-0.3021,-9.7599,14.962,7.9158,2.0535,0.0,0.0,0.0,0.0,1.7731,4.874,1.2758,0.0,0.0,0.0,0.0,0.0,1.0,0.0,1.0,3.86379371395509,1.0,5.0,0.0,0.0,0.0,0.0,1.0,0.0,1.0,-3.281972824920396,1.0,-39.29712955943375,1.0,62.59866919424218,1.0,-23.30153963480843,1.0,3.281972824920396,0.0,0.0,0.0,0.0,0.0,0.015455,-0.006318,0.0,0.0,0.0,1.0,-3.8637937139550784,1.0,5.0,0.0,0.0,0.0,0.0,1.0,0.0,1.0,3.341593349800132,1.0,-24.777596123690756,1.0,65.83911676572662,1.0,-41.06152064203585,1.0,-3.341593349800132,0.0,0.0,0.0,0.0,0.0,-0.015455,0.006318,0.001974,0.0,0.0,0.0,0.0,0.0,0.0,0.0,0.0,0.0,0.0
0.0,0.0,0.8179,-0.3274,-9.7603,14.9751,8.5225,1.6976,0.0,0.0,0.0,0.0,1.9211,4.7875,1.3308,0.0,0.0,0.0,0.0,0.0,1.0,0.0,1.0,3.4416323382496783,1.0,5.0,0.0,0.0,0.0,0.0,1.0,0.0,1.0,-3.5149676228836486,1.0,-38.62094458299292,1.0,62.974902382265775,1.0,-24.353957799272855,1.0,3.5149676228836486,0.0,0.0,0.0,0.0,0.0,0.013767,-0.00677,0.0,0.0,0.0,1.0,-3.441632338249665,1.0,5.0,0.0,0.0,0.0,0.0,1.0,0.0,1.0,3.7169159202708832,1.0,-28.66807148785128,1.0,72.41920811033371,1.0,-43.75113662248244,1.0,-3.7169159202708832,0.0,0.0,0.0,0.0,0.0,-0.013767,0.00677,0.006015,0.0,0.0,0.0,0.0,0.0,0.0,0.0,0.0,0.0,0.0
0.0,0.0,0.7898,-0.3491,-9.7619,15.4908,9.4203,1.3978,0.0,0.0,0.0,0.0,2.0479,4.6225,1.435,0.0,0.0,0.0,0.0,0.0,1.0,0.0,1.0,2.96149563753797,1.0,5.0,0.0,0.0,0.0,0.0,1.0,0.0,1.0,-3.695646324053012,1.0,-37.82088901898608,1.0,63.348703119026545,1.0,-25.52781410004047,1.0,3.695646324053012,0.0,0.0,0.0,0.0,0.0,0.011846,-0.00712,0.0,0.0,0.0,1.0,-2.9614956375379844,1.0,5.0,0.0,0.0,0.0,0.0,1.0,0.0,1.0,4.055747194874467,1.0,-32.373311299683095,1.0,78.2365237651012,1.0,-45.8632124654181,1.0,-4.055747194874467,0.0,0.0,0.0,0.0,0.0,-0.011846,0.00712,0.009838,0.0,0.0,0.0,0.0,0.0,0.0,0.0,0.0,0.0,0.0
0.0,0.0,0.7632,-0.3638,-9.7635,14.951,9.9355,0.2881,0.0,0.0,0.0,0.0,2.1338,4.4666,1.484,0.0,0.0,0.0,0.0,0.0,1.0,0.0,1.0,2.430016298406675,1.0,5.0,0.0,0.0,0.0,0.0,1.0,0.0,1.0,-3.8195138588410797,1.0,-36.89778415028059,1.0,63.696005615333455,1.0,-26.798221465052862,1.0,3.8195138588410797,0.0,0.0,0.0,0.0,0.0,0.00972,-0.00736,0.0,0.0,0.0,1.0,-2.430016298406659,1.0,5.0,0.0,0.0,0.0,0.0,1.0,0.0,1.0,4.33843069166404,1.0,-35.85467462626535,1.0,83.18478068087029,1.0,-47.33010605460495,1.0,-4.33843069166404,0.0,0.0,0.0,0.0,0.0,-0.00972,0.00736,0.013262,0.0,0.0,0.0,0.0,0.0,0.0,0.0,0.0,0.0,0.0
0.0,0.0,0.7529,-0.3763,-9.7638,14.0761,10.1742,-1.7151,0.0,0.0,0.0,0.0,2.2073,4.4061,1.4193,0.0,0.0,0.0,0.0,0.0,1.0,0.0,1.0,1.8398749749109564,1.0,5.0,0.0,0.0,0.0,0.0,1.0,0.0,1.0,-3.8839056280526147,1.0,-35.82792265840186,1.0,64.00055789471813,1.0,-28.172635236316264,1.0,3.8839056280526147,0.0,0.0,0.0,0.0,0.0,0.007359,-0.007485,0.0,0.0,0.0,1.0,-1.8398749749109395,1.0,5.0,0.0,0.0,0.0,0.0,1.0,0.0,1.0,4.547367121371549,1.0,-39.13861372815545,1.0,87.24806900992485,1.0,-48.1094552817694,1.0,-4.547367121371549,0.0,0.0,0.0,0.0,0.0,-0.007359,0.007485,0.016183,0.0,0.0,0.0,0.0,0.0,0.0,0.0,0.0,0.0,0.0
0.0,0.0,0.7604,-0.3833,-9.7629,13.3032,10.5302,-3.2782,0.0,0.0,0.0,0.0,2.2485,4.4504,1.3061,0.0,0.0,0.0,0.0,0.0,1.0,0.0,1.0,1.1994736412778078,1.0,5.0,0.0,0.0,0.0,0.0,1.0,0.0,1.0,-3.881508852022722,1.0,-34.61513170737418,1.0,64.23526378808886,1.0,-29.62013208071467,1.0,3.881508852022722,0.0,0.0,0.0,0.0,0.0,0.004798,-0.007481,0.0,0.0,0.0,1.0,-1.19947364127779,1.0,5.0,0.0,0.0,0.0,0.0,1.0,0.0,1.0,4.652930255401644,1.0,-42.12030017383959,1.0,90.2367476285276,1.0,-48.116447454688014,1.0,-4.652930255401644,0.0,0.0,0.0,0.0,0.0,-0.004798,0.007481,0.018392,0.0,0.0,0.0,0.0,0.0,0.0,0.0,0.0,0.0,0.0
0.0,0.0,0.7841,-0.3885,-9.7609,12.524,10.937,-5.0265,0.0,0.0,0.0,0.0,2.2791,4.5893,1.1354,0.0,0.0,0.0,0.0,0.0,1.0,0.0,1.0,0.5910538872231004,1.0,5.0,0.0,0.0,0.0,0.0,1.0,0.0,1.0,-3.8177815197761653,1.0,-33.414473578256654,1.0,64.36642496794248,1.0,-30.95195138968582,1.0,3.8177815197761653,0.0,0.0,0.0,0.0,0.0,0.002364,-0.007357,0.0,0.0,0.0,1.0,-0.591053887223082,1.0,5.0,0.0,0.0,0.0,0.0,1.0,0.0,1.0,4.637867454918773,1.0,-44.4317933276391,1.0,91.86017072764729,1.0,-47.42837740000819,1.0,-4.637867454918773,0.0,0.0,0.0,0.0,0.0,-0.002364,0.007357,0.019611,0.0,0.0,0.0,0.0,0.0,0.0,0.0,0.0,0.0,0.0
0.0,0.0,0.812,-0.3878,-9.7586,12.0179,11.0847,-6.5425,0.0,0.0,0.0,0.0,2.2757,4.753,0.9542,0.0,0.0,0.0,0.0,0.0,1.0,0.0,1.0,-0.04922790384142982,1.0,5.0,0.0,0.0,0.0,0.0,1.0,0.0,1.0,-3.6904425262610543,1.0,-32.101516363407875,1.0,64.40816349856823,1.0,-32.306647135160354,1.0,3.6904425262610543,0.0,0.0,0.0,0.0,0.0,-0.000197,-0.00711,0.0,0.0,0.0,1.0,0.04922790384141267,1.0,5.0,0.0,0.0,0.0,0.0,1.0,0.0,1.0,4.502729589213557,1.0,-46.31051620549674,1.0,92.3703246563573,1.0,-46.05980845086056,1.0,-4.502729589213557,0.0,0.0,0.0,0.0,0.0,0.000197,0.00711,0.019997,0.0,0.0,0.0,0.0,0.0,0.0,0.0,0.0,0.0,0.0
0.0,0.0,0.839,-0.3814,-9.7566,10.6928,10.7738,-4.223,0.0,0.0,0.0,0.0,2.2384,4.9115,0.764,0.0,0.0,0.0,0.0,0.0,1.0,0.0,1.0,-0.6991589379424107,1.0,5.0,0.0,0.0,0.0,0.0,1.0,0.0,1.0,-3.499101685817161,1.0,-30.718448060971685,1.0,64.34964002352744,1.0,-33.63119196255576,1.0,3.499101685817161,0.0,0.0,0.0,0.0,0.0,-0.002797,-0.006739,0.0,0.0,0.0,1.0,0.699158937942429,1.0,5.0,0.0,0.0,0.0,0.0,1.0,0.0,1.0,4.244702515772916,1.0,-47.5962079954892,1.0,91.6541562253903,1.0,-44.05794822990109,1.0,-4.244702515772916,0.0,0.0,0.0,0.0,0.0,0.002797,0.006739,0.019456,0.0,0.0,0.0,0.0,0.0,0.0,0.0,0.0,0.0,0.0
0.0,0.0,0.8603,-0.368,-9.7552,9.6291,10.0857,-2.6641,0.0,0.0,0.0,0.0,2.1601,5.036,0.5792,0.0,0.0,0.0,0.0,0.0,1.0,0.0,1.0,-1.3080999427203313,1.0,5.0,0.0,0.0,0.0,0.0,1.0,0.0,1.0,-3.2612665229035445,1.0,-29.377871906776384,1.0,64.20244600609756,1.0,-34.824574099321175,1.0,3.2612665229035445,0.0,0.0,0.0,0.0,0.0,-0.005232,-0.006278,0.0,0.0,0.0,1.0,1.308099942720315,1.0,5.0,0.0,0.0,0.0,0.0,1.0,0.0,1.0,3.8984044500115074,1.0,-48.170900058993034,1.0,89.8255303799465,1.0,-41.654630320953466,1.0,-3.8984044500115074,0.0,0.0,0.0,0.0,0.0,0.005232,0.006278,0.018085,0.0,0.0,0.0,0.0,0.0,0.0,0.0,0.0,0.0,0.0
0.0,0.0,0.8742,-0.3449,-9.7548,8.9172,8.8167,-1.5289,0.0,0.0,0.0,0.0,2.0247,5.1177,0.4309,0.0,0.0,0.0,0.0,0.0,1.0,0.0,1.0,-1.8493838031442351,1.0,5.0,0.0,0.0,0.0,0.0,1.0,0.0,1.0,-2.9787899412896763,1.0,-28.066537048727096,1.0,63.97979964863661,1.0,-35.91326259990951,1.0,2.9787899412896763,0.0,0.0,0.0,0.0,0.0,-0.007544,-0.005732,0.0,0.0,0.0,1.0,1.8493838031442518,1.0,5.0,0.0,0.0,0.0,0.0,1.0,0.0,1.0,3.4824235370182075,1.0,-48.07693333429847,1.0,86.97813518680468,1.0,-38.90120185250621,1.0,-3.4824235370182075,0.0,0.0,0.0,0.0,0.0,0.007544,0.005732,0.015986,0.0,0.0,0.0,0.0,0.0,0.0,0.0,0.0,0.0,0.0
0.0,0.0,0.8794,-0.3136,-9.7554,8.5296,7.6018,-0.6305,0.0,0.0,0.0,0.0,1.8414,5.1486,0.3319,0.0,0.0,0.0,0.0,0.0,1.0,0.0,1.0,-2.3565201352884184,1.0,5.0,0.0,0.0,0.0,0.0,1.0,0.0,1.0,-2.640273197013074,1.0,-26.742909976691095,1.0,63.68216944676739,1.0,-36.939259470076294,1.0,2.640273197013074,0.0,0.0,0.0,0.0,0.0,-0.009814,-0.005078,0.0,0.0,0.0,1.0,2.3565201352884335,1.0,5.0,0.0,0.0,0.0,0.0,1.0,0.0,1.0,2.9965307511542782,1.0,-47.28191400939433,1.0,82.99455702404563,1.0,-35.71264301465131,1.0,-2.9965307511542782,0.0,0.0,0.0,0.0,0.0,0.009814,0.005078,0.013127,0.0,0.0,0.0,0.0,0.0,0.0,0.0,0.0,0.0,0.0
0.0,0.0,0.8772,-0.2769,-9.7567,8.4906,6.3563,0.226,0.0,0.0,0.0,0.0,1.6258,5.1353,0.2638,0.0,0.0,0.0,0.0,0.0,1.0,0.0,1.0,-2.811630715416688,1.0,5.0,0.0,0.0,0.0,0.0,1.0,0.0,1.0,-2.252339696464711,1.0,-25.456741730154132,1.0,63.3274870927454,1.0,-37.870745362591265,1.0,2.252339696464711,0.0,0.0,0.0,0.0,0.0,-0.011963,-0.00433,0.0,0.0,0.0,1.0,2.811630715416675,1.0,5.0,0.0,0.0,0.0,0.0,1.0,0.0,1.0,2.467687971115262,1.0,-45.75759132672917,1.0,77.92140174836632,1.0,-32.163810421637145,1.0,-2.467687971115262,0.0,0.0,0.0,0.0,0.0,0.011963,0.00433,0.009625,0.0,0.0,0.0,0.0,0.0,0.0,0.0,0.0,0.0,0.0
0.0,0.0,0.8702,-0.2351,-9.7585,8.5766,5.1233,0.9812,0.0,0.0,0.0,0.0,1.3799,5.0941,0.2161,0.0,0.0,0.0,0.0,0.0,1.0,0.0,1.0,-3.1914188140228683,1.0,5.0,0.0,0.0,0.0,0.0,1.0,0.0,1.0,-1.83703335094168,1.0,-24.287576983152285,1.0,62.95230086927008,1.0,-38.6647238861178,1.0,1.83703335094168,0.0,0.0,0.0,0.0,0.0,-0.013874,-0.00353,0.0,0.0,0.0,1.0,3.1914188140228803,1.0,5.0,0.0,0.0,0.0,0.0,1.0,0.0,1.0,1.938700867626278,1.0,-43.60625154314493,1.0,72.04723203021247,1.0,-28.44098048706755,1.0,-1.938700867626278,0.0,0.0,0.0,0.0,0.0,0.013874,0.00353,0.005779,0.0,0.0,0.0,0.0,0.0,0.0,0.0,0.0,0.0,0.0
0.0,0.0,0.8612,-0.1899,-9.7602,8.7861,3.9087,1.6685,0.0,0.0,0.0,0.0,1.1144,5.0415,0.1819,0.0,0.0,0.0,0.0,0.0,1.0,0.0,1.0,-3.4950153713674834,1.0,5.0,0.0,0.0,0.0,0.0,1.0,0.0,1.0,-1.405735722864181,1.0,-23.260402118197927,1.0,62.58319673625947,1.0,-39.32279461806154,1.0,1.405735722864181,0.0,0.0,0.0,0.0,0.0,-0.015521,-0.0027,0.0,0.0,0.0,1.0,3.495015371367474,1.0,5.0,0.0,0.0,0.0,0.0,1.0,0.0,1.0,1.4291236988495957,1.0,-40.93723882253078,1.0,65.54814801133155,1.0,-24.610909188800765,1.0,-1.4291236988495957,0.0,0.0,0.0,0.0,0.0,0.015521,0.0027,0.001802,0.0,0.0,0.0,0.0,0.0,0.0,0.0,0.0,0.0,0.0
0.0,0.0,0.8519,-0.1415,-9.7619,8.9932,2.6744,2.4423,0.0,0.0,0.0,0.0,0.8303,4.9867,0.1575,0.0,0.0,0.0,0.0,0.0,1.0,0.0,1.0,-3.7366817044519594,1.0,5.0,0.0,0.0,0.0,0.0,1.0,0.0,1.0,-0.9426753570715786,1.0,-22.343276478880966,1.0,62.2236487243313,1.0,-39.88037224545033,1.0,0.9426753570715786,0.0,0.0,0.0,0.0,0.0,-0.016967,-0.00181,0.0,0.0,0.0,1.0,3.736681704451968,1.0,5.0,0.0,0.0,0.0,0.0,1.0,0.0,1.0,0.9426753570715786,1.0,-39.880372245450324,1.0,62.223648724331326,1.0,-22.343276478881002,1.0,-0.9426753570715786,0.0,0.0,0.0,0.0,0.0,0.016967,0.00181,0.0,0.0,0.0,0.0,0.0,0.0,0.0,0.0,0.0,0.0,0.0
0.0,0.0,0.8425,-0.0809,-9.7634,9.672,0.8761,3.5634,0.0,0.0,0.0,0.0,0.4748,4.9316,0.1304,0.0,0.0,0.0,0.0,0.0,1.0,0.0,1.0,-3.9037906661585033,1.0,5.0,0.0,0.0,0.0,0.0,1.0,0.0,1.0,-0.4776796650148763,1.0,-21.6007284769502,1.0,61.912459482643975,1.0,-40.31173100569378,1.0,0.4776796650148763,0.0,0.0,0.0,0.0,0.0,-0.018123,-0.000917,0.0,0.0,0.0,1.0,3.903790666158497,1.0,5.0,0.0,0.0,0.0,0.0,1.0,0.0,1.0,0.4776796650148763,1.0,-40.31173100569378,1.0,61.91245948264395,1.0,-21.600728476950174,1.0,-0.4776796650148763,0.0,0.0,0.0,0.0,0.0,0.018123,0.000917,0.0,0.0,0.0,0.0,0.0,0.0,0.0,0.0,0.0,0.0,0.0
0.0,0.0,0.8378,-0.0272,-9.7641,10.368,-0.4468,4.152,0.0,0.0,0.0,0.0,0.1595,4.9045,0.0997,0.0,0.0,0.0,0.0,0.0,1.0,0.0,1.0,-4.004903949031641,1.0,5.0,0.0,0.0,0.0,0.0,1.0,0.0,1.0,0.002487139096417559,1.0,-21.014724238076706,1.0,61.65449585571971,1.0,-40.639771617643,1.0,-0.002487139096417559,0.0,0.0,0.0,0.0,0.0,-0.019025,5e-06,0.0,0.0,0.0,1.0,4.004903949031637,1.0,5.0,0.0,0.0,0.0,0.0,1.0,0.0,1.0,-0.002487139096417559,1.0,-40.63977161764301,1.0,61.65449585571971,1.0,-21.014724238076695,1.0,0.002487139096417559,0.0,0.0,0.0,0.0,0.0,0.019025,-5e-06,0.0,0.0,0.0,0.0,0.0,0.0,0.0,0.0,0.0,0.0,0.0
0.0,0.0,0.8378,-0.0272,-9.7641,10.368,-0.4468,4.152,0.0,0.0,0.0,0.0,0.1595,4.9045,0.0997,0.0,0.0,0.0,0.0,0.0,1.0,0.0,1.0,-4.037844726851683,1.0,5.0,0.0,0.0,0.0,0.0,1.0,0.0,1.0,0.47635366737762175,1.0,-20.61705133662889,1.0,61.47332673532787,1.0,-40.856275398698976,1.0,-0.47635366737762175,0.0,0.0,0.0,0.0,0.0,-0.019633,0.000915,0.0,0.0,0.0,1.0,4.037844726851685,1.0,5.0,0.0,0.0,0.0,0.0,1.0,0.0,1.0,-0.47635366737762175,1.0,-40.856275398698976,1.0,61.47332673532787,1.0,-20.617051336628897,1.0,0.47635366737762175,0.0,0.0,0.0,0.0,0.0,0.019633,-0.000915,0.0,0.0,0.0,0.0,0.0,0.0,0.0,0.0,0.0,0.0,0.0
0.0,0.0,0.834,0.0817,-9.7641,12.0149,-3.0402,4.707,0.0,0.0,0.0,0.0,-0.4795,4.8821,0.031,0.0,0.0,0.0,0.0,0.0,1.0,0.0,1.0,-4.006279396791964,1.0,5.0,0.0,0.0,0.0,0.0,1.0,0.0,1.0,0.945853148598976,1.0,-20.407479083784985,1.0,61.37588661869983,1.0,-40.968407534914846,1.0,-0.945853148598976,0.0,0.0,0.0,0.0,0.0,-0.019952,0.001816,0.0,0.0,0.0,1.0,4.006279396791965,1.0,5.0,0.0,0.0,0.0,0.0,1.0,0.0,1.0,-0.945853148598976,1.0,-40.96840753491484,1.0,61.37588661869983,1.0,-20.407479083784988,1.0,0.945853148598976,0.0,0.0,0.0,0.0,0.0,0.019952,-0.001816,0.0,0.0,0.0,0.0,0.0,0.0,0.0,0.0,0.0,0.0,0.0
0.0,0.0,0.834,0.0817,-9.7641,12.0149,-3.0402,4.707,0.0,0.0,0.0,0.0,-0.4795,4.8821,0.031,0.0,0.0,0.0,0.0,0.0,1.0,0.0,1.0,-3.9131912004282525,1.0,5.0,0.0,0.0,0.0,0.0,1.0,0.0,1.0,1.400782657921094,1.0,-20.393973175139447,1.0,61.36956084387191,1.0,-40.97558766873246,1.0,-1.400782657921094,0.0,0.0,0.0,0.0,0.0,-0.019972,0.002691,0.0,0.0,0.0,1.0,3.9131912004282534,1.0,5.0,0.0,0.0,0.0,0.0,1.0,0.0,1.0,-1.400782657921094,1.0,-40.97558766873246,1.0,61.36956084387191,1.0,-20.39397317513945,1.0,1.400782657921094,0.0,0.0,0.0,0.0,0.0,0.019972,-0.002691,0.0,0.0,0.0,0.0,0.0,0.0,0.0,0.0,0.0,0.0,0.0
0.0,0.0,0.8335,0.1285,-9.7636,12.7912,-4.2344,4.7204,0.0,0.0,0.0,0.0,-0.7542,4.8788,0.0014,0.0,0.0,0.0,0.0,0.0,1.0,0.0,1.0,-3.761393566242127,1.0,5.0,0.0,0.0,0.0,0.0,1.0,0.0,1.0,1.8378916518263397,1.0,-20.57911101108347,1.0,61.45578657624427,1.0,-40.876675565160795,1.0,-1.8378916518263397,0.0,0.0,0.0,0.0,0.0,-0.019691,0.003532,0.0,0.0,0.0,1.0,3.761393566242129,1.0,5.0,0.0,0.0,0.0,0.0,1.0,0.0,1.0,-1.8378916518263397,1.0,-40.876675565160795,1.0,61.45578657624427,1.0,-20.579111011083477,1.0,1.8378916518263397,0.0,0.0,0.0,0.0,0.0,0.019691,-0.003532,0.0,0.0,0.0,0.0,0.0,0.0,0.0,0.0,0.0,0.0,0.0
0.0,0.0,0.8333,0.1739,-9.763,13.5658,-5.4289,4.5355,0.0,0.0,0.0,0.0,-1.0205,4.8781,-0.0211,0.0,0.0,0.0,0.0,0.0,1.0,0.0,1.0,-3.5462369792091946,1.0,5.0,0.0,0.0,0.0,0.0,1.0,0.0,1.0,2.2643739159509684,1.0,-20.98108299076789,1.0,61.63935991716382,1.0,-40.65827692639593,1.0,-2.2643739159509684,0.0,0.0,0.0,0.0,0.0,-0.019077,0.004353,0.0,0.0,0.0,1.0,3.5462369792091906,1.0,5.0,0.0,0.0,0.0,0.0,1.0,0.0,1.0,-2.2643739159509684,1.0,-40.65827692639594,1.0,61.63935991716382,1.0,-20.98108299076788,1.0,2.2643739159509684,0.0,0.0,0.0,0.0,0.0,0.019077,-0.004353,0.0,0.0,0.0,0.0,0.0,0.0,0.0,0.0,0.0,0.0,0.0
0.0,0.0,0.8331,0.2171,-9.7621,14.3297,-6.3147,4.0118,0.0,0.0,0.0,0.0,-1.2739,4.8764,-0.032,0.0,0.0,0.0,0.0,0.0,1.0,0.0,1.0,-3.290216555798529,1.0,5.0,0.0,0.0,0.0,0.0,1.0,0.0,1.0,2.639923327277304,1.0,-21.56126508416477,1.0,61.89542752466367,1.0,-40.33416244049889,1.0,-2.639923327277304,0.0,0.0,0.0,0.0,0.0,-0.018184,0.005077,0.0,0.0,0.0,1.0,3.2902165557985232,1.0,5.0,0.0,0.0,0.0,0.0,1.0,0.0,1.0,-2.639923327277304,1.0,-40.334162440498915,1.0,61.89542752466367,1.0,-21.561265084164752,1.0,2.639923327277304,0.0,0.0,0.0,0.0,0.0,0.018184,-0.005077,0.0,0.0,0.0,0.0,0.0,0.0,0.0,0.0,0.0,0.0,0.0
0.0,0.0,0.8311,0.2609,-9.7612,15.0011,-7.0667,2.9209,0.0,0.0,0.0,0.0,-1.5309,4.865,-0.0264,0.0,0.0,0.0,0.0,0.0,1.0,0.0,1.0,-2.998230510049303,1.0,5.0,0.0,0.0,0.0,0.0,1.0,0.0,1.0,2.969648134808949,1.0,-22.303727235892868,1.0,62.207522512146475,1.0,-39.90379527625361,1.0,-2.969648134808949,0.0,0.0,0.0,0.0,0.0,-0.017029,0.005714,0.0,0.0,0.0,1.0,2.9982305100493094,1.0,5.0,0.0,0.0,0.0,0.0,1.0,0.0,1.0,-2.969648134808949,1.0,-39.90379527625359,1.0,62.207522512146475,1.0,-22.303727235892882,1.0,2.969648134808949,0.0,0.0,0.0,0.0,0.0,0.017029,-0.005714,0.0,0.0,0.0,0.0,0.0,0.0,0.0,0.0,0.0,0.0,0.0
0.0,0.0,0.8254,0.2941,-9.7607,15.0791,-8.0611,2.3978,0.0,0.0,0.0,0.0,-1.726,4.8314,-0.0198,0.0,0.0,0.0,0.0,0.0,1.0,0.0,1.0,-2.6572908442489385,1.0,5.0,0.0,0.0,0.0,0.0,1.0,0.0,1.0,3.319438091310454,1.0,-24.55073008984698,1.0,65.44293288598286,1.0,-40.892202796135884,1.0,-3.319438091310454,0.0,0.0,0.0,0.0,0.0,-0.015544,0.00629,0.00174,0.0,0.0,1.0,2.657290844248946,1.0,5.0,0.0,0.0,0.0,0.0,1.0,0.0,1.0,-3.267213172991694,1.0,-39.33199767977237,1.0,62.577626335604045,1.0,-23.245628655831673,1.0,3.267213172991694,0.0,0.0,0.0,0.0,0.0,0.015544,-0.00629,0.0,0.0,0.0,0.0,0.0,0.0,0.0,0.0,0.0,0.0,0.0
0.0,0.0,0.8105,0.33,-9.7608,15.1475,-9.1992,2.1577,0.0,0.0,0.0,0.0,-1.9365,4.7441,-0.067,0.0,0.0,0.0,0.0,0.0,1.0,0.0,1.0,-2.298085173083907,1.0,5.0,0.0,0.0,0.0,0.0,1.0,0.0,1.0,3.70077751882842,1.0,-28.497809771958963,1.0,72.14047145127088,1.0,-43.64266167931192,1.0,-3.70077751882842,0.0,0.0,0.0,0.0,0.0,-0.013847,0.006751,0.005838,0.0,0.0,1.0,2.2980851730838987,1.0,5.0,0.0,0.0,0.0,0.0,1.0,0.0,1.0,-3.5056290007422994,1.0,-38.65382128667383,1.0,62.95795130614846,1.0,-24.304130019474627,1.0,3.5056290007422994,0.0,0.0,0.0,0.0,0.0,0.013847,-0.006751,0.0,0.0,0.0,0.0,0.0,0.0,0.0,0.0,0.0,0.0,0.0
0.0,0.0,0.7872,0.3552,-9.7619,15.5546,-9.9934,1.9577,0.0,0.0,0.0,0.0,-2.0841,4.6072,-0.168,0.0,0.0,0.0,0.0,0.0,1.0,0.0,1.0,-1.9246478067323478,1.0,5.0,0.0,0.0,0.0,0.0,1.0,0.0,1.0,4.039055989990586,1.0,-32.1826527635872,1.0,77.94981698963875,1.0,-45.76716422605155,1.0,-4.039055989990586,0.0,0.0,0.0,0.0,0.0,-0.011953,0.007104,0.009645,0.0,0.0,1.0,1.9246478067323567,1.0,5.0,0.0,0.0,0.0,0.0,1.0,0.0,1.0,-3.6874818638742095,1.0,-37.86628559507674,1.0,63.32939569984157,1.0,-25.463110104764834,1.0,3.6874818638742095,0.0,0.0,0.0,0.0,0.0,0.011953,-0.007104,0.0,0.0,0.0,0.0,0.0,0.0,0.0,0.0,0.0,0.0,0.0
0.0,0.0,0.7581,0.3784,-9.7633,14.9575,-10.479,0.5655,0.0,0.0,0.0,0.0,-2.2197,4.4364,-0.2374,0.0,0.0,0.0,0.0,0.0,1.0,0.0,1.0,-1.539316653508358,1.0,5.0,0.0,0.0,0.0,0.0,1.0,0.0,1.0,4.322169275257712,1.0,-35.63593612008039,1.0,82.89137417016313,1.0,-47.255438050082745,1.0,-4.322169275257712,0.0,0.0,0.0,0.0,0.0,-0.009864,0.007348,0.013055,0.0,0.0,1.0,1.5393166535083482,1.0,5.0,0.0,0.0,0.0,0.0,1.0,0.0,1.0,-3.813257115795278,1.0,-36.96151191262303,1.0,63.674680304720994,1.0,-26.71316839209797,1.0,3.813257115795278,0.0,0.0,0.0,0.0,0.0,0.009864,-0.007348,0.0,0.0,0.0,0.0,0.0,0.0,0.0,0.0,0.0,0.0,0.0
0.0,0.0,0.7505,0.3944,-9.7633,14.1283,-10.5618,-1.546,0.0,0.0,0.0,0.0,-2.313,4.3918,-0.1637,0.0,0.0,0.0,0.0,0.0,1.0,0.0,1.0,-1.1340412847835586,1.0,5.0,0.0,0.0,0.0,0.0,1.0,0.0,1.0,4.536780779064306,1.0,-38.93624551106868,1.0,87.01823813577559,1.0,-48.08199262470691,1.0,-4.536780779064306,0.0,0.0,0.0,0.0,0.0,-0.007517,0.007481,0.016016,0.0,0.0,1.0,1.1340412847835681,1.0,5.0,0.0,0.0,0.0,0.0,1.0,0.0,1.0,-3.8817148863752453,1.0,-35.90075411465076,1.0,63.98287894504162,1.0,-28.08212483039086,1.0,3.8817148863752453,0.0,0.0,0.0,0.0,0.0,0.007517,-0.007481,0.0,0.0,0.0,0.0,0.0,0.0,0.0,0.0,0.0,0.0,0.0
0.0,0.0,0.7595,0.4026,-9.7622,13.3881,-10.8186,-3.1819,0.0,0.0,0.0,0.0,-2.3618,4.4446,-0.0341,0.0,0.0,0.0,0.0,0.0,1.0,0.0,1.0,-0.7507369189442225,1.0,5.0,0.0,0.0,0.0,0.0,1.0,0.0,1.0,4.645926379774184,1.0,-41.7484655708172,1.0,89.91027541674784,1.0,-48.161809845930634,1.0,-4.645926379774184,0.0,0.0,0.0,0.0,0.0,-0.005146,0.007489,0.018148,0.0,0.0,1.0,0.750736918944212,1.0,5.0,0.0,0.0,0.0,0.0,1.0,0.0,1.0,-3.885872461993829,1.0,-34.78306752522021,1.0,64.20919567421879,1.0,-29.426128148998576,1.0,3.885872461993829,0.0,0.0,0.0,0.0,0.0,0.005146,-0.007489,0.0,0.0,0.0,0.0,0.0,0.0,0.0,0.0,0.0,0.0,0.0
0.0,0.0,0.7843,0.4081,-9.76,12.5986,-11.1476,-4.9891,0.0,0.0,0.0,0.0,-2.3943,4.5902,0.1686,0.0,0.0,0.0,0.0,0.0,1.0,0.0,1.0,-0.39199166615879,1.0,5.0,0.0,0.0,0.0,0.0,1.0,0.0,1.0,4.648306359826104,1.0,-44.07390526855877,1.0,91.66347577825809,1.0,-47.58957050969932,1.0,-4.648306359826104,0.0,0.0,0.0,0.0,0.0,-0.002779,0.007386,0.019463,0.0,0.0,1.0,0.3919916661587996,1.0,5.0,0.0,0.0,0.0,0.0,1.0,0.0,1.0,-3.8326440361765197,1.0,-33.62215692065072,1.0,64.35039845444504,1.0,-30.728241533794325,1.0,3.8326440361765197,0.0,0.0,0.0,0.0,0.0,0.002779,-0.007386,0.0,0.0,0.0,0.0,0.0,0.0,0.0,0.0,0.0,0.0,0.0
0.0,0.0,0.8131,0.4071,-9.7577,12.1066,-11.2615,-6.5322,0.0,0.0,0.0,0.0,-2.3892,4.7592,0.3753,0.0,0.0,0.0,0.0,0.0,1.0,0.0,1.0,-0.03848817474442631,1.0,5.0,0.0,0.0,0.0,0.0,1.0,0.0,1.0,4.537196347161703,1.0,-46.00324761315208,1.0,92.36654944090073,1.0,-46.36330182774865,1.0,-4.537196347161703,0.0,0.0,0.0,0.0,0.0,-0.000283,0.007165,0.019994,0.0,0.0,1.0,0.038488174744416306,1.0,5.0,0.0,0.0,0.0,0.0,1.0,0.0,1.0,-3.718906398366151,1.0,-32.351231016213994,1.0,64.4078537200773,1.0,-32.056622703863304,1.0,3.718906398366151,0.0,0.0,0.0,0.0,0.0,0.000283,-0.007165,0.0,0.0,0.0,0.0,0.0,0.0,0.0,0.0,0.0,0.0,0.0
0.0,0.0,0.8419,0.3998,-9.7556,10.8978,-11.0118,-4.6305,0.0,0.0,0.0,0.0,-2.3467,4.9282,0.591,0.0,0.0,0.0,0.0,0.0,1.0,0.0,1.0,0.2896795890521959,1.0,5.0,0.0,0.0,0.0,0.0,1.0,0.0,1.0,4.313348829066395,1.0,-47.36358331760338,1.0,91.9255345548832,1.0,-44.56195123727982,1.0,-4.313348829066395,0.0,0.0,0.0,0.0,0.0,0.002209,0.006833,0.019661,0.0,0.0,1.0,-0.28967958905218694,1.0,5.0,0.0,0.0,0.0,0.0,1.0,0.0,1.0,-3.5478660779092777,1.0,-31.035361353269362,1.0,64.37175892159411,1.0,-33.33639756832475,1.0,3.5478660779092777,0.0,0.0,0.0,0.0,0.0,-0.002209,-0.006833,0.0,0.0,0.0,0.0,0.0,0.0,0.0,0.0,0.0,0.0,0.0
0.0,0.0,0.8643,0.3858,-9.7542,9.7948,-10.4051,-2.8912,0.0,0.0,0.0,0.0,-2.2651,5.0595,0.7986,0.0,0.0,0.0,0.0,0.0,1.0,0.0,1.0,0.5886105665658967,1.0,5.0,0.0,0.0,0.0,0.0,1.0,0.0,1.0,3.987684096269803,1.0,-48.095558374363385,1.0,90.35462138272575,1.0,-42.25906300836237,1.0,-3.987684096269803,0.0,0.0,0.0,0.0,0.0,0.004665,0.006396,0.01848,0.0,0.0,1.0,-0.5886105665658884,1.0,5.0,0.0,0.0,0.0,0.0,1.0,0.0,1.0,-3.3218861078388127,1.0,-29.693718949273425,1.0,64.24470131434413,1.0,-34.5509823650707,1.0,3.3218861078388127,0.0,0.0,0.0,0.0,0.0,-0.004665,-0.006396,0.0,0.0,0.0,0.0,0.0,0.0,0.0,0.0,0.0,0.0,0.0
0.0,0.0,0.8643,0.3858,-9.7542,9.7948,-10.4051,-2.8912,0.0,0.0,0.0,0.0,-2.2651,5.0595,0.7986,0.0,0.0,0.0,0.0,0.0,1.0,0.0,1.0,0.8605240956113583,1.0,5.0,0.0,0.0,0.0,0.0,1.0,0.0,1.0,3.5672747089687107,1.0,-48.14658222111332,1.0,87.604534001955,1.0,-39.457951780841675,1.0,-3.5672747089687107,0.0,0.0,0.0,0.0,0.0,0.007107,0.005844,0.016444,0.0,0.0,1.0,-0.8605240956113667,1.0,5.0,0.0,0.0,0.0,0.0,1.0,0.0,1.0,-3.0367038621640816,1.0,-28.317215751468318,1.0,64.0280833819854,1.0,-35.71086763051708,1.0,3.0367038621640816,0.0,0.0,0.0,0.0,0.0,-0.007107,-0.005844,0.0,0.0,0.0,0.0,0.0,0.0,0.0,0.0,0.0,0.0,0.0
0.0,0.0,0.8793,0.3627,-9.7537,9.039,-9.2477,-1.6397,0.0,0.0,0.0,0.0,-2.1296,5.148,0.9743,0.0,0.0,0.0,0.0,0.0,1.0,0.0,1.0,1.089034279950788,1.0,5.0,0.0,0.0,0.0,0.0,1.0,0.0,1.0,3.095301422722221,1.0,-47.49371758411789,1.0,83.85724764959708,1.0,-36.3635300654792,1.0,-3.095301422722221,0.0,0.0,0.0,0.0,0.0,0.009379,0.005213,0.013739,0.0,0.0,1.0,-1.0890342799507808,1.0,5.0,0.0,0.0,0.0,0.0,1.0,0.0,1.0,-2.7102493232569596,1.0,-26.99900087460101,1.0,63.74522402798578,1.0,-36.74622315338477,1.0,2.7102493232569596,0.0,0.0,0.0,0.0,0.0,-0.009379,-0.005213,0.0,0.0,0.0,0.0,0.0,0.0,0.0,0.0,0.0,0.0,0.0
0.0,0.0,0.8863,0.326,-9.7544,8.3163,-7.7954,-0.7425,0.0,0.0,0.0,0.0,-1.9139,5.1886,1.1036,0.0,0.0,0.0,0.0,0.0,1.0,0.0,1.0,1.2921794253082421,1.0,5.0,0.0,0.0,0.0,0.0,1.0,0.0,1.0,2.5444340586172944,1.0,-46.018206567308766,1.0,78.70570235262221,1.0,-32.687495785313445,1.0,-2.5444340586172944,0.0,0.0,0.0,0.0,0.0,0.011668,0.004441,0.010156,0.0,0.0,1.0,-1.2921794253082362,1.0,5.0,0.0,0.0,0.0,0.0,1.0,0.0,1.0,-2.3101774295839994,1.0,-25.63549692143004,1.0,63.380493570909834,1.0,-37.744996649479795,1.0,2.3101774295839994,0.0,0.0,0.0,0.0,0.0,-0.011668,-0.004441,0.0,0.0,0.0,0.0,0.0,0.0,0.0,0.0,0.0,0.0,0.0
0.0,0.0,0.8862,0.2878,-9.7556,7.9662,-6.4731,-0.1367,0.0,0.0,0.0,0.0,-1.6899,5.1883,1.1777,0.0,0.0,0.0,0.0,0.0,1.0,0.0,1.0,1.4398420439727235,1.0,5.0,0.0,0.0,0.0,0.0,1.0,0.0,1.0,2.013085684714878,1.0,-43.94630181950302,1.0,72.92444025049424,1.0,-28.978138430991223,1.0,-2.013085684714878,0.0,0.0,0.0,0.0,0.0,0.013618,0.003646,0.006338,0.0,0.0,1.0,-1.4398420439727184,1.0,5.0,0.0,0.0,0.0,0.0,1.0,0.0,1.0,-1.8973080210144104,1.0,-24.44560647330205,1.0,63.00585354315662,1.0,-38.56024706985457,1.0,1.8973080210144104,0.0,0.0,0.0,0.0,0.0,-0.013618,-0.003646,0.0,0.0,0.0,0.0,0.0,0.0,0.0,0.0,0.0,0.0,0.0
0.0,0.0,0.8806,0.2445,-9.7573,8.0977,-5.231,0.6836,0.0,0.0,0.0,0.0,-1.4353,5.1555,1.2319,0.0,0.0,0.0,0.0,0.0,1.0,0.0,1.0,1.5464314341837666,1.0,5.0,0.0,0.0,0.0,0.0,1.0,0.0,1.0,1.4823564714647701,1.0,-41.24441244253071,1.0,66.26899159340121,1.0,-25.0245791508705,1.0,-1.4823564714647701,0.0,0.0,0.0,0.0,0.0,0.015357,0.00279,0.002228,0.0,0.0,1.0,-1.5464314341837622,1.0,5.0,0.0,0.0,0.0,0.0,1.0,0.0,1.0,-1.4523642720242784,1.0,-23.36308192698298,1.0,62.62170992525675,1.0,-39.258627998273774,1.0,1.4523642720242784,0.0,0.0,0.0,0.0,0.0,-0.015357,-0.00279,0.0,0.0,0.0,0.0,0.0,0.0,0.0,0.0,0.0,0.0,0.0
0.0,0.0,0.8704,0.19,-9.7594,8.3951,-3.8242,1.523,0.0,0.0,0.0,0.0,-1.1151,5.0957,1.2828,0.0,0.0,0.0,0.0,0.0,1.0,0.0,1.0,1.6139217984390202,1.0,5.0,0.0,0.0,0.0,0.0,1.0,0.0,1.0,0.96355681190284,1.0,-39.858138754594314,1.0,62.238876764158114,1.0,-22.3807380095638,1.0,-0.96355681190284,0.0,0.0,0.0,0.0,0.0,0.016908,0.00185,0.0,0.0,0.0,1.0,-1.6139217984390168,1.0,5.0,0.0,0.0,0.0,0.0,1.0,0.0,1.0,-0.96355681190284,1.0,-22.380738009563757,1.0,62.238876764158064,1.0,-39.85813875459431,1.0,0.96355681190284,0.0,0.0,0.0,0.0,0.0,-0.016908,-0.00185,0.0,0.0,0.0,0.0,0.0,0.0,0.0,0.0,0.0,0.0,0.0
0.0,0.0,0.8606,0.1409,-9.7611,8.6642,-2.7354,2.2867,0.0,0.0,0.0,0.0,-0.827,5.0378,1.3182,0.0,0.0,0.0,0.0,0.0,1.0,0.0,1.0,1.63859980596181,1.0,5.0,0.0,0.0,0.0,0.0,1.0,0.0,1.0,0.4643706654891357,1.0,-40.322368735957035,1.0,61.904393199157745,1.0,-21.582024463200703,1.0,-0.4643706654891357,0.0,0.0,0.0,0.0,0.0,0.018152,0.000892,0.0,0.0,0.0,1.0,-1.6385998059618074,1.0,5.0,0.0,0.0,0.0,0.0,1.0,0.0,1.0,-0.4643706654891357,1.0,-21.582024463200693,1.0,61.904393199157745,1.0,-40.32236873595705,1.0,0.4643706654891357,0.0,0.0,0.0,0.0,0.0,-0.018152,-0.000892,0.0,0.0,0.0,0.0,0.0,0.0,0.0,0.0,0.0,0.0,0.0
0.0,0.0,0.8499,0.0826,-9.7627,9.4781,-1.3549,3.2628,0.0,0.0,0.0,0.0,-0.4848,4.9752,1.35,0.0,0.0,0.0,0.0,0.0,1.0,0.0,1.0,1.6260517548065543,1.0,5.0,0.0,0.0,0.0,0.0,1.0,0.0,1.0,-0.014559971388651524,1.0,-40.64658386163481,1.0,61.6489314125824,1.0,-21.002347550947587,1.0,0.014559971388651524,0.0,0.0,0.0,0.0,0.0,0.019044,-2.8e-05,0.0,0.0,0.0,1.0,-1.6260517548065525,1.0,5.0,0.0,0.0,0.0,0.0,1.0,0.0,1.0,0.014559971388651524,1.0,-21.002347550947565,1.0,61.64893141258237,1.0,-40.64658386163481,1.0,-0.014559971388651524,0.0,0.0,0.0,0.0,0.0,-0.019044,2.8e-05,0.0,0.0,0.0,0.0,0.0,0.0,0.0,0.0,0.0,0.0,0.0
0.0,0.0,0.8439,0.0326,-9.7635,10.2263,0.0732,3.9391,0.0,0.0,0.0,0.0,-0.1913,4.9397,1.3765,0.0,0.0,0.0,0.0,0.0,1.0,0.0,1.0,1.5816806254952571,1.0,5.0,0.0,0.0,0.0,0.0,1.0,0.0,1.0,-0.49307249729476776,1.0,-40.86202298979777,1.0,61.46839326961585,1.0,-20.60637027981808,1.0,0.49307249729476776,0.0,0.0,0.0,0.0,0.0,0.019649,-0.000947,0.0,0.0,0.0,1.0,-1.5816806254952562,1.0,5.0,0.0,0.0,0.0,0.0,1.0,0.0,1.0,0.49307249729476776,1.0,-20.60637027981807,1.0,61.46839326961585,1.0,-40.86202298979778,1.0,-0.49307249729476776,0.0,0.0,0.0,0.0,0.0,-0.019649,0.000947,0.0,0.0,0.0,0.0,0.0,0.0,0.0,0.0,0.0,0.0,0.0
0.0,0.0,0.8399,-0.0194,-9.7639,11.0118,1.6846,4.479,0.0,0.0,0.0,0.0,0.1141,4.9163,1.3993,0.0,0.0,0.0,0.0,0.0,1.0,0.0,1.0,1.5087162797837745,1.0,5.0,0.0,0.0,0.0,0.0,1.0,0.0,1.0,-0.9655647473865187,1.0,-40.97084706317725,1.0,61.3737385467661,1.0,-20.40289148358885,1.0,0.9655647473865187,0.0,0.0,0.0,0.0,0.0,0.019959,-0.001854,0.0,0.0,0.0,1.0,-1.5087162797837743,1.0,5.0,0.0,0.0,0.0,0.0,1.0,0.0,1.0,0.9655647473865187,1.0,-20.402891483588846,1.0,61.3737385467661,1.0,-40.97084706317725,1.0,-0.9655647473865187,0.0,0.0,0.0,0.0,0.0,-0.019959,0.001854,0.0,0.0,0.0,0.0,0.0,0.0,0.0,0.0,0.0,0.0,0.0
0.0,0.0,0.8375,-0.0725,-9.7639,11.8034,3.1891,4.8221,0.0,0.0,0.0,0.0,0.4256,4.9023,1.419,0.0,0.0,0.0,0.0,0.0,1.0,0.0,1.0,1.4093509868275584,1.0,5.0,0.0,0.0,0.0,0.0,1.0,0.0,1.0,-1.431193188219573,1.0,-40.97225397932372,1.0,61.37249916693997,1.0,-20.40024518761625,1.0,1.431193188219573,0.0,0.0,0.0,0.0,0.0,0.019963,-0.002749,0.0,0.0,0.0,1.0,-1.4093509868275589,1.0,5.0,0.0,0.0,0.0,0.0,1.0,0.0,1.0,1.431193188219573,1.0,-20.40024518761625,1.0,61.37249916693997,1.0,-40.97225397932372,1.0,-1.431193188219573,0.0,0.0,0.0,0.0,0.0,-0.019963,0.002749,0.0,0.0,0.0,0.0,0.0,0.0,0.0,0.0,0.0,0.0,0.0
0.0,0.0,0.8366,-0.1254,-9.7634,12.5889,4.5664,4.9452,0.0,0.0,0.0,0.0,0.7358,4.8971,1.4349,0.0,0.0,0.0,0.0,0.0,1.0,0.0,1.0,1.2828536833067266,1.0,5.0,0.0,0.0,0.0,0.0,1.0,0.0,1.0,-1.8954428013776068,1.0,-40.854886909013786,1.0,61.47451757114723,1.0,-20.619630662133453,1.0,1.8954428013776068,0.0,0.0,0.0,0.0,0.0,0.019629,-0.003642,0.0,0.0,0.0,1.0,-1.2828536833067257,1.0,5.0,0.0,0.0,0.0,0.0,1.0,0.0,1.0,1.8954428013776068,1.0,-20.619630662133446,1.0,61.47451757114723,1.0,-40.854886909013786,1.0,-1.8954428013776068,0.0,0.0,0.0,0.0,0.0,-0.019629,0.003642,0.0,0.0,0.0,0.0,0.0,0.0,0.0,0.0,0.0,0.0,0.0
0.0,0.0,0.837,-0.1768,-9.7626,13.3782,5.7405,4.7976,0.0,0.0,0.0,0.0,1.0374,4.8995,1.4474,0.0,0.0,0.0,0.0,0.0,1.0,0.0,1.0,1.1429802196869734,1.0,5.0,0.0,0.0,0.0,0.0,1.0,0.0,1.0,-2.3164238982226104,1.0,-40.6216908580358,1.0,61.66922276069467,1.0,-21.047531902658868,1.0,2.3164238982226104,0.0,0.0,0.0,0.0,0.0,0.018975,-0.004453,0.0,0.0,0.0,1.0,-1.1429802196869747,1.0,5.0,0.0,0.0,0.0,0.0,1.0,0.0,1.0,2.3164238982226104,1.0,-21.047531902658875,1.0,61.66922276069467,1.0,-40.6216908580358,1.0,-2.3164238982226104,0.0,0.0,0.0,0.0,0.0,-0.018975,0.004453,0.0,0.0,0.0,0.0,0.0,0.0,0.0,0.0,0.0,0.0,0.0
0.0,0.0,0.8371,-0.2255,-9.7616,14.1635,6.7348,4.2933,0.0,0.0,0.0,0.0,1.3233,4.9002,1.4556,0.0,0.0,0.0,0.0,0.0,1.0,0.0,1.0,0.9875326537294172,1.0,5.0,0.0,0.0,0.0,0.0,1.0,0.0,1.0,-2.710323236083785,1.0,-40.2557095481883,1.0,61.954618405150356,1.0,-21.698908856962056,1.0,2.710323236083785,0.0,0.0,0.0,0.0,0.0,0.017971,-0.005213,0.0,0.0,0.0,1.0,-0.9875326537294153,1.0,5.0,0.0,0.0,0.0,0.0,1.0,0.0,1.0,2.710323236083785,1.0,-21.698908856962028,1.0,61.954618405150335,1.0,-40.2557095481883,1.0,-2.710323236083785,0.0,0.0,0.0,0.0,0.0,-0.017971,0.005213,0.0,0.0,0.0,0.0,0.0,0.0,0.0,0.0,0.0,0.0,0.0
0.0,0.0,0.8346,-0.271,-9.7606,14.5537,7.6218,3.5302,0.0,0.0,0.0,0.0,1.5902,4.8856,1.4483,0.0,0.0,0.0,0.0,0.0,1.0,0.0,1.0,0.8376472377983541,1.0,5.0,0.0,0.0,0.0,0.0,1.0,0.0,1.0,-3.034812499910307,1.0,-39.79671618049548,1.0,62.280548197601576,1.0,-22.483832017106096,1.0,3.034812499910307,0.0,0.0,0.0,0.0,0.0,0.016747,-0.00584,0.0,0.0,0.0,1.0,-0.8376472377983559,1.0,5.0,0.0,0.0,0.0,0.0,1.0,0.0,1.0,3.034812499910307,1.0,-22.483832017106113,1.0,62.280548197601576,1.0,-39.79671618049546,1.0,-3.034812499910307,0.0,0.0,0.0,0.0,0.0,-0.016747,0.00584,0.0,0.0,0.0,0.0,0.0,0.0,0.0,0.0,0.0,0.0,0.0
0.0,0.0,0.8249,-0.3189,-9.76,14.6756,8.6405,2.8641,0.0,0.0,0.0,0.0,1.8715,4.8287,1.4365,0.0,0.0,0.0,0.0,0.0,1.0,0.0,1.0,0.6923357198791916,1.0,5.0,0.0,0.0,0.0,0.0,1.0,0.0,1.0,-3.305458331023443,1.0,-39.24004939933207,1.0,62.6327553110586,1.0,-23.39270591172653,1.0,3.305458331023443,0.0,0.0,0.0,0.0,0.0,0.01531,-0.006364,0.0,0.0,0.0,1.0,-0.6923357198791895,1.0,5.0,0.0,0.0,0.0,0.0,1.0,0.0,1.0,3.377192747055741,1.0,-25.142471127978435,1.0,66.4736468091956,1.0,-41.33117568121717,1.0,-3.377192747055741,0.0,0.0,0.0,0.0,0.0,-0.01531,0.006364,0.00235,0.0,0.0,0.0,0.0,0.0,0.0,0.0,0.0,0.0,0.0
0.0,0.0,0.8091,-0.3529,-9.7602,14.7698,9.2833,2.6008,0.0,0.0,0.0,0.0,2.071,4.7357,1.4695,0.0,0.0,0.0,0.0,0.0,1.0,0.0,1.0,0.5420523677937666,1.0,5.0,0.0,0.0,0.0,0.0,1.0,0.0,1.0,-3.542079877019061,1.0,-38.52185266796448,1.0,63.02520304604231,1.0,-24.503350378077826,1.0,3.542079877019061,0.0,0.0,0.0,0.0,0.0,0.013524,-0.006822,0.0,0.0,0.0,1.0,-0.5420523677937644,1.0,5.0,0.0,0.0,0.0,0.0,1.0,0.0,1.0,3.764406770250491,1.0,-29.171486096007843,1.0,73.23790684197198,1.0,-44.06642074596412,1.0,-3.764406770250491,0.0,0.0,0.0,0.0,0.0,-0.013524,0.006822,0.00654,0.0,0.0,0.0,0.0,0.0,0.0,0.0,0.0,0.0,0.0
0.0,0.0,0.7821,-0.3778,-9.7614,15.3928,9.8124,2.2341,0.0,0.0,0.0,0.0,2.2167,4.5771,1.541,0.0,0.0,0.0,0.0,0.0,1.0,0.0,1.0,0.4065063761585242,1.0,5.0,0.0,0.0,0.0,0.0,1.0,0.0,1.0,-3.715056791866091,1.0,-37.70772422092736,1.0,63.3958852843675,1.0,-25.688161063440145,1.0,3.715056791866091,0.0,0.0,0.0,0.0,0.0,0.01158,-0.007158,0.0,0.0,0.0,1.0,-0.4065063761585221,1.0,5.0,0.0,0.0,0.0,0.0,1.0,0.0,1.0,4.096143402091281,1.0,-32.83976092122045,1.0,78.93158955188933,1.0,-46.09182863066887,1.0,-4.096143402091281,0.0,0.0,0.0,0.0,0.0,-0.01158,0.007158,0.01031,0.0,0.0,0.0,0.0,0.0,0.0,0.0,0.0,0.0,0.0
0.0,0.0,0.7502,-0.3999,-9.7631,14.7069,10.2957,0.4954,0.0,0.0,0.0,0.0,2.3457,4.3903,1.5533,0.0,0.0,0.0,0.0,0.0,1.0,0.0,1.0,0.2877039141379707,1.0,5.0,0.0,0.0,0.0,0.0,1.0,0.0,1.0,-3.82810348708201,1.0,-36.804806171839694,1.0,63.726447929572856,1.0,-26.921641757733163,1.0,3.82810348708201,0.0,0.0,0.0,0.0,0.0,0.009511,-0.007377,0.0,0.0,0.0,1.0,-0.28770391413797247,1.0,5.0,0.0,0.0,0.0,0.0,1.0,0.0,1.0,4.361345646197371,1.0,-36.16870778347476,1.0,83.60147711689208,1.0,-47.43276933341732,1.0,-4.361345646197371,0.0,0.0,0.0,0.0,0.0,-0.009511,0.007377,0.013557,0.0,0.0,0.0,0.0,0.0,0.0,0.0,0.0,0.0,0.0
0.0,0.0,0.742,-0.4152,-9.763,13.9538,10.4437,-1.3752,0.0,0.0,0.0,0.0,2.4353,4.3422,1.451,0.0,0.0,0.0,0.0,0.0,1.0,0.0,1.0,0.17937208164637417,1.0,5.0,0.0,0.0,0.0,0.0,1.0,0.0,1.0,-3.886364584328882,1.0,-35.731443910658605,1.0,64.02332364730484,1.0,-28.291879736646226,1.0,3.886364584328882,0.0,0.0,0.0,0.0,0.0,0.007152,-0.00749,0.0,0.0,0.0,1.0,-0.17937208164637575,1.0,5.0,0.0,0.0,0.0,0.0,1.0,0.0,1.0,4.560615639773186,1.0,-39.40233926599714,1.0,87.54301226532978,1.0,-48.14067299933263,1.0,-4.560615639773186,0.0,0.0,0.0,0.0,0.0,-0.007152,0.00749,0.016399,0.0,0.0,0.0,0.0,0.0,0.0,0.0,0.0,0.0,0.0
0.0,0.0,0.7512,-0.4269,-9.7618,13.081,10.6821,-3.4264,0.0,0.0,0.0,0.0,2.5039,4.3961,1.2591,0.0,0.0,0.0,0.0,0.0,1.0,0.0,1.0,0.09265571262476996,1.0,5.0,0.0,0.0,0.0,0.0,1.0,0.0,1.0,-3.8794291696941383,1.0,-34.54791330089115,1.0,64.24514568206884,1.0,-29.69723238117769,1.0,3.8794291696941383,0.0,0.0,0.0,0.0,0.0,0.004659,-0.007477,0.0,0.0,0.0,1.0,-0.09265571262476854,1.0,5.0,0.0,0.0,0.0,0.0,1.0,0.0,1.0,4.655080751437218,1.0,-42.26565684886594,1.0,90.36016732767858,1.0,-48.094510478812644,1.0,-4.655080751437218,0.0,0.0,0.0,0.0,0.0,-0.004659,0.007477,0.018484,0.0,0.0,0.0,0.0,0.0,0.0,0.0,0.0,0.0,0.0
0.0,0.0,0.7764,-0.4325,-9.7596,12.2367,10.868,-5.3463,0.0,0.0,0.0,0.0,2.5371,4.544,1.0317,0.0,0.0,0.0,0.0,0.0,1.0,0.0,1.0,0.03155372886490098,1.0,5.0,0.0,0.0,0.0,0.0,1.0,0.0,1.0,-3.8088284862943755,1.0,-33.298535980245276,1.0,64.37421095161679,1.0,-31.075674971371512,1.0,3.8088284862943755,0.0,0.0,0.0,0.0,0.0,0.002134,-0.007339,0.0,0.0,0.0,1.0,-0.0315537288648999,1.0,5.0,0.0,0.0,0.0,0.0,1.0,0.0,1.0,4.630682387255447,1.0,-44.62421221030756,1.0,91.95556572107706,1.0,-47.3313535107695,1.0,-4.630682387255447,0.0,0.0,0.0,0.0,0.0,-0.002134,0.007339,0.019683,0.0,0.0,0.0,0.0,0.0,0.0,0.0,0.0,0.0,0.0
0.0,0.0,0.8069,-0.4302,-9.7572,11.6868,10.8744,-6.9368,0.0,0.0,0.0,0.0,2.5243,4.7229,0.828,0.0,0.0,0.0,0.0,0.0,1.0,0.0,1.0,-0.004671526297729156,1.0,5.0,0.0,0.0,0.0,0.0,1.0,0.0,1.0,-3.6720945723282243,1.0,-31.94880177936871,1.0,64.4066597376623,1.0,-32.45785795829358,1.0,3.6720945723282243,0.0,0.0,0.0,0.0,0.0,-0.000489,-0.007074,0.0,0.0,0.0,1.0,0.0046715262977285,1.0,5.0,0.0,0.0,0.0,0.0,1.0,0.0,1.0,4.479734327598007,1.0,-46.4870300912912,1.0,92.35199705056387,1.0,-45.86496695927266,1.0,-4.479734327598007,0.0,0.0,0.0,0.0,0.0,0.000489,0.007074,0.019983,0.0,0.0,0.0,0.0,0.0,0.0,0.0,0.0,0.0,0.0
0.0,0.0,0.8379,-0.4213,-9.755,10.3898,10.6313,-4.7738,0.0,0.0,0.0,0.0,2.4727,4.9049,0.6247,0.0,0.0,0.0,0.0,0.0,1.0,0.0,1.0,-0.013192525915924005,1.0,5.0,0.0,0.0,0.0,0.0,1.0,0.0,1.0,-3.4618008396797513,1.0,-30.487751490544134,1.0,64.33041080217701,1.0,-33.842659311632886,1.0,3.4618008396797513,0.0,0.0,0.0,0.0,0.0,-0.003221,-0.006666,0.0,0.0,0.0,1.0,0.013192525915923728,1.0,5.0,0.0,0.0,0.0,0.0,1.0,0.0,1.0,4.191402384742565,1.0,-47.74238209374265,1.0,91.41752637982268,1.0,-43.675144286080034,1.0,-4.191402384742565,0.0,0.0,0.0,0.0,0.0,0.003221,0.006666,0.019277,0.0,0.0,0.0,0.0,0.0,0.0,0.0,0.0,0.0,0.0
0.0,0.0,0.8625,-0.4066,-9.7535,9.297,10.0491,-2.9123,0.0,0.0,0.0,0.0,2.3871,5.0489,0.4347,0.0,0.0,0.0,0.0,0.0,1.0,0.0,1.0,-0.0,1.0,5.0,0.0,0.0,0.0,0.0,1.0,0.0,1.0,-3.2073786631659127,1.0,-29.108786879153694,1.0,64.16288998621026,1.0,-35.05410310705657,1.0,3.2073786631659127,0.0,0.0,0.0,0.0,0.0,-0.005712,-0.006174,0.0,0.0,0.0,1.0,0.0,1.0,5.0,0.0,0.0,0.0,0.0,1.0,0.0,1.0,3.818854077520426,1.0,-48.20548210958989,1.0,89.32709534650168,1.0,-41.12161323691179,1.0,-3.818854077520426,0.0,0.0,0.0,0.0,0.0,0.005712,0.006174,0.017715,0.0,0.0,0.0,0.0,0.0,0.0,0.0,0.0,0.0,0.0
0.0,0.0,0.8799,-0.3788,-9.7531,8.5351,8.7162,-1.466,0.0,0.0,0.0,0.0,2.2243,5.151,0.2486,0.0,0.0,0.0,0.0,0.0,1.0,0.0,1.0,-0.0,1.0,5.0,0.0,0.0,0.0,0.0,1.0,0.0,1.0,-2.8919096991242426,1.0,-27.705081927647377,1.0,63.90556817815811,1.0,-36.20048625051073,1.0,2.8919096991242426,0.0,0.0,0.0,0.0,0.0,-0.00817,-0.005564,0.0,0.0,0.0,1.0,0.0,1.0,5.0,0.0,0.0,0.0,0.0,1.0,0.0,1.0,3.3559240668346666,1.0,-47.93218391471595,1.0,86.004849090691,1.0,-38.07266517597504,1.0,-3.3559240668346666,0.0,0.0,0.0,0.0,0.0,0.00817,0.005564,0.015279,0.0,0.0,0.0,0.0,0.0,0.0,0.0,0.0,0.0,0.0
0.0,0.0,0.8848,-0.3471,-9.7538,7.9873,7.5713,-0.7633,0.0,0.0,0.0,0.0,2.0382,5.1801,0.1439,0.0,0.0,0.0,0.0,0.0,1.0,0.0,1.0,-0.0,1.0,5.0,0.0,0.0,0.0,0.0,1.0,0.0,1.0,-2.5338602644800416,1.0,-26.36861548079407,1.0,63.58542442284776,1.0,-37.216808942053696,1.0,2.5338602644800416,0.0,0.0,0.0,0.0,0.0,-0.010445,-0.004873,0.0,0.0,0.0,1.0,0.0,1.0,5.0,0.0,0.0,0.0,0.0,1.0,0.0,1.0,2.8482317860889905,1.0,-46.91958456912376,1.0,81.64941550724441,1.0,-34.72983093812066,1.0,-2.8482317860889905,0.0,0.0,0.0,0.0,0.0,0.010445,0.004873,0.012183,0.0,0.0,0.0,0.0,0.0,0.0,0.0,0.0,0.0,0.0
0.0,0.0,0.884,-0.3104,-9.7551,7.471,6.3376,-0.4072,0.0,0.0,0.0,0.0,1.8223,5.1756,0.0714,0.0,0.0,0.0,0.0,0.0,1.0,0.0,1.0,-0.0,1.0,5.0,0.0,0.0,0.0,0.0,1.0,0.0,1.0,-2.1091287527942666,1.0,-25.031660321666383,1.0,63.19674729741797,1.0,-38.165086975751585,1.0,2.1091287527942666,0.0,0.0,0.0,0.0,0.0,-0.012663,-0.004054,0.0,0.0,0.0,1.0,0.0,1.0,5.0,0.0,0.0,0.0,0.0,1.0,0.0,1.0,2.280902031496196,1.0,-45.06871402589974,1.0,75.94218366301432,1.0,-30.87346963711458,1.0,-2.280902031496196,0.0,0.0,0.0,0.0,0.0,0.012663,0.004054,0.008304,0.0,0.0,0.0,0.0,0.0,0.0,0.0,0.0,0.0,0.0
0.0,0.0,0.8792,-0.2679,-9.7568,7.4454,4.9134,0.3184,0.0,0.0,0.0,0.0,1.5729,5.1469,0.02,0.0,0.0,0.0,0.0,0.0,1.0,0.0,1.0,-0.0,1.0,5.0,0.0,0.0,0.0,0.0,1.0,0.0,1.0,-1.6670533012029247,1.0,-23.86159058356299,1.0,62.80361529353195,1.0,-38.94202470996896,1.0,1.6670533012029247,0.0,0.0,0.0,0.0,0.0,-0.01456,-0.003203,0.0,0.0,0.0,1.0,0.0,1.0,5.0,0.0,0.0,0.0,0.0,1.0,0.0,1.0,1.7331900573105097,1.0,-42.601924104162045,1.0,69.53153837750637,1.0,-26.929614273344328,1.0,-1.7331900573105097,0.0,0.0,0.0,0.0,0.0,0.01456,0.003203,0.004204,0.0,0.0,0.0,0.0,0.0,0.0,0.0,0.0,0.0,0.0
0.0,0.0,0.8689,-0.212,-9.7591,7.7792,3.413,1.4006,0.0,0.0,0.0,0.0,1.2445,5.0869,-0.0225,0.0,0.0,0.0,0.0,0.0,1.0,0.0,1.0,-0.0,1.0,5.0,0.0,0.0,0.0,0.0,1.0,0.0,1.0,-1.1857431679406603,1.0,-22.80185204643647,1.0,62.40690118494958,1.0,-39.60504913851311,1.0,1.1857431679406603,0.0,0.0,0.0,0.0,0.0,-0.016247,-0.002277,0.0,0.0,0.0,1.0,0.0,1.0,5.0,0.0,0.0,0.0,0.0,1.0,0.0,1.0,1.1857431679406603,1.0,-39.60504913851309,1.0,62.40690118494958,1.0,-22.801852046436494,1.0,-1.1857431679406603,0.0,0.0,0.0,0.0,0.0,0.016247,0.002277,0.0,0.0,0.0,0.0,0.0,0.0,0.0,0.0,0.0,0.0,0.0
