0.0,0.0,-0.0286,-0.0001,-9.8,0.0,-0.0,-0.0,0.0,0.0,0.0,0.0,0.0004,-0.1673,0.0002,0.0,0.0,0.0,0.0,0.0,1.0,0.0,0.0,0.0,0.0,0.0,0.0,0.0,0.0,0.0,1.0,0.0,1.0,0.0,1.0,-32.204227503972035,1.0,64.40845500794407,1.0,-32.204227503972035,1.0,-0.0,0.0,0.0,0.0,0.0,0.0,0.0,0.0,0.0,0.0,0.0,0.0,0.0,0.0,0.0,0.0,0.0,0.0,0.0,1.0,0.0,1.0,0.0,1.0,-32.204227503972035,1.0,64.40845500794407,1.0,-32.204227503972035,1.0,-0.0,0.0,0.0,0.0,0.0,0.0,0.0,0.0,0.0,0.0,0.0,0.0,0.0,0.0,0.0,0.0,0.0,0.0,0.0
0.0,0.0,-0.0286,-0.0001,-9.8,0.0,-0.0,-0.0,0.0,0.0,0.0,0.0,0.0004,-0.1673,0.0002,0.0,0.0,0.0,0.0,0.0,1.0,0.0,0.0,0.0,0.0,0.0,0.0,0.0,0.0,0.0,1.0,0.0,1.0,0.0,1.0,-32.204227503972035,1.0,64.40845500794407,1.0,-32.204227503972035,1.0,-0.0,0.0,0.0,0.0,0.0,0.0,0.0,0.0,0.0,0.0,0.0,0.0,0.0,0.0,0.0,0.0,0.0,0.0,0.0,1.0,0.0,1.0,0.0,1.0,-32.204227503972035,1.0,64.40845500794407,1.0,-32.204227503972035,1.0,-0.0,0.0,0.0,0.0,0.0,0.0,0.0,0.0,0.0,0.0,0.0,0.0,0.0,0.0,0.0,0.0,0.0,0.0,0.0
0.0,0.0,-0.0286,-0.0001,-9.8,0.0,-0.0,-0.0,0.0,0.0,0.0,0.0,0.0004,-0.1673,0.0002,0.0,0.0,0.0,0.0,0.0,1.0,0.0,0.0,0.0,0.0,0.0,0.0,0.0,0.0,0.0,1.0,0.0,1.0,0.0,1.0,-32.204227503972035,1.0,64.40845500794407,1.0,-32.204227503972035,1.0,-0.0,0.0,0.0,0.0,0.0,0.0,0.0,0.0,0.0,0.0,0.0,0.0,0.0,0.0,0.0,0.0,0.0,0.0,0.0,1.0,0.0,1.0,0.0,1.0,-32.204227503972035,1.0,64.40845500794407,1.0,-32.204227503972035,1.0,-0.0,0.0,0.0,0.0,0.0,0.0,0.0,0.0,0.0,0.0,0.0,0.0,0.0,0.0,0.0,0.0,0.0,0.0,0.0
0.0,0.0,-0.0286,-0.0001,-9.8,0.0,-0.0,-0.0,0.0,0.0,0.0,0.0,0.0004,-0.1673,0.0002,0.0,0.0,0.0,0.0,0.0,1.0,0.0,0.0,0.0,0.0,0.0,0.0,0.0,0.0,0.0,1.0,0.0,1.0,0.0,1.0,-32.204227503972035,1.0,64.40845500794407,1.0,-32.204227503972035,1.0,-0.0,0.0,0.0,0.0,0.0,0.0,0.0,0.0,0.0,0.0,0.0,0.0,0.0,0.0,0.0,0.0,0.0,0.0,0.0,1.0,0.0,1.0,0.0,1.0,-32.204227503972035,1.0,64.40845500794407,1.0,-32.204227503972035,1.0,-0.0,0.0,0.0,0.0,0.0,0.0,0.0,0.0,0.0,0.0,0.0,0.0,0.0,0.0,0.0,0.0,0.0,0.0,0.0
0.0,0.0,-0.0286,-0.0001,-9.8,0.0,-0.0,-0.0,0.0,0.0,0.0,0.0,0.0004,-0.1673,0.0002,0.0,0.0,0.0,0.0,0.0,1.0,0.0,0.0,0.0,0.0,0.0,0.0,0.0,0.0,0.0,1.0,0.0,1.0,0.0,1.0,-32.204227503972035,1.0,64.40845500794407,1.0,-32.204227503972035,1.0,-0.0,0.0,0.0,0.0,0.0,0.0,0.0,0.0,0.0,0.0,0.0,0.0,0.0,0.0,0.0,0.0,0.0,0.0,0.0,1.0,0.0,1.0,0.0,1.0,-32.204227503972035,1.0,64.40845500794407,1.0,-32.204227503972035,1.0,-0.0,0.0,0.0,0.0,0.0,0.0,0.0,0.0,0.0,0.0,0.0,0.0,0.0,0.0,0.0,0.0,0.0,0.0,0.0
0.0,0.0,-0.0286,-0.0001,-9.8,0.0,-0.0,-0.0,0.0,0.0,0.0,0.0,0.0004,-0.1673,0.0002,0.0,0.0,0.0,0.0,0.0,1.0,0.0,0.0,0.0,0.0,0.0,0.0,0.0,0.0,0.0,1.0,0.0,1.0,0.0,1.0,-32.204227503972035,1.0,64.40845500794407,1.0,-32.204227503972035,1.0,-0.0,0.0,0.0,0.0,0.0,0.0,0.0,0.0,0.0,0.0,0.0,0.0,0.0,0.0,0.0,0.0,0.0,0.0,0.0,1.0,0.0,1.0,0.0,1.0,-32.204227503972035,1.0,64.40845500794407,1.0,-32.204227503972035,1.0,-0.0,0.0,0.0,0.0,0.0,0.0,0.0,0.0,0.0,0.0,0.0,0.0,0.0,0.0,0.0,0.0,0.0,0.0,0.0
0.0,0.0,-0.0286,-0.0001,-9.8,0.0,-0.0,-0.0,0.0,0.0,0.0,0.0,0.0004,-0.1673,0.0002,0.0,0.0,0.0,0.0,0.0,1.0,0.0,0.0,0.0,0.0,0.0,0.0,0.0,0.0,0.0,1.0,0.0,1.0,0.0,1.0,-32.204227503972035,1.0,64.40845500794407,1.0,-32.204227503972035,1.0,-0.0,0.0,0.0,0.0,0.0,0.0,0.0,0.0,0.0,0.0,0.0,0.0,0.0,0.0,0.0,0.0,0.0,0.0,0.0,1.0,0.0,1.0,0.0,1.0,-32.204227503972035,1.0,64.40845500794407,1.0,-32.204227503972035,1.0,-0.0,0.0,0.0,0.0,0.0,0.0,0.0,0.0,0.0,0.0,0.0,0.0,0.0,0.0,0.0,0.0,0.0,0.0,0.0
0.0,0.0,-0.0286,-0.0001,-9.8,0.0,-0.0,-0.0,0.0,0.0,0.0,0.0,0.0004,-0.1673,0.0002,0.0,0.0,0.0,0.0,0.0,1.0,0.0,0.0,0.0,0.0,0.0,0.0,0.0,0.0,0.0,1.0,0.0,1.0,0.0,1.0,-32.204227503972035,1.0,64.40845500794407,1.0,-32.204227503972035,1.0,-0.0,0.0,0.0,0.0,0.0,0.0,0.0,0.0,0.0,0.0,0.0,0.0,0.0,0.0,0.0,0.0,0.0,0.0,0.0,1.0,0.0,1.0,0.0,1.0,-32.204227503972035,1.0,64.40845500794407,1.0,-32.204227503972035,1.0,-0.0,0.0,0.0,0.0,0.0,0.0,0.0,0.0,0.0,0.0,0.0,0.0,0.0,0.0,0.0,0.0,0.0,0.0,0.0
0.0,0.0,-0.0286,-0.0001,-9.8,0.0,-0.0,-0.0,0.0,0.0,0.0,0.0,0.0004,-0.1673,0.0002,0.0,0.0,0.0,0.0,0.0,1.0,0.0,0.0,0.0,0.0,0.0,0.0,0.0,0.0,0.0,1.0,0.0,1.0,0.0,1.0,-32.204227503972035,1.0,64.40845500794407,1.0,-32.204227503972035,1.0,-0.0,0.0,0.0,0.0,0.0,0.0,0.0,0.0,0.0,0.0,0.0,0.0,0.0,0.0,0.0,0.0,0.0,0.0,0.0,1.0,0.0,1.0,0.0,1.0,-32.204227503972035,1.0,64.40845500794407,1.0,-32.204227503972035,1.0,-0.0,0.0,0.0,0.0,0.0,0.0,0.0,0.0,0.0,0.0,0.0,0.0,0.0,0.0,0.0,0.0,0.0,0.0,0.0
0.0,0.0,-0.0286,-0.0001,-9.8,0.0,-0.0,-0.0,0.0,0.0,0.0,0.0,0.0004,-0.1673,0.0002,0.0,0.0,0.0,0.0,0.0,1.0,0.0,0.0,0.0,0.0,0.0,0.0,0.0,0.0,0.0,1.0,0.0,1.0,0.0,1.0,-32.204227503972035,1.0,64.40845500794407,1.0,-32.204227503972035,1.0,-0.0,0.0,0.0,0.0,0.0,0.0,0.0,0.0,0.0,0.0,0.0,0.0,0.0,0.0,0.0,0.0,0.0,0.0,0.0,1.0,0.0,1.0,0.0,1.0,-32.204227503972035,1.0,64.40845500794407,1.0,-32.204227503972035,1.0,-0.0,0.0,0.0,0.0,0.0,0.0,0.0,0.0,0.0,0.0,0.0,0.0,0.0,0.0,0.0,0.0,0.0,0.0,0.0
0.0,0.0,-0.0286,-0.0001,-9.8,0.0,-0.0,-0.0,0.0,0.0,0.0,0.0,0.0004,-0.1673,0.0002,0.0,0.0,0.0,0.0,0.0,1.0,0.0,0.0,0.0,0.0,0.0,0.0,0.0,0.0,0.0,1.0,0.0,1.0,0.0,1.0,-32.204227503972035,1.0,64.40845500794407,1.0,-32.204227503972035,1.0,-0.0,0.0,0.0,0.0,0.0,0.0,0.0,0.0,0.0,0.0,0.0,0.0,0.0,0.0,0.0,0.0,0.0,0.0,0.0,1.0,0.0,1.0,0.0,1.0,-32.204227503972035,1.0,64.40845500794407,1.0,-32.204227503972035,1.0,-0.0,0.0,0.0,0.0,0.0,0.0,0.0,0.0,0.0,0.0,0.0,0.0,0.0,0.0,0.0,0.0,0.0,0.0,0.0
0.0,0.0,-0.0286,-0.0001,-9.8,0.0,-0.0,-0.0,0.0,0.0,0.0,0.0,0.0004,-0.1673,0.0002,0.0,0.0,0.0,0.0,0.0,1.0,0.0,0.0,0.0,0.0,0.0,0.0,0.0,0.0,0.0,1.0,0.0,1.0,0.0,1.0,-32.204227503972035,1.0,64.40845500794407,1.0,-32.204227503972035,1.0,-0.0,0.0,0.0,0.0,0.0,0.0,0.0,0.0,0.0,0.0,0.0,0.0,0.0,0.0,0.0,0.0,0.0,0.0,0.0,1.0,0.0,1.0,0.0,1.0,-32.204227503972035,1.0,64.40845500794407,1.0,-32.204227503972035,1.0,-0.0,0.0,0.0,0.0,0.0,0.0,0.0,0.0,0.0,0.0,0.0,0.0,0.0,0.0,0.0,0.0,0.0,0.0,0.0
0.0,0.0,-0.0286,-0.0001,-9.8,0.0,-0.0,-0.0,0.0,0.0,0.0,0.0,0.0004,-0.1673,0.0002,0.0,0.0,0.0,0.0,0.0,1.0,0.0,0.0,0.0,0.0,0.0,0.0,0.0,0.0,0.0,1.0,0.0,1.0,-4.709130770835645,1.0,-32.204227503972035,1.0,64.40845500794407,1.0,-32.204227503972035,1.0,4.709130770835645,0.0,0.0,0.0,0.0,0.0,0.0,0.0,0.0,0.0,0.0,0.0,0.0,0.0,0.0,0.0,0.0,0.0,0.0,1.0,0.0,1.0,4.709130770835645,1.0,-32.204227503972035,1.0,64.40845500794407,1.0,-32.204227503972035,1.0,-4.709130770835645,0.0,0.0,0.0,0.0,0.0,0.0,0.0,0.0,0.0,0.0,0.0,0.0,0.0,0.0,0.0,0.0,0.0,0.0
0.0,0.0,-0.029,-0.0426,-9.7999,-0.0253,4.8202,0.4381,0.0,0.0,0.0,0.0,0.2491,-0.1693,-0.0002,0.0,0.0,0.0,0.0,0.0,1.0,0.0,0.0,0.0,0.0,0.0,0.0,0.0,0.0,0.0,1.0,0.0,1.0,-5.063662275278341,1.0,-32.204227503972035,1.0,64.40845500794407,1.0,-32.204227503972035,1.0,5.063662275278341,0.0,0.0,0.0,0.0,0.0,0.0,0.0,0.0,0.0,0.0,0.0,0.0,0.0,0.0,0.0,0.0,0.0,0.0,1.0,0.0,1.0,5.063662275278341,1.0,-32.204227503972035,1.0,64.40845500794407,1.0,-32.204227503972035,1.0,-5.063662275278341,0.0,0.0,0.0,0.0,0.0,0.0,0.0,0.0,0.0,0.0,0.0,0.0,0.0,0.0,0.0,0.0,0.0,0.0
0.0,0.0,-0.032,-0.2226,-9.7974,-0.0423,11.4567,0.5996,0.0,0.0,0.0,0.0,1.3014,-0.1873,0.0006,0.0,0.0,0.0,0.0,0.0,1.0,0.0,0.0,0.0,0.0,0.0,0.0,0.0,0.0,0.0,1.0,0.0,1.0,-5.7579833252008585,1.0,-32.204227503972035,1.0,64.40845500794407,1.0,-32.204227503972035,1.0,5.7579833252008585,0.0,0.0,0.0,0.0,0.0,0.0,0.0,0.0,0.0,0.0,0.0,0.0,0.0,0.0,0.0,0.0,0.0,0.0,1.0,0.0,1.0,5.7579833252008585,1.0,-32.204227503972035,1.0,64.40845500794407,1.0,-32.204227503972035,1.0,-5.7579833252008585,0.0,0.0,0.0,0.0,0.0,0.0,0.0,0.0,0.0,0.0,0.0,0.0,0.0,0.0,0.0,0.0,0.0,0.0
0.0,0.0,-0.0354,-0.3047,-9.7952,-0.0863,13.4982,0.2526,0.0,0.0,0.0,0.0,1.7815,-0.2072,0.0076,0.0,0.0,0.0,0.0,0.0,1.0,0.0,0.0,0.0,0.0,0.0,0.0,0.0,0.0,0.0,1.0,0.0,1.0,-6.057110585299186,1.0,-32.204227503972035,1.0,64.40845500794407,1.0,-32.204227503972035,1.0,6.057110585299186,0.0,0.0,0.0,0.0,0.0,0.0,0.0,0.0,0.0,0.0,0.0,0.0,0.0,0.0,0.0,0.0,0.0,0.0,1.0,0.0,1.0,6.057110585299186,1.0,-32.204227503972035,1.0,64.40845500794407,1.0,-32.204227503972035,1.0,-6.057110585299186,0.0,0.0,0.0,0.0,0.0,0.0,0.0,0.0,0.0,0.0,0.0,0.0,0.0,0.0,0.0,0.0,0.0,0.0
0.0,0.0,-0.0394,-0.3452,-9.7938,-0.1423,13.891,-0.2344,0.0,0.0,0.0,0.0,2.0186,-0.2303,0.0163,0.0,0.0,0.0,0.0,0.0,1.0,0.0,0.0,0.0,0.0,0.0,0.0,0.0,0.0,0.0,1.0,0.0,1.0,-6.319439851963142,1.0,-32.204227503972035,1.0,64.40845500794407,1.0,-32.204227503972035,1.0,6.319439851963142,0.0,0.0,0.0,0.0,0.0,0.0,0.0,0.0,0.0,0.0,0.0,0.0,0.0,0.0,0.0,0.0,0.0,0.0,1.0,0.0,1.0,6.319439851963142,1.0,-32.204227503972035,1.0,64.40845500794407,1.0,-32.204227503972035,1.0,-6.319439851963142,0.0,0.0,0.0,0.0,0.0,0.0,0.0,0.0,0.0,0.0,0.0,0.0,0.0,0.0,0.0,0.0,0.0,0.0
0.0,0.0,-0.0424,-0.3188,-9.7947,-0.1865,13.6992,-0.8769,0.0,0.0,0.0,0.0,1.8644,-0.2481,0.0249,0.0,0.0,0.0,0.0,0.0,1.0,0.0,0.0,0.0,0.0,0.0,0.0,0.0,0.0,0.0,1.0,0.0,1.0,-6.556012141246865,1.0,-32.204227503972035,1.0,64.40845500794407,1.0,-32.204227503972035,1.0,6.556012141246865,0.0,0.0,0.0,0.0,0.0,0.0,0.0,0.0,0.0,0.0,0.0,0.0,0.0,0.0,0.0,0.0,0.0,0.0,1.0,0.0,1.0,6.556012141246865,1.0,-32.204227503972035,1.0,64.40845500794407,1.0,-32.204227503972035,1.0,-6.556012141246865,0.0,0.0,0.0,0.0,0.0,0.0,0.0,0.0,0.0,0.0,0.0,0.0,0.0,0.0,0.0,0.0,0.0,0.0
0.0,0.0,-0.044,-0.242,-9.7969,-0.2006,13.4527,-2.6049,0.0,0.0,0.0,0.0,1.4148,-0.2573,0.0318,0.0,0.0,0.0,0.0,0.0,1.0,0.0,0.0,0.0,0.0,0.0,0.0,0.0,0.0,0.0,1.0,0.0,1.0,-6.768701675081317,1.0,-32.204227503972035,1.0,64.40845500794407,1.0,-32.204227503972035,1.0,6.768701675081317,0.0,0.0,0.0,0.0,0.0,0.0,0.0,0.0,0.0,0.0,0.0,0.0,0.0,0.0,0.0,0.0,0.0,0.0,1.0,0.0,1.0,6.768701675081317,1.0,-32.204227503972035,1.0,64.40845500794407,1.0,-32.204227503972035,1.0,-6.768701675081317,0.0,0.0,0.0,0.0,0.0,0.0,0.0,0.0,0.0,0.0,0.0,0.0,0.0,0.0,0.0,0.0,0.0,0.0
0.0,0.0,-0.044,-0.242,-9.7969,-0.2006,13.4527,-2.6049,0.0,0.0,0.0,0.0,1.4148,-0.2573,0.0318,0.0,0.0,0.0,0.0,0.0,1.0,0.0,0.0,0.0,0.0,0.0,0.0,0.0,0.0,0.0,1.0,0.0,1.0,-6.768701675081317,1.0,-32.204227503972035,1.0,64.40845500794407,1.0,-32.204227503972035,1.0,6.768701675081317,0.0,0.0,0.0,0.0,0.0,0.0,0.0,0.0,0.0,0.0,0.0,0.0,0.0,0.0,0.0,0.0,0.0,0.0,1.0,0.0,1.0,6.768701675081317,1.0,-32.204227503972035,1.0,64.40845500794407,1.0,-32.204227503972035,1.0,-6.768701675081317,0.0,0.0,0.0,0.0,0.0,0.0,0.0,0.0,0.0,0.0,0.0,0.0,0.0,0.0,0.0,0.0,0.0,0.0
0.0,0.0,-0.0461,-0.1342,-9.799,0.1253,13.6147,-2.7415,0.0,0.0,0.0,0.0,0.7847,-0.2696,0.0341,0.0,0.0,0.0,0.0,0.0,1.0,0.0,0.0,0.0,0.0,0.0,0.0,0.0,0.0,0.0,1.0,0.0,1.0,-6.946389848647035,1.0,-32.204227503972035,1.0,64.40845500794407,1.0,-32.204227503972035,1.0,6.946389848647035,0.0,0.0,0.0,0.0,0.0,0.0,0.0,0.0,0.0,0.0,0.0,0.0,0.0,0.0,0.0,0.0,0.0,0.0,1.0,0.0,1.0,6.946389848647035,1.0,-32.204227503972035,1.0,64.40845500794407,1.0,-32.204227503972035,1.0,-6.946389848647035,0.0,0.0,0.0,0.0,0.0,0.0,0.0,0.0,0.0,0.0,0.0,0.0,0.0,0.0,0.0,0.0,0.0,0.0
0.0,0.0,-0.0485,-0.0395,-9.7998,0.4154,12.9906,-1.7573,0.0,0.0,0.0,0.0,0.2309,-0.2838,0.0286,0.0,0.0,0.0,0.0,0.0,1.0,0.0,0.0,0.0,0.0,0.0,0.0,0.0,0.0,0.0,1.0,0.0,1.0,-7.097302732484748,1.0,-32.204227503972035,1.0,64.40845500794407,1.0,-32.204227503972035,1.0,7.097302732484748,0.0,0.0,0.0,0.0,0.0,0.0,0.0,0.0,0.0,0.0,0.0,0.0,0.0,0.0,0.0,0.0,0.0,0.0,1.0,0.0,1.0,7.097302732484748,1.0,-32.204227503972035,1.0,64.40845500794407,1.0,-32.204227503972035,1.0,-7.097302732484748,0.0,0.0,0.0,0.0,0.0,0.0,0.0,0.0,0.0,0.0,0.0,0.0,0.0,0.0,0.0,0.0,0.0,0.0
0.0,0.0,-0.0474,0.0642,-9.7997,0.535,10.6336,-0.2704,0.0,0.0,0.0,0.0,-0.3752,-0.2769,0.0167,0.0,0.0,0.0,0.0,0.0,1.0,0.0,0.0,0.0,0.0,0.0,0.0,0.0,0.0,0.0,1.0,0.0,1.0,-7.213425901181051,1.0,-32.204227503972035,1.0,64.40845500794407,1.0,-32.204227503972035,1.0,7.213425901181051,0.0,0.0,0.0,0.0,0.0,0.0,0.0,0.0,0.0,0.0,0.0,0.0,0.0,0.0,0.0,0.0,0.0,0.0,1.0,0.0,1.0,7.213425901181051,1.0,-32.204227503972035,1.0,64.40845500794407,1.0,-32.204227503972035,1.0,-7.213425901181051,0.0,0.0,0.0,0.0,0.0,0.0,0.0,0.0,0.0,0.0,0.0,0.0,0.0,0.0,0.0,0.0,0.0,0.0
0.0,0.0,-0.0436,0.1376,-9.7989,0.5815,9.3871,0.263,0.0,0.0,0.0,0.0,-0.8048,-0.2549,0.0102,0.0,0.0,0.0,0.0,0.0,1.0,0.0,0.0,0.0,0.0,0.0,0.0,0.0,0.0,0.0,1.0,0.0,1.0,-7.301799948490982,1.0,-32.204227503972035,1.0,64.40845500794407,1.0,-32.204227503972035,1.0,7.301799948490982,0.0,0.0,0.0,0.0,0.0,0.0,0.0,0.0,0.0,0.0,0.0,0.0,0.0,0.0,0.0,0.0,0.0,0.0,1.0,0.0,1.0,7.301799948490982,1.0,-32.204227503972035,1.0,64.40845500794407,1.0,-32.204227503972035,1.0,-7.301799948490982,0.0,0.0,0.0,0.0,0.0,0.0,0.0,0.0,0.0,0.0,0.0,0.0,0.0,0.0,0.0,0.0,0.0,0.0
0.0,0.0,-0.0411,0.1834,-9.7982,0.5828,8.2537,0.3433,0.0,0.0,0.0,0.0,-1.0721,-0.2401,0.0107,0.0,0.0,0.0,0.0,0.0,1.0,0.0,0.0,0.0,0.0,0.0,0.0,0.0,0.0,0.0,1.0,0.0,1.0,-7.360708621304135,1.0,-32.204227503972035,1.0,64.40845500794407,1.0,-32.204227503972035,1.0,7.360708621304135,0.0,0.0,0.0,0.0,0.0,0.0,0.0,0.0,0.0,0.0,0.0,0.0,0.0,0.0,0.0,0.0,0.0,0.0,1.0,0.0,1.0,7.360708621304135,1.0,-32.204227503972035,1.0,64.40845500794407,1.0,-32.204227503972035,1.0,-7.360708621304135,0.0,0.0,0.0,0.0,0.0,0.0,0.0,0.0,0.0,0.0,0.0,0.0,0.0,0.0,0.0,0.0,0.0,0.0
0.0,0.0,-0.0415,0.2184,-9.7975,0.4764,6.5134,0.5629,0.0,0.0,0.0,0.0,-1.2773,-0.2424,0.0291,0.0,0.0,0.0,0.0,0.0,1.0,0.0,0.0,0.0,0.0,0.0,0.0,0.0,0.0,0.0,1.0,0.0,1.0,-7.392439808000653,1.0,-32.204227503972035,1.0,64.40845500794407,1.0,-32.204227503972035,1.0,7.392439808000653,0.0,0.0,0.0,0.0,0.0,0.0,0.0,0.0,0.0,0.0,0.0,0.0,0.0,0.0,0.0,0.0,0.0,0.0,1.0,0.0,1.0,7.392439808000653,1.0,-32.204227503972035,1.0,64.40845500794407,1.0,-32.204227503972035,1.0,-7.392439808000653,0.0,0.0,0.0,0.0,0.0,0.0,0.0,0.0,0.0,0.0,0.0,0.0,0.0,0.0,0.0,0.0,0.0,0.0
0.0,0.0,-0.0418,0.2525,-9.7967,0.3084,4.7238,0.68,0.0,0.0,0.0,0.0,-1.4767,-0.2443,0.0503,0.0,0.0,0.0,0.0,0.0,1.0,0.0,0.0,0.0,0.0,0.0,0.0,0.0,0.0,0.0,1.0,0.0,1.0,-9.16823205973436,1.0,-31.84453822968249,1.0,64.40490503334519,1.0,-32.56036680366269,1.0,9.16823205973436,0.0,0.0,0.0,0.0,0.0,0.0,0.0,0.0,0.0,0.0,0.0,0.0,0.0,0.0,0.0,0.0,0.0,0.0,1.0,0.0,1.0,10.434647091117412,1.0,-42.79947734617699,1.0,84.77884811039858,1.0,-41.97937076422159,1.0,-10.434647091117412,0.0,0.0,0.0,0.0,0.0,0.0,0.0,0.0,0.0,0.0,0.0,0.0,0.0,0.0,0.0,0.0,0.0,0.0
0.0,0.0,-0.0347,0.2585,-9.7965,0.3582,5.3187,-1.6054,0.0,0.0,0.0,0.0,-1.5112,-0.2029,0.0387,0.0,0.0,0.0,0.0,0.0,1.0,0.0,0.0,0.0,0.0,0.0,0.0,0.0,0.0,0.0,1.0,0.0,1.0,-9.130171752237072,1.0,-31.157192450315684,1.0,64.37891705663215,1.0,-33.221724606316464,1.0,9.130171752237072,0.0,0.0,0.0,0.0,0.0,0.0,0.0,0.0,0.0,0.0,0.0,0.0,0.0,0.0,0.0,0.0,0.0,0.0,1.0,0.0,1.0,10.3822112409467,1.0,-43.497138153904324,1.0,84.6313950860226,1.0,-41.13425693211827,1.0,-10.3822112409467,0.0,0.0,0.0,0.0,0.0,0.0,0.0,0.0,0.0,0.0,0.0,0.0,0.0,0.0,0.0,0.0,0.0,0.0
0.0,0.0,-0.0327,0.2241,-9.7974,1.4976,4.8931,-2.4044,0.0,0.0,0.0,0.0,-1.3101,-0.1914,0.0078,0.0,0.0,0.0,0.0,0.0,1.0,0.0,0.0,0.0,0.0,0.0,0.0,0.0,0.0,0.0,1.0,0.0,1.0,-9.047118774858237,1.0,-30.402298737488458,1.0,64.3226292053125,1.0,-33.92033046782404,1.0,9.047118774858237,0.0,0.0,0.0,0.0,0.0,0.0,0.0,0.0,0.0,0.0,0.0,0.0,0.0,0.0,0.0,0.0,0.0,0.0,1.0,0.0,1.0,10.268115589279036,1.0,-44.163813725079464,1.0,84.31007026735135,1.0,-40.14625654227189,1.0,-10.268115589279036,0.0,0.0,0.0,0.0,0.0,0.0,0.0,0.0,0.0,0.0,0.0,0.0,0.0,0.0,0.0,0.0,0.0,0.0
0.0,0.0,-0.0586,0.1935,-9.7979,2.9784,2.6738,-1.5718,0.0,0.0,0.0,0.0,-1.1315,-0.3424,-0.0058,0.0,0.0,0.0,0.0,0.0,1.0,0.0,0.0,0.0,0.0,0.0,0.0,0.0,0.0,0.0,1.0,0.0,1.0,-8.928496775607373,1.0,-29.68215332533353,1.0,64.243234514341,1.0,-34.56108118900747,1.0,8.928496775607373,0.0,0.0,0.0,0.0,0.0,0.0,0.0,0.0,0.0,0.0,0.0,0.0,0.0,0.0,0.0,0.0,0.0,0.0,1.0,0.0,1.0,10.105929602455692,1.0,-44.703227673274675,1.0,83.8521592621549,1.0,-39.14893158888022,1.0,-10.105929602455692,0.0,0.0,0.0,0.0,0.0,0.0,0.0,0.0,0.0,0.0,0.0,0.0,0.0,0.0,0.0,0.0,0.0,0.0
0.0,0.0,-0.088,0.1861,-9.7978,3.8257,0.9624,-0.688,0.0,0.0,0.0,0.0,-1.0883,-0.5147,0.0098,0.0,0.0,0.0,0.0,0.0,1.0,0.0,0.0,0.0,0.0,0.0,0.0,0.0,0.0,0.0,1.0,0.0,1.0,-8.758271306598928,1.0,-28.908425511322484,1.0,64.13134553054124,1.0,-35.22292001921875,1.0,8.758271306598928,0.0,0.0,0.0,0.0,0.0,0.0,0.0,0.0,0.0,0.0,0.0,0.0,0.0,0.0,0.0,0.0,0.0,0.0,1.0,0.0,1.0,9.87476557688976,1.0,-45.17693105380919,1.0,83.19710797872233,1.0,-38.020176924913144,1.0,-9.87476557688976,0.0,0.0,0.0,0.0,0.0,0.0,0.0,0.0,0.0,0.0,0.0,0.0,0.0,0.0,0.0,0.0,0.0,0.0
0.0,0.0,-0.1516,0.1995,-9.7968,5.5665,-2.3412,0.5605,0.0,0.0,0.0,0.0,-1.1667,-0.8864,0.0953,0.0,0.0,0.0,0.0,0.0,1.0,0.0,0.0,0.0,0.0,0.0,0.0,0.0,0.0,0.0,1.0,0.0,1.0,-8.335128139397433,1.0,-27.511286489798678,1.0,63.86355924452196,1.0,-36.35227275472329,1.0,8.335128139397433,0.0,0.0,0.0,0.0,0.0,0.0,0.0,0.0,0.0,0.0,0.0,0.0,0.0,0.0,0.0,0.0,0.0,0.0,1.0,0.0,1.0,9.308071016374882,1.0,-45.745786720549745,1.0,81.57886015031342,1.0,-35.83307342976367,1.0,-9.308071016374882,0.0,0.0,0.0,0.0,0.0,0.0,0.0,0.0,0.0,0.0,0.0,0.0,0.0,0.0,0.0,0.0,0.0,0.0
0.0,0.0,-0.1669,0.1994,-9.7965,5.8487,-3.1497,0.4561,0.0,0.0,0.0,0.0,-1.1661,-0.9761,0.1259,0.0,0.0,0.0,0.0,0.0,1.0,0.0,0.0,0.0,0.0,0.0,0.0,0.0,0.0,0.0,1.0,0.0,1.0,-8.047830914596952,1.0,-26.7744032252114,1.0,63.69006211212101,1.0,-36.91565888690961,1.0,8.047830914596952,0.0,0.0,0.0,0.0,0.0,0.0,0.0,0.0,0.0,0.0,0.0,0.0,0.0,0.0,0.0,0.0,0.0,0.0,1.0,0.0,1.0,8.929628273150676,1.0,-45.88880609486112,1.0,80.48787037291356,1.0,-34.599064278052445,1.0,-8.929628273150676,0.0,0.0,0.0,0.0,0.0,0.0,0.0,0.0,0.0,0.0,0.0,0.0,0.0,0.0,0.0,0.0,0.0,0.0
0.0,0.0,-0.1605,0.1883,-9.7969,6.0649,-4.2163,0.6752,0.0,0.0,0.0,0.0,-1.101,-0.9384,0.1376,0.0,0.0,0.0,0.0,0.0,1.0,0.0,0.0,0.0,0.0,0.0,0.0,0.0,0.0,0.0,1.0,0.0,1.0,-7.7485212731147195,1.0,-26.113407026048662,1.0,63.51638173280225,1.0,-37.40297470675359,1.0,7.7485212731147195,0.0,0.0,0.0,0.0,0.0,0.0,0.0,0.0,0.0,0.0,0.0,0.0,0.0,0.0,0.0,0.0,0.0,0.0,1.0,0.0,1.0,8.540674660857436,1.0,-45.917215630501246,1.0,79.35749960940349,1.0,-33.44028397890224,1.0,-8.540674660857436,0.0,0.0,0.0,0.0,0.0,0.0,0.0,0.0,0.0,0.0,0.0,0.0,0.0,0.0,0.0,0.0,0.0,0.0
0.0,0.0,-0.1459,0.175,-9.7974,6.3826,-5.0761,0.3857,0.0,0.0,0.0,0.0,-1.0234,-0.8531,0.1592,0.0,0.0,0.0,0.0,0.0,1.0,0.0,0.0,0.0,0.0,0.0,0.0,0.0,0.0,0.0,1.0,0.0,1.0,-7.4145828503145115,1.0,-25.468585078328385,1.0,63.331035364595735,1.0,-37.862450286267354,1.0,7.4145828503145115,0.0,0.0,0.0,0.0,0.0,0.0,0.0,0.0,0.0,0.0,0.0,0.0,0.0,0.0,0.0,0.0,0.0,0.0,1.0,0.0,1.0,8.112982302424397,1.0,-45.846215825429354,1.0,78.10342615630223,1.0,-32.25721033087288,1.0,-8.112982302424397,0.0,0.0,0.0,0.0,0.0,0.0,0.0,0.0,0.0,0.0,0.0,0.0,0.0,0.0,0.0,0.0,0.0,0.0
0.0,0.0,-0.1292,0.1603,-9.7978,6.6214,-5.9656,0.3737,0.0,0.0,0.0,0.0,-0.9373,-0.7552,0.1549,0.0,0.0,0.0,0.0,0.0,1.0,0.0,0.0,0.0,0.0,0.0,0.0,0.0,0.0,0.0,1.0,0.0,1.0,-7.047194010937446,1.0,-24.845021741442366,1.0,63.13728158692458,1.0,-38.292259845482214,1.0,7.047194010937446,0.0,0.0,0.0,0.0,0.0,0.0,0.0,0.0,0.0,0.0,0.0,0.0,0.0,0.0,0.0,0.0,0.0,0.0,1.0,0.0,1.0,7.649895729816859,1.0,-45.67527916715301,1.0,76.7318123904095,1.0,-31.056533223256494,1.0,-7.649895729816859,0.0,0.0,0.0,0.0,0.0,0.0,0.0,0.0,0.0,0.0,0.0,0.0,0.0,0.0,0.0,0.0,0.0,0.0
0.0,0.0,-0.116,0.15,-9.7982,6.871,-7.0835,0.7506,0.0,0.0,0.0,0.0,-0.877,-0.6781,0.1245,0.0,0.0,0.0,0.0,0.0,1.0,0.0,0.0,0.0,0.0,0.0,0.0,0.0,0.0,0.0,1.0,0.0,1.0,-6.641095785418889,1.0,-24.238108306397088,1.0,62.935357567358096,1.0,-38.69724926096101,1.0,6.641095785418889,0.0,0.0,0.0,0.0,0.0,0.0,0.0,0.0,0.0,0.0,0.0,0.0,0.0,0.0,0.0,0.0,0.0,0.0,1.0,0.0,1.0,7.146850749258179,1.0,-45.399989637500646,1.0,75.22484380648223,1.0,-29.824854168981584,1.0,-7.146850749258179,0.0,0.0,0.0,0.0,0.0,0.0,0.0,0.0,0.0,0.0,0.0,0.0,0.0,0.0,0.0,0.0,0.0,0.0
0.0,0.0,-0.0974,0.137,-9.7986,7.0253,-7.6592,0.6302,0.0,0.0,0.0,0.0,-0.8008,-0.5697,0.0866,0.0,0.0,0.0,0.0,0.0,1.0,0.0,0.0,0.0,0.0,0.0,0.0,0.0,0.0,0.0,1.0,0.0,1.0,-6.208994004221558,1.0,-23.669320870394404,1.0,62.73445848188384,1.0,-39.06513761148943,1.0,6.208994004221558,0.0,0.0,0.0,0.0,0.0,0.0,0.0,0.0,0.0,0.0,0.0,0.0,0.0,0.0,0.0,0.0,0.0,0.0,1.0,0.0,1.0,6.621473636901345,1.0,-45.02922419250622,1.0,73.63114463573886,1.0,-28.60192044323264,1.0,-6.621473636901345,0.0,0.0,0.0,0.0,0.0,0.0,0.0,0.0,0.0,0.0,0.0,0.0,0.0,0.0,0.0,0.0,0.0,0.0
0.0,0.0,-0.0733,0.1129,-9.7991,6.6961,-7.8975,0.6876,0.0,0.0,0.0,0.0,-0.6601,-0.4288,0.0628,0.0,0.0,0.0,0.0,0.0,1.0,0.0,0.0,0.0,0.0,0.0,0.0,0.0,0.0,0.0,1.0,0.0,1.0,-5.710736020582247,1.0,-23.095087712748345,1.0,62.52044727407788,1.0,-39.42535956132953,1.0,5.710736020582247,0.0,0.0,0.0,0.0,0.0,0.0,0.0,0.0,0.0,0.0,0.0,0.0,0.0,0.0,0.0,0.0,0.0,0.0,1.0,0.0,1.0,6.027870618195343,1.0,-44.52255260949479,1.0,71.8048993106373,1.0,-27.282346701142497,1.0,-6.027870618195343,0.0,0.0,0.0,0.0,0.0,0.0,0.0,0.0,0.0,0.0,0.0,0.0,0.0,0.0,0.0,0.0,0.0,0.0
0.0,0.0,-0.0419,0.0851,-9.7995,6.3611,-8.6799,0.7179,0.0,0.0,0.0,0.0,-0.4976,-0.2453,0.0502,0.0,0.0,0.0,0.0,0.0,1.0,0.0,0.0,0.0,0.0,0.0,0.0,0.0,0.0,0.0,1.0,0.0,1.0,-5.211378026361609,1.0,-22.594018190321037,1.0,62.32470238038117,1.0,-39.73068419006013,1.0,5.211378026361609,0.0,0.0,0.0,0.0,0.0,0.0,0.0,0.0,0.0,0.0,0.0,0.0,0.0,0.0,0.0,0.0,0.0,0.0,1.0,0.0,1.0,5.445585737512816,1.0,-43.945889116901775,1.0,69.98584801198332,1.0,-26.039958895081536,1.0,-5.445585737512816,0.0,0.0,0.0,0.0,0.0,0.0,0.0,0.0,0.0,0.0,0.0,0.0,0.0,0.0,0.0,0.0,0.0,0.0
0.0,0.0,-0.0156,0.0648,-9.7998,5.7767,-9.5275,0.5981,0.0,0.0,0.0,0.0,-0.3786,-0.0912,0.0485,0.0,0.0,0.0,0.0,0.0,1.0,0.0,0.0,0.0,0.0,0.0,0.0,0.0,0.0,0.0,1.0,0.0,1.0,-4.685861300443154,1.0,-22.136388938774342,1.0,62.13872891325949,1.0,-40.00233997448515,1.0,4.685861300443154,0.0,0.0,0.0,0.0,0.0,0.0,0.0,0.0,0.0,0.0,0.0,0.0,0.0,0.0,0.0,0.0,0.0,0.0,1.0,0.0,1.0,4.845888207264125,1.0,-43.27769916217561,1.0,68.08253965552538,1.0,-24.80484049334977,1.0,-4.845888207264125,0.0,0.0,0.0,0.0,0.0,0.0,0.0,0.0,0.0,0.0,0.0,0.0,0.0,0.0,0.0,0.0,0.0,0.0
0.0,0.0,0.006,0.0499,-9.7999,5.0169,-10.2398,0.6519,0.0,0.0,0.0,0.0,-0.292,0.0349,0.0491,0.0,0.0,0.0,0.0,0.0,1.0,0.0,0.0,0.0,0.0,0.0,0.0,0.0,0.0,0.0,1.0,0.0,1.0,-4.155760317390483,1.0,-21.73893590324773,1.0,61.9717181032525,1.0,-40.23278220000476,1.0,4.155760317390483,0.0,0.0,0.0,0.0,0.0,0.0,0.0,0.0,0.0,0.0,0.0,0.0,0.0,0.0,0.0,0.0,0.0,0.0,1.0,0.0,1.0,4.253969876141973,1.0,-42.55005139256819,1.0,66.17309106716333,1.0,-23.623039674595137,1.0,-4.253969876141973,0.0,0.0,0.0,0.0,0.0,0.0,0.0,0.0,0.0,0.0,0.0,0.0,0.0,0.0,0.0,0.0,0.0,0.0
0.0,0.0,0.0353,0.0331,-9.7999,4.3913,-10.6468,0.6369,0.0,0.0,0.0,0.0,-0.1934,0.2061,0.0411,0.0,0.0,0.0,0.0,0.0,1.0,0.0,0.0,0.0,0.0,0.0,0.0,0.0,0.0,0.0,1.0,0.0,1.0,-3.603006494075337,1.0,-21.386420638346614,1.0,61.81937344982321,1.0,-40.432952811476596,1.0,3.603006494075337,0.0,0.0,0.0,0.0,0.0,0.0,0.0,0.0,0.0,0.0,0.0,0.0,0.0,0.0,0.0,0.0,0.0,0.0,1.0,0.0,1.0,3.6500299765105826,1.0,-41.74222997717142,1.0,64.19233932263425,1.0,-22.450109345462838,1.0,-3.6500299765105826,0.0,0.0,0.0,0.0,0.0,0.0,0.0,0.0,0.0,0.0,0.0,0.0,0.0,0.0,0.0,0.0,0.0,0.0
0.0,0.0,0.0574,0.0092,-9.7998,4.0924,-10.7646,0.2418,0.0,0.0,0.0,0.0,-0.0539,0.3359,0.0309,0.0,0.0,0.0,0.0,0.0,1.0,0.0,0.0,0.0,0.0,0.0,0.0,0.0,0.0,0.0,1.0,0.0,1.0,-3.046217943701572,1.0,-21.089972665542877,1.0,61.688223987987485,1.0,-40.598251322444604,1.0,3.046217943701572,0.0,0.0,0.0,0.0,0.0,0.0,0.0,0.0,0.0,0.0,0.0,0.0,0.0,0.0,0.0,0.0,0.0,0.0,1.0,0.0,1.0,3.0547135881198497,1.0,-40.88447537490793,1.0,62.20706102723459,1.0,-21.32258565232666,1.0,-3.0547135881198497,0.0,0.0,0.0,0.0,0.0,0.0,0.0,0.0,0.0,0.0,0.0,0.0,0.0,0.0,0.0,0.0,0.0,0.0
0.0,0.0,0.0686,-0.0151,-9.7997,3.6437,-10.8739,-0.0094,0.0,0.0,0.0,0.0,0.0883,0.4014,0.025,0.0,0.0,0.0,0.0,0.0,1.0,0.0,0.0,0.0,0.0,0.0,0.0,0.0,0.0,0.0,1.0,0.0,1.0,-2.4622959588481153,1.0,-20.837910900804733,1.0,61.57454980493426,1.0,-40.73663890412952,1.0,2.4622959588481153,0.0,0.0,0.0,0.0,0.0,0.0,0.0,0.0,0.0,0.0,0.0,0.0,0.0,0.0,0.0,0.0,0.0,0.0,1.0,0.0,1.0,2.4622959588481153,1.0,-40.73663890412952,1.0,61.57454980493426,1.0,-20.837910900804733,1.0,-2.4622959588481153,0.0,0.0,0.0,0.0,0.0,0.0,0.0,0.0,0.0,0.0,0.0,0.0,0.0,0.0,0.0,0.0,0.0,0.0
0.0,0.0,0.0814,-0.0399,-9.7996,1.8976,-10.2083,1.2557,0.0,0.0,0.0,0.0,0.2334,0.4757,0.0164,0.0,0.0,0.0,0.0,0.0,1.0,0.0,0.0,0.0,0.0,0.0,0.0,0.0,0.0,0.0,1.0,0.0,1.0,-1.8789414698385465,1.0,-20.642846543761287,1.0,61.485226764311506,1.0,-40.84238022055022,1.0,1.8789414698385465,0.0,0.0,0.0,0.0,0.0,0.0,0.0,0.0,0.0,0.0,0.0,0.0,0.0,0.0,0.0,0.0,0.0,0.0,1.0,0.0,1.0,1.8789414698385465,1.0,-40.84238022055022,1.0,61.485226764311506,1.0,-20.642846543761287,1.0,-1.8789414698385465,0.0,0.0,0.0,0.0,0.0,0.0,0.0,0.0,0.0,0.0,0.0,0.0,0.0,0.0,0.0,0.0,0.0,0.0
0.0,0.0,0.0937,-0.0471,-9.7994,-0.1021,-8.8308,1.9846,0.0,0.0,0.0,0.0,0.2753,0.548,-0.0149,0.0,0.0,0.0,0.0,0.0,1.0,0.0,0.0,0.0,0.0,0.0,0.0,0.0,0.0,0.0,1.0,0.0,1.0,-1.2783817155063684,1.0,-20.4986634663917,1.0,61.41844840329496,1.0,-40.91978493690326,1.0,1.2783817155063684,0.0,0.0,0.0,0.0,0.0,0.0,0.0,0.0,0.0,0.0,0.0,0.0,0.0,0.0,0.0,0.0,0.0,0.0,1.0,0.0,1.0,1.2783817155063684,1.0,-40.91978493690326,1.0,61.41844840329496,1.0,-20.4986634663917,1.0,-1.2783817155063684,0.0,0.0,0.0,0.0,0.0,0.0,0.0,0.0,0.0,0.0,0.0,0.0,0.0,0.0,0.0,0.0,0.0,0.0
0.0,0.0,0.0942,-0.0454,-9.7994,-1.2093,-7.8753,1.3054,0.0,0.0,0.0,0.0,0.2654,0.551,-0.035,0.0,0.0,0.0,0.0,0.0,1.0,0.0,0.0,0.0,0.0,0.0,0.0,0.0,0.0,0.0,1.0,0.0,1.0,-0.6699129649626631,1.0,-20.409307421119028,1.0,61.37674252934301,1.0,-40.96743510822399,1.0,0.6699129649626631,0.0,0.0,0.0,0.0,0.0,0.0,0.0,0.0,0.0,0.0,0.0,0.0,0.0,0.0,0.0,0.0,0.0,0.0,1.0,0.0,1.0,0.6699129649626631,1.0,-40.96743510822399,1.0,61.37674252934301,1.0,-20.409307421119028,1.0,-0.6699129649626631,0.0,0.0,0.0,0.0,0.0,0.0,0.0,0.0,0.0,0.0,0.0,0.0,0.0,0.0,0.0,0.0,0.0,0.0
0.0,0.0,0.0869,-0.0375,-9.7995,-1.9822,-7.2542,0.4227,0.0,0.0,0.0,0.0,0.2193,0.5081,-0.0505,0.0,0.0,0.0,0.0,0.0,1.0,0.0,0.0,0.0,0.0,0.0,0.0,0.0,0.0,0.0,1.0,0.0,1.0,-0.05886458848086157,1.0,-20.37589459426505,1.0,61.36108461983381,1.0,-40.98519002556876,1.0,0.05886458848086157,0.0,0.0,0.0,0.0,0.0,0.0,0.0,0.0,0.0,0.0,0.0,0.0,0.0,0.0,0.0,0.0,0.0,0.0,1.0,0.0,1.0,0.05886458848086157,1.0,-40.98519002556876,1.0,61.36108461983381,1.0,-20.37589459426505,1.0,-0.05886458848086157,0.0,0.0,0.0,0.0,0.0,0.0,0.0,0.0,0.0,0.0,0.0,0.0,0.0,0.0,0.0,0.0,0.0,0.0
0.0,0.0,0.0773,-0.025,-9.7997,-1.7825,-7.2925,0.1601,0.0,0.0,0.0,0.0,0.1462,0.4521,-0.0705,0.0,0.0,0.0,0.0,0.0,1.0,0.0,0.0,0.0,0.0,0.0,0.0,0.0,0.0,0.0,1.0,0.0,1.0,0.5539161342547565,1.0,-20.398646926816376,1.0,61.3717505253899,1.0,-40.97310359857352,1.0,-0.5539161342547565,0.0,0.0,0.0,0.0,0.0,0.0,0.0,0.0,0.0,0.0,0.0,0.0,0.0,0.0,0.0,0.0,0.0,0.0,1.0,0.0,1.0,-0.5539161342547565,1.0,-40.97310359857352,1.0,61.3717505253899,1.0,-20.398646926816376,1.0,0.5539161342547565,0.0,0.0,0.0,0.0,0.0,0.0,0.0,0.0,0.0,0.0,0.0,0.0,0.0,0.0,0.0,0.0,0.0,0.0
0.0,0.0,0.0671,-0.0135,-9.7998,-1.321,-7.491,0.0418,0.0,0.0,0.0,0.0,0.0789,0.3925,-0.103,0.0,0.0,0.0,0.0,0.0,1.0,0.0,0.0,0.0,0.0,0.0,0.0,0.0,0.0,0.0,1.0,0.0,1.0,1.172958499259432,1.0,-20.47913330309167,1.0,61.409353852235185,1.0,-40.93022054914352,1.0,-1.172958499259432,0.0,0.0,0.0,0.0,0.0,0.0,0.0,0.0,0.0,0.0,0.0,0.0,0.0,0.0,0.0,0.0,0.0,0.0,1.0,0.0,1.0,-1.172958499259432,1.0,-40.93022054914352,1.0,61.409353852235185,1.0,-20.47913330309167,1.0,1.172958499259432,0.0,0.0,0.0,0.0,0.0,0.0,0.0,0.0,0.0,0.0,0.0,0.0,0.0,0.0,0.0,0.0,0.0,0.0
0.0,0.0,0.0531,-0.004,-9.7999,-0.8581,-7.5939,-0.1869,0.0,0.0,0.0,0.0,0.0233,0.3106,-0.1298,0.0,0.0,0.0,0.0,0.0,1.0,0.0,0.0,0.0,0.0,0.0,0.0,0.0,0.0,0.0,1.0,0.0,1.0,1.7825419384099577,1.0,-20.615888073742948,1.0,61.47278960725,1.0,-40.856901533507056,1.0,-1.7825419384099577,0.0,0.0,0.0,0.0,0.0,0.0,0.0,0.0,0.0,0.0,0.0,0.0,0.0,0.0,0.0,0.0,0.0,0.0,1.0,0.0,1.0,-1.7825419384099577,1.0,-40.856901533507056,1.0,61.47278960725,1.0,-20.615888073742944,1.0,1.7825419384099577,0.0,0.0,0.0,0.0,0.0,0.0,0.0,0.0,0.0,0.0,0.0,0.0,0.0,0.0,0.0,0.0,0.0,0.0
0.0,0.0,0.0327,0.0039,-9.7999,-0.6783,-7.6736,-0.3384,0.0,0.0,0.0,0.0,-0.0228,0.1911,-0.1429,0.0,0.0,0.0,0.0,0.0,1.0,0.0,0.0,0.0,0.0,0.0,0.0,0.0,0.0,0.0,1.0,0.0,1.0,2.391593460748227,1.0,-20.811306030114707,1.0,61.562436372590376,1.0,-40.75113034247567,1.0,-2.391593460748227,0.0,0.0,0.0,0.0,0.0,0.0,0.0,0.0,0.0,0.0,0.0,0.0,0.0,0.0,0.0,0.0,0.0,0.0,1.0,0.0,1.0,-2.391593460748227,1.0,-40.751130342475676,1.0,61.562436372590376,1.0,-20.811306030114704,1.0,2.391593460748227,0.0,0.0,0.0,0.0,0.0,0.0,0.0,0.0,0.0,0.0,0.0,0.0,0.0,0.0,0.0,0.0,0.0,0.0
0.0,0.0,0.0134,0.0101,-9.8,-0.6485,-8.0844,-0.2939,0.0,0.0,0.0,0.0,-0.0592,0.0783,-0.1479,0.0,0.0,0.0,0.0,0.0,1.0,0.0,0.0,0.0,0.0,0.0,0.0,0.0,0.0,0.0,1.0,0.0,1.0,2.996344168359785,1.0,-21.213456896865047,1.0,62.01064159532383,1.0,-40.797184698458786,1.0,-2.996344168359785,0.0,0.0,0.0,0.0,0.0,0.0,0.0,0.0,0.0,0.0,0.0,0.0,0.0,0.0,0.0,0.0,0.0,0.0,1.0,0.0,1.0,-2.9909831306148433,1.0,-40.61281794886985,1.0,61.67642755565911,1.0,-21.063609606789264,1.0,2.9909831306148433,0.0,0.0,0.0,0.0,0.0,0.0,0.0,0.0,0.0,0.0,0.0,0.0,0.0,0.0,0.0,0.0,0.0,0.0
0.0,0.0,-0.0009,0.0132,-9.8,-0.719,-8.6325,-0.8364,0.0,0.0,0.0,0.0,-0.0772,-0.0052,-0.1442,0.0,0.0,0.0,0.0,0.0,1.0,0.0,0.0,0.0,0.0,0.0,0.0,0.0,0.0,0.0,1.0,0.0,1.0,3.6258068134204673,1.0,-22.403697382454506,1.0,64.1121982352428,1.0,-41.7085008527883,1.0,-3.6258068134204673,0.0,0.0,0.0,0.0,0.0,0.0,0.0,0.0,0.0,0.0,0.0,0.0,0.0,0.0,0.0,0.0,0.0,0.0,1.0,0.0,1.0,-3.5805831987098093,1.0,-40.44028491443867,1.0,61.813660296567456,1.0,-21.373375382128785,1.0,3.5805831987098093,0.0,0.0,0.0,0.0,0.0,0.0,0.0,0.0,0.0,0.0,0.0,0.0,0.0,0.0,0.0,0.0,0.0,0.0
0.0,0.0,-0.0092,0.0141,-9.8,-1.2497,-8.3957,-1.6943,0.0,0.0,0.0,0.0,-0.0827,-0.0535,-0.1322,0.0,0.0,0.0,0.0,0.0,1.0,0.0,0.0,0.0,0.0,0.0,0.0,0.0,0.0,0.0,1.0,0.0,1.0,4.229537828427162,1.0,-23.574975481322717,1.0,66.09360403880119,1.0,-42.51862855747847,1.0,-4.229537828427162,0.0,0.0,0.0,0.0,0.0,0.0,0.0,0.0,0.0,0.0,0.0,0.0,0.0,0.0,0.0,0.0,0.0,0.0,1.0,0.0,1.0,-4.133633328999515,1.0,-40.24154473266417,1.0,61.965193342062406,1.0,-21.723648609398243,1.0,4.133633328999515,0.0,0.0,0.0,0.0,0.0,0.0,0.0,0.0,0.0,0.0,0.0,0.0,0.0,0.0,0.0,0.0,0.0,0.0
0.0,0.0,-0.0229,0.0198,-9.8,-0.9548,-7.8479,-1.4538,0.0,0.0,0.0,0.0,-0.1158,-0.1338,-0.1014,0.0,0.0,0.0,0.0,0.0,1.0,0.0,0.0,0.0,0.0,0.0,0.0,0.0,0.0,0.0,1.0,0.0,1.0,4.8588143504263615,1.0,-24.831039989907318,1.0,68.12389212405459,1.0,-43.29285213414727,1.0,-4.8588143504263615,0.0,0.0,0.0,0.0,0.0,0.0,0.0,0.0,0.0,0.0,0.0,0.0,0.0,0.0,0.0,0.0,0.0,0.0,1.0,0.0,1.0,-4.697310314234698,1.0,-39.99690500174754,1.0,62.14256329851936,1.0,-22.145658296771824,1.0,4.697310314234698,0.0,0.0,0.0,0.0,0.0,0.0,0.0,0.0,0.0,0.0,0.0,0.0,0.0,0.0,0.0,0.0,0.0,0.0
0.0,0.0,-0.0486,0.0302,-9.7998,-0.115,-7.3599,-1.099,0.0,0.0,0.0,0.0,-0.1766,-0.2839,-0.0641,0.0,0.0,0.0,0.0,0.0,1.0,0.0,0.0,0.0,0.0,0.0,0.0,0.0,0.0,0.0,1.0,0.0,1.0,5.4398770780242405,1.0,-26.028001709107617,1.0,69.96787472670428,1.0,-43.93987301759666,1.0,-5.4398770780242405,0.0,0.0,0.0,0.0,0.0,0.0,0.0,0.0,0.0,0.0,0.0,0.0,0.0,0.0,0.0,0.0,0.0,0.0,1.0,0.0,1.0,-5.2064295982199225,1.0,-39.733465740393356,1.0,62.32285576794875,1.0,-22.589390027555396,1.0,5.2064295982199225,0.0,0.0,0.0,0.0,0.0,0.0,0.0,0.0,0.0,0.0,0.0,0.0,0.0,0.0,0.0,0.0,0.0,0.0
0.0,0.0,-0.0808,0.0429,-9.7996,0.6424,-7.052,-1.072,0.0,0.0,0.0,0.0,-0.2511,-0.4725,-0.0596,0.0,0.0,0.0,0.0,0.0,1.0,0.0,0.0,0.0,0.0,0.0,0.0,0.0,0.0,0.0,1.0,0.0,1.0,6.021140502943515,1.0,-27.26771298316819,1.0,71.78403322683698,1.0,-44.51632024366879,1.0,-6.021140502943515,0.0,0.0,0.0,0.0,0.0,0.0,0.0,0.0,0.0,0.0,0.0,0.0,0.0,0.0,0.0,0.0,0.0,0.0,1.0,0.0,1.0,-5.705024833980838,1.0,-39.42914516956547,1.0,62.51810290598131,1.0,-23.08895773641584,1.0,5.705024833980838,0.0,0.0,0.0,0.0,0.0,0.0,0.0,0.0,0.0,0.0,0.0,0.0,0.0,0.0,0.0,0.0,0.0,0.0
0.0,0.0,-0.1194,0.0597,-9.7991,1.0593,-7.0628,-1.176,0.0,0.0,0.0,0.0,-0.3489,-0.6979,-0.0765,0.0,0.0,0.0,0.0,0.0,1.0,0.0,0.0,0.0,0.0,0.0,0.0,0.0,0.0,0.0,1.0,0.0,1.0,6.5762437923096355,1.0,-28.4992254202882,1.0,73.49296410389815,1.0,-44.99373868360995,1.0,-6.5762437923096355,0.0,0.0,0.0,0.0,0.0,0.0,0.0,0.0,0.0,0.0,0.0,0.0,0.0,0.0,0.0,0.0,0.0,0.0,1.0,0.0,1.0,-6.171407114048632,1.0,-39.09452334749735,1.0,62.71765776316477,1.0,-23.623134415667426,1.0,6.171407114048632,0.0,0.0,0.0,0.0,0.0,0.0,0.0,0.0,0.0,0.0,0.0,0.0,0.0,0.0,0.0,0.0,0.0,0.0
0.0,0.0,-0.1549,0.0795,-9.7985,1.7058,-6.8328,-0.8938,0.0,0.0,0.0,0.0,-0.465,-0.9055,-0.0999,0.0,0.0,0.0,0.0,0.0,1.0,0.0,0.0,0.0,0.0,0.0,0.0,0.0,0.0,0.0,1.0,0.0,1.0,7.09994844441066,1.0,-29.713259301431282,1.0,75.08340626331847,1.0,-45.37014696188719,1.0,-7.09994844441066,0.0,0.0,0.0,0.0,0.0,0.0,0.0,0.0,0.0,0.0,0.0,0.0,0.0,0.0,0.0,0.0,0.0,0.0,1.0,0.0,1.0,-6.602854535003435,1.0,-38.732210761381964,1.0,62.91699998951809,1.0,-24.184789228136122,1.0,6.602854535003435,0.0,0.0,0.0,0.0,0.0,0.0,0.0,0.0,0.0,0.0,0.0,0.0,0.0,0.0,0.0,0.0,0.0,0.0
0.0,0.0,-0.1815,0.0945,-9.7979,2.2464,-6.7399,-1.0396,0.0,0.0,0.0,0.0,-0.5527,-1.061,-0.1245,0.0,0.0,0.0,0.0,0.0,1.0,0.0,0.0,0.0,0.0,0.0,0.0,0.0,0.0,0.0,1.0,0.0,1.0,7.610442601678355,1.0,-30.95743970062823,1.0,76.61427345402764,1.0,-45.656833753399404,1.0,-7.610442601678355,0.0,0.0,0.0,0.0,0.0,0.0,0.0,0.0,0.0,0.0,0.0,0.0,0.0,0.0,0.0,0.0,0.0,0.0,1.0,0.0,1.0,-7.015610155641147,1.0,-38.32616175188486,1.0,63.12111790942537,1.0,-24.794956157540508,1.0,7.015610155641147,0.0,0.0,0.0,0.0,0.0,0.0,0.0,0.0,0.0,0.0,0.0,0.0,0.0,0.0,0.0,0.0,0.0,0.0
0.0,0.0,-0.2011,0.1057,-9.7974,2.9508,-6.1942,-0.8316,0.0,0.0,0.0,0.0,-0.6182,-1.176,-0.1475,0.0,0.0,0.0,0.0,0.0,1.0,0.0,0.0,0.0,0.0,0.0,0.0,0.0,0.0,0.0,1.0,0.0,1.0,8.093623152114493,1.0,-32.205498555344754,1.0,78.04637740766519,1.0,-45.84087885232043,1.0,-8.093623152114493,0.0,0.0,0.0,0.0,0.0,0.0,0.0,0.0,0.0,0.0,0.0,0.0,0.0,0.0,0.0,0.0,0.0,0.0,1.0,0.0,1.0,-7.399346296857687,1.0,-37.88170180802918,1.0,63.32278913421426,1.0,-25.44108732618508,1.0,7.399346296857687,0.0,0.0,0.0,0.0,0.0,0.0,0.0,0.0,0.0,0.0,0.0,0.0,0.0,0.0,0.0,0.0,0.0,0.0
0.0,0.0,-0.2175,0.1061,-9.797,3.712,-5.8051,-0.7772,0.0,0.0,0.0,0.0,-0.6205,-1.2714,-0.1615,0.0,0.0,0.0,0.0,0.0,1.0,0.0,0.0,0.0,0.0,0.0,0.0,0.0,0.0,0.0,1.0,0.0,1.0,8.52316894814641,1.0,-33.390178286395184,1.0,79.30640169633094,1.0,-45.916223409935746,1.0,-8.52316894814641,0.0,0.0,0.0,0.0,0.0,0.0,0.0,0.0,0.0,0.0,0.0,0.0,0.0,0.0,0.0,0.0,0.0,0.0,1.0,0.0,1.0,-7.734952716053434,1.0,-37.42319260340253,1.0,63.50867810636315,1.0,-26.08548550296062,1.0,7.734952716053434,0.0,0.0,0.0,0.0,0.0,0.0,0.0,0.0,0.0,0.0,0.0,0.0,0.0,0.0,0.0,0.0,0.0,0.0
0.0,0.0,-0.2325,0.1066,-9.7967,4.5041,-5.882,-0.7347,0.0,0.0,0.0,0.0,-0.6237,-1.3594,-0.1673,0.0,0.0,0.0,0.0,0.0,1.0,0.0,0.0,0.0,0.0,0.0,0.0,0.0,0.0,0.0,1.0,0.0,1.0,8.921843888448334,1.0,-34.57491797388442,1.0,80.46533914396869,1.0,-45.890421170084274,1.0,-8.921843888448334,0.0,0.0,0.0,0.0,0.0,0.0,0.0,0.0,0.0,0.0,0.0,0.0,0.0,0.0,0.0,0.0,0.0,0.0,1.0,0.0,1.0,-8.041880998137803,1.0,-36.92621124453023,1.0,63.68653949826278,1.0,-26.760328253732553,1.0,8.041880998137803,0.0,0.0,0.0,0.0,0.0,0.0,0.0,0.0,0.0,0.0,0.0,0.0,0.0,0.0,0.0,0.0,0.0,0.0
0.0,0.0,-0.2431,0.1089,-9.7964,5.3423,-5.5311,-0.3576,0.0,0.0,0.0,0.0,-0.6368,-1.4213,-0.1686,0.0,0.0,0.0,0.0,0.0,1.0,0.0,0.0,0.0,0.0,0.0,0.0,0.0,0.0,0.0,1.0,0.0,1.0,9.279697865181392,1.0,-35.735906985609624,1.0,81.49735831225632,1.0,-45.76145132664671,1.0,-9.279697865181392,0.0,0.0,0.0,0.0,0.0,0.0,0.0,0.0,0.0,0.0,0.0,0.0,0.0,0.0,0.0,0.0,0.0,0.0,1.0,0.0,1.0,-8.313720939433816,1.0,-36.398410842887095,1.0,63.85040081269976,1.0,-27.45198996981267,1.0,8.313720939433816,0.0,0.0,0.0,0.0,0.0,0.0,0.0,0.0,0.0,0.0,0.0,0.0,0.0,0.0,0.0,0.0,0.0,0.0
0.0,0.0,-0.2368,0.1042,-9.7966,5.5983,-5.2087,-0.204,0.0,0.0,0.0,0.0,-0.6094,-1.3847,-0.1732,0.0,0.0,0.0,0.0,0.0,1.0,0.0,0.0,0.0,0.0,0.0,0.0,0.0,0.0,0.0,1.0,0.0,1.0,9.59097200725007,1.0,-36.85616113877925,1.0,82.38896099489712,1.0,-45.53279985611787,1.0,-9.59097200725007,0.0,0.0,0.0,0.0,0.0,0.0,0.0,0.0,0.0,0.0,0.0,0.0,0.0,0.0,0.0,0.0,0.0,0.0,1.0,0.0,1.0,-8.547413071728585,1.0,-35.846585630875964,1.0,63.996068308773,1.0,-28.14948267789703,1.0,8.547413071728585,0.0,0.0,0.0,0.0,0.0,0.0,0.0,0.0,0.0,0.0,0.0,0.0,0.0,0.0,0.0,0.0,0.0,0.0
0.0,0.0,-0.2108,0.0976,-9.7972,5.9345,-4.8529,-0.4723,0.0,0.0,0.0,0.0,-0.5708,-1.2327,-0.174,0.0,0.0,0.0,0.0,0.0,1.0,0.0,0.0,0.0,0.0,0.0,0.0,0.0,0.0,0.0,1.0,0.0,1.0,9.854329373260354,1.0,-37.929938593891826,1.0,83.13906007718708,1.0,-45.209121483295256,1.0,-9.854329373260354,0.0,0.0,0.0,0.0,0.0,0.0,0.0,0.0,0.0,0.0,0.0,0.0,0.0,0.0,0.0,0.0,0.0,0.0,1.0,0.0,1.0,-8.7431566918123,1.0,-35.27327752415862,1.0,64.12152673080199,1.0,-28.848249206643363,1.0,8.7431566918123,0.0,0.0,0.0,0.0,0.0,0.0,0.0,0.0,0.0,0.0,0.0,0.0,0.0,0.0,0.0,0.0,0.0,0.0
0.0,0.0,-0.1869,0.0845,-9.7979,6.3195,-4.1835,-0.3987,0.0,0.0,0.0,0.0,-0.4941,-1.0929,-0.1709,0.0,0.0,0.0,0.0,0.0,1.0,0.0,0.0,0.0,0.0,0.0,0.0,0.0,0.0,0.0,1.0,0.0,1.0,10.073903823819661,1.0,-38.977610822556684,1.0,83.76157665819592,1.0,-44.78396583563924,1.0,-10.073903823819661,0.0,0.0,0.0,0.0,0.0,0.0,0.0,0.0,0.0,0.0,0.0,0.0,0.0,0.0,0.0,0.0,0.0,0.0,1.0,0.0,1.0,-8.904994692674741,1.0,-34.66556224019801,1.0,64.2276435170078,1.0,-29.562081276809803,1.0,8.904994692674741,0.0,0.0,0.0,0.0,0.0,0.0,0.0,0.0,0.0,0.0,0.0,0.0,0.0,0.0,0.0,0.0,0.0,0.0
0.0,0.0,-0.1636,0.0686,-9.7984,6.9049,-4.1374,-0.3546,0.0,0.0,0.0,0.0,-0.4013,-0.9565,-0.1579,0.0,0.0,0.0,0.0,0.0,1.0,0.0,0.0,0.0,0.0,0.0,0.0,0.0,0.0,0.0,1.0,0.0,1.0,10.256244982681537,1.0,-40.06289728960258,1.0,84.27660123973132,1.0,-44.213703950128746,1.0,-10.256244982681537,0.0,0.0,0.0,0.0,0.0,0.0,0.0,0.0,0.0,0.0,0.0,0.0,0.0,0.0,0.0,0.0,0.0,0.0,1.0,0.0,1.0,-9.038459143110423,1.0,-33.97617006855826,1.0,64.31679350549834,1.0,-30.340623436940078,1.0,9.038459143110423,0.0,0.0,0.0,0.0,0.0,0.0,0.0,0.0,0.0,0.0,0.0,0.0,0.0,0.0,0.0,0.0,0.0,0.0
0.0,0.0,-0.1433,0.0607,-9.7988,7.6488,-3.8957,-0.1243,0.0,0.0,0.0,0.0,-0.3549,-0.8381,-0.1404,0.0,0.0,0.0,0.0,0.0,1.0,0.0,0.0,0.0,0.0,0.0,0.0,0.0,0.0,0.0,1.0,0.0,1.0,10.370993334651665,1.0,-41.01257735210411,1.0,84.5998316361373,1.0,-43.58725428403318,1.0,-10.370993334651665,0.0,0.0,0.0,0.0,0.0,0.0,0.0,0.0,0.0,0.0,0.0,0.0,0.0,0.0,0.0,0.0,0.0,0.0,1.0,0.0,1.0,-9.122020392542918,1.0,-33.311720483202016,1.0,64.37336702655901,1.0,-31.061646543356982,1.0,9.122020392542918,0.0,0.0,0.0,0.0,0.0,0.0,0.0,0.0,0.0,0.0,0.0,0.0,0.0,0.0,0.0,0.0,0.0,0.0
0.0,0.0,-0.1294,0.0488,-9.799,7.7828,-3.1632,0.1547,0.0,0.0,0.0,0.0,-0.2854,-0.7565,-0.1376,0.0,0.0,0.0,0.0,0.0,1.0,0.0,0.0,0.0,0.0,0.0,0.0,0.0,0.0,0.0,1.0,0.0,1.0,10.431805656157625,1.0,-41.90075907726688,1.0,84.77086134586924,1.0,-42.870102268602345,1.0,-10.431805656157625,0.0,0.0,0.0,0.0,0.0,0.0,0.0,0.0,0.0,0.0,0.0,0.0,0.0,0.0,0.0,0.0,0.0,0.0,1.0,0.0,1.0,-9.166171371688188,1.0,-32.62481546441675,1.0,64.40349485977501,1.0,-31.77867939535826,1.0,9.166171371688188,0.0,0.0,0.0,0.0,0.0,0.0,0.0,0.0,0.0,0.0,0.0,0.0,0.0,0.0,0.0,0.0,0.0,0.0
0.0,0.0,-0.1125,0.0313,-9.7993,7.4736,-2.3828,0.2384,0.0,0.0,0.0,0.0,-0.1831,-0.6579,-0.1498,0.0,0.0,0.0,0.0,0.0,1.0,0.0,0.0,0.0,0.0,0.0,0.0,0.0,0.0,0.0,1.0,0.0,1.0,10.436876543921745,1.0,-42.7327645006854,1.0,84.78511441984224,1.0,-42.052349919156846,1.0,-10.436876543921745,0.0,0.0,0.0,0.0,0.0,0.0,0.0,0.0,0.0,0.0,0.0,0.0,0.0,0.0,0.0,0.0,0.0,0.0,1.0,0.0,1.0,-9.169848780670563,1.0,-31.90606931906242,1.0,64.40601164029603,1.0,-32.499942321233604,1.0,9.169848780670563,0.0,0.0,0.0,0.0,0.0,0.0,0.0,0.0,0.0,0.0,0.0,0.0,0.0,0.0,0.0,0.0,0.0,0.0
0.0,0.0,-0.0919,0.0145,-9.7996,7.3513,-1.7411,0.1413,0.0,0.0,0.0,0.0,-0.0848,-0.5373,-0.1547,0.0,0.0,0.0,0.0,0.0,1.0,0.0,0.0,0.0,0.0,0.0,0.0,0.0,0.0,0.0,1.0,0.0,1.0,10.387043933748084,1.0,-43.45521043867685,1.0,84.64499071690102,1.0,-41.18978027822417,1.0,-10.387043933748084,0.0,0.0,0.0,0.0,0.0,0.0,0.0,0.0,0.0,0.0,0.0,0.0,0.0,0.0,0.0,0.0,0.0,0.0,1.0,0.0,1.0,-9.133682404301654,1.0,-31.201054241230125,1.0,64.38130907712168,1.0,-33.18025483589156,1.0,9.133682404301654,0.0,0.0,0.0,0.0,0.0,0.0,0.0,0.0,0.0,0.0,0.0,0.0,0.0,0.0,0.0,0.0,0.0,0.0
0.0,0.0,-0.0689,-0.0016,-9.7998,7.6395,-1.0927,0.1258,0.0,0.0,0.0,0.0,0.0092,-0.4026,-0.1378,0.0,0.0,0.0,0.0,0.0,1.0,0.0,0.0,0.0,0.0,0.0,0.0,0.0,0.0,0.0,1.0,0.0,1.0,10.283470197527228,1.0,-44.09566638735412,1.0,84.3533516863656,1.0,-40.25768529901147,1.0,-10.283470197527228,0.0,0.0,0.0,0.0,0.0,0.0,0.0,0.0,0.0,0.0,0.0,0.0,0.0,0.0,0.0,0.0,0.0,0.0,1.0,0.0,1.0,-9.058314746595059,1.0,-30.485198245384247,1.0,64.33018342944725,1.0,-33.844985184063006,1.0,9.058314746595059,0.0,0.0,0.0,0.0,0.0,0.0,0.0,0.0,0.0,0.0,0.0,0.0,0.0,0.0,0.0,0.0,0.0,0.0
0.0,0.0,-0.0548,-0.0116,-9.7998,7.4247,-0.5742,0.0735,0.0,0.0,0.0,0.0,0.0681,-0.3201,-0.1294,0.0,0.0,0.0,0.0,0.0,1.0,0.0,0.0,0.0,0.0,0.0,0.0,0.0,0.0,0.0,1.0,0.0,1.0,10.124068301062062,1.0,-44.654605825783015,1.0,83.9034394077302,1.0,-39.24883358194718,1.0,-10.124068301062062,0.0,0.0,0.0,0.0,0.0,0.0,0.0,0.0,0.0,0.0,0.0,0.0,0.0,0.0,0.0,0.0,0.0,0.0,1.0,0.0,1.0,-8.94179631098449,1.0,-29.752635700173688,1.0,64.25207762577718,1.0,-34.49944192560349,1.0,8.94179631098449,0.0,0.0,0.0,0.0,0.0,0.0,0.0,0.0,0.0,0.0,0.0,0.0,0.0,0.0,0.0,0.0,0.0,0.0
0.0,0.0,-0.0392,-0.0169,-9.7999,6.8759,-0.1238,-0.0387,0.0,0.0,0.0,0.0,0.099,-0.2291,-0.1272,0.0,0.0,0.0,0.0,0.0,1.0,0.0,0.0,0.0,0.0,0.0,0.0,0.0,0.0,0.0,1.0,0.0,1.0,9.907337633565824,1.0,-45.12297496347876,1.0,83.28958045732938,1.0,-38.16660549385062,1.0,-9.907337633565824,0.0,0.0,0.0,0.0,0.0,0.0,0.0,0.0,0.0,0.0,0.0,0.0,0.0,0.0,0.0,0.0,0.0,0.0,1.0,0.0,1.0,-8.782339445845663,1.0,-29.00657777720972,1.0,64.1470197282567,1.0,-35.140441951046974,1.0,8.782339445845663,0.0,0.0,0.0,0.0,0.0,0.0,0.0,0.0,0.0,0.0,0.0,0.0,0.0,0.0,0.0,0.0,0.0,0.0
0.0,0.0,-0.0235,-0.0241,-9.7999,6.3605,1.0426,0.2544,0.0,0.0,0.0,0.0,0.1406,-0.1376,-0.1248,0.0,0.0,0.0,0.0,0.0,1.0,0.0,0.0,0.0,0.0,0.0,0.0,0.0,0.0,0.0,1.0,0.0,1.0,9.658537403929524,1.0,-45.46364376766378,1.0,82.58176769582714,1.0,-37.118123928163364,1.0,-9.658537403929524,0.0,0.0,0.0,0.0,0.0,0.0,0.0,0.0,0.0,0.0,0.0,0.0,0.0,0.0,0.0,0.0,0.0,0.0,1.0,0.0,1.0,-8.597803293193119,1.0,-28.317111038289706,1.0,64.02806376603806,1.0,-35.71095272774835,1.0,8.597803293193119,0.0,0.0,0.0,0.0,0.0,0.0,0.0,0.0,0.0,0.0,0.0,0.0,0.0,0.0,0.0,0.0,0.0,0.0
0.0,0.0,-0.0161,-0.0384,-9.7999,6.2373,1.9563,0.4272,0.0,0.0,0.0,0.0,0.2246,-0.094,-0.1262,0.0,0.0,0.0,0.0,0.0,1.0,0.0,0.0,0.0,0.0,0.0,0.0,0.0,0.0,0.0,1.0,0.0,1.0,9.348845032386125,1.0,-45.72164493015347,1.0,81.6959015787984,1.0,-35.97425664864494,1.0,-9.348845032386125,0.0,0.0,0.0,0.0,0.0,0.0,0.0,0.0,0.0,0.0,0.0,0.0,0.0,0.0,0.0,0.0,0.0,0.0,1.0,0.0,1.0,-8.36585432502907,1.0,-27.59784279094841,1.0,63.88251099160708,1.0,-36.28466820065867,1.0,8.36585432502907,0.0,0.0,0.0,0.0,0.0,0.0,0.0,0.0,0.0,0.0,0.0,0.0,0.0,0.0,0.0,0.0,0.0,0.0
0.0,0.0,-0.0219,-0.0463,-9.7999,5.9842,2.3696,0.5452,0.0,0.0,0.0,0.0,0.2704,-0.1278,-0.133,0.0,0.0,0.0,0.0,0.0,1.0,0.0,0.0,0.0,0.0,0.0,0.0,0.0,0.0,0.0,1.0,0.0,1.0,9.002924409587052,1.0,-45.87122671606858,1.0,80.69983945979396,1.0,-34.82861274372539,1.0,-9.002924409587052,0.0,0.0,0.0,0.0,0.0,0.0,0.0,0.0,0.0,0.0,0.0,0.0,0.0,0.0,0.0,0.0,0.0,0.0,1.0,0.0,1.0,-8.103773889974498,1.0,-26.90885757356296,1.0,63.72332236709411,1.0,-36.81446479353115,1.0,8.103773889974498,0.0,0.0,0.0,0.0,0.0,0.0,0.0,0.0,0.0,0.0,0.0,0.0,0.0,0.0,0.0,0.0,0.0,0.0
0.0,0.0,-0.0233,-0.0457,-9.7999,5.6207,3.1055,0.6624,0.0,0.0,0.0,0.0,0.267,-0.1362,-0.1336,0.0,0.0,0.0,0.0,0.0,1.0,0.0,0.0,0.0,0.0,0.0,0.0,0.0,0.0,0.0,1.0,0.0,1.0,8.619531996035034,1.0,-45.91943762927912,1.0,79.58743743390754,1.0,-33.66799980462841,1.0,-8.619531996035034,0.0,0.0,0.0,0.0,0.0,0.0,0.0,0.0,0.0,0.0,0.0,0.0,0.0,0.0,0.0,0.0,0.0,0.0,1.0,0.0,1.0,-7.809538398043756,1.0,-26.240987336661586,1.0,63.55120609564511,1.0,-37.310218758983524,1.0,7.809538398043756,0.0,0.0,0.0,0.0,0.0,0.0,0.0,0.0,0.0,0.0,0.0,0.0,0.0,0.0,0.0,0.0,0.0,0.0
0.0,0.0,-0.0186,-0.0452,-9.7999,5.3155,3.7183,0.4246,0.0,0.0,0.0,0.0,0.2645,-0.109,-0.131,0.0,0.0,0.0,0.0,0.0,1.0,0.0,0.0,0.0,0.0,0.0,0.0,0.0,0.0,0.0,1.0,0.0,1.0,8.199100601378367,1.0,-45.867867834581034,1.0,78.35690304757827,1.0,-32.489035212997244,1.0,-8.199100601378367,0.0,0.0,0.0,0.0,0.0,0.0,0.0,0.0,0.0,0.0,0.0,0.0,0.0,0.0,0.0,0.0,0.0,0.0,1.0,0.0,1.0,-7.482234133087979,1.0,-25.5925652988302,1.0,63.367870432077595,1.0,-37.77530513324739,1.0,7.482234133087979,0.0,0.0,0.0,0.0,0.0,0.0,0.0,0.0,0.0,0.0,0.0,0.0,0.0,0.0,0.0,0.0,0.0,0.0
0.0,0.0,-0.0126,-0.0434,-9.7999,5.1468,4.4921,0.3228,0.0,0.0,0.0,0.0,0.2535,-0.0737,-0.1238,0.0,0.0,0.0,0.0,0.0,1.0,0.0,0.0,0.0,0.0,0.0,0.0,0.0,0.0,0.0,1.0,0.0,1.0,7.756030212148591,1.0,-45.72202955858434,1.0,77.04747004327666,1.0,-31.325440484692326,1.0,-7.756030212148591,0.0,0.0,0.0,0.0,0.0,0.0,0.0,0.0,0.0,0.0,0.0,0.0,0.0,0.0,0.0,0.0,0.0,0.0,1.0,0.0,1.0,-7.131936588028133,1.0,-24.981962308372392,1.0,63.18103491004728,1.0,-38.19907260167489,1.0,7.131936588028133,0.0,0.0,0.0,0.0,0.0,0.0,0.0,0.0,0.0,0.0,0.0,0.0,0.0,0.0,0.0,0.0,0.0,0.0
0.0,0.0,-0.0045,-0.0456,-9.7999,5.1534,5.5601,0.7667,0.0,0.0,0.0,0.0,0.2668,-0.0261,-0.1102,0.0,0.0,0.0,0.0,0.0,1.0,0.0,0.0,0.0,0.0,0.0,0.0,0.0,0.0,0.0,1.0,0.0,1.0,7.272065563284213,1.0,-45.476321420158236,1.0,75.60165021828301,1.0,-30.125328798124773,1.0,-7.272065563284213,0.0,0.0,0.0,0.0,0.0,0.0,0.0,0.0,0.0,0.0,0.0,0.0,0.0,0.0,0.0,0.0,0.0,0.0,1.0,0.0,1.0,-6.742870590965891,1.0,-24.383063278209363,1.0,62.98476366548924,1.0,-38.60170038727988,1.0,6.742870590965891,0.0,0.0,0.0,0.0,0.0,0.0,0.0,0.0,0.0,0.0,0.0,0.0,0.0,0.0,0.0,0.0,0.0,0.0
0.0,0.0,0.0084,-0.0459,-9.7999,4.9881,6.003,0.7918,0.0,0.0,0.0,0.0,0.2681,0.0493,-0.0965,0.0,0.0,0.0,0.0,0.0,1.0,0.0,0.0,0.0,0.0,0.0,0.0,0.0,0.0,0.0,1.0,0.0,1.0,6.768013758477316,1.0,-45.14044343999583,1.0,74.07775814328754,1.0,-28.937314703291708,1.0,-6.768013758477316,0.0,0.0,0.0,0.0,0.0,0.0,0.0,0.0,0.0,0.0,0.0,0.0,0.0,0.0,0.0,0.0,0.0,0.0,1.0,0.0,1.0,-6.330347832174484,1.0,-23.821883121189163,1.0,62.7894367675855,1.0,-38.967553646396325,1.0,6.330347832174484,0.0,0.0,0.0,0.0,0.0,0.0,0.0,0.0,0.0,0.0,0.0,0.0,0.0,0.0,0.0,0.0,0.0,0.0
0.0,0.0,0.0179,-0.0388,-9.7999,4.7764,6.411,0.5883,0.0,0.0,0.0,0.0,0.2266,0.1047,-0.092,0.0,0.0,0.0,0.0,0.0,1.0,0.0,0.0,0.0,0.0,0.0,0.0,0.0,0.0,0.0,1.0,0.0,1.0,6.201270314080083,1.0,-44.679469149274986,1.0,72.34125311510209,1.0,-27.661783965827105,1.0,-6.201270314080083,0.0,0.0,0.0,0.0,0.0,0.0,0.0,0.0,0.0,0.0,0.0,0.0,0.0,0.0,0.0,0.0,0.0,0.0,1.0,0.0,1.0,-5.8574006781567025,1.0,-23.25588078647692,1.0,62.58149272578512,1.0,-39.3256119393082,1.0,5.8574006781567025,0.0,0.0,0.0,0.0,0.0,0.0,0.0,0.0,0.0,0.0,0.0,0.0,0.0,0.0,0.0,0.0,0.0,0.0
0.0,0.0,0.0253,-0.0321,-9.7999,4.8785,7.2744,0.7323,0.0,0.0,0.0,0.0,0.1876,0.1481,-0.0829,0.0,0.0,0.0,0.0,0.0,1.0,0.0,0.0,0.0,0.0,0.0,0.0,0.0,0.0,0.0,1.0,0.0,1.0,5.65216432096416,1.0,-44.15895601875576,1.0,70.63440632212809,1.0,-26.475450303372323,1.0,-5.65216432096416,0.0,0.0,0.0,0.0,0.0,0.0,0.0,0.0,0.0,0.0,0.0,0.0,0.0,0.0,0.0,0.0,0.0,0.0,1.0,0.0,1.0,-5.389753443219052,1.0,-22.76513886081065,1.0,62.39248450184409,1.0,-39.627345641033436,1.0,5.389753443219052,0.0,0.0,0.0,0.0,0.0,0.0,0.0,0.0,0.0,0.0,0.0,0.0,0.0,0.0,0.0,0.0,0.0,0.0
0.0,0.0,0.0328,-0.0283,-9.7999,4.783,8.0557,0.8639,0.0,0.0,0.0,0.0,0.1657,0.1917,-0.0765,0.0,0.0,0.0,0.0,0.0,1.0,0.0,0.0,0.0,0.0,0.0,0.0,0.0,0.0,0.0,1.0,0.0,1.0,5.085097469515873,1.0,-43.55284670705978,1.0,68.8454462147784,1.0,-25.292599507718624,1.0,-5.085097469515873,0.0,0.0,0.0,0.0,0.0,0.0,0.0,0.0,0.0,0.0,0.0,0.0,0.0,0.0,0.0,0.0,0.0,0.0,1.0,0.0,1.0,-4.89686226232819,1.0,-22.312113416220807,1.0,62.21094622488796,1.0,-39.89883280866716,1.0,4.89686226232819,0.0,0.0,0.0,0.0,0.0,0.0,0.0,0.0,0.0,0.0,0.0,0.0,0.0,0.0,0.0,0.0,0.0,0.0
0.0,0.0,0.0383,-0.0187,-9.7999,4.6166,8.0345,0.3215,0.0,0.0,0.0,0.0,0.1094,0.2237,-0.0765,0.0,0.0,0.0,0.0,0.0,1.0,0.0,0.0,0.0,0.0,0.0,0.0,0.0,0.0,0.0,1.0,0.0,1.0,4.5039262219554175,1.0,-42.86527900102823,1.0,66.98321716280128,1.0,-24.11793816177306,1.0,-4.5039262219554175,0.0,0.0,0.0,0.0,0.0,0.0,0.0,0.0,0.0,0.0,0.0,0.0,0.0,0.0,0.0,0.0,0.0,0.0,1.0,0.0,1.0,-4.381007811474676,1.0,-21.90038558408099,1.0,62.040170756304114,1.0,-40.13978517222313,1.0,4.381007811474676,0.0,0.0,0.0,0.0,0.0,0.0,0.0,0.0,0.0,0.0,0.0,0.0,0.0,0.0,0.0,0.0,0.0,0.0
0.0,0.0,0.0409,0.0075,-9.7999,4.2505,7.9343,0.3091,0.0,0.0,0.0,0.0,-0.044,0.2392,-0.0789,0.0,0.0,0.0,0.0,0.0,1.0,0.0,0.0,0.0,0.0,0.0,0.0,0.0,0.0,0.0,1.0,0.0,1.0,3.9115147667496077,1.0,-42.099867050193275,1.0,65.05401876341863,1.0,-22.954151713225354,1.0,-3.9115147667496077,0.0,0.0,0.0,0.0,0.0,0.0,0.0,0.0,0.0,0.0,0.0,0.0,0.0,0.0,0.0,0.0,0.0,0.0,1.0,0.0,1.0,-3.8438157471478234,1.0,-21.532587437569926,1.0,61.88301959231948,1.0,-40.350432154749555,1.0,3.8438157471478234,0.0,0.0,0.0,0.0,0.0,0.0,0.0,0.0,0.0,0.0,0.0,0.0,0.0,0.0,0.0,0.0,0.0,0.0
0.0,0.0,0.0468,0.0322,-9.7998,3.5122,8.2134,0.4711,0.0,0.0,0.0,0.0,-0.1883,0.2738,-0.0899,0.0,0.0,0.0,0.0,0.0,1.0,0.0,0.0,0.0,0.0,0.0,0.0,0.0,0.0,0.0,1.0,0.0,1.0,3.2994156194055355,1.0,-41.24427015996018,1.0,63.02707061307717,1.0,-21.782800453116987,1.0,-3.2994156194055355,0.0,0.0,0.0,0.0,0.0,0.0,0.0,0.0,0.0,0.0,0.0,0.0,0.0,0.0,0.0,0.0,0.0,0.0,1.0,0.0,1.0,-3.27652640606713,1.0,-21.205741795349503,1.0,61.7397687873946,1.0,-40.5340269920451,1.0,3.27652640606713,0.0,0.0,0.0,0.0,0.0,0.0,0.0,0.0,0.0,0.0,0.0,0.0,0.0,0.0,0.0,0.0,0.0,0.0
0.0,0.0,0.056,0.0501,-9.7997,3.0613,8.718,0.3664,0.0,0.0,0.0,0.0,-0.2928,0.3274,-0.1011,0.0,0.0,0.0,0.0,0.0,1.0,0.0,0.0,0.0,0.0,0.0,0.0,0.0,0.0,0.0,1.0,0.0,1.0,2.6822777206243447,1.0,-40.688481726357786,1.0,61.6145164822281,1.0,-20.92603475587031,1.0,-2.6822777206243447,0.0,0.0,0.0,0.0,0.0,0.0,0.0,0.0,0.0,0.0,0.0,0.0,0.0,0.0,0.0,0.0,0.0,0.0,1.0,0.0,1.0,-2.6822777206243447,1.0,-20.926034755870315,1.0,61.6145164822281,1.0,-40.68848172635778,1.0,2.6822777206243447,0.0,0.0,0.0,0.0,0.0,0.0,0.0,0.0,0.0,0.0,0.0,0.0,0.0,0.0,0.0,0.0,0.0,0.0
0.0,0.0,0.064,0.0601,-9.7996,2.1545,8.7152,0.6263,0.0,0.0,0.0,0.0,-0.3517,0.3742,-0.0957,0.0,0.0,0.0,0.0,0.0,1.0,0.0,0.0,0.0,0.0,0.0,0.0,0.0,0.0,0.0,1.0,0.0,1.0,2.0436753510736785,1.0,-40.81565986842639,1.0,61.50800374380437,1.0,-20.692343875377986,1.0,-2.0436753510736785,0.0,0.0,0.0,0.0,0.0,0.0,0.0,0.0,0.0,0.0,0.0,0.0,0.0,0.0,0.0,0.0,0.0,0.0,1.0,0.0,1.0,-2.0436753510736785,1.0,-20.692343875377986,1.0,61.50800374380437,1.0,-40.81565986842639,1.0,2.0436753510736785,0.0,0.0,0.0,0.0,0.0,0.0,0.0,0.0,0.0,0.0,0.0,0.0,0.0,0.0,0.0,0.0,0.0,0.0
0.0,0.0,0.0757,0.0541,-9.7996,0.2658,7.6879,2.0621,0.0,0.0,0.0,0.0,-0.3164,0.4425,-0.0571,0.0,0.0,0.0,0.0,0.0,1.0,0.0,0.0,0.0,0.0,0.0,0.0,0.0,0.0,0.0,1.0,0.0,1.0,1.4365631679051087,1.0,-40.902383227167704,1.0,61.43356520086813,1.0,-20.531181973700427,1.0,-1.4365631679051087,0.0,0.0,0.0,0.0,0.0,0.0,0.0,0.0,0.0,0.0,0.0,0.0,0.0,0.0,0.0,0.0,0.0,0.0,1.0,0.0,1.0,-1.4365631679051087,1.0,-20.531181973700427,1.0,61.43356520086813,1.0,-40.902383227167704,1.0,1.4365631679051087,0.0,0.0,0.0,0.0,0.0,0.0,0.0,0.0,0.0,0.0,0.0,0.0,0.0,0.0,0.0,0.0,0.0,0.0
0.0,0.0,0.0774,0.0383,-9.7996,-0.7052,6.8971,1.8152,0.0,0.0,0.0,0.0,-0.2239,0.4524,-0.0184,0.0,0.0,0.0,0.0,0.0,1.0,0.0,0.0,0.0,0.0,0.0,0.0,0.0,0.0,0.0,1.0,0.0,1.0,0.8302165550534154,1.0,-40.957814623133984,1.0,61.3851999231677,1.0,-20.427385300033713,1.0,-0.8302165550534154,0.0,0.0,0.0,0.0,0.0,0.0,0.0,0.0,0.0,0.0,0.0,0.0,0.0,0.0,0.0,0.0,0.0,0.0,1.0,0.0,1.0,-0.8302165550534154,1.0,-20.427385300033713,1.0,61.3851999231677,1.0,-40.957814623133984,1.0,0.8302165550534154,0.0,0.0,0.0,0.0,0.0,0.0,0.0,0.0,0.0,0.0,0.0,0.0,0.0,0.0,0.0,0.0,0.0,0.0
0.0,0.0,0.0688,0.0154,-9.7997,-0.8966,7.6923,1.085,0.0,0.0,0.0,0.0,-0.09,0.402,0.0002,0.0,0.0,0.0,0.0,0.0,1.0,0.0,0.0,0.0,0.0,0.0,0.0,0.0,0.0,0.0,1.0,0.0,1.0,0.19915078742923298,1.0,-40.98374980658413,1.0,61.36235713592022,1.0,-20.37860732933609,1.0,-0.19915078742923298,0.0,0.0,0.0,0.0,0.0,0.0,0.0,0.0,0.0,0.0,0.0,0.0,0.0,0.0,0.0,0.0,0.0,0.0,1.0,0.0,1.0,-0.19915078742923298,1.0,-20.37860732933609,1.0,61.36235713592022,1.0,-40.98374980658413,1.0,0.19915078742923298,0.0,0.0,0.0,0.0,0.0,0.0,0.0,0.0,0.0,0.0,0.0,0.0,0.0,0.0,0.0,0.0,0.0,0.0
0.0,0.0,0.0596,-0.0164,-9.7998,-0.7071,8.6416,0.5311,0.0,0.0,0.0,0.0,0.096,0.3483,0.0142,0.0,0.0,0.0,0.0,0.0,1.0,0.0,0.0,0.0,0.0,0.0,0.0,0.0,0.0,0.0,1.0,0.0,1.0,-0.42519040992509005,1.0,-40.978129556753416,1.0,61.36731889312782,1.0,-20.389189336374415,1.0,0.42519040992509005,0.0,0.0,0.0,0.0,0.0,0.0,0.0,0.0,0.0,0.0,0.0,0.0,0.0,0.0,0.0,0.0,0.0,0.0,1.0,0.0,1.0,0.42519040992509005,1.0,-20.389189336374415,1.0,61.36731889312782,1.0,-40.978129556753416,1.0,-0.42519040992509005,0.0,0.0,0.0,0.0,0.0,0.0,0.0,0.0,0.0,0.0,0.0,0.0,0.0,0.0,0.0,0.0,0.0,0.0
0.0,0.0,0.0617,-0.0415,-9.7997,-0.3532,9.0948,0.2425,0.0,0.0,0.0,0.0,0.2425,0.3605,0.049,0.0,0.0,0.0,0.0,0.0,1.0,0.0,0.0,0.0,0.0,0.0,0.0,0.0,0.0,0.0,1.0,0.0,1.0,-1.043048425935278,1.0,-40.94181382540511,1.0,61.39922466660295,1.0,-20.45741084119783,1.0,1.043048425935278,0.0,0.0,0.0,0.0,0.0,0.0,0.0,0.0,0.0,0.0,0.0,0.0,0.0,0.0,0.0,0.0,0.0,0.0,1.0,0.0,1.0,1.043048425935278,1.0,-20.45741084119783,1.0,61.39922466660295,1.0,-40.94181382540511,1.0,-1.043048425935278,0.0,0.0,0.0,0.0,0.0,0.0,0.0,0.0,0.0,0.0,0.0,0.0,0.0,0.0,0.0,0.0,0.0,0.0
0.0,0.0,0.0658,-0.0506,-9.7996,-0.2194,9.1662,0.0105,0.0,0.0,0.0,0.0,0.2961,0.3846,0.0762,0.0,0.0,0.0,0.0,0.0,1.0,0.0,0.0,0.0,0.0,0.0,0.0,0.0,0.0,0.0,1.0,0.0,1.0,-1.6376946784798434,1.0,-40.87719576592849,1.0,61.45533822598409,1.0,-20.5781424600556,1.0,1.6376946784798434,0.0,0.0,0.0,0.0,0.0,0.0,0.0,0.0,0.0,0.0,0.0,0.0,0.0,0.0,0.0,0.0,0.0,0.0,1.0,0.0,1.0,1.6376946784798434,1.0,-20.5781424600556,1.0,61.45533822598409,1.0,-40.87719576592849,1.0,-1.6376946784798434,0.0,0.0,0.0,0.0,0.0,0.0,0.0,0.0,0.0,0.0,0.0,0.0,0.0,0.0,0.0,0.0,0.0,0.0
0.0,0.0,0.0602,-0.0495,-9.7997,-0.3688,9.2181,-0.1483,0.0,0.0,0.0,0.0,0.2894,0.3521,0.0791,0.0,0.0,0.0,0.0,0.0,1.0,0.0,0.0,0.0,0.0,0.0,0.0,0.0,0.0,0.0,1.0,0.0,1.0,-2.268799017155432,1.0,-40.77518117326613,1.0,61.54224305286677,1.0,-20.767061879600647,1.0,2.268799017155432,0.0,0.0,0.0,0.0,0.0,0.0,0.0,0.0,0.0,0.0,0.0,0.0,0.0,0.0,0.0,0.0,0.0,0.0,1.0,0.0,1.0,2.268799017155432,1.0,-20.767061879600647,1.0,61.54224305286677,1.0,-40.77518117326613,1.0,-2.268799017155432,0.0,0.0,0.0,0.0,0.0,0.0,0.0,0.0,0.0,0.0,0.0,0.0,0.0,0.0,0.0,0.0,0.0,0.0
0.0,0.0,0.0482,-0.045,-9.7998,-0.5435,9.468,-0.2901,0.0,0.0,0.0,0.0,0.2629,0.2818,0.0766,0.0,0.0,0.0,0.0,0.0,1.0,0.0,0.0,0.0,0.0,0.0,0.0,0.0,0.0,0.0,1.0,0.0,1.0,-2.851681327321305,1.0,-40.64815475313397,1.0,61.647647030243455,1.0,-20.99949227710948,1.0,2.851681327321305,0.0,0.0,0.0,0.0,0.0,0.0,0.0,0.0,0.0,0.0,0.0,0.0,0.0,0.0,0.0,0.0,0.0,0.0,1.0,0.0,1.0,2.851681327321305,1.0,-20.99949227710948,1.0,61.647647030243455,1.0,-40.64815475313397,1.0,-2.851681327321305,0.0,0.0,0.0,0.0,0.0,0.0,0.0,0.0,0.0,0.0,0.0,0.0,0.0,0.0,0.0,0.0,0.0,0.0
0.0,0.0,0.0337,-0.0372,-9.7999,-0.8617,9.728,-1.0362,0.0,0.0,0.0,0.0,0.2177,0.1969,0.071,0.0,0.0,0.0,0.0,0.0,1.0,0.0,0.0,0.0,0.0,0.0,0.0,0.0,0.0,0.0,1.0,0.0,1.0,-3.41568192514607,1.0,-40.49242057139305,1.0,61.77275982489637,1.0,-21.280339253503318,1.0,3.41568192514607,0.0,0.0,0.0,0.0,0.0,0.0,0.0,0.0,0.0,0.0,0.0,0.0,0.0,0.0,0.0,0.0,0.0,0.0,1.0,0.0,1.0,3.44831670615499,1.0,-22.06503539255785,1.0,63.52333139493363,1.0,-41.45829600237578,1.0,-3.44831670615499,0.0,0.0,0.0,0.0,0.0,0.0,0.0,0.0,0.0,0.0,0.0,0.0,0.0,0.0,0.0,0.0,0.0,0.0
0.0,0.0,0.0243,-0.0274,-9.7999,-1.9419,9.4204,-1.9527,0.0,0.0,0.0,0.0,0.1604,0.1423,0.0615,0.0,0.0,0.0,0.0,0.0,1.0,0.0,0.0,0.0,0.0,0.0,0.0,0.0,0.0,0.0,1.0,0.0,1.0,-3.9833950740644406,1.0,-40.29933601275308,1.0,61.92183365823247,1.0,-21.622497645479392,1.0,3.9833950740644406,0.0,0.0,0.0,0.0,0.0,0.0,0.0,0.0,0.0,0.0,0.0,0.0,0.0,0.0,0.0,0.0,0.0,0.0,1.0,0.0,1.0,4.064219893678198,1.0,-23.251153202459285,1.0,65.55434238392654,1.0,-42.30318918146725,1.0,-4.064219893678198,0.0,0.0,0.0,0.0,0.0,0.0,0.0,0.0,0.0,0.0,0.0,0.0,0.0,0.0,0.0,0.0,0.0,0.0
0.0,0.0,0.0115,-0.0215,-9.8,-2.1355,8.7741,-1.8026,0.0,0.0,0.0,0.0,0.1254,0.0674,0.0416,0.0,0.0,0.0,0.0,0.0,1.0,0.0,0.0,0.0,0.0,0.0,0.0,0.0,0.0,0.0,1.0,0.0,1.0,-4.52899081418587,1.0,-40.074788294058436,1.0,62.087161802268355,1.0,-22.012373508209922,1.0,4.52899081418587,0.0,0.0,0.0,0.0,0.0,0.0,0.0,0.0,0.0,0.0,0.0,0.0,0.0,0.0,0.0,0.0,0.0,0.0,1.0,0.0,1.0,4.669389975369957,1.0,-24.448837557980127,1.0,67.51643132811691,1.0,-43.06759377013678,1.0,-4.669389975369957,0.0,0.0,0.0,0.0,0.0,0.0,0.0,0.0,0.0,0.0,0.0,0.0,0.0,0.0,0.0,0.0,0.0,0.0
0.0,0.0,-0.0195,-0.0207,-9.8,-1.5054,8.0995,-1.1661,0.0,0.0,0.0,0.0,0.1208,-0.1139,-0.0022,0.0,0.0,0.0,0.0,0.0,1.0,0.0,0.0,0.0,0.0,0.0,0.0,0.0,0.0,0.0,1.0,0.0,1.0,-5.038967949488625,1.0,-39.82499345045956,1.0,62.26143607409929,1.0,-22.43644262363973,1.0,5.038967949488625,0.0,0.0,0.0,0.0,0.0,0.0,0.0,0.0,0.0,0.0,0.0,0.0,0.0,0.0,0.0,0.0,0.0,0.0,1.0,0.0,1.0,5.247386865739539,1.0,-25.627153618277482,1.0,69.36021926060327,1.0,-43.7330656423258,1.0,-5.247386865739539,0.0,0.0,0.0,0.0,0.0,0.0,0.0,0.0,0.0,0.0,0.0,0.0,0.0,0.0,0.0,0.0,0.0,0.0
0.0,0.0,-0.0638,-0.0243,-9.7998,-0.7768,7.5388,-1.2718,0.0,0.0,0.0,0.0,0.1421,-0.3732,-0.0102,0.0,0.0,0.0,0.0,0.0,1.0,0.0,0.0,0.0,0.0,0.0,0.0,0.0,0.0,0.0,1.0,0.0,1.0,-5.528890472244232,1.0,-39.54242263856203,1.0,62.44700492295785,1.0,-22.904582284395826,1.0,5.528890472244232,0.0,0.0,0.0,0.0,0.0,0.0,0.0,0.0,0.0,0.0,0.0,0.0,0.0,0.0,0.0,0.0,0.0,0.0,1.0,0.0,1.0,5.814389936148499,1.0,-26.821411275878575,1.0,71.14123075190713,1.0,-44.319819476028556,1.0,-5.814389936148499,0.0,0.0,0.0,0.0,0.0,0.0,0.0,0.0,0.0,0.0,0.0,0.0,0.0,0.0,0.0,0.0,0.0,0.0
0.0,0.0,-0.113,-0.0321,-9.7993,0.2442,7.1482,-1.1734,0.0,0.0,0.0,0.0,0.1877,-0.6609,0.007,0.0,0.0,0.0,0.0,0.0,1.0,0.0,0.0,0.0,0.0,0.0,0.0,0.0,0.0,0.0,1.0,0.0,1.0,-6.03379950953352,1.0,-39.198876479189735,1.0,62.65706590685063,1.0,-23.458189427660898,1.0,6.03379950953352,0.0,0.0,0.0,0.0,0.0,0.0,0.0,0.0,0.0,0.0,0.0,0.0,0.0,0.0,0.0,0.0,0.0,0.0,1.0,0.0,1.0,6.411287501711521,1.0,-28.127838076825956,1.0,72.98766743377779,1.0,-44.859829356951835,1.0,-6.411287501711521,0.0,0.0,0.0,0.0,0.0,0.0,0.0,0.0,0.0,0.0,0.0,0.0,0.0,0.0,0.0,0.0,0.0,0.0
0.0,0.0,-0.158,-0.0436,-9.7986,1.2639,6.9005,-0.7944,0.0,0.0,0.0,0.0,0.2548,-0.924,0.0281,0.0,0.0,0.0,0.0,0.0,1.0,0.0,0.0,0.0,0.0,0.0,0.0,0.0,0.0,0.0,1.0,0.0,1.0,-6.476707576924044,1.0,-38.8440731410067,1.0,62.85724118527913,1.0,-24.013168044272426,1.0,6.476707576924044,0.0,0.0,0.0,0.0,0.0,0.0,0.0,0.0,0.0,0.0,0.0,0.0,0.0,0.0,0.0,0.0,0.0,0.0,1.0,0.0,1.0,6.945794199355232,1.0,-29.349974209948446,1.0,74.6173965628769,1.0,-45.26742235292846,1.0,-6.945794199355232,0.0,0.0,0.0,0.0,0.0,0.0,0.0,0.0,0.0,0.0,0.0,0.0,0.0,0.0,0.0,0.0,0.0,0.0
0.0,0.0,-0.1949,-0.0535,-9.7979,2.0811,6.1422,-0.7163,0.0,0.0,0.0,0.0,0.313,-1.1394,0.0474,0.0,0.0,0.0,0.0,0.0,1.0,0.0,0.0,0.0,0.0,0.0,0.0,0.0,0.0,0.0,1.0,0.0,1.0,-6.883613295801562,1.0,-38.46323402248179,1.0,63.05440615935868,1.0,-24.591172136876892,1.0,6.883613295801562,0.0,0.0,0.0,0.0,0.0,0.0,0.0,0.0,0.0,0.0,0.0,0.0,0.0,0.0,0.0,0.0,0.0,0.0,1.0,0.0,1.0,7.4461629468104045,1.0,-30.549610818013925,1.0,76.12367192736495,1.0,-45.57406110935102,1.0,-7.4461629468104045,0.0,0.0,0.0,0.0,0.0,0.0,0.0,0.0,0.0,0.0,0.0,0.0,0.0,0.0,0.0,0.0,0.0,0.0
0.0,0.0,-0.2206,-0.0553,-9.7974,2.9196,5.518,-0.5914,0.0,0.0,0.0,0.0,0.3232,-1.2901,0.0649,0.0,0.0,0.0,0.0,0.0,1.0,0.0,0.0,0.0,0.0,0.0,0.0,0.0,0.0,0.0,1.0,0.0,1.0,-7.2808460739708085,1.0,-38.02696497960674,1.0,63.25927922921332,1.0,-25.232314249606585,1.0,7.2808460739708085,0.0,0.0,0.0,0.0,0.0,0.0,0.0,0.0,0.0,0.0,0.0,0.0,0.0,0.0,0.0,0.0,0.0,0.0,1.0,0.0,1.0,7.943516772282352,1.0,-31.809288392162514,1.0,77.60318156553026,1.0,-45.793893173367756,1.0,-7.943516772282352,0.0,0.0,0.0,0.0,0.0,0.0,0.0,0.0,0.0,0.0,0.0,0.0,0.0,0.0,0.0,0.0,0.0,0.0
0.0,0.0,-0.2344,-0.0599,-9.797,3.6644,5.4227,-0.3573,0.0,0.0,0.0,0.0,0.3502,-1.3703,0.0723,0.0,0.0,0.0,0.0,0.0,1.0,0.0,0.0,0.0,0.0,0.0,0.0,0.0,0.0,0.0,1.0,0.0,1.0,-7.631086598918624,1.0,-37.5733193562426,1.0,63.450193114815654,1.0,-25.87687375857305,1.0,7.631086598918624,0.0,0.0,0.0,0.0,0.0,0.0,0.0,0.0,0.0,0.0,0.0,0.0,0.0,0.0,0.0,0.0,0.0,0.0,1.0,0.0,1.0,8.389524585683391,1.0,-33.01269269961317,1.0,78.91565714279284,1.0,-45.90296444317967,1.0,-8.389524585683391,0.0,0.0,0.0,0.0,0.0,0.0,0.0,0.0,0.0,0.0,0.0,0.0,0.0,0.0,0.0,0.0,0.0,0.0
0.0,0.0,-0.2374,-0.0661,-9.7969,4.2756,4.8991,-0.5895,0.0,0.0,0.0,0.0,0.3865,-1.3883,0.0776,0.0,0.0,0.0,0.0,0.0,1.0,0.0,0.0,0.0,0.0,0.0,0.0,0.0,0.0,0.0,1.0,0.0,1.0,-7.938191652251545,1.0,-37.10405303203566,1.0,63.62560808935351,1.0,-26.521555057317855,1.0,7.938191652251545,0.0,0.0,0.0,0.0,0.0,0.0,0.0,0.0,0.0,0.0,0.0,0.0,0.0,0.0,0.0,0.0,0.0,0.0,1.0,0.0,1.0,8.786528371350643,1.0,-34.161860754112574,1.0,80.07308778753954,1.0,-45.91122703342696,1.0,-8.786528371350643,0.0,0.0,0.0,0.0,0.0,0.0,0.0,0.0,0.0,0.0,0.0,0.0,0.0,0.0,0.0,0.0,0.0,0.0
0.0,0.0,-0.2329,-0.0656,-9.797,4.7672,4.568,-0.6585,0.0,0.0,0.0,0.0,0.3838,-1.3615,0.0902,0.0,0.0,0.0,0.0,0.0,1.0,0.0,0.0,0.0,0.0,0.0,0.0,0.0,0.0,0.0,1.0,0.0,1.0,-8.23413280120296,1.0,-36.563504598779545,1.0,63.80180669410585,1.0,-27.238302095326308,1.0,8.23413280120296,0.0,0.0,0.0,0.0,0.0,0.0,0.0,0.0,0.0,0.0,0.0,0.0,0.0,0.0,0.0,0.0,0.0,0.0,1.0,0.0,1.0,9.174459014286416,1.0,-35.38269871007235,1.0,81.1946485906788,1.0,-45.81194988060644,1.0,-9.174459014286416,0.0,0.0,0.0,0.0,0.0,0.0,0.0,0.0,0.0,0.0,0.0,0.0,0.0,0.0,0.0,0.0,0.0,0.0
0.0,0.0,-0.2245,-0.0661,-9.7972,5.538,4.2476,-0.3219,0.0,0.0,0.0,0.0,0.3868,-1.3126,0.0942,0.0,0.0,0.0,0.0,0.0,1.0,0.0,0.0,0.0,0.0,0.0,0.0,0.0,0.0,0.0,1.0,0.0,1.0,-8.477140106169822,1.0,-36.024736631586215,1.0,63.951795849449255,1.0,-27.92705921786304,1.0,8.477140106169822,0.0,0.0,0.0,0.0,0.0,0.0,0.0,0.0,0.0,0.0,0.0,0.0,0.0,0.0,0.0,0.0,0.0,0.0,1.0,0.0,1.0,9.497012372600766,1.0,-36.50425846511086,1.0,82.12040880166383,1.0,-45.61615033655296,1.0,-9.497012372600766,0.0,0.0,0.0,0.0,0.0,0.0,0.0,0.0,0.0,0.0,0.0,0.0,0.0,0.0,0.0,0.0,0.0,0.0
0.0,0.0,-0.2118,-0.0691,-9.7975,6.3499,4.266,-0.4987,0.0,0.0,0.0,0.0,0.4039,-1.2381,0.0831,0.0,0.0,0.0,0.0,0.0,1.0,0.0,0.0,0.0,0.0,0.0,0.0,0.0,0.0,0.0,1.0,0.0,1.0,-8.685121152282035,1.0,-35.457398570624775,1.0,64.08400078979197,1.0,-28.626602219167196,1.0,8.685121152282035,0.0,0.0,0.0,0.0,0.0,0.0,0.0,0.0,0.0,0.0,0.0,0.0,0.0,0.0,0.0,0.0,0.0,0.0,1.0,0.0,1.0,9.775995088141567,1.0,-37.59451854302855,1.0,82.91634567850119,1.0,-45.32182713547264,1.0,-9.775995088141567,0.0,0.0,0.0,0.0,0.0,0.0,0.0,0.0,0.0,0.0,0.0,0.0,0.0,0.0,0.0,0.0,0.0,0.0
0.0,0.0,-0.1991,-0.0729,-9.7977,6.8811,3.9237,-0.5704,0.0,0.0,0.0,0.0,0.4265,-1.1643,0.079,0.0,0.0,0.0,0.0,0.0,1.0,0.0,0.0,0.0,0.0,0.0,0.0,0.0,0.0,0.0,1.0,0.0,1.0,-8.853738566784136,1.0,-34.87667347552509,1.0,64.19380004342739,1.0,-29.3171265679023,1.0,8.853738566784136,0.0,0.0,0.0,0.0,0.0,0.0,0.0,0.0,0.0,0.0,0.0,0.0,0.0,0.0,0.0,0.0,0.0,0.0,1.0,0.0,1.0,10.004180974759768,1.0,-38.623709866465504,1.0,83.56418361304564,1.0,-44.94047374658013,1.0,-10.004180974759768,0.0,0.0,0.0,0.0,0.0,0.0,0.0,0.0,0.0,0.0,0.0,0.0,0.0,0.0,0.0,0.0,0.0,0.0
0.0,0.0,-0.1867,-0.0669,-9.798,7.162,3.3035,-0.3185,0.0,0.0,0.0,0.0,0.3914,-1.0915,0.0911,0.0,0.0,0.0,0.0,0.0,1.0,0.0,0.0,0.0,0.0,0.0,0.0,0.0,0.0,0.0,1.0,0.0,1.0,-8.853738566784136,1.0,-34.87667347552509,1.0,64.19380004342739,1.0,-29.3171265679023,1.0,8.853738566784136,0.0,0.0,0.0,0.0,0.0,0.0,0.0,0.0,0.0,0.0,0.0,0.0,0.0,0.0,0.0,0.0,0.0,0.0,1.0,0.0,1.0,10.004180974759768,1.0,-38.623709866465504,1.0,83.56418361304564,1.0,-44.94047374658013,1.0,-10.004180974759768,0.0,0.0,0.0,0.0,0.0,0.0,0.0,0.0,0.0,0.0,0.0,0.0,0.0,0.0,0.0,0.0,0.0,0.0
0.0,0.0,-0.167,-0.0523,-9.7984,6.6994,2.6719,-0.0352,0.0,0.0,0.0,0.0,0.3056,-0.9764,0.1139,0.0,0.0,0.0,0.0,0.0,1.0,0.0,0.0,0.0,0.0,0.0,0.0,0.0,0.0,0.0,1.0,0.0,1.0,-8.995279179736809,1.0,-34.229190354924604,1.0,64.28778814841621,1.0,-30.058597793491607,1.0,8.995279179736809,0.0,0.0,0.0,0.0,0.0,0.0,0.0,0.0,0.0,0.0,0.0,0.0,0.0,0.0,0.0,0.0,0.0,0.0,1.0,0.0,1.0,10.197126290053054,1.0,-39.676776333944616,1.0,84.10980888809436,1.0,-44.43303255414975,1.0,-10.197126290053054,0.0,0.0,0.0,0.0,0.0,0.0,0.0,0.0,0.0,0.0,0.0,0.0,0.0,0.0,0.0,0.0,0.0,0.0
0.0,0.0,-0.1308,-0.0407,-9.799,5.9632,2.8203,-0.1193,0.0,0.0,0.0,0.0,0.2381,-0.7646,0.124,0.0,0.0,0.0,0.0,0.0,1.0,0.0,0.0,0.0,0.0,0.0,0.0,0.0,0.0,0.0,1.0,0.0,1.0,-9.094937508940522,1.0,-33.566379180061496,1.0,64.35496705346938,1.0,-30.788587873407895,1.0,9.094937508940522,0.0,0.0,0.0,0.0,0.0,0.0,0.0,0.0,0.0,0.0,0.0,0.0,0.0,0.0,0.0,0.0,0.0,0.0,1.0,0.0,1.0,10.333752856248323,1.0,-40.65938401464408,1.0,84.49500371606517,1.0,-43.83561970142108,1.0,-10.333752856248323,0.0,0.0,0.0,0.0,0.0,0.0,0.0,0.0,0.0,0.0,0.0,0.0,0.0,0.0,0.0,0.0,0.0,0.0
0.0,0.0,-0.0933,-0.0426,-9.7995,6.0143,2.751,-0.2131,0.0,0.0,0.0,0.0,0.2493,-0.5458,0.0951,0.0,0.0,0.0,0.0,0.0,1.0,0.0,0.0,0.0,0.0,0.0,0.0,0.0,0.0,0.0,1.0,0.0,1.0,-9.155227777375261,1.0,-32.86805821236606,1.0,64.39601189679598,1.0,-31.527953684429924,1.0,9.155227777375261,0.0,0.0,0.0,0.0,0.0,0.0,0.0,0.0,0.0,0.0,0.0,0.0,0.0,0.0,0.0,0.0,0.0,0.0,1.0,0.0,1.0,10.416720425238926,1.0,-41.59683108555361,1.0,84.72845269109655,1.0,-43.13162160554294,1.0,-10.416720425238926,0.0,0.0,0.0,0.0,0.0,0.0,0.0,0.0,0.0,0.0,0.0,0.0,0.0,0.0,0.0,0.0,0.0,0.0
0.0,0.0,-0.0682,-0.042,-9.7997,6.6105,2.1961,0.0146,0.0,0.0,0.0,0.0,0.2456,-0.3987,0.0519,0.0,0.0,0.0,0.0,0.0,1.0,0.0,0.0,0.0,0.0,0.0,0.0,0.0,0.0,0.0,1.0,0.0,1.0,-9.173337762387122,1.0,-32.159854543777264,1.0,64.40840051340435,1.0,-32.24854596962708,1.0,9.173337762387122,0.0,0.0,0.0,0.0,0.0,0.0,0.0,0.0,0.0,0.0,0.0,0.0,0.0,0.0,0.0,0.0,0.0,0.0,1.0,0.0,1.0,10.441688418877012,1.0,-42.450131828007834,1.0,84.79863828006013,1.0,-42.3485064520523,1.0,-10.441688418877012,0.0,0.0,0.0,0.0,0.0,0.0,0.0,0.0,0.0,0.0,0.0,0.0,0.0,0.0,0.0,0.0,0.0,0.0
0.0,0.0,-0.0612,-0.0356,-9.7997,6.8185,1.6106,0.1654,0.0,0.0,0.0,0.0,0.208,-0.3575,0.0358,0.0,0.0,0.0,0.0,0.0,1.0,0.0,0.0,0.0,0.0,0.0,0.0,0.0,0.0,0.0,1.0,0.0,1.0,-9.152973147717384,1.0,-31.48692459001163,1.0,64.39447148534757,1.0,-32.90754689533594,1.0,9.152973147717384,0.0,0.0,0.0,0.0,0.0,0.0,0.0,0.0,0.0,0.0,0.0,0.0,0.0,0.0,0.0,0.0,0.0,0.0,1.0,0.0,1.0,10.413613493489176,1.0,-43.17331229857824,1.0,84.71971685037867,1.0,-41.54640455180044,1.0,-10.413613493489176,0.0,0.0,0.0,0.0,0.0,0.0,0.0,0.0,0.0,0.0,0.0,0.0,0.0,0.0,0.0,0.0,0.0,0.0
0.0,0.0,-0.0579,-0.0257,-9.7998,6.6112,1.0745,0.1477,0.0,0.0,0.0,0.0,0.15,-0.3385,0.0447,0.0,0.0,0.0,0.0,0.0,1.0,0.0,0.0,0.0,0.0,0.0,0.0,0.0,0.0,0.0,1.0,0.0,1.0,-9.095539374015317,1.0,-30.79409913102989,1.0,64.35537528982444,1.0,-33.56127615879454,1.0,9.095539374015317,0.0,0.0,0.0,0.0,0.0,0.0,0.0,0.0,0.0,0.0,0.0,0.0,0.0,0.0,0.0,0.0,0.0,0.0,1.0,0.0,1.0,10.334579936918967,1.0,-43.830741063318015,1.0,84.49733262185241,1.0,-40.666591558534385,1.0,-10.334579936918967,0.0,0.0,0.0,0.0,0.0,0.0,0.0,0.0,0.0,0.0,0.0,0.0,0.0,0.0,0.0,0.0,0.0,0.0
0.0,0.0,-0.0512,-0.0172,-9.7999,6.5616,0.661,-0.0135,0.0,0.0,0.0,0.0,0.1004,-0.2993,0.0537,0.0,0.0,0.0,0.0,0.0,1.0,0.0,0.0,0.0,0.0,0.0,0.0,0.0,0.0,0.0,1.0,0.0,1.0,-8.99618712306503,1.0,-30.064157384490233,1.0,64.28839644094262,1.0,-34.22423905645239,1.0,8.99618712306503,0.0,0.0,0.0,0.0,0.0,0.0,0.0,0.0,0.0,0.0,0.0,0.0,0.0,0.0,0.0,0.0,0.0,0.0,1.0,0.0,1.0,10.198368137743755,1.0,-44.428848646396325,1.0,84.11331438389838,1.0,-39.68446573750205,1.0,-10.198368137743755,0.0,0.0,0.0,0.0,0.0,0.0,0.0,0.0,0.0,0.0,0.0,0.0,0.0,0.0,0.0,0.0,0.0,0.0
0.0,0.0,-0.0427,-0.0113,-9.7999,6.873,0.3039,-0.0661,0.0,0.0,0.0,0.0,0.0661,-0.2495,0.0436,0.0,0.0,0.0,0.0,0.0,1.0,0.0,0.0,0.0,0.0,0.0,0.0,0.0,0.0,0.0,1.0,0.0,1.0,-8.8627657963641,1.0,-29.358767155054906,1.0,64.19974472984377,1.0,-34.840977574788866,1.0,8.8627657963641,0.0,0.0,0.0,0.0,0.0,0.0,0.0,0.0,0.0,0.0,0.0,0.0,0.0,0.0,0.0,0.0,0.0,0.0,1.0,0.0,1.0,10.016448368091265,1.0,-44.91464712233495,1.0,83.59893260518812,1.0,-38.68428548285318,1.0,-10.016448368091265,0.0,0.0,0.0,0.0,0.0,0.0,0.0,0.0,0.0,0.0,0.0,0.0,0.0,0.0,0.0,0.0,0.0,0.0
0.0,0.0,-0.0404,-0.0009,-9.7999,6.9956,-0.9002,0.3086,0.0,0.0,0.0,0.0,0.0051,-0.2364,0.0362,0.0,0.0,0.0,0.0,0.0,1.0,0.0,0.0,0.0,0.0,0.0,0.0,0.0,0.0,0.0,1.0,0.0,1.0,-8.687636357993528,1.0,-28.635921015973405,1.0,64.08562136848542,1.0,-35.44970035251201,1.0,8.687636357993528,0.0,0.0,0.0,0.0,0.0,0.0,0.0,0.0,0.0,0.0,0.0,0.0,0.0,0.0,0.0,0.0,0.0,0.0,1.0,0.0,1.0,9.77938560358717,1.0,-45.317274960445566,1.0,82.9259922804492,1.0,-37.608717320003635,1.0,-9.77938560358717,0.0,0.0,0.0,0.0,0.0,0.0,0.0,0.0,0.0,0.0,0.0,0.0,0.0,0.0,0.0,0.0,0.0,0.0
0.0,0.0,-0.0373,0.0177,-9.7999,6.6405,-1.7427,0.3746,0.0,0.0,0.0,0.0,-0.1032,-0.2181,0.0446,0.0,0.0,0.0,0.0,0.0,1.0,0.0,0.0,0.0,0.0,0.0,0.0,0.0,0.0,0.0,1.0,0.0,1.0,-8.47111094878721,1.0,-27.908537037502565,1.0,63.94801626840488,1.0,-36.039479230902316,1.0,8.47111094878721,0.0,0.0,0.0,0.0,0.0,0.0,0.0,0.0,0.0,0.0,0.0,0.0,0.0,0.0,0.0,0.0,0.0,0.0,1.0,0.0,1.0,9.488965346530597,1.0,-45.62265502580511,1.0,82.09738585783258,1.0,-36.474730832027475,1.0,-9.488965346530597,0.0,0.0,0.0,0.0,0.0,0.0,0.0,0.0,0.0,0.0,0.0,0.0,0.0,0.0,0.0,0.0,0.0,0.0
0.0,0.0,-0.0284,0.026,-9.7999,6.1845,-1.9517,0.1319,0.0,0.0,0.0,0.0,-0.1521,-0.1661,0.0485,0.0,0.0,0.0,0.0,0.0,1.0,0.0,0.0,0.0,0.0,0.0,0.0,0.0,0.0,0.0,1.0,0.0,1.0,-8.231241246172958,1.0,-27.230728737022645,1.0,63.80005087549495,1.0,-36.5693221384723,1.0,8.231241246172958,0.0,0.0,0.0,0.0,0.0,0.0,0.0,0.0,0.0,0.0,0.0,0.0,0.0,0.0,0.0,0.0,0.0,0.0,1.0,0.0,1.0,9.170642855455737,1.0,-45.81356728927822,1.0,81.1836595258664,1.0,-35.370092236588185,1.0,-9.170642855455737,0.0,0.0,0.0,0.0,0.0,0.0,0.0,0.0,0.0,0.0,0.0,0.0,0.0,0.0,0.0,0.0,0.0,0.0
0.0,0.0,-0.0037,0.0339,-9.7999,6.1705,-3.472,0.7134,0.0,0.0,0.0,0.0,-0.1981,-0.0219,0.0337,0.0,0.0,0.0,0.0,0.0,1.0,0.0,0.0,0.0,0.0,0.0,0.0,0.0,0.0,0.0,1.0,0.0,1.0,-7.631130723969145,1.0,-25.876960522785907,1.0,63.45021777862881,1.0,-37.5732572558429,1.0,7.631130723969145,0.0,0.0,0.0,0.0,0.0,0.0,0.0,0.0,0.0,0.0,0.0,0.0,0.0,0.0,0.0,0.0,0.0,0.0,1.0,0.0,1.0,8.389581226356675,1.0,-45.90297212510759,1.0,78.91582299018422,1.0,-33.012850865076636,1.0,-8.389581226356675,0.0,0.0,0.0,0.0,0.0,0.0,0.0,0.0,0.0,0.0,0.0,0.0,0.0,0.0,0.0,0.0,0.0,0.0
0.0,0.0,-0.0006,0.0352,-9.7999,6.1658,-4.1637,0.5721,0.0,0.0,0.0,0.0,-0.2055,-0.0033,0.0271,0.0,0.0,0.0,0.0,0.0,1.0,0.0,0.0,0.0,0.0,0.0,0.0,0.0,0.0,0.0,1.0,0.0,1.0,-7.2465272069168005,1.0,-25.17347110902488,1.0,63.2410922662664,1.0,-38.06762115724152,1.0,7.2465272069168005,0.0,0.0,0.0,0.0,0.0,0.0,0.0,0.0,0.0,0.0,0.0,0.0,0.0,0.0,0.0,0.0,0.0,0.0,1.0,0.0,1.0,7.900194983495311,1.0,-45.77854935451489,1.0,77.47498893851366,1.0,-31.696439583998767,1.0,-7.900194983495311,0.0,0.0,0.0,0.0,0.0,0.0,0.0,0.0,0.0,0.0,0.0,0.0,0.0,0.0,0.0,0.0,0.0,0.0
0.0,0.0,0.0038,0.0333,-9.7999,5.6492,-4.5393,0.6954,0.0,0.0,0.0,0.0,-0.1944,0.0224,0.0266,0.0,0.0,0.0,0.0,0.0,1.0,0.0,0.0,0.0,0.0,0.0,0.0,0.0,0.0,0.0,1.0,0.0,1.0,-6.865301188907349,1.0,-24.563573135459958,1.0,63.04525807383856,1.0,-38.481684938378606,1.0,6.865301188907349,0.0,0.0,0.0,0.0,0.0,0.0,0.0,0.0,0.0,0.0,0.0,0.0,0.0,0.0,0.0,0.0,0.0,0.0,1.0,0.0,1.0,7.423448957171182,1.0,-45.56188086992979,1.0,76.05568860065684,1.0,-30.493807730727045,1.0,-7.423448957171182,0.0,0.0,0.0,0.0,0.0,0.0,0.0,0.0,0.0,0.0,0.0,0.0,0.0,0.0,0.0,0.0,0.0,0.0
0.0,0.0,0.0038,0.0333,-9.7999,5.6492,-4.5393,0.6954,0.0,0.0,0.0,0.0,-0.1944,0.0224,0.0266,0.0,0.0,0.0,0.0,0.0,1.0,0.0,0.0,0.0,0.0,0.0,0.0,0.0,0.0,0.0,1.0,0.0,1.0,-6.865301188907349,1.0,-24.563573135459958,1.0,63.04525807383856,1.0,-38.481684938378606,1.0,6.865301188907349,0.0,0.0,0.0,0.0,0.0,0.0,0.0,0.0,0.0,0.0,0.0,0.0,0.0,0.0,0.0,0.0,0.0,0.0,1.0,0.0,1.0,7.423448957171182,1.0,-45.56188086992979,1.0,76.05568860065684,1.0,-30.493807730727045,1.0,-7.423448957171182,0.0,0.0,0.0,0.0,0.0,0.0,0.0,0.0,0.0,0.0,0.0,0.0,0.0,0.0,0.0,0.0,0.0,0.0
0.0,0.0,0.0204,0.0256,-9.7999,4.9458,-6.1318,0.6702,0.0,0.0,0.0,0.0,-0.1498,0.1192,0.0252,0.0,0.0,0.0,0.0,0.0,1.0,0.0,0.0,0.0,0.0,0.0,0.0,0.0,0.0,0.0,1.0,0.0,1.0,-6.012474083336811,1.0,-23.43319652851504,1.0,62.64780444897302,1.0,-39.21460792045798,1.0,6.012474083336811,0.0,0.0,0.0,0.0,0.0,0.0,0.0,0.0,0.0,0.0,0.0,0.0,0.0,0.0,0.0,0.0,0.0,0.0,1.0,0.0,1.0,6.385812244228587,1.0,-44.8385322055821,1.0,72.90944206878375,1.0,-28.070909863201646,1.0,-6.385812244228587,0.0,0.0,0.0,0.0,0.0,0.0,0.0,0.0,0.0,0.0,0.0,0.0,0.0,0.0,0.0,0.0,0.0,0.0
0.0,0.0,0.0243,0.0298,-9.7999,4.5875,-7.1702,1.039,0.0,0.0,0.0,0.0,-0.1742,0.142,0.0283,0.0,0.0,0.0,0.0,0.0,1.0,0.0,0.0,0.0,0.0,0.0,0.0,0.0,0.0,0.0,1.0,0.0,1.0,-5.536812781601902,1.0,-22.91268412551229,1.0,62.450152843990665,1.0,-39.53746871847838,1.0,5.536812781601902,0.0,0.0,0.0,0.0,0.0,0.0,0.0,0.0,0.0,0.0,0.0,0.0,0.0,0.0,0.0,0.0,0.0,0.0,1.0,0.0,1.0,5.823655875168266,1.0,-44.328832386288106,1.0,71.17011390486975,1.0,-26.841281518581646,1.0,-5.823655875168266,0.0,0.0,0.0,0.0,0.0,0.0,0.0,0.0,0.0,0.0,0.0,0.0,0.0,0.0,0.0,0.0,0.0,0.0
0.0,0.0,0.0282,0.0287,-9.7999,4.3126,-7.3037,0.7531,0.0,0.0,0.0,0.0,-0.1677,0.1648,0.0294,0.0,0.0,0.0,0.0,0.0,1.0,0.0,0.0,0.0,0.0,0.0,0.0,0.0,0.0,0.0,1.0,0.0,1.0,-5.0387169364002995,1.0,-22.43621865058944,1.0,62.261345571824315,1.0,-39.82512692123487,1.0,5.0387169364002995,0.0,0.0,0.0,0.0,0.0,0.0,0.0,0.0,0.0,0.0,0.0,0.0,0.0,0.0,0.0,0.0,0.0,0.0,1.0,0.0,1.0,5.247099350456046,1.0,-43.732751058653754,1.0,69.35930927293495,1.0,-25.626558214281193,1.0,-5.247099350456046,0.0,0.0,0.0,0.0,0.0,0.0,0.0,0.0,0.0,0.0,0.0,0.0,0.0,0.0,0.0,0.0,0.0,0.0
0.0,0.0,0.0282,0.0287,-9.7999,4.3126,-7.3037,0.7531,0.0,0.0,0.0,0.0,-0.1677,0.1648,0.0294,0.0,0.0,0.0,0.0,0.0,1.0,0.0,0.0,0.0,0.0,0.0,0.0,0.0,0.0,0.0,1.0,0.0,1.0,-5.0387169364002995,1.0,-22.43621865058944,1.0,62.261345571824315,1.0,-39.82512692123487,1.0,5.0387169364002995,0.0,0.0,0.0,0.0,0.0,0.0,0.0,0.0,0.0,0.0,0.0,0.0,0.0,0.0,0.0,0.0,0.0,0.0,1.0,0.0,1.0,5.247099350456046,1.0,-43.732751058653754,1.0,69.35930927293495,1.0,-25.626558214281193,1.0,-5.247099350456046,0.0,0.0,0.0,0.0,0.0,0.0,0.0,0.0,0.0,0.0,0.0,0.0,0.0,0.0,0.0,0.0,0.0,0.0
0.0,0.0,0.029,0.014,-9.7999,4.2932,-7.4128,0.1865,0.0,0.0,0.0,0.0,-0.0818,0.1694,0.0232,0.0,0.0,0.0,0.0,0.0,1.0,0.0,0.0,0.0,0.0,0.0,0.0,0.0,0.0,0.0,1.0,0.0,1.0,-4.519096121800739,1.0,-22.004735774324207,1.0,62.08396974820327,1.0,-40.07923397387907,1.0,4.519096121800739,0.0,0.0,0.0,0.0,0.0,0.0,0.0,0.0,0.0,0.0,0.0,0.0,0.0,0.0,0.0,0.0,0.0,0.0,1.0,0.0,1.0,4.658295261345482,1.0,-43.05418876332863,1.0,67.4807539998381,1.0,-24.426565236509468,1.0,-4.658295261345482,0.0,0.0,0.0,0.0,0.0,0.0,0.0,0.0,0.0,0.0,0.0,0.0,0.0,0.0,0.0,0.0,0.0,0.0
0.0,0.0,0.0278,-0.0038,-9.8,4.1107,-7.8707,0.4011,0.0,0.0,0.0,0.0,0.0222,0.1623,0.019,0.0,0.0,0.0,0.0,0.0,1.0,0.0,0.0,0.0,0.0,0.0,0.0,0.0,0.0,0.0,1.0,0.0,1.0,-3.9929823671416065,1.0,-21.628815900791277,1.0,61.92455158860637,1.0,-40.295735687815096,1.0,3.9929823671416065,0.0,0.0,0.0,0.0,0.0,0.0,0.0,0.0,0.0,0.0,0.0,0.0,0.0,0.0,0.0,0.0,0.0,0.0,1.0,0.0,1.0,4.074739878964114,1.0,-42.31704417498273,1.0,65.58873199993452,1.0,-23.27168782495179,1.0,-4.074739878964114,0.0,0.0,0.0,0.0,0.0,0.0,0.0,0.0,0.0,0.0,0.0,0.0,0.0,0.0,0.0,0.0,0.0,0.0
0.0,0.0,0.0337,-0.0186,-9.7999,3.3541,-8.4645,0.6627,0.0,0.0,0.0,0.0,0.1088,0.1973,0.0208,0.0,0.0,0.0,0.0,0.0,1.0,0.0,0.0,0.0,0.0,0.0,0.0,0.0,0.0,0.0,1.0,0.0,1.0,-3.43812944895389,1.0,-21.292706138953186,1.0,61.778212240681306,1.0,-40.48550610172812,1.0,3.43812944895389,0.0,0.0,0.0,0.0,0.0,0.0,0.0,0.0,0.0,0.0,0.0,0.0,0.0,0.0,0.0,0.0,0.0,0.0,1.0,0.0,1.0,3.472411233706997,1.0,-41.492576411244634,1.0,63.60344143311688,1.0,-22.110865021872236,1.0,-3.472411233706997,0.0,0.0,0.0,0.0,0.0,0.0,0.0,0.0,0.0,0.0,0.0,0.0,0.0,0.0,0.0,0.0,0.0,0.0
0.0,0.0,0.0443,-0.0295,-9.7999,3.0437,-8.9898,0.4292,0.0,0.0,0.0,0.0,0.1725,0.2593,0.0245,0.0,0.0,0.0,0.0,0.0,1.0,0.0,0.0,0.0,0.0,0.0,0.0,0.0,0.0,0.0,1.0,0.0,1.0,-2.8537528925903186,1.0,-21.000421079306008,1.0,61.64806485943276,1.0,-40.64764378012675,1.0,2.8537528925903186,0.0,0.0,0.0,0.0,0.0,0.0,0.0,0.0,0.0,0.0,0.0,0.0,0.0,0.0,0.0,0.0,0.0,0.0,1.0,0.0,1.0,2.8537528925903186,1.0,-40.64764378012675,1.0,61.64806485943276,1.0,-21.000421079306008,1.0,-2.8537528925903186,0.0,0.0,0.0,0.0,0.0,0.0,0.0,0.0,0.0,0.0,0.0,0.0,0.0,0.0,0.0,0.0,0.0,0.0
0.0,0.0,0.0499,-0.0384,-9.7998,2.6338,-9.3783,0.2047,0.0,0.0,0.0,0.0,0.2248,0.2917,0.0259,0.0,0.0,0.0,0.0,0.0,1.0,0.0,0.0,0.0,0.0,0.0,0.0,0.0,0.0,0.0,1.0,0.0,1.0,-2.255856728424179,1.0,-20.762542906608683,1.0,61.54017715234333,1.0,-40.777634245734646,1.0,2.255856728424179,0.0,0.0,0.0,0.0,0.0,0.0,0.0,0.0,0.0,0.0,0.0,0.0,0.0,0.0,0.0,0.0,0.0,0.0,1.0,0.0,1.0,2.255856728424179,1.0,-40.777634245734646,1.0,61.54017715234333,1.0,-20.762542906608683,1.0,-2.255856728424179,0.0,0.0,0.0,0.0,0.0,0.0,0.0,0.0,0.0,0.0,0.0,0.0,0.0,0.0,0.0,0.0,0.0,0.0
0.0,0.0,0.0582,-0.045,-9.7997,1.145,-8.7817,1.343,0.0,0.0,0.0,0.0,0.2633,0.3405,0.0145,0.0,0.0,0.0,0.0,0.0,1.0,0.0,0.0,0.0,0.0,0.0,0.0,0.0,0.0,0.0,1.0,0.0,1.0,-1.6673677472111288,1.0,-20.585606011059472,1.0,61.45879241911037,1.0,-40.8731864080509,1.0,1.6673677472111288,0.0,0.0,0.0,0.0,0.0,0.0,0.0,0.0,0.0,0.0,0.0,0.0,0.0,0.0,0.0,0.0,0.0,0.0,1.0,0.0,1.0,1.6673677472111288,1.0,-40.8731864080509,1.0,61.45879241911037,1.0,-20.585606011059472,1.0,-1.6673677472111288,0.0,0.0,0.0,0.0,0.0,0.0,0.0,0.0,0.0,0.0,0.0,0.0,0.0,0.0,0.0,0.0,0.0,0.0
0.0,0.0,0.0624,-0.0389,-9.7997,-0.2686,-7.7311,1.5444,0.0,0.0,0.0,0.0,0.2277,0.3647,-0.0126,0.0,0.0,0.0,0.0,0.0,1.0,0.0,0.0,0.0,0.0,0.0,0.0,0.0,0.0,0.0,1.0,0.0,1.0,-1.0772318745150506,1.0,-20.462876470160367,1.0,61.40177465308481,1.0,-40.93889818292444,1.0,1.0772318745150506,0.0,0.0,0.0,0.0,0.0,0.0,0.0,0.0,0.0,0.0,0.0,0.0,0.0,0.0,0.0,0.0,0.0,0.0,1.0,0.0,1.0,1.0772318745150506,1.0,-40.93889818292444,1.0,61.40177465308481,1.0,-20.462876470160367,1.0,-1.0772318745150506,0.0,0.0,0.0,0.0,0.0,0.0,0.0,0.0,0.0,0.0,0.0,0.0,0.0,0.0,0.0,0.0,0.0,0.0
0.0,0.0,0.0562,-0.0303,-9.7998,-0.9157,-7.132,0.999,0.0,0.0,0.0,0.0,0.1774,0.3288,-0.026,0.0,0.0,0.0,0.0,0.0,1.0,0.0,0.0,0.0,0.0,0.0,0.0,0.0,0.0,0.0,1.0,0.0,1.0,-0.4292352889122648,1.0,-20.38944858497331,1.0,61.36744040819745,1.0,-40.97799182322415,1.0,0.4292352889122648,0.0,0.0,0.0,0.0,0.0,0.0,0.0,0.0,0.0,0.0,0.0,0.0,0.0,0.0,0.0,0.0,0.0,0.0,1.0,0.0,1.0,0.4292352889122648,1.0,-40.97799182322415,1.0,61.36744040819745,1.0,-20.389448584973305,1.0,-0.4292352889122648,0.0,0.0,0.0,0.0,0.0,0.0,0.0,0.0,0.0,0.0,0.0,0.0,0.0,0.0,0.0,0.0,0.0,0.0
0.0,0.0,0.0472,-0.0198,-9.7999,-1.0584,-7.0946,0.5403,0.0,0.0,0.0,0.0,0.1158,0.2758,-0.0357,0.0,0.0,0.0,0.0,0.0,1.0,0.0,0.0,0.0,0.0,0.0,0.0,0.0,0.0,0.0,1.0,0.0,1.0,0.18624416475843356,1.0,-20.378234505860988,1.0,61.362182261618486,1.0,-40.9839477557575,1.0,-0.18624416475843356,0.0,0.0,0.0,0.0,0.0,0.0,0.0,0.0,0.0,0.0,0.0,0.0,0.0,0.0,0.0,0.0,0.0,0.0,1.0,0.0,1.0,-0.18624416475843356,1.0,-40.9839477557575,1.0,61.362182261618486,1.0,-20.378234505860988,1.0,0.18624416475843356,0.0,0.0,0.0,0.0,0.0,0.0,0.0,0.0,0.0,0.0,0.0,0.0,0.0,0.0,0.0,0.0,0.0,0.0
0.0,0.0,0.0455,-0.0081,-9.7999,-0.782,-7.4154,0.2835,0.0,0.0,0.0,0.0,0.0473,0.2658,-0.0601,0.0,0.0,0.0,0.0,0.0,1.0,0.0,0.0,0.0,0.0,0.0,0.0,0.0,0.0,0.0,1.0,0.0,1.0,0.7886794180527965,1.0,-20.42232773100546,1.0,61.382834844139936,1.0,-40.96050711313447,1.0,-0.7886794180527965,0.0,0.0,0.0,0.0,0.0,0.0,0.0,0.0,0.0,0.0,0.0,0.0,0.0,0.0,0.0,0.0,0.0,0.0,1.0,0.0,1.0,-0.7886794180527965,1.0,-40.96050711313447,1.0,61.382834844139936,1.0,-20.42232773100546,1.0,0.7886794180527965,0.0,0.0,0.0,0.0,0.0,0.0,0.0,0.0,0.0,0.0,0.0,0.0,0.0,0.0,0.0,0.0,0.0,0.0
0.0,0.0,0.0439,0.0016,-9.7999,-0.4534,-7.5861,0.0214,0.0,0.0,0.0,0.0,-0.0095,0.2565,-0.0777,0.0,0.0,0.0,0.0,0.0,1.0,0.0,0.0,0.0,0.0,0.0,0.0,0.0,0.0,0.0,1.0,0.0,1.0,1.3955069620958507,1.0,-20.52236978819847,1.0,61.4294719119915,1.0,-40.90710212379303,1.0,-1.3955069620958507,0.0,0.0,0.0,0.0,0.0,0.0,0.0,0.0,0.0,0.0,0.0,0.0,0.0,0.0,0.0,0.0,0.0,0.0,1.0,0.0,1.0,-1.3955069620958507,1.0,-40.90710212379303,1.0,61.4294719119915,1.0,-20.52236978819847,1.0,1.3955069620958507,0.0,0.0,0.0,0.0,0.0,0.0,0.0,0.0,0.0,0.0,0.0,0.0,0.0,0.0,0.0,0.0,0.0,0.0
0.0,0.0,0.0322,0.012,-9.7999,-0.4227,-7.8897,-0.0768,0.0,0.0,0.0,0.0,-0.07,0.1883,-0.0836,0.0,0.0,0.0,0.0,0.0,1.0,0.0,0.0,0.0,0.0,0.0,0.0,0.0,0.0,0.0,1.0,0.0,1.0,2.025726841567998,1.0,-20.68673976269585,1.0,61.50542871941277,1.0,-40.818688956716926,1.0,-2.025726841567998,0.0,0.0,0.0,0.0,0.0,0.0,0.0,0.0,0.0,0.0,0.0,0.0,0.0,0.0,0.0,0.0,0.0,0.0,1.0,0.0,1.0,-2.025726841567998,1.0,-40.818688956716926,1.0,61.50542871941277,1.0,-20.68673976269585,1.0,2.025726841567998,0.0,0.0,0.0,0.0,0.0,0.0,0.0,0.0,0.0,0.0,0.0,0.0,0.0,0.0,0.0,0.0,0.0,0.0
0.0,0.0,0.0181,0.0247,-9.8,-0.2668,-9.4013,-0.0792,0.0,0.0,0.0,0.0,-0.1447,0.1056,-0.0789,0.0,0.0,0.0,0.0,0.0,1.0,0.0,0.0,0.0,0.0,0.0,0.0,0.0,0.0,0.0,1.0,0.0,1.0,2.6259914280643573,1.0,-20.902710822777713,1.0,61.60396188917055,1.0,-40.70125106639283,1.0,-2.6259914280643573,0.0,0.0,0.0,0.0,0.0,0.0,0.0,0.0,0.0,0.0,0.0,0.0,0.0,0.0,0.0,0.0,0.0,0.0,1.0,0.0,1.0,-2.6259914280643573,1.0,-40.701251066392835,1.0,61.60396188917055,1.0,-20.90271082277771,1.0,2.6259914280643573,0.0,0.0,0.0,0.0,0.0,0.0,0.0,0.0,0.0,0.0,0.0,0.0,0.0,0.0,0.0,0.0,0.0,0.0
0.0,0.0,0.0029,0.0412,-9.7999,-0.2565,-10.4286,-0.544,0.0,0.0,0.0,0.0,-0.2409,0.0169,-0.0723,0.0,0.0,0.0,0.0,0.0,1.0,0.0,0.0,0.0,0.0,0.0,0.0,0.0,0.0,0.0,1.0,0.0,1.0,3.2143351654378223,1.0,-21.622286016693252,1.0,62.742591024510226,1.0,-41.120305007816974,1.0,-3.2143351654378223,0.0,0.0,0.0,0.0,0.0,0.0,0.0,0.0,0.0,0.0,0.0,0.0,0.0,0.0,0.0,0.0,0.0,0.0,1.0,0.0,1.0,-3.196679504962306,1.0,-40.55693854753211,1.0,61.72146727003088,1.0,-21.164528722498762,1.0,3.196679504962306,0.0,0.0,0.0,0.0,0.0,0.0,0.0,0.0,0.0,0.0,0.0,0.0,0.0,0.0,0.0,0.0,0.0,0.0
0.0,0.0,-0.0128,0.0458,-9.7999,-1.1362,-10.3995,-1.5934,0.0,0.0,0.0,0.0,-0.2679,-0.0749,-0.0672,0.0,0.0,0.0,0.0,0.0,1.0,0.0,0.0,0.0,0.0,0.0,0.0,0.0,0.0,0.0,1.0,0.0,1.0,3.8248206850691244,1.0,-22.78641547470354,1.0,64.76902720681237,1.0,-41.98261173210883,1.0,-3.8248206850691244,0.0,0.0,0.0,0.0,0.0,0.0,0.0,0.0,0.0,0.0,0.0,0.0,0.0,0.0,0.0,0.0,0.0,0.0,1.0,0.0,1.0,-3.764228941578257,1.0,-40.3784806685006,1.0,61.86152049714942,1.0,-21.483039828648824,1.0,3.764228941578257,0.0,0.0,0.0,0.0,0.0,0.0,0.0,0.0,0.0,0.0,0.0,0.0,0.0,0.0,0.0,0.0,0.0,0.0
0.0,0.0,-0.024,0.0416,-9.7999,-1.726,-9.7439,-1.765,0.0,0.0,0.0,0.0,-0.2433,-0.1401,-0.0532,0.0,0.0,0.0,0.0,0.0,1.0,0.0,0.0,0.0,0.0,0.0,0.0,0.0,0.0,0.0,1.0,0.0,1.0,4.435831973420562,1.0,-23.982533987749708,1.0,66.76307327649693,1.0,-42.780539288747214,1.0,-4.435831973420562,0.0,0.0,0.0,0.0,0.0,0.0,0.0,0.0,0.0,0.0,0.0,0.0,0.0,0.0,0.0,0.0,0.0,0.0,1.0,0.0,1.0,-4.31984786848197,1.0,-40.16573115007554,1.0,62.02121786679689,1.0,-21.855486716721348,1.0,4.31984786848197,0.0,0.0,0.0,0.0,0.0,0.0,0.0,0.0,0.0,0.0,0.0,0.0,0.0,0.0,0.0,0.0,0.0,0.0
0.0,0.0,-0.051,0.0363,-9.7998,-1.1802,-8.9454,-1.2233,0.0,0.0,0.0,0.0,-0.2125,-0.298,-0.0138,0.0,0.0,0.0,0.0,0.0,1.0,0.0,0.0,0.0,0.0,0.0,0.0,0.0,0.0,0.0,1.0,0.0,1.0,5.0521137413071235,1.0,-25.224971253878593,1.0,68.74054663862577,1.0,-43.51557538474718,1.0,-5.0521137413071235,0.0,0.0,0.0,0.0,0.0,0.0,0.0,0.0,0.0,0.0,0.0,0.0,0.0,0.0,0.0,0.0,0.0,0.0,1.0,0.0,1.0,-4.867877518132791,1.0,-39.91347762626659,1.0,62.20083132756047,1.0,-22.287353701293878,1.0,4.867877518132791,0.0,0.0,0.0,0.0,0.0,0.0,0.0,0.0,0.0,0.0,0.0,0.0,0.0,0.0,0.0,0.0,0.0,0.0
0.0,0.0,-0.0875,0.0287,-9.7996,-0.4271,-7.6371,-1.0758,0.0,0.0,0.0,0.0,-0.1676,-0.5116,-0.001,0.0,0.0,0.0,0.0,0.0,1.0,0.0,0.0,0.0,0.0,0.0,0.0,0.0,0.0,0.0,1.0,0.0,1.0,5.652424661274785,1.0,-26.476002643152743,1.0,70.63522141989564,1.0,-44.15921877674291,1.0,-5.652424661274785,0.0,0.0,0.0,0.0,0.0,0.0,0.0,0.0,0.0,0.0,0.0,0.0,0.0,0.0,0.0,0.0,0.0,0.0,1.0,0.0,1.0,-5.389977392132058,1.0,-39.627212058949425,1.0,62.392571092943165,1.0,-22.76535903399373,1.0,5.389977392132058,0.0,0.0,0.0,0.0,0.0,0.0,0.0,0.0,0.0,0.0,0.0,0.0,0.0,0.0,0.0,0.0,0.0,0.0
0.0,0.0,-0.1328,0.0142,-9.7991,0.6746,-6.515,-0.8044,0.0,0.0,0.0,0.0,-0.0828,-0.7766,-0.0138,0.0,0.0,0.0,0.0,0.0,1.0,0.0,0.0,0.0,0.0,0.0,0.0,0.0,0.0,0.0,1.0,0.0,1.0,6.225415303309117,1.0,-27.714994460598913,1.0,72.41574684673792,1.0,-44.700752386138994,1.0,-6.225415303309117,0.0,0.0,0.0,0.0,0.0,0.0,0.0,0.0,0.0,0.0,0.0,0.0,0.0,0.0,0.0,0.0,0.0,0.0,1.0,0.0,1.0,-5.877749462016442,1.0,-39.31137813715819,1.0,62.59009054128891,1.0,-23.278712404130722,1.0,5.877749462016442,0.0,0.0,0.0,0.0,0.0,0.0,0.0,0.0,0.0,0.0,0.0,0.0,0.0,0.0,0.0,0.0,0.0,0.0
0.0,0.0,-0.1714,0.0076,-9.7985,1.455,-6.0064,-0.5175,0.0,0.0,0.0,0.0,-0.0443,-1.002,-0.0363,0.0,0.0,0.0,0.0,0.0,1.0,0.0,0.0,0.0,0.0,0.0,0.0,0.0,0.0,0.0,1.0,0.0,1.0,6.781529735156139,1.0,-28.968460878660384,1.0,74.11886862975679,1.0,-45.1504077510964,1.0,-6.781529735156139,0.0,0.0,0.0,0.0,0.0,0.0,0.0,0.0,0.0,0.0,0.0,0.0,0.0,0.0,0.0,0.0,0.0,0.0,1.0,0.0,1.0,-6.341508242718307,1.0,-38.95836572854594,1.0,62.79454934429686,1.0,-23.836183615750915,1.0,6.341508242718307,0.0,0.0,0.0,0.0,0.0,0.0,0.0,0.0,0.0,0.0,0.0,0.0,0.0,0.0,0.0,0.0,0.0,0.0
0.0,0.0,-0.1906,0.0145,-9.7981,2.1962,-5.8268,-0.5861,0.0,0.0,0.0,0.0,-0.0848,-1.1147,-0.05,0.0,0.0,0.0,0.0,0.0,1.0,0.0,0.0,0.0,0.0,0.0,0.0,0.0,0.0,0.0,1.0,0.0,1.0,7.288035291947332,1.0,-30.163925468861727,1.0,75.64962558568479,1.0,-45.48570011682306,1.0,-7.288035291947332,0.0,0.0,0.0,0.0,0.0,0.0,0.0,0.0,0.0,0.0,0.0,0.0,0.0,0.0,0.0,0.0,0.0,0.0,1.0,0.0,1.0,-6.755817677585544,1.0,-38.589276684156275,1.0,62.99110612162828,1.0,-24.401829437472003,1.0,6.755817677585544,0.0,0.0,0.0,0.0,0.0,0.0,0.0,0.0,0.0,0.0,0.0,0.0,0.0,0.0,0.0,0.0,0.0,0.0
0.0,0.0,-0.2053,0.0306,-9.7978,3.169,-5.8368,-0.7635,0.0,0.0,0.0,0.0,-0.1789,-1.2006,-0.054,0.0,0.0,0.0,0.0,0.0,1.0,0.0,0.0,0.0,0.0,0.0,0.0,0.0,0.0,0.0,1.0,0.0,1.0,7.797231635684462,1.0,-31.430777231805628,1.0,77.16979809434336,1.0,-45.739020862537735,1.0,-7.797231635684462,0.0,0.0,0.0,0.0,0.0,0.0,0.0,0.0,0.0,0.0,0.0,0.0,0.0,0.0,0.0,0.0,0.0,0.0,1.0,0.0,1.0,-7.1647465402212855,1.0,-38.1620921220807,1.0,63.19812567072583,1.0,-25.036033548645133,1.0,7.1647465402212855,0.0,0.0,0.0,0.0,0.0,0.0,0.0,0.0,0.0,0.0,0.0,0.0,0.0,0.0,0.0,0.0,0.0,0.0
0.0,0.0,-0.2167,0.0559,-9.7974,3.8439,-5.9722,-0.8429,0.0,0.0,0.0,0.0,-0.3266,-1.2672,-0.0631,0.0,0.0,0.0,0.0,0.0,1.0,0.0,0.0,0.0,0.0,0.0,0.0,0.0,0.0,0.0,1.0,0.0,1.0,8.259607262845805,1.0,-32.65372351066585,1.0,78.53470265164461,1.0,-45.88097914097875,1.0,-8.259607262845805,0.0,0.0,0.0,0.0,0.0,0.0,0.0,0.0,0.0,0.0,0.0,0.0,0.0,0.0,0.0,0.0,0.0,0.0,1.0,0.0,1.0,-7.52964137463617,1.0,-37.712555261344804,1.0,63.39389847317699,1.0,-25.681343211832186,1.0,7.52964137463617,0.0,0.0,0.0,0.0,0.0,0.0,0.0,0.0,0.0,0.0,0.0,0.0,0.0,0.0,0.0,0.0,0.0,0.0
0.0,0.0,-0.2145,0.0755,-9.7974,4.6277,-5.2586,-0.8941,0.0,0.0,0.0,0.0,-0.4414,-1.2541,-0.0734,0.0,0.0,0.0,0.0,0.0,1.0,0.0,0.0,0.0,0.0,0.0,0.0,0.0,0.0,0.0,1.0,0.0,1.0,8.664386588123483,1.0,-33.79904595369575,1.0,79.71805254757587,1.0,-45.91900659388012,1.0,-8.664386588123483,0.0,0.0,0.0,0.0,0.0,0.0,0.0,0.0,0.0,0.0,0.0,0.0,0.0,0.0,0.0,0.0,0.0,0.0,1.0,0.0,1.0,-7.844169121491941,1.0,-37.25618558008631,1.0,63.5711032122692,1.0,-26.314917632182897,1.0,7.844169121491941,0.0,0.0,0.0,0.0,0.0,0.0,0.0,0.0,0.0,0.0,0.0,0.0,0.0,0.0,0.0,0.0,0.0,0.0
0.0,0.0,-0.2109,0.0811,-9.7974,5.2705,-4.9912,-0.765,0.0,0.0,0.0,0.0,-0.4743,-1.2331,-0.0812,0.0,0.0,0.0,0.0,0.0,1.0,0.0,0.0,0.0,0.0,0.0,0.0,0.0,0.0,0.0,1.0,0.0,1.0,9.04225681118884,1.0,-34.95349330964833,1.0,80.8134532481809,1.0,-45.859959938532576,1.0,-9.04225681118884,0.0,0.0,0.0,0.0,0.0,0.0,0.0,0.0,0.0,0.0,0.0,0.0,0.0,0.0,0.0,0.0,0.0,0.0,1.0,0.0,1.0,-8.13373453420594,1.0,-36.75873839919369,1.0,63.741238956997364,1.0,-26.98250055780368,1.0,8.13373453420594,0.0,0.0,0.0,0.0,0.0,0.0,0.0,0.0,0.0,0.0,0.0,0.0,0.0,0.0,0.0,0.0,0.0,0.0
0.0,0.0,-0.2056,0.0855,-9.7975,5.8197,-4.6509,-0.3789,0.0,0.0,0.0,0.0,-0.4999,-1.2022,-0.0884,0.0,0.0,0.0,0.0,0.0,1.0,0.0,0.0,0.0,0.0,0.0,0.0,0.0,0.0,0.0,1.0,0.0,1.0,9.383699932964147,1.0,-36.09645921727736,1.0,81.79587601746047,1.0,-45.699416800183116,1.0,-9.383699932964147,0.0,0.0,0.0,0.0,0.0,0.0,0.0,0.0,0.0,0.0,0.0,0.0,0.0,0.0,0.0,0.0,0.0,0.0,1.0,0.0,1.0,-8.392085202215549,1.0,-36.22560452614152,1.0,63.89875091080973,1.0,-27.673146384668215,1.0,8.392085202215549,0.0,0.0,0.0,0.0,0.0,0.0,0.0,0.0,0.0,0.0,0.0,0.0,0.0,0.0,0.0,0.0,0.0,0.0
0.0,0.0,-0.2003,0.0838,-9.7976,6.1672,-4.4707,-0.5514,0.0,0.0,0.0,0.0,-0.4902,-1.1713,-0.0986,0.0,0.0,0.0,0.0,0.0,1.0,0.0,0.0,0.0,0.0,0.0,0.0,0.0,0.0,0.0,1.0,0.0,1.0,9.677333094062737,1.0,-37.19246801086842,1.0,82.63535843560916,1.0,-45.44289042474075,1.0,-9.677333094062737,0.0,0.0,0.0,0.0,0.0,0.0,0.0,0.0,0.0,0.0,0.0,0.0,0.0,0.0,0.0,0.0,0.0,0.0,1.0,0.0,1.0,-8.611800003995384,1.0,-35.6719787125783,1.0,64.03698803676987,1.0,-28.36500932419157,1.0,8.611800003995384,0.0,0.0,0.0,0.0,0.0,0.0,0.0,0.0,0.0,0.0,0.0,0.0,0.0,0.0,0.0,0.0,0.0,0.0
0.0,0.0,-0.197,0.0807,-9.7977,6.647,-4.2265,-0.6207,0.0,0.0,0.0,0.0,-0.4718,-1.1519,-0.1114,0.0,0.0,0.0,0.0,0.0,1.0,0.0,0.0,0.0,0.0,0.0,0.0,0.0,0.0,0.0,1.0,0.0,1.0,9.937821647562036,1.0,-38.306768894432025,1.0,83.37607322439034,1.0,-45.069304329958314,1.0,-9.937821647562036,0.0,0.0,0.0,0.0,0.0,0.0,0.0,0.0,0.0,0.0,0.0,0.0,0.0,0.0,0.0,0.0,0.0,0.0,1.0,0.0,1.0,-8.80484006596735,1.0,-35.060590867953124,1.0,64.16171643925378,1.0,-29.101125571300656,1.0,8.80484006596735,0.0,0.0,0.0,0.0,0.0,0.0,0.0,0.0,0.0,0.0,0.0,0.0,0.0,0.0,0.0,0.0,0.0,0.0
0.0,0.0,-0.1891,0.0714,-9.7979,6.8131,-3.5247,-0.2105,0.0,0.0,0.0,0.0,-0.4176,-1.1055,-0.1192,0.0,0.0,0.0,0.0,0.0,1.0,0.0,0.0,0.0,0.0,0.0,0.0,0.0,0.0,0.0,1.0,0.0,1.0,10.147647381861441,1.0,-39.38216246280608,1.0,83.97007442556446,1.0,-44.58791196275839,1.0,-10.147647381861441,0.0,0.0,0.0,0.0,0.0,0.0,0.0,0.0,0.0,0.0,0.0,0.0,0.0,0.0,0.0,0.0,0.0,0.0,1.0,0.0,1.0,-8.959072361005948,1.0,-34.41633914134132,1.0,64.26358678603825,1.0,-29.847247644696925,1.0,8.959072361005948,0.0,0.0,0.0,0.0,0.0,0.0,0.0,0.0,0.0,0.0,0.0,0.0,0.0,0.0,0.0,0.0,0.0,0.0
0.0,0.0,-0.1717,0.0604,-9.7983,6.8035,-3.5128,-0.1414,0.0,0.0,0.0,0.0,-0.3532,-1.0041,-0.1214,0.0,0.0,0.0,0.0,0.0,1.0,0.0,0.0,0.0,0.0,0.0,0.0,0.0,0.0,0.0,1.0,0.0,1.0,10.297576909363235,1.0,-40.36411501125266,1.0,84.3931049220442,1.0,-44.028989910791545,1.0,-10.297576909363235,0.0,0.0,0.0,0.0,0.0,0.0,0.0,0.0,0.0,0.0,0.0,0.0,0.0,0.0,0.0,0.0,0.0,0.0,1.0,0.0,1.0,-9.068595589996923,1.0,-33.77225211067077,1.0,64.33712942507891,1.0,-30.56487731440814,1.0,9.068595589996923,0.0,0.0,0.0,0.0,0.0,0.0,0.0,0.0,0.0,0.0,0.0,0.0,0.0,0.0,0.0,0.0,0.0,0.0
0.0,0.0,-0.1485,0.0575,-9.7987,6.7041,-3.3371,-0.0892,0.0,0.0,0.0,0.0,-0.3363,-0.868,-0.1184,0.0,0.0,0.0,0.0,0.0,1.0,0.0,0.0,0.0,0.0,0.0,0.0,0.0,0.0,0.0,1.0,0.0,1.0,10.396180130031434,1.0,-41.30110172707394,1.0,84.67069001584777,1.0,-43.36958828877383,1.0,-10.396180130031434,0.0,0.0,0.0,0.0,0.0,0.0,0.0,0.0,0.0,0.0,0.0,0.0,0.0,0.0,0.0,0.0,0.0,0.0,1.0,0.0,1.0,-9.140317694370346,1.0,-33.09632674276725,1.0,64.38583292708704,1.0,-31.289506184319777,1.0,9.140317694370346,0.0,0.0,0.0,0.0,0.0,0.0,0.0,0.0,0.0,0.0,0.0,0.0,0.0,0.0,0.0,0.0,0.0,0.0
0.0,0.0,-0.1229,0.0506,-9.7991,6.8772,-2.7181,-0.0033,0.0,0.0,0.0,0.0,-0.2957,-0.7187,-0.1076,0.0,0.0,0.0,0.0,0.0,1.0,0.0,0.0,0.0,0.0,0.0,0.0,0.0,0.0,0.0,1.0,0.0,1.0,10.438855919935847,1.0,-42.132275664938,1.0,84.79067763157,1.0,-42.658401966632006,1.0,-10.438855919935847,0.0,0.0,0.0,0.0,0.0,0.0,0.0,0.0,0.0,0.0,0.0,0.0,0.0,0.0,0.0,0.0,0.0,0.0,1.0,0.0,1.0,-9.171284051139594,1.0,-32.43309259384731,1.0,64.40699423272366,1.0,-31.973901638876352,1.0,9.171284051139594,0.0,0.0,0.0,0.0,0.0,0.0,0.0,0.0,0.0,0.0,0.0,0.0,0.0,0.0,0.0,0.0,0.0,0.0
0.0,0.0,-0.0932,0.0381,-9.7995,7.0592,-2.0379,0.1101,0.0,0.0,0.0,0.0,-0.2227,-0.5451,-0.0797,0.0,0.0,0.0,0.0,0.0,1.0,0.0,0.0,0.0,0.0,0.0,0.0,0.0,0.0,0.0,1.0,0.0,1.0,10.43006990265212,1.0,-42.90804037637716,1.0,84.76598225490876,1.0,-41.85794187853161,1.0,-10.43006990265212,0.0,0.0,0.0,0.0,0.0,0.0,0.0,0.0,0.0,0.0,0.0,0.0,0.0,0.0,0.0,0.0,0.0,0.0,1.0,0.0,1.0,-9.1649124559515,1.0,-31.74298781374186,1.0,64.40263353192049,1.0,-32.65964571817863,1.0,9.1649124559515,0.0,0.0,0.0,0.0,0.0,0.0,0.0,0.0,0.0,0.0,0.0,0.0,0.0,0.0,0.0,0.0,0.0,0.0
0.0,0.0,-0.0679,0.0252,-9.7997,7.3639,-1.4902,0.245,0.0,0.0,0.0,0.0,-0.1473,-0.397,-0.0546,0.0,0.0,0.0,0.0,0.0,1.0,0.0,0.0,0.0,0.0,0.0,0.0,0.0,0.0,0.0,1.0,0.0,1.0,10.367384374162363,1.0,-43.61440563591933,1.0,84.58967587333748,1.0,-40.97527023741815,1.0,-10.367384374162363,0.0,0.0,0.0,0.0,0.0,0.0,0.0,0.0,0.0,0.0,0.0,0.0,0.0,0.0,0.0,0.0,0.0,0.0,1.0,0.0,1.0,-9.119397316284381,1.0,-31.032507685420626,1.0,64.37158223313762,1.0,-33.339074547717,1.0,9.119397316284381,0.0,0.0,0.0,0.0,0.0,0.0,0.0,0.0,0.0,0.0,0.0,0.0,0.0,0.0,0.0,0.0,0.0,0.0
0.0,0.0,-0.0545,0.0138,-9.7998,7.4208,-1.0048,0.2153,0.0,0.0,0.0,0.0,-0.0809,-0.3188,-0.0457,0.0,0.0,0.0,0.0,0.0,1.0,0.0,0.0,0.0,0.0,0.0,0.0,0.0,0.0,0.0,1.0,0.0,1.0,10.256964328292792,1.0,-44.21074497732494,1.0,84.27862963146032,1.0,-40.067884654135376,1.0,-10.256964328292792,0.0,0.0,0.0,0.0,0.0,0.0,0.0,0.0,0.0,0.0,0.0,0.0,0.0,0.0,0.0,0.0,0.0,0.0,1.0,0.0,1.0,-9.038984007924752,1.0,-30.344305353101444,1.0,64.31714703189036,1.0,-33.972841678788924,1.0,9.038984007924752,0.0,0.0,0.0,0.0,0.0,0.0,0.0,0.0,0.0,0.0,0.0,0.0,0.0,0.0,0.0,0.0,0.0,0.0
0.0,0.0,-0.0444,0.0045,-9.7999,7.0656,-0.5511,0.0638,0.0,0.0,0.0,0.0,-0.0265,-0.2594,-0.0497,0.0,0.0,0.0,0.0,0.0,1.0,0.0,0.0,0.0,0.0,0.0,0.0,0.0,0.0,0.0,1.0,0.0,1.0,10.099560466872878,1.0,-44.71978598935427,1.0,83.83414891052288,1.0,-39.11436292116862,1.0,-10.099560466872878,0.0,0.0,0.0,0.0,0.0,0.0,0.0,0.0,0.0,0.0,0.0,0.0,0.0,0.0,0.0,0.0,0.0,0.0,1.0,0.0,1.0,-8.923824863781284,1.0,-29.657844999696483,1.0,64.24013156581137,1.0,-34.58228656611489,1.0,8.923824863781284,0.0,0.0,0.0,0.0,0.0,0.0,0.0,0.0,0.0,0.0,0.0,0.0,0.0,0.0,0.0,0.0,0.0,0.0
0.0,0.0,-0.0196,-0.0087,-9.8,6.0463,0.9542,0.2243,0.0,0.0,0.0,0.0,0.0506,-0.1148,-0.0568,0.0,0.0,0.0,0.0,0.0,1.0,0.0,0.0,0.0,0.0,0.0,0.0,0.0,0.0,0.0,1.0,0.0,1.0,9.59674469052498,1.0,-45.52720906195524,1.0,82.40544407399199,1.0,-36.878235012036754,1.0,-9.59674469052498,0.0,0.0,0.0,0.0,0.0,0.0,0.0,0.0,0.0,0.0,0.0,0.0,0.0,0.0,0.0,0.0,0.0,0.0,1.0,0.0,1.0,-8.551722978356567,1.0,-28.163539266465772,1.0,63.99879675051606,1.0,-35.83525748405029,1.0,8.551722978356567,0.0,0.0,0.0,0.0,0.0,0.0,0.0,0.0,0.0,0.0,0.0,0.0,0.0,0.0,0.0,0.0,0.0,0.0
0.0,0.0,-0.0146,-0.0242,-9.8,6.3085,1.8394,0.29,0.0,0.0,0.0,0.0,0.1414,-0.0851,-0.0545,0.0,0.0,0.0,0.0,0.0,1.0,0.0,0.0,0.0,0.0,0.0,0.0,0.0,0.0,0.0,1.0,0.0,1.0,9.277565861840957,1.0,-45.76259182888368,1.0,81.49123224133939,1.0,-35.72864041245571,1.0,-9.277565861840957,0.0,0.0,0.0,0.0,0.0,0.0,0.0,0.0,0.0,0.0,0.0,0.0,0.0,0.0,0.0,0.0,0.0,0.0,1.0,0.0,1.0,-8.31211150673384,1.0,-27.44756442554316,1.0,63.84941304402261,1.0,-36.40184861847945,1.0,8.31211150673384,0.0,0.0,0.0,0.0,0.0,0.0,0.0,0.0,0.0,0.0,0.0,0.0,0.0,0.0,0.0,0.0,0.0,0.0
0.0,0.0,-0.0175,-0.0339,-9.7999,6.5384,2.2171,0.3766,0.0,0.0,0.0,0.0,0.1984,-0.1023,-0.0435,0.0,0.0,0.0,0.0,0.0,1.0,0.0,0.0,0.0,0.0,0.0,0.0,0.0,0.0,0.0,1.0,0.0,1.0,8.906162799478624,1.0,-45.89353184652565,1.0,80.41994038410787,1.0,-34.526408537582235,1.0,-8.906162799478624,0.0,0.0,0.0,0.0,0.0,0.0,0.0,0.0,0.0,0.0,0.0,0.0,0.0,0.0,0.0,0.0,0.0,0.0,1.0,0.0,1.0,-8.029890341174402,1.0,-26.73209109787614,1.0,63.67944916058767,1.0,-36.94735806271154,1.0,8.029890341174402,0.0,0.0,0.0,0.0,0.0,0.0,0.0,0.0,0.0,0.0,0.0,0.0,0.0,0.0,0.0,0.0,0.0,0.0
0.0,0.0,-0.0175,-0.0339,-9.7999,6.5384,2.2171,0.3766,0.0,0.0,0.0,0.0,0.1984,-0.1023,-0.0435,0.0,0.0,0.0,0.0,0.0,1.0,0.0,0.0,0.0,0.0,0.0,0.0,0.0,0.0,0.0,1.0,0.0,1.0,8.906162799478624,1.0,-45.89353184652565,1.0,80.41994038410787,1.0,-34.526408537582235,1.0,-8.906162799478624,0.0,0.0,0.0,0.0,0.0,0.0,0.0,0.0,0.0,0.0,0.0,0.0,0.0,0.0,0.0,0.0,0.0,0.0,1.0,0.0,1.0,-8.029890341174402,1.0,-26.73209109787614,1.0,63.67944916058767,1.0,-36.94735806271154,1.0,8.029890341174402,0.0,0.0,0.0,0.0,0.0,0.0,0.0,0.0,0.0,0.0,0.0,0.0,0.0,0.0,0.0,0.0,0.0,0.0
0.0,0.0,-0.0104,-0.0351,-9.7999,6.2041,2.861,0.6825,0.0,0.0,0.0,0.0,0.2054,-0.0609,-0.0314,0.0,0.0,0.0,0.0,0.0,1.0,0.0,0.0,0.0,0.0,0.0,0.0,0.0,0.0,0.0,1.0,0.0,1.0,8.508256117648758,1.0,-45.91523865289756,1.0,79.26285681977352,1.0,-33.34761816687596,1.0,-8.508256117648758,0.0,0.0,0.0,0.0,0.0,0.0,0.0,0.0,0.0,0.0,0.0,0.0,0.0,0.0,0.0,0.0,0.0,0.0,1.0,0.0,1.0,-7.723387213347504,1.0,-26.061811413247973,1.0,63.50212330996797,1.0,-37.44031189672,1.0,7.723387213347504,0.0,0.0,0.0,0.0,0.0,0.0,0.0,0.0,0.0,0.0,0.0,0.0,0.0,0.0,0.0,0.0,0.0,0.0
0.0,0.0,-0.0039,-0.0441,-9.7999,5.9597,4.3769,1.025,0.0,0.0,0.0,0.0,0.2579,-0.0226,-0.0372,0.0,0.0,0.0,0.0,0.0,1.0,0.0,0.0,0.0,0.0,0.0,0.0,0.0,0.0,0.0,1.0,0.0,1.0,8.09316181335117,1.0,-45.84074960449759,1.0,78.04501760087382,1.0,-32.20426799637624,1.0,-8.09316181335117,0.0,0.0,0.0,0.0,0.0,0.0,0.0,0.0,0.0,0.0,0.0,0.0,0.0,0.0,0.0,0.0,0.0,0.0,1.0,0.0,1.0,-7.398983072842836,1.0,-25.440433677338532,1.0,63.32259277581947,1.0,-37.88215909848094,1.0,7.398983072842836,0.0,0.0,0.0,0.0,0.0,0.0,0.0,0.0,0.0,0.0,0.0,0.0,0.0,0.0,0.0,0.0,0.0,0.0
0.0,0.0,-0.0106,-0.0548,-9.7998,5.5857,5.0259,0.6673,0.0,0.0,0.0,0.0,0.3206,-0.0621,-0.0525,0.0,0.0,0.0,0.0,0.0,1.0,0.0,0.0,0.0,0.0,0.0,0.0,0.0,0.0,0.0,1.0,0.0,1.0,7.646582485142792,1.0,-45.67375204821021,1.0,76.72194574658499,1.0,-31.04819369837478,1.0,-7.646582485142792,0.0,0.0,0.0,0.0,0.0,0.0,0.0,0.0,0.0,0.0,0.0,0.0,0.0,0.0,0.0,0.0,0.0,0.0,1.0,0.0,1.0,-7.04454334885888,1.0,-24.840800049414913,1.0,63.13592206747951,1.0,-38.295122018064596,1.0,7.04454334885888,0.0,0.0,0.0,0.0,0.0,0.0,0.0,0.0,0.0,0.0,0.0,0.0,0.0,0.0,0.0,0.0,0.0,0.0
0.0,0.0,-0.02,-0.0566,-9.7998,5.1947,5.6424,0.6457,0.0,0.0,0.0,0.0,0.331,-0.1169,-0.065,0.0,0.0,0.0,0.0,0.0,1.0,0.0,0.0,0.0,0.0,0.0,0.0,0.0,0.0,0.0,1.0,0.0,1.0,7.134073485491462,1.0,-45.39192636649675,1.0,75.18632899829458,1.0,-29.79440263179783,1.0,-7.134073485491462,0.0,0.0,0.0,0.0,0.0,0.0,0.0,0.0,0.0,0.0,0.0,0.0,0.0,0.0,0.0,0.0,0.0,0.0,1.0,0.0,1.0,-6.630684431548645,1.0,-24.223530974480685,1.0,62.93034847316087,1.0,-38.70681749868019,1.0,6.630684431548645,0.0,0.0,0.0,0.0,0.0,0.0,0.0,0.0,0.0,0.0,0.0,0.0,0.0,0.0,0.0,0.0,0.0,0.0
0.0,0.0,-0.0217,-0.0498,-9.7998,4.9961,5.7739,0.388,0.0,0.0,0.0,0.0,0.291,-0.1266,-0.0661,0.0,0.0,0.0,0.0,0.0,1.0,0.0,0.0,0.0,0.0,0.0,0.0,0.0,0.0,0.0,1.0,0.0,1.0,6.5899388907530945,1.0,-45.00454006893109,1.0,73.53482028919605,1.0,-28.530280220264956,1.0,-6.5899388907530945,0.0,0.0,0.0,0.0,0.0,0.0,0.0,0.0,0.0,0.0,0.0,0.0,0.0,0.0,0.0,0.0,0.0,0.0,1.0,0.0,1.0,-6.18279454134318,1.0,-23.63707492790787,1.0,62.72273639879158,1.0,-39.08566147088371,1.0,6.18279454134318,0.0,0.0,0.0,0.0,0.0,0.0,0.0,0.0,0.0,0.0,0.0,0.0,0.0,0.0,0.0,0.0,0.0,0.0
0.0,0.0,-0.015,-0.0294,-9.7999,4.6234,6.0078,0.6098,0.0,0.0,0.0,0.0,0.1718,-0.0878,-0.0584,0.0,0.0,0.0,0.0,0.0,1.0,0.0,0.0,0.0,0.0,0.0,0.0,0.0,0.0,0.0,1.0,0.0,1.0,6.06967833876389,1.0,-44.56103268494525,1.0,71.93443833287921,1.0,-27.37340564793396,1.0,-6.06967833876389,0.0,0.0,0.0,0.0,0.0,0.0,0.0,0.0,0.0,0.0,0.0,0.0,0.0,0.0,0.0,0.0,0.0,0.0,1.0,0.0,1.0,-5.7461827097137,1.0,-23.13335130394442,1.0,62.5350525660709,1.0,-39.40170126212648,1.0,5.7461827097137,0.0,0.0,0.0,0.0,0.0,0.0,0.0,0.0,0.0,0.0,0.0,0.0,0.0,0.0,0.0,0.0,0.0,0.0
0.0,0.0,-0.0054,-0.0143,-9.8,4.4876,6.7062,0.7276,0.0,0.0,0.0,0.0,0.0837,-0.0314,-0.0537,0.0,0.0,0.0,0.0,0.0,1.0,0.0,0.0,0.0,0.0,0.0,0.0,0.0,0.0,0.0,1.0,0.0,1.0,5.5153402769367705,1.0,-44.01884773841297,1.0,70.20524351832695,1.0,-26.186395779913973,1.0,-5.5153402769367705,0.0,0.0,0.0,0.0,0.0,0.0,0.0,0.0,0.0,0.0,0.0,0.0,0.0,0.0,0.0,0.0,0.0,0.0,1.0,0.0,1.0,-5.271759946948417,1.0,-22.651004332945213,1.0,62.3473819367882,1.0,-39.69637760384298,1.0,5.271759946948417,0.0,0.0,0.0,0.0,0.0,0.0,0.0,0.0,0.0,0.0,0.0,0.0,0.0,0.0,0.0,0.0,0.0,0.0
0.0,0.0,0.0083,-0.0091,-9.8,3.8461,7.9038,0.735,0.0,0.0,0.0,0.0,0.0532,0.0483,-0.0534,0.0,0.0,0.0,0.0,0.0,1.0,0.0,0.0,0.0,0.0,0.0,0.0,0.0,0.0,0.0,1.0,0.0,1.0,4.93340205640636,1.0,-43.37965768360751,1.0,68.36222326238197,1.0,-24.982565578774466,1.0,-4.93340205640636,0.0,0.0,0.0,0.0,0.0,0.0,0.0,0.0,0.0,0.0,0.0,0.0,0.0,0.0,0.0,0.0,0.0,0.0,1.0,0.0,1.0,-4.763269118806804,1.0,-22.199647606904403,1.0,62.1648414533824,1.0,-39.965193846478,1.0,4.763269118806804,0.0,0.0,0.0,0.0,0.0,0.0,0.0,0.0,0.0,0.0,0.0,0.0,0.0,0.0,0.0,0.0,0.0,0.0
0.0,0.0,0.0238,-0.0081,-9.8,3.5796,8.4851,0.825,0.0,0.0,0.0,0.0,0.0476,0.1389,-0.0472,0.0,0.0,0.0,0.0,0.0,1.0,0.0,0.0,0.0,0.0,0.0,0.0,0.0,0.0,0.0,1.0,0.0,1.0,4.2976738723547445,1.0,-42.605990979249526,1.0,66.31514316525741,1.0,-23.709152186007884,1.0,-4.2976738723547445,0.0,0.0,0.0,0.0,0.0,0.0,0.0,0.0,0.0,0.0,0.0,0.0,0.0,0.0,0.0,0.0,0.0,0.0,1.0,0.0,1.0,-4.195292020894822,1.0,-21.766500099948804,1.0,61.98346393000199,1.0,-40.21696383005319,1.0,4.195292020894822,0.0,0.0,0.0,0.0,0.0,0.0,0.0,0.0,0.0,0.0,0.0,0.0,0.0,0.0,0.0,0.0,0.0,0.0
0.0,0.0,0.0393,-0.0062,-9.7999,3.6478,9.148,0.8622,0.0,0.0,0.0,0.0,0.0361,0.2298,-0.0316,0.0,0.0,0.0,0.0,0.0,1.0,0.0,0.0,0.0,0.0,0.0,0.0,0.0,0.0,0.0,1.0,0.0,1.0,3.7020725560857777,1.0,-41.81435423469248,1.0,64.36433696471418,1.0,-22.549982730021704,1.0,-3.7020725560857777,0.0,0.0,0.0,0.0,0.0,0.0,0.0,0.0,0.0,0.0,0.0,0.0,0.0,0.0,0.0,0.0,0.0,0.0,1.0,0.0,1.0,-3.6511158055118824,1.0,-21.414731252375574,1.0,61.831753584235635,1.0,-40.41702233186007,1.0,3.6511158055118824,0.0,0.0,0.0,0.0,0.0,0.0,0.0,0.0,0.0,0.0,0.0,0.0,0.0,0.0,0.0,0.0,0.0,0.0
0.0,0.0,0.0443,-0.0018,-9.7999,3.7245,9.7114,0.481,0.0,0.0,0.0,0.0,0.0103,0.2592,-0.0192,0.0,0.0,0.0,0.0,0.0,1.0,0.0,0.0,0.0,0.0,0.0,0.0,0.0,0.0,0.0,1.0,0.0,1.0,3.091454513474069,1.0,-40.93913218652789,1.0,62.33053612585742,1.0,-21.391403939329532,1.0,-3.091454513474069,0.0,0.0,0.0,0.0,0.0,0.0,0.0,0.0,0.0,0.0,0.0,0.0,0.0,0.0,0.0,0.0,0.0,0.0,1.0,0.0,1.0,-3.080926697445321,1.0,-21.10681419610956,1.0,61.6957485425515,1.0,-40.58893434644193,1.0,3.080926697445321,0.0,0.0,0.0,0.0,0.0,0.0,0.0,0.0,0.0,0.0,0.0,0.0,0.0,0.0,0.0,0.0,0.0,0.0
0.0,0.0,0.0457,0.0087,-9.7999,3.3152,9.9309,0.0979,0.0,0.0,0.0,0.0,-0.0506,0.2671,-0.0115,0.0,0.0,0.0,0.0,0.0,1.0,0.0,0.0,0.0,0.0,0.0,0.0,0.0,0.0,0.0,1.0,0.0,1.0,2.4588473372326636,1.0,-40.73735675386971,1.0,61.573950700353976,1.0,-20.836593946484268,1.0,-2.4588473372326636,0.0,0.0,0.0,0.0,0.0,0.0,0.0,0.0,0.0,0.0,0.0,0.0,0.0,0.0,0.0,0.0,0.0,0.0,1.0,0.0,1.0,-2.4588473372326636,1.0,-20.836593946484268,1.0,61.573950700353976,1.0,-40.73735675386971,1.0,2.4588473372326636,0.0,0.0,0.0,0.0,0.0,0.0,0.0,0.0,0.0,0.0,0.0,0.0,0.0,0.0,0.0,0.0,0.0,0.0
0.0,0.0,0.0555,0.0258,-9.7998,1.6578,9.3368,1.2742,0.0,0.0,0.0,0.0,-0.151,0.3247,-0.0022,0.0,0.0,0.0,0.0,0.0,1.0,0.0,0.0,0.0,0.0,0.0,0.0,0.0,0.0,0.0,1.0,0.0,1.0,1.8515119970821998,1.0,-40.84659529976116,1.0,61.481620933262256,1.0,-20.635025633501094,1.0,-1.8515119970821998,0.0,0.0,0.0,0.0,0.0,0.0,0.0,0.0,0.0,0.0,0.0,0.0,0.0,0.0,0.0,0.0,0.0,0.0,1.0,0.0,1.0,-1.8515119970821998,1.0,-20.635025633501094,1.0,61.481620933262256,1.0,-40.84659529976116,1.0,1.8515119970821998,0.0,0.0,0.0,0.0,0.0,0.0,0.0,0.0,0.0,0.0,0.0,0.0,0.0,0.0,0.0,0.0,0.0,0.0
0.0,0.0,0.0691,0.0292,-9.7997,0.0761,8.2737,1.8014,0.0,0.0,0.0,0.0,-0.1707,0.404,0.036,0.0,0.0,0.0,0.0,0.0,1.0,0.0,0.0,0.0,0.0,0.0,0.0,0.0,0.0,0.0,1.0,0.0,1.0,1.2370743168997436,1.0,-40.92398405768551,1.0,61.41479153891256,1.0,-20.490807481227055,1.0,-1.2370743168997436,0.0,0.0,0.0,0.0,0.0,0.0,0.0,0.0,0.0,0.0,0.0,0.0,0.0,0.0,0.0,0.0,0.0,0.0,1.0,0.0,1.0,-1.2370743168997436,1.0,-20.490807481227055,1.0,61.41479153891256,1.0,-40.92398405768551,1.0,1.2370743168997436,0.0,0.0,0.0,0.0,0.0,0.0,0.0,0.0,0.0,0.0,0.0,0.0,0.0,0.0,0.0,0.0,0.0,0.0
0.0,0.0,0.0731,0.0246,-9.7997,-0.8143,7.5854,1.1972,0.0,0.0,0.0,0.0,-0.1437,0.4272,0.0727,0.0,0.0,0.0,0.0,0.0,1.0,0.0,0.0,0.0,0.0,0.0,0.0,0.0,0.0,0.0,1.0,0.0,1.0,0.5879503514815474,1.0,-40.97155260666331,1.0,61.373117070202866,1.0,-20.401564463539557,1.0,-0.5879503514815474,0.0,0.0,0.0,0.0,0.0,0.0,0.0,0.0,0.0,0.0,0.0,0.0,0.0,0.0,0.0,0.0,0.0,0.0,1.0,0.0,1.0,-0.5879503514815474,1.0,-20.401564463539557,1.0,61.373117070202866,1.0,-40.97155260666331,1.0,0.5879503514815474,0.0,0.0,0.0,0.0,0.0,0.0,0.0,0.0,0.0,0.0,0.0,0.0,0.0,0.0,0.0,0.0,0.0,0.0
0.0,0.0,0.0692,0.0164,-9.7997,-1.1389,7.3784,0.6752,0.0,0.0,0.0,0.0,-0.0959,0.4044,0.1008,0.0,0.0,0.0,0.0,0.0,1.0,0.0,0.0,0.0,0.0,0.0,0.0,0.0,0.0,0.0,1.0,0.0,1.0,-0.034929877470588164,1.0,-40.98527933366535,1.0,61.36100569703655,1.0,-20.375726363371193,1.0,0.034929877470588164,0.0,0.0,0.0,0.0,0.0,0.0,0.0,0.0,0.0,0.0,0.0,0.0,0.0,0.0,0.0,0.0,0.0,0.0,1.0,0.0,1.0,0.034929877470588164,1.0,-20.375726363371193,1.0,61.36100569703655,1.0,-40.98527933366535,1.0,-0.034929877470588164,0.0,0.0,0.0,0.0,0.0,0.0,0.0,0.0,0.0,0.0,0.0,0.0,0.0,0.0,0.0,0.0,0.0,0.0
0.0,0.0,0.0685,0.0069,-9.7998,-1.0326,7.5427,0.3448,0.0,0.0,0.0,0.0,-0.0403,0.4005,0.1479,0.0,0.0,0.0,0.0,0.0,1.0,0.0,0.0,0.0,0.0,0.0,0.0,0.0,0.0,0.0,1.0,0.0,1.0,-0.635982568994898,1.0,-40.969205250546864,1.0,61.375184341477315,1.0,-20.405979090930455,1.0,0.635982568994898,0.0,0.0,0.0,0.0,0.0,0.0,0.0,0.0,0.0,0.0,0.0,0.0,0.0,0.0,0.0,0.0,0.0,0.0,1.0,0.0,1.0,0.635982568994898,1.0,-20.405979090930455,1.0,61.375184341477315,1.0,-40.969205250546864,1.0,-0.635982568994898,0.0,0.0,0.0,0.0,0.0,0.0,0.0,0.0,0.0,0.0,0.0,0.0,0.0,0.0,0.0,0.0,0.0,0.0
0.0,0.0,0.0689,-0.0012,-9.7998,-0.7146,7.7328,0.0991,0.0,0.0,0.0,0.0,0.007,0.4028,0.2024,0.0,0.0,0.0,0.0,0.0,1.0,0.0,0.0,0.0,0.0,0.0,0.0,0.0,0.0,0.0,1.0,0.0,1.0,-1.283071575022532,1.0,-40.919299187644384,1.0,61.41887119621588,1.0,-20.4995720085715,1.0,1.283071575022532,0.0,0.0,0.0,0.0,0.0,0.0,0.0,0.0,0.0,0.0,0.0,0.0,0.0,0.0,0.0,0.0,0.0,0.0,1.0,0.0,1.0,1.283071575022532,1.0,-20.4995720085715,1.0,61.41887119621588,1.0,-40.919299187644384,1.0,-1.283071575022532,0.0,0.0,0.0,0.0,0.0,0.0,0.0,0.0,0.0,0.0,0.0,0.0,0.0,0.0,0.0,0.0,0.0,0.0
0.0,0.0,0.0635,-0.008,-9.7998,-0.4594,7.7705,-0.2111,0.0,0.0,0.0,0.0,0.0466,0.3712,0.2447,0.0,0.0,0.0,0.0,0.0,1.0,0.0,0.0,0.0,0.0,0.0,0.0,0.0,0.0,0.0,1.0,0.0,1.0,-1.8989713841586249,1.0,-40.83926024755393,1.0,61.48789352294775,1.0,-20.64863327539382,1.0,1.8989713841586249,0.0,0.0,0.0,0.0,0.0,0.0,0.0,0.0,0.0,0.0,0.0,0.0,0.0,0.0,0.0,0.0,0.0,0.0,1.0,0.0,1.0,1.8989713841586249,1.0,-20.64863327539382,1.0,61.48789352294775,1.0,-40.83926024755393,1.0,-1.8989713841586249,0.0,0.0,0.0,0.0,0.0,0.0,0.0,0.0,0.0,0.0,0.0,0.0,0.0,0.0,0.0,0.0,0.0,0.0
0.0,0.0,0.0467,-0.015,-9.7999,-0.4798,7.7767,-0.3811,0.0,0.0,0.0,0.0,0.0875,0.2728,0.2679,0.0,0.0,0.0,0.0,0.0,1.0,0.0,0.0,0.0,0.0,0.0,0.0,0.0,0.0,0.0,1.0,0.0,1.0,-2.51190062923576,1.0,-40.72618777754034,1.0,61.583260961419725,1.0,-20.857073183879383,1.0,2.51190062923576,0.0,0.0,0.0,0.0,0.0,0.0,0.0,0.0,0.0,0.0,0.0,0.0,0.0,0.0,0.0,0.0,0.0,0.0,1.0,0.0,1.0,2.51190062923576,1.0,-20.857073183879383,1.0,61.583260961419725,1.0,-40.72618777754034,1.0,-2.51190062923576,0.0,0.0,0.0,0.0,0.0,0.0,0.0,0.0,0.0,0.0,0.0,0.0,0.0,0.0,0.0,0.0,0.0,0.0
0.0,0.0,0.0286,-0.0195,-9.7999,-0.6462,8.0401,-0.3389,0.0,0.0,0.0,0.0,0.1139,0.1674,0.2759,0.0,0.0,0.0,0.0,0.0,1.0,0.0,0.0,0.0,0.0,0.0,0.0,0.0,0.0,0.0,1.0,0.0,1.0,-3.137168817969932,1.0,-40.573566753271066,1.0,61.708124723897264,1.0,-21.134557970626194,1.0,3.137168817969932,0.0,0.0,0.0,0.0,0.0,0.0,0.0,0.0,0.0,0.0,0.0,0.0,0.0,0.0,0.0,0.0,0.0,0.0,1.0,0.0,1.0,3.151092345708234,1.0,-21.50331951720706,1.0,62.53069417912968,1.0,-41.027374661922615,1.0,-3.151092345708234,0.0,0.0,0.0,0.0,0.0,0.0,0.0,0.0,0.0,0.0,0.0,0.0,0.0,0.0,0.0,0.0,0.0,0.0
0.0,0.0,0.0175,-0.0208,-9.8,-1.1139,8.2342,-1.2238,0.0,0.0,0.0,0.0,0.1213,0.1024,0.2725,0.0,0.0,0.0,0.0,0.0,1.0,0.0,0.0,0.0,0.0,0.0,0.0,0.0,0.0,0.0,1.0,0.0,1.0,-3.7371080089084208,1.0,-40.38786207475718,1.0,61.85429898791376,1.0,-21.466436913156578,1.0,3.7371080089084208,0.0,0.0,0.0,0.0,0.0,0.0,0.0,0.0,0.0,0.0,0.0,0.0,0.0,0.0,0.0,0.0,0.0,0.0,1.0,0.0,1.0,3.795339863031352,1.0,-22.72951803755303,1.0,64.67195748678229,1.0,-41.94243944922926,1.0,-3.795339863031352,0.0,0.0,0.0,0.0,0.0,0.0,0.0,0.0,0.0,0.0,0.0,0.0,0.0,0.0,0.0,0.0,0.0,0.0
0.0,0.0,0.0082,-0.0311,-9.7999,-1.512,8.8705,-1.8386,0.0,0.0,0.0,0.0,0.1816,0.0478,0.2456,0.0,0.0,0.0,0.0,0.0,1.0,0.0,0.0,0.0,0.0,0.0,0.0,0.0,0.0,0.0,1.0,0.0,1.0,-4.298063244642733,1.0,-40.17484612211329,1.0,62.01453304352861,1.0,-21.839686921415318,1.0,4.298063244642733,0.0,0.0,0.0,0.0,0.0,0.0,0.0,0.0,0.0,0.0,0.0,0.0,0.0,0.0,0.0,0.0,0.0,0.0,1.0,0.0,1.0,4.411618144654211,1.0,-23.934491543279385,1.0,66.68469187129824,1.0,-42.75020032801885,1.0,-4.411618144654211,0.0,0.0,0.0,0.0,0.0,0.0,0.0,0.0,0.0,0.0,0.0,0.0,0.0,0.0,0.0,0.0,0.0,0.0
0.0,0.0,-0.015,-0.0544,-9.7998,-1.1894,8.9375,-1.5814,0.0,0.0,0.0,0.0,0.3179,-0.0877,0.1879,0.0,0.0,0.0,0.0,0.0,1.0,0.0,0.0,0.0,0.0,0.0,0.0,0.0,0.0,0.0,1.0,0.0,1.0,-4.841636337937201,1.0,-39.92661723515976,1.0,62.19172736087915,1.0,-22.265110125719392,1.0,4.841636337937201,0.0,0.0,0.0,0.0,0.0,0.0,0.0,0.0,0.0,0.0,0.0,0.0,0.0,0.0,0.0,0.0,0.0,0.0,1.0,0.0,1.0,5.022286336698469,1.0,-25.16391895356504,1.0,68.64560430599703,1.0,-43.481685352431995,1.0,-5.022286336698469,0.0,0.0,0.0,0.0,0.0,0.0,0.0,0.0,0.0,0.0,0.0,0.0,0.0,0.0,0.0,0.0,0.0,0.0
0.0,0.0,-0.048,-0.0695,-9.7996,-0.4978,7.8985,-1.4481,0.0,0.0,0.0,0.0,0.4062,-0.2804,0.1524,0.0,0.0,0.0,0.0,0.0,1.0,0.0,0.0,0.0,0.0,0.0,0.0,0.0,0.0,0.0,1.0,0.0,1.0,-5.342737131719604,1.0,-39.65517344274419,1.0,62.37438826952561,1.0,-22.719214826781418,1.0,5.342737131719604,0.0,0.0,0.0,0.0,0.0,0.0,0.0,0.0,0.0,0.0,0.0,0.0,0.0,0.0,0.0,0.0,0.0,0.0,1.0,0.0,1.0,5.59756268310729,1.0,-26.35980560209379,1.0,70.4633298751094,1.0,-44.1035242730156,1.0,-5.59756268310729,0.0,0.0,0.0,0.0,0.0,0.0,0.0,0.0,0.0,0.0,0.0,0.0,0.0,0.0,0.0,0.0,0.0,0.0
0.0,0.0,-0.0996,-0.068,-9.7993,0.5812,6.7862,-1.0088,0.0,0.0,0.0,0.0,0.3973,-0.5824,0.1631,0.0,0.0,0.0,0.0,0.0,1.0,0.0,0.0,0.0,0.0,0.0,0.0,0.0,0.0,0.0,1.0,0.0,1.0,-5.838088359249525,1.0,-39.33903024612186,1.0,62.57336175175301,1.0,-23.234331505631157,1.0,5.838088359249525,0.0,0.0,0.0,0.0,0.0,0.0,0.0,0.0,0.0,0.0,0.0,0.0,0.0,0.0,0.0,0.0,0.0,0.0,1.0,0.0,1.0,6.178374799895637,1.0,-27.61141343234598,1.0,72.27057145963121,1.0,-44.65915802728524,1.0,-6.178374799895637,0.0,0.0,0.0,0.0,0.0,0.0,0.0,0.0,0.0,0.0,0.0,0.0,0.0,0.0,0.0,0.0,0.0,0.0
0.0,0.0,-0.1434,-0.064,-9.7987,1.2803,6.3106,-0.6635,0.0,0.0,0.0,0.0,0.3744,-0.8385,0.1941,0.0,0.0,0.0,0.0,0.0,1.0,0.0,0.0,0.0,0.0,0.0,0.0,0.0,0.0,0.0,1.0,0.0,1.0,-6.294190044917054,1.0,-38.99707040474643,1.0,62.77293826500715,1.0,-23.77586786026072,1.0,6.294190044917054,0.0,0.0,0.0,0.0,0.0,0.0,0.0,0.0,0.0,0.0,0.0,0.0,0.0,0.0,0.0,0.0,0.0,0.0,1.0,0.0,1.0,6.724269898680973,1.0,-28.836759662333314,1.0,73.94461069927766,1.0,-45.107851036944346,1.0,-6.724269898680973,0.0,0.0,0.0,0.0,0.0,0.0,0.0,0.0,0.0,0.0,0.0,0.0,0.0,0.0,0.0,0.0,0.0,0.0
0.0,0.0,-0.1663,-0.0667,-9.7984,1.7465,6.2911,-0.7697,0.0,0.0,0.0,0.0,0.3902,-0.9722,0.2181,0.0,0.0,0.0,0.0,0.0,1.0,0.0,0.0,0.0,0.0,0.0,0.0,0.0,0.0,0.0,1.0,0.0,1.0,-6.718984590838957,1.0,-38.624459267830986,1.0,62.973096505025396,1.0,-24.348637237194414,1.0,6.718984590838957,0.0,0.0,0.0,0.0,0.0,0.0,0.0,0.0,0.0,0.0,0.0,0.0,0.0,0.0,0.0,0.0,0.0,0.0,1.0,0.0,1.0,7.242627304742211,1.0,-30.05434567495268,1.0,75.51316496795513,1.0,-45.45881929300245,1.0,-7.242627304742211,0.0,0.0,0.0,0.0,0.0,0.0,0.0,0.0,0.0,0.0,0.0,0.0,0.0,0.0,0.0,0.0,0.0,0.0
0.0,0.0,-0.2159,-0.0927,-9.7972,2.9784,5.8644,-0.4824,0.0,0.0,0.0,0.0,0.5422,-1.2625,0.253,0.0,0.0,0.0,0.0,0.0,1.0,0.0,0.0,0.0,0.0,0.0,0.0,0.0,0.0,0.0,1.0,0.0,1.0,-7.479776628010435,1.0,-37.778519482875204,1.0,63.36652603145663,1.0,-25.588006548581433,1.0,7.479776628010435,0.0,0.0,0.0,0.0,0.0,0.0,0.0,0.0,0.0,0.0,0.0,0.0,0.0,0.0,0.0,0.0,0.0,0.0,1.0,0.0,1.0,8.195967612556302,1.0,-32.480549139389225,1.0,78.34769015210786,1.0,-45.86714101271864,1.0,-8.195967612556302,0.0,0.0,0.0,0.0,0.0,0.0,0.0,0.0,0.0,0.0,0.0,0.0,0.0,0.0,0.0,0.0,0.0,0.0
0.0,0.0,-0.2214,-0.0935,-9.7971,3.7299,5.4765,-0.458,0.0,0.0,0.0,0.0,0.547,-1.2945,0.2508,0.0,0.0,0.0,0.0,0.0,1.0,0.0,0.0,0.0,0.0,0.0,0.0,0.0,0.0,0.0,1.0,0.0,1.0,-7.827019213054926,1.0,-37.283073228463174,1.0,63.56123773146437,1.0,-26.2781645030012,1.0,7.827019213054926,0.0,0.0,0.0,0.0,0.0,0.0,0.0,0.0,0.0,0.0,0.0,0.0,0.0,0.0,0.0,0.0,0.0,0.0,1.0,0.0,1.0,8.642164657551294,1.0,-33.73398142524656,1.0,79.65335881757875,1.0,-45.91937739233218,1.0,-8.642164657551294,0.0,0.0,0.0,0.0,0.0,0.0,0.0,0.0,0.0,0.0,0.0,0.0,0.0,0.0,0.0,0.0,0.0,0.0
0.0,0.0,-0.2257,-0.0982,-9.7969,4.5963,5.7035,-0.689,0.0,0.0,0.0,0.0,0.5743,-1.3196,0.2522,0.0,0.0,0.0,0.0,0.0,1.0,0.0,0.0,0.0,0.0,0.0,0.0,0.0,0.0,0.0,1.0,0.0,1.0,-8.1204902573534,1.0,-36.783508650927836,1.0,63.73330988495594,1.0,-26.949801234028104,1.0,8.1204902573534,0.0,0.0,0.0,0.0,0.0,0.0,0.0,0.0,0.0,0.0,0.0,0.0,0.0,0.0,0.0,0.0,0.0,0.0,1.0,0.0,1.0,9.024862960408502,1.0,-34.89811668089714,1.0,80.76322163681039,1.0,-45.86510495591324,1.0,-9.024862960408502,0.0,0.0,0.0,0.0,0.0,0.0,0.0,0.0,0.0,0.0,0.0,0.0,0.0,0.0,0.0,0.0,0.0,0.0
0.0,0.0,-0.2293,-0.1068,-9.7967,5.3538,5.4669,-0.4778,0.0,0.0,0.0,0.0,0.6244,-1.3405,0.2607,0.0,0.0,0.0,0.0,0.0,1.0,0.0,0.0,0.0,0.0,0.0,0.0,0.0,0.0,0.0,1.0,0.0,1.0,-8.384865811649123,1.0,-36.24198808706821,1.0,63.89427568683631,1.0,-27.6522875997681,1.0,8.384865811649123,0.0,0.0,0.0,0.0,0.0,0.0,0.0,0.0,0.0,0.0,0.0,0.0,0.0,0.0,0.0,0.0,0.0,0.0,1.0,0.0,1.0,9.37410274626108,1.0,-36.062667736783446,1.0,81.76835536211713,1.0,-45.70568762533369,1.0,-9.37410274626108,0.0,0.0,0.0,0.0,0.0,0.0,0.0,0.0,0.0,0.0,0.0,0.0,0.0,0.0,0.0,0.0,0.0,0.0
0.0,0.0,-0.2302,-0.1062,-9.7967,5.8665,5.1845,-0.6703,0.0,0.0,0.0,0.0,0.6209,-1.3459,0.2757,0.0,0.0,0.0,0.0,0.0,1.0,0.0,0.0,0.0,0.0,0.0,0.0,0.0,0.0,0.0,1.0,0.0,1.0,-8.606652754210662,1.0,-35.68638029657032,1.0,64.03370429022172,1.0,-28.347323993651404,1.0,8.606652754210662,0.0,0.0,0.0,0.0,0.0,0.0,0.0,0.0,0.0,0.0,0.0,0.0,0.0,0.0,0.0,0.0,0.0,0.0,1.0,0.0,1.0,9.670419601661353,1.0,-37.16504448558726,1.0,82.61564879468614,1.0,-45.45060430909887,1.0,-9.670419601661353,0.0,0.0,0.0,0.0,0.0,0.0,0.0,0.0,0.0,0.0,0.0,0.0,0.0,0.0,0.0,0.0,0.0,0.0
0.0,0.0,-0.2302,-0.1062,-9.7967,5.8665,5.1845,-0.6703,0.0,0.0,0.0,0.0,0.6209,-1.3459,0.2757,0.0,0.0,0.0,0.0,0.0,1.0,0.0,0.0,0.0,0.0,0.0,0.0,0.0,0.0,0.0,1.0,0.0,1.0,-8.606652754210662,1.0,-35.68638029657032,1.0,64.03370429022172,1.0,-28.347323993651404,1.0,8.606652754210662,0.0,0.0,0.0,0.0,0.0,0.0,0.0,0.0,0.0,0.0,0.0,0.0,0.0,0.0,0.0,0.0,0.0,0.0,1.0,0.0,1.0,9.670419601661353,1.0,-37.16504448558726,1.0,82.61564879468614,1.0,-45.45060430909887,1.0,-9.670419601661353,0.0,0.0,0.0,0.0,0.0,0.0,0.0,0.0,0.0,0.0,0.0,0.0,0.0,0.0,0.0,0.0,0.0,0.0
0.0,0.0,-0.2312,-0.1013,-9.7967,6.1344,4.9329,-0.7326,0.0,0.0,0.0,0.0,0.5925,-1.3518,0.295,0.0,0.0,0.0,0.0,0.0,1.0,0.0,0.0,0.0,0.0,0.0,0.0,0.0,0.0,0.0,1.0,0.0,1.0,-8.785463789229851,1.0,-35.129518175032096,1.0,64.14905794765048,1.0,-29.019539772618387,1.0,8.785463789229851,0.0,0.0,0.0,0.0,0.0,0.0,0.0,0.0,0.0,0.0,0.0,0.0,0.0,0.0,0.0,0.0,0.0,0.0,1.0,0.0,1.0,9.911568591756982,1.0,-38.18587268352358,1.0,83.30158800530657,1.0,-45.11571532178299,1.0,-9.911568591756982,0.0,0.0,0.0,0.0,0.0,0.0,0.0,0.0,0.0,0.0,0.0,0.0,0.0,0.0,0.0,0.0,0.0,0.0
0.0,0.0,-0.2296,-0.089,-9.7969,6.5712,4.2643,-0.3806,0.0,0.0,0.0,0.0,0.5205,-1.3426,0.3101,0.0,0.0,0.0,0.0,0.0,1.0,0.0,0.0,0.0,0.0,0.0,0.0,0.0,0.0,0.0,1.0,0.0,1.0,-8.93503690547083,1.0,-34.531010756887085,1.0,64.24758133008102,1.0,-29.716570573193938,1.0,8.93503690547083,0.0,0.0,0.0,0.0,0.0,0.0,0.0,0.0,0.0,0.0,0.0,0.0,0.0,0.0,0.0,0.0,0.0,0.0,1.0,0.0,1.0,10.114848001277217,1.0,-39.197776162775774,1.0,83.87737473266341,1.0,-44.679598569887645,1.0,-10.114848001277217,0.0,0.0,0.0,0.0,0.0,0.0,0.0,0.0,0.0,0.0,0.0,0.0,0.0,0.0,0.0,0.0,0.0,0.0
0.0,0.0,-0.201,-0.0649,-9.7977,7.0261,3.9616,-0.119,0.0,0.0,0.0,0.0,0.3798,-1.1754,0.3209,0.0,0.0,0.0,0.0,0.0,1.0,0.0,0.0,0.0,0.0,0.0,0.0,0.0,0.0,0.0,1.0,0.0,1.0,-9.12872259012632,1.0,-33.23833151425039,1.0,64.37792995590215,1.0,-31.13959844165175,1.0,9.12872259012632,0.0,0.0,0.0,0.0,0.0,0.0,0.0,0.0,0.0,0.0,0.0,0.0,0.0,0.0,0.0,0.0,0.0,0.0,1.0,0.0,1.0,10.380216587366254,1.0,-41.1119257108828,1.0,84.62578325967696,1.0,-43.513857548794164,1.0,-10.380216587366254,0.0,0.0,0.0,0.0,0.0,0.0,0.0,0.0,0.0,0.0,0.0,0.0,0.0,0.0,0.0,0.0,0.0,0.0
0.0,0.0,-0.175,-0.0541,-9.7983,7.0245,3.3084,0.104,0.0,0.0,0.0,0.0,0.3164,-1.0232,0.3125,0.0,0.0,0.0,0.0,0.0,1.0,0.0,0.0,0.0,0.0,0.0,0.0,0.0,0.0,0.0,1.0,0.0,1.0,-9.168580120072328,1.0,-32.5482689774344,1.0,64.40514325380428,1.0,-31.856874276369894,1.0,9.168580120072328,0.0,0.0,0.0,0.0,0.0,0.0,0.0,0.0,0.0,0.0,0.0,0.0,0.0,0.0,0.0,0.0,0.0,0.0,1.0,0.0,1.0,10.43512705077375,1.0,-41.99403823425767,1.0,84.78019715109589,1.0,-42.78615891683822,1.0,-10.43512705077375,0.0,0.0,0.0,0.0,0.0,0.0,0.0,0.0,0.0,0.0,0.0,0.0,0.0,0.0,0.0,0.0,0.0,0.0
0.0,0.0,-0.1425,-0.0356,-9.7989,7.3918,2.4708,0.199,0.0,0.0,0.0,0.0,0.2081,-0.8329,0.2888,0.0,0.0,0.0,0.0,0.0,1.0,0.0,0.0,0.0,0.0,0.0,0.0,0.0,0.0,0.0,1.0,0.0,1.0,-9.16937100094916,1.0,-31.88665740209521,1.0,64.40568458860663,1.0,-32.519027186511416,1.0,9.16937100094916,0.0,0.0,0.0,0.0,0.0,0.0,0.0,0.0,0.0,0.0,0.0,0.0,0.0,0.0,0.0,0.0,0.0,0.0,1.0,0.0,1.0,10.436217669532969,1.0,-42.75388728588082,1.0,84.78326255149302,1.0,-42.0293752656122,1.0,-10.436217669532969,0.0,0.0,0.0,0.0,0.0,0.0,0.0,0.0,0.0,0.0,0.0,0.0,0.0,0.0,0.0,0.0,0.0,0.0
0.0,0.0,-0.1132,-0.0199,-9.7993,7.5624,1.888,0.2076,0.0,0.0,0.0,0.0,0.1163,-0.662,0.2638,0.0,0.0,0.0,0.0,0.0,1.0,0.0,0.0,0.0,0.0,0.0,0.0,0.0,0.0,0.0,1.0,0.0,1.0,-9.132674784916581,1.0,-31.18827703229462,1.0,64.3806224190519,1.0,-33.19234538675728,1.0,9.132674784916581,0.0,0.0,0.0,0.0,0.0,0.0,0.0,0.0,0.0,0.0,0.0,0.0,0.0,0.0,0.0,0.0,0.0,0.0,1.0,0.0,1.0,10.385656783205569,1.0,-43.467460545357106,1.0,84.64108841947906,1.0,-41.173627874121955,1.0,-10.385656783205569,0.0,0.0,0.0,0.0,0.0,0.0,0.0,0.0,0.0,0.0,0.0,0.0,0.0,0.0,0.0,0.0,0.0,0.0
0.0,0.0,-0.0816,-0.004,-9.7997,7.9351,1.2767,0.2581,0.0,0.0,0.0,0.0,0.0236,-0.4769,0.2332,0.0,0.0,0.0,0.0,0.0,1.0,0.0,0.0,0.0,0.0,0.0,0.0,0.0,0.0,0.0,1.0,0.0,1.0,-9.060927144322001,1.0,-30.50510292719577,1.0,64.33194759298512,1.0,-33.826844665789345,1.0,9.060927144322001,0.0,0.0,0.0,0.0,0.0,0.0,0.0,0.0,0.0,0.0,0.0,0.0,0.0,0.0,0.0,0.0,0.0,0.0,1.0,0.0,1.0,10.28705411291902,1.0,-44.07911795288287,1.0,84.36345225579142,1.0,-40.28433430290854,1.0,-10.28705411291902,0.0,0.0,0.0,0.0,0.0,0.0,0.0,0.0,0.0,0.0,0.0,0.0,0.0,0.0,0.0,0.0,0.0,0.0
0.0,0.0,-0.0619,0.0075,-9.7998,7.8467,0.7432,0.1575,0.0,0.0,0.0,0.0,-0.0441,-0.3621,0.2212,0.0,0.0,0.0,0.0,0.0,1.0,0.0,0.0,0.0,0.0,0.0,0.0,0.0,0.0,0.0,1.0,0.0,1.0,-8.952383759416835,1.0,-29.810186616369023,1.0,64.2591279466435,1.0,-34.44894133027449,1.0,8.952383759416835,0.0,0.0,0.0,0.0,0.0,0.0,0.0,0.0,0.0,0.0,0.0,0.0,0.0,0.0,0.0,0.0,0.0,0.0,1.0,0.0,1.0,10.138516219840065,1.0,-44.61423166682832,1.0,83.9442729961857,1.0,-39.33004132935738,1.0,-10.138516219840065,0.0,0.0,0.0,0.0,0.0,0.0,0.0,0.0,0.0,0.0,0.0,0.0,0.0,0.0,0.0,0.0,0.0,0.0
0.0,0.0,-0.046,0.0141,-9.7999,7.3982,0.3062,-0.0248,0.0,0.0,0.0,0.0,-0.0823,-0.2687,0.2247,0.0,0.0,0.0,0.0,0.0,1.0,0.0,0.0,0.0,0.0,0.0,0.0,0.0,0.0,0.0,1.0,0.0,1.0,-8.809022252058176,1.0,-29.119015538420065,1.0,64.16445273377045,1.0,-35.04543719535039,1.0,8.809022252058176,0.0,0.0,0.0,0.0,0.0,0.0,0.0,0.0,0.0,0.0,0.0,0.0,0.0,0.0,0.0,0.0,0.0,0.0,1.0,0.0,1.0,9.94349125835861,1.0,-45.05896218327419,1.0,83.39215419956408,1.0,-38.333192016289885,1.0,-9.94349125835861,0.0,0.0,0.0,0.0,0.0,0.0,0.0,0.0,0.0,0.0,0.0,0.0,0.0,0.0,0.0,0.0,0.0,0.0
0.0,0.0,-0.046,0.0141,-9.7999,7.3982,0.3062,-0.0248,0.0,0.0,0.0,0.0,-0.0823,-0.2687,0.2247,0.0,0.0,0.0,0.0,0.0,1.0,0.0,0.0,0.0,0.0,0.0,0.0,0.0,0.0,0.0,1.0,0.0,1.0,-8.809022252058176,1.0,-29.119015538420065,1.0,64.16445273377045,1.0,-35.04543719535039,1.0,8.809022252058176,0.0,0.0,0.0,0.0,0.0,0.0,0.0,0.0,0.0,0.0,0.0,0.0,0.0,0.0,0.0,0.0,0.0,0.0,1.0,0.0,1.0,9.94349125835861,1.0,-45.05896218327419,1.0,83.39215419956408,1.0,-38.333192016289885,1.0,-9.94349125835861,0.0,0.0,0.0,0.0,0.0,0.0,0.0,0.0,0.0,0.0,0.0,0.0,0.0,0.0,0.0,0.0,0.0,0.0
0.0,0.0,-0.0285,0.0241,-9.7999,6.8129,-0.9841,0.2636,0.0,0.0,0.0,0.0,-0.1409,-0.1667,0.2305,0.0,0.0,0.0,0.0,0.0,1.0,0.0,0.0,0.0,0.0,0.0,0.0,0.0,0.0,0.0,1.0,0.0,1.0,-8.628936234189926,1.0,-28.42449741005005,1.0,64.04793598806296,1.0,-35.623438578012916,1.0,8.628936234189926,0.0,0.0,0.0,0.0,0.0,0.0,0.0,0.0,0.0,0.0,0.0,0.0,0.0,0.0,0.0,0.0,0.0,0.0,1.0,0.0,1.0,9.70036151330496,1.0,-45.416504220050285,1.0,82.7009909312974,1.0,-37.284486711247105,1.0,-9.70036151330496,0.0,0.0,0.0,0.0,0.0,0.0,0.0,0.0,0.0,0.0,0.0,0.0,0.0,0.0,0.0,0.0,0.0,0.0
0.0,0.0,-0.0131,0.04,-9.7999,6.2926,-1.8526,0.3676,0.0,0.0,0.0,0.0,-0.2337,-0.0767,0.2314,0.0,0.0,0.0,0.0,0.0,1.0,0.0,0.0,0.0,0.0,0.0,0.0,0.0,0.0,0.0,1.0,0.0,1.0,-8.416061852273202,1.0,-27.743170300157352,1.0,63.913644286120764,1.0,-36.17047398596342,1.0,8.416061852273202,0.0,0.0,0.0,0.0,0.0,0.0,0.0,0.0,0.0,0.0,0.0,0.0,0.0,0.0,0.0,0.0,0.0,0.0,1.0,0.0,1.0,9.415596779369722,1.0,-45.67773030544388,1.0,81.88730456358587,1.0,-36.209574258142,1.0,-9.415596779369722,0.0,0.0,0.0,0.0,0.0,0.0,0.0,0.0,0.0,0.0,0.0,0.0,0.0,0.0,0.0,0.0,0.0,0.0
0.0,0.0,-0.0053,0.0487,-9.7999,6.0824,-2.2693,0.2034,0.0,0.0,0.0,0.0,-0.2847,-0.0311,0.2266,0.0,0.0,0.0,0.0,0.0,1.0,0.0,0.0,0.0,0.0,0.0,0.0,0.0,0.0,0.0,1.0,0.0,1.0,-8.166144458780801,1.0,-27.063514712344176,1.0,63.76070189007253,1.0,-36.69718717772835,1.0,8.166144458780801,0.0,0.0,0.0,0.0,0.0,0.0,0.0,0.0,0.0,0.0,0.0,0.0,0.0,0.0,0.0,0.0,0.0,0.0,1.0,0.0,1.0,9.08486618333878,1.0,-45.8462387340234,1.0,80.93642799433412,1.0,-35.090189260310716,1.0,-9.08486618333878,0.0,0.0,0.0,0.0,0.0,0.0,0.0,0.0,0.0,0.0,0.0,0.0,0.0,0.0,0.0,0.0,0.0,0.0
0.0,0.0,-0.0131,0.0478,-9.7999,5.4749,-3.6253,0.615,0.0,0.0,0.0,0.0,-0.2794,-0.0766,0.2322,0.0,0.0,0.0,0.0,0.0,1.0,0.0,0.0,0.0,0.0,0.0,0.0,0.0,0.0,0.0,1.0,0.0,1.0,-7.547615371113847,1.0,-25.715425426942613,1.0,63.403813255388734,1.0,-37.688387828446125,1.0,7.547615371113847,0.0,0.0,0.0,0.0,0.0,0.0,0.0,0.0,0.0,0.0,0.0,0.0,0.0,0.0,0.0,0.0,0.0,0.0,1.0,0.0,1.0,8.282582034152707,1.0,-45.885489147868554,1.0,78.60215133318768,1.0,-32.716662185319116,1.0,-8.282582034152707,0.0,0.0,0.0,0.0,0.0,0.0,0.0,0.0,0.0,0.0,0.0,0.0,0.0,0.0,0.0,0.0,0.0,0.0
0.0,0.0,-0.0112,0.0468,-9.7999,5.2329,-4.5332,0.5243,0.0,0.0,0.0,0.0,-0.2736,-0.0656,0.2306,0.0,0.0,0.0,0.0,0.0,1.0,0.0,0.0,0.0,0.0,0.0,0.0,0.0,0.0,0.0,1.0,0.0,1.0,-7.1836576005882256,1.0,-25.06747340474308,1.0,63.20801474464444,1.0,-38.14054133990136,1.0,7.1836576005882256,0.0,0.0,0.0,0.0,0.0,0.0,0.0,0.0,0.0,0.0,0.0,0.0,0.0,0.0,0.0,0.0,0.0,0.0,1.0,0.0,1.0,7.821007155545958,1.0,-45.74852406823145,1.0,77.24033499337376,1.0,-31.491810925142318,1.0,-7.821007155545958,0.0,0.0,0.0,0.0,0.0,0.0,0.0,0.0,0.0,0.0,0.0,0.0,0.0,0.0,0.0,0.0,0.0,0.0
0.0,0.0,-0.0061,0.0444,-9.7999,5.1638,-4.8056,0.4892,0.0,0.0,0.0,0.0,-0.2598,-0.0355,0.2236,0.0,0.0,0.0,0.0,0.0,1.0,0.0,0.0,0.0,0.0,0.0,0.0,0.0,0.0,0.0,1.0,0.0,1.0,-6.808144643987851,1.0,-24.478445164993094,1.0,63.016871903178036,1.0,-38.53842673818494,1.0,6.808144643987851,0.0,0.0,0.0,0.0,0.0,0.0,0.0,0.0,0.0,0.0,0.0,0.0,0.0,0.0,0.0,0.0,0.0,0.0,1.0,0.0,1.0,7.352672719455435,1.0,-45.52281718421566,1.0,75.84361744391167,1.0,-30.320800259696004,1.0,-7.352672719455435,0.0,0.0,0.0,0.0,0.0,0.0,0.0,0.0,0.0,0.0,0.0,0.0,0.0,0.0,0.0,0.0,0.0,0.0
0.0,0.0,-0.0061,0.0444,-9.7999,5.1638,-4.8056,0.4892,0.0,0.0,0.0,0.0,-0.2598,-0.0355,0.2236,0.0,0.0,0.0,0.0,0.0,1.0,0.0,0.0,0.0,0.0,0.0,0.0,0.0,0.0,0.0,1.0,0.0,1.0,-6.808144643987851,1.0,-24.478445164993094,1.0,63.016871903178036,1.0,-38.53842673818494,1.0,6.808144643987851,0.0,0.0,0.0,0.0,0.0,0.0,0.0,0.0,0.0,0.0,0.0,0.0,0.0,0.0,0.0,0.0,0.0,0.0,1.0,0.0,1.0,7.352672719455435,1.0,-45.52281718421566,1.0,75.84361744391167,1.0,-30.320800259696004,1.0,-7.352672719455435,0.0,0.0,0.0,0.0,0.0,0.0,0.0,0.0,0.0,0.0,0.0,0.0,0.0,0.0,0.0,0.0,0.0,0.0
0.0,0.0,0.0152,0.0312,-9.7999,4.8085,-6.4355,0.7406,0.0,0.0,0.0,0.0,-0.1824,0.0888,0.2041,0.0,0.0,0.0,0.0,0.0,1.0,0.0,0.0,0.0,0.0,0.0,0.0,0.0,0.0,0.0,1.0,0.0,1.0,-5.929178460435344,1.0,-23.336997772486065,1.0,62.611959885852194,1.0,-39.27496211336613,1.0,5.929178460435344,0.0,0.0,0.0,0.0,0.0,0.0,0.0,0.0,0.0,0.0,0.0,0.0,0.0,0.0,0.0,0.0,0.0,0.0,1.0,0.0,1.0,6.286533672163707,1.0,-44.753996478102295,1.0,72.60410640547448,1.0,-27.850109927372188,1.0,-6.286533672163707,0.0,0.0,0.0,0.0,0.0,0.0,0.0,0.0,0.0,0.0,0.0,0.0,0.0,0.0,0.0,0.0,0.0,0.0
0.0,0.0,0.0152,0.0312,-9.7999,4.8085,-6.4355,0.7406,0.0,0.0,0.0,0.0,-0.1824,0.0888,0.2041,0.0,0.0,0.0,0.0,0.0,1.0,0.0,0.0,0.0,0.0,0.0,0.0,0.0,0.0,0.0,1.0,0.0,1.0,-5.929178460435344,1.0,-23.336997772486065,1.0,62.611959885852194,1.0,-39.27496211336613,1.0,5.929178460435344,0.0,0.0,0.0,0.0,0.0,0.0,0.0,0.0,0.0,0.0,0.0,0.0,0.0,0.0,0.0,0.0,0.0,0.0,1.0,0.0,1.0,6.286533672163707,1.0,-44.753996478102295,1.0,72.60410640547448,1.0,-27.850109927372188,1.0,-6.286533672163707,0.0,0.0,0.0,0.0,0.0,0.0,0.0,0.0,0.0,0.0,0.0,0.0,0.0,0.0,0.0,0.0,0.0,0.0
0.0,0.0,0.0222,0.0328,-9.7999,4.8221,-7.3776,0.9098,0.0,0.0,0.0,0.0,-0.1917,0.1297,0.1982,0.0,0.0,0.0,0.0,0.0,1.0,0.0,0.0,0.0,0.0,0.0,0.0,0.0,0.0,0.0,1.0,0.0,1.0,-5.4550663555821695,1.0,-22.82992995202893,1.0,62.417896886437546,1.0,-39.58796693440862,1.0,5.4550663555821695,0.0,0.0,0.0,0.0,0.0,0.0,0.0,0.0,0.0,0.0,0.0,0.0,0.0,0.0,0.0,0.0,0.0,0.0,1.0,0.0,1.0,5.728195634954704,1.0,-44.23506754940491,1.0,70.87221350298708,1.0,-26.637145953582166,1.0,-5.728195634954704,0.0,0.0,0.0,0.0,0.0,0.0,0.0,0.0,0.0,0.0,0.0,0.0,0.0,0.0,0.0,0.0,0.0,0.0
0.0,0.0,0.0368,0.0136,-9.7999,4.5339,-7.5378,0.2691,0.0,0.0,0.0,0.0,-0.0793,0.2151,0.1868,0.0,0.0,0.0,0.0,0.0,1.0,0.0,0.0,0.0,0.0,0.0,0.0,0.0,0.0,0.0,1.0,0.0,1.0,-4.458376250655592,1.0,-21.958338440432012,1.0,62.064538519763666,1.0,-40.10620007933165,1.0,4.458376250655592,0.0,0.0,0.0,0.0,0.0,0.0,0.0,0.0,0.0,0.0,0.0,0.0,0.0,0.0,0.0,0.0,0.0,0.0,1.0,0.0,1.0,4.590309436326798,1.0,-42.97154011162267,1.0,67.26189381783217,1.0,-24.2903537062095,1.0,-4.590309436326798,0.0,0.0,0.0,0.0,0.0,0.0,0.0,0.0,0.0,0.0,0.0,0.0,0.0,0.0,0.0,0.0,0.0,0.0
0.0,0.0,0.0393,-0.0059,-9.7999,4.2715,-8.0032,0.5044,0.0,0.0,0.0,0.0,0.0343,0.2299,0.1871,0.0,0.0,0.0,0.0,0.0,1.0,0.0,0.0,0.0,0.0,0.0,0.0,0.0,0.0,0.0,1.0,0.0,1.0,-3.913706365195102,1.0,-21.577124002814266,1.0,61.9022779939191,1.0,-40.325153991104834,1.0,3.913706365195102,0.0,0.0,0.0,0.0,0.0,0.0,0.0,0.0,0.0,0.0,0.0,0.0,0.0,0.0,0.0,0.0,0.0,0.0,1.0,0.0,1.0,3.9878720472759843,1.0,-42.20204930095494,1.0,65.30446146452283,1.0,-23.102412163567887,1.0,-3.9878720472759843,0.0,0.0,0.0,0.0,0.0,0.0,0.0,0.0,0.0,0.0,0.0,0.0,0.0,0.0,0.0,0.0,0.0,0.0
0.0,0.0,0.0457,-0.0204,-9.7999,3.557,-8.559,0.7141,0.0,0.0,0.0,0.0,0.1191,0.2672,0.1907,0.0,0.0,0.0,0.0,0.0,1.0,0.0,0.0,0.0,0.0,0.0,0.0,0.0,0.0,0.0,1.0,0.0,1.0,-3.357836062320657,1.0,-21.248898914830235,1.0,61.75887650474068,1.0,-40.50997758991044,1.0,3.357836062320657,0.0,0.0,0.0,0.0,0.0,0.0,0.0,0.0,0.0,0.0,0.0,0.0,0.0,0.0,0.0,0.0,0.0,0.0,1.0,0.0,1.0,3.386322790849374,1.0,-41.36964237700274,1.0,63.31696595273972,1.0,-21.94732357573698,1.0,-3.386322790849374,0.0,0.0,0.0,0.0,0.0,0.0,0.0,0.0,0.0,0.0,0.0,0.0,0.0,0.0,0.0,0.0,0.0,0.0
0.0,0.0,0.0545,-0.0302,-9.7998,3.2188,-9.1233,0.5143,0.0,0.0,0.0,0.0,0.1763,0.3185,0.1978,0.0,0.0,0.0,0.0,0.0,1.0,0.0,0.0,0.0,0.0,0.0,0.0,0.0,0.0,0.0,1.0,0.0,1.0,-2.790407120537669,1.0,-20.972354248033795,1.0,61.63542690205824,1.0,-40.66307265402445,1.0,2.790407120537669,0.0,0.0,0.0,0.0,0.0,0.0,0.0,0.0,0.0,0.0,0.0,0.0,0.0,0.0,0.0,0.0,0.0,0.0,1.0,0.0,1.0,2.790407120537669,1.0,-40.663072654024454,1.0,61.63542690205824,1.0,-20.97235424803379,1.0,-2.790407120537669,0.0,0.0,0.0,0.0,0.0,0.0,0.0,0.0,0.0,0.0,0.0,0.0,0.0,0.0,0.0,0.0,0.0,0.0
0.0,0.0,0.0595,-0.0377,-9.7997,2.5929,-9.4725,0.3731,0.0,0.0,0.0,0.0,0.2205,0.3479,0.2021,0.0,0.0,0.0,0.0,0.0,1.0,0.0,0.0,0.0,0.0,0.0,0.0,0.0,0.0,0.0,1.0,0.0,1.0,-2.190499216861621,1.0,-20.740140458122745,1.0,61.52992628407773,1.0,-40.789785825954986,1.0,2.190499216861621,0.0,0.0,0.0,0.0,0.0,0.0,0.0,0.0,0.0,0.0,0.0,0.0,0.0,0.0,0.0,0.0,0.0,0.0,1.0,0.0,1.0,2.190499216861621,1.0,-40.78978582595498,1.0,61.52992628407773,1.0,-20.740140458122752,1.0,-2.190499216861621,0.0,0.0,0.0,0.0,0.0,0.0,0.0,0.0,0.0,0.0,0.0,0.0,0.0,0.0,0.0,0.0,0.0,0.0
0.0,0.0,0.0678,-0.0389,-9.7997,0.8582,-8.5597,1.58,0.0,0.0,0.0,0.0,0.2274,0.3965,0.1852,0.0,0.0,0.0,0.0,0.0,1.0,0.0,0.0,0.0,0.0,0.0,0.0,0.0,0.0,0.0,1.0,0.0,1.0,-1.5962606699560316,1.0,-20.567951735754452,1.0,61.45061910540447,1.0,-40.88266736965002,1.0,1.5962606699560316,0.0,0.0,0.0,0.0,0.0,0.0,0.0,0.0,0.0,0.0,0.0,0.0,0.0,0.0,0.0,0.0,0.0,0.0,1.0,0.0,1.0,1.5962606699560316,1.0,-40.88266736965002,1.0,61.45061910540447,1.0,-20.56795173575445,1.0,-1.5962606699560316,0.0,0.0,0.0,0.0,0.0,0.0,0.0,0.0,0.0,0.0,0.0,0.0,0.0,0.0,0.0,0.0,0.0,0.0
0.0,0.0,0.0718,-0.0287,-9.7997,-0.3458,-7.7912,1.7623,0.0,0.0,0.0,0.0,0.1679,0.42,0.1499,0.0,0.0,0.0,0.0,0.0,1.0,0.0,0.0,0.0,0.0,0.0,0.0,0.0,0.0,0.0,1.0,0.0,1.0,-0.9844722919643113,1.0,-20.448459607044,1.0,61.39504649333271,1.0,-40.946586886288706,1.0,0.9844722919643113,0.0,0.0,0.0,0.0,0.0,0.0,0.0,0.0,0.0,0.0,0.0,0.0,0.0,0.0,0.0,0.0,0.0,0.0,1.0,0.0,1.0,0.9844722919643113,1.0,-40.946586886288706,1.0,61.39504649333271,1.0,-20.448459607044,1.0,-0.9844722919643113,0.0,0.0,0.0,0.0,0.0,0.0,0.0,0.0,0.0,0.0,0.0,0.0,0.0,0.0,0.0,0.0,0.0,0.0
0.0,0.0,0.0658,-0.0157,-9.7998,-0.9074,-7.3662,1.1437,0.0,0.0,0.0,0.0,0.0919,0.385,0.1284,0.0,0.0,0.0,0.0,0.0,1.0,0.0,0.0,0.0,0.0,0.0,0.0,0.0,0.0,0.0,1.0,0.0,1.0,-0.37290080930542213,1.0,-20.386059297797484,1.0,61.36585161823768,1.0,-40.97979232044019,1.0,0.37290080930542213,0.0,0.0,0.0,0.0,0.0,0.0,0.0,0.0,0.0,0.0,0.0,0.0,0.0,0.0,0.0,0.0,0.0,0.0,1.0,0.0,1.0,0.37290080930542213,1.0,-40.97979232044019,1.0,61.36585161823768,1.0,-20.386059297797484,1.0,-0.37290080930542213,0.0,0.0,0.0,0.0,0.0,0.0,0.0,0.0,0.0,0.0,0.0,0.0,0.0,0.0,0.0,0.0,0.0,0.0
0.0,0.0,0.0572,-0.0027,-9.7998,-1.0296,-7.3811,0.6191,0.0,0.0,0.0,0.0,0.0158,0.3343,0.1134,0.0,0.0,0.0,0.0,0.0,1.0,0.0,0.0,0.0,0.0,0.0,0.0,0.0,0.0,0.0,1.0,0.0,1.0,0.23392742145433768,1.0,-20.379736248207408,1.0,61.36288663376245,1.0,-40.98315038555504,1.0,-0.23392742145433768,0.0,0.0,0.0,0.0,0.0,0.0,0.0,0.0,0.0,0.0,0.0,0.0,0.0,0.0,0.0,0.0,0.0,0.0,1.0,0.0,1.0,-0.23392742145433768,1.0,-40.98315038555504,1.0,61.36288663376245,1.0,-20.379736248207408,1.0,0.23392742145433768,0.0,0.0,0.0,0.0,0.0,0.0,0.0,0.0,0.0,0.0,0.0,0.0,0.0,0.0,0.0,0.0,0.0,0.0
0.0,0.0,0.0561,0.0089,-9.7998,-0.7612,-7.7005,0.3221,0.0,0.0,0.0,0.0,-0.0518,0.3278,0.0797,0.0,0.0,0.0,0.0,0.0,1.0,0.0,0.0,0.0,0.0,0.0,0.0,0.0,0.0,0.0,1.0,0.0,1.0,0.8282030550437081,1.0,-20.427134105469005,1.0,61.38508247515756,1.0,-40.95794836968855,1.0,-0.8282030550437081,0.0,0.0,0.0,0.0,0.0,0.0,0.0,0.0,0.0,0.0,0.0,0.0,0.0,0.0,0.0,0.0,0.0,0.0,1.0,0.0,1.0,-0.8282030550437081,1.0,-40.95794836968855,1.0,61.38508247515756,1.0,-20.427134105469005,1.0,0.8282030550437081,0.0,0.0,0.0,0.0,0.0,0.0,0.0,0.0,0.0,0.0,0.0,0.0,0.0,0.0,0.0,0.0,0.0,0.0
0.0,0.0,0.0549,0.0169,-9.7998,-0.4362,-7.8582,0.0232,0.0,0.0,0.0,0.0,-0.0989,0.3212,0.0486,0.0,0.0,0.0,0.0,0.0,1.0,0.0,0.0,0.0,0.0,0.0,0.0,0.0,0.0,0.0,1.0,0.0,1.0,1.4520370648693424,1.0,-20.534571095444303,1.0,61.43513882336366,1.0,-40.90056772791935,1.0,-1.4520370648693424,0.0,0.0,0.0,0.0,0.0,0.0,0.0,0.0,0.0,0.0,0.0,0.0,0.0,0.0,0.0,0.0,0.0,0.0,1.0,0.0,1.0,-1.4520370648693424,1.0,-40.90056772791935,1.0,61.43513882336366,1.0,-20.534571095444303,1.0,1.4520370648693424,0.0,0.0,0.0,0.0,0.0,0.0,0.0,0.0,0.0,0.0,0.0,0.0,0.0,0.0,0.0,0.0,0.0,0.0
0.0,0.0,0.0434,0.0328,-9.7998,-0.1155,-9.2178,-0.1022,0.0,0.0,0.0,0.0,-0.1919,0.2539,0.0295,0.0,0.0,0.0,0.0,0.0,1.0,0.0,0.0,0.0,0.0,0.0,0.0,0.0,0.0,0.0,1.0,0.0,1.0,2.0363671862811024,1.0,-20.690055771742347,1.0,61.50695250404146,1.0,-40.816896732299114,1.0,-2.0363671862811024,0.0,0.0,0.0,0.0,0.0,0.0,0.0,0.0,0.0,0.0,0.0,0.0,0.0,0.0,0.0,0.0,0.0,0.0,1.0,0.0,1.0,-2.0363671862811024,1.0,-40.81689673229911,1.0,61.50695250404146,1.0,-20.69005577174235,1.0,2.0363671862811024,0.0,0.0,0.0,0.0,0.0,0.0,0.0,0.0,0.0,0.0,0.0,0.0,0.0,0.0,0.0,0.0,0.0,0.0
0.0,0.0,0.0307,0.0543,-9.7998,-0.0838,-10.3078,-0.1629,0.0,0.0,0.0,0.0,-0.3173,0.1797,0.0266,0.0,0.0,0.0,0.0,0.0,1.0,0.0,0.0,0.0,0.0,0.0,0.0,0.0,0.0,0.0,1.0,0.0,1.0,2.63583715447902,1.0,-20.906751985793363,1.0,61.605791815513136,1.0,-40.69903982971977,1.0,-2.63583715447902,0.0,0.0,0.0,0.0,0.0,0.0,0.0,0.0,0.0,0.0,0.0,0.0,0.0,0.0,0.0,0.0,0.0,0.0,1.0,0.0,1.0,-2.63583715447902,1.0,-40.69903982971977,1.0,61.605791815513136,1.0,-20.906751985793363,1.0,2.63583715447902,0.0,0.0,0.0,0.0,0.0,0.0,0.0,0.0,0.0,0.0,0.0,0.0,0.0,0.0,0.0,0.0,0.0,0.0
0.0,0.0,0.0184,0.0576,-9.7998,-0.3526,-10.3163,-0.6249,0.0,0.0,0.0,0.0,-0.337,0.1074,0.0272,0.0,0.0,0.0,0.0,0.0,1.0,0.0,0.0,0.0,0.0,0.0,0.0,0.0,0.0,0.0,1.0,0.0,1.0,3.2813739803517956,1.0,-21.748717493548728,1.0,62.96680164918739,1.0,-41.218084155638664,1.0,-3.2813739803517956,0.0,0.0,0.0,0.0,0.0,0.0,0.0,0.0,0.0,0.0,0.0,0.0,0.0,0.0,0.0,0.0,0.0,0.0,1.0,0.0,1.0,-3.2596149341909486,1.0,-40.538937582094,1.0,61.73585431560529,1.0,-21.196916733511294,1.0,3.2596149341909486,0.0,0.0,0.0,0.0,0.0,0.0,0.0,0.0,0.0,0.0,0.0,0.0,0.0,0.0,0.0,0.0,0.0,0.0
0.0,0.0,0.0036,0.049,-9.7999,-1.2818,-10.0065,-1.5854,0.0,0.0,0.0,0.0,-0.2862,0.0208,0.0291,0.0,0.0,0.0,0.0,0.0,1.0,0.0,0.0,0.0,0.0,0.0,0.0,0.0,0.0,0.0,1.0,0.0,1.0,3.8858266318565384,1.0,-22.904384669951817,1.0,64.96964516617123,1.0,-42.065260496219416,1.0,-3.8858266318565384,0.0,0.0,0.0,0.0,0.0,0.0,0.0,0.0,0.0,0.0,0.0,0.0,0.0,0.0,0.0,0.0,0.0,0.0,1.0,0.0,1.0,-3.8202596071453563,1.0,-40.35881508986195,1.0,61.87660847505975,1.0,-21.517793385197802,1.0,3.8202596071453563,0.0,0.0,0.0,0.0,0.0,0.0,0.0,0.0,0.0,0.0,0.0,0.0,0.0,0.0,0.0,0.0,0.0,0.0
0.0,0.0,-0.008,0.0386,-9.7999,-2.2906,-9.4036,-2.2866,0.0,0.0,0.0,0.0,-0.2254,-0.0466,0.0417,0.0,0.0,0.0,0.0,0.0,1.0,0.0,0.0,0.0,0.0,0.0,0.0,0.0,0.0,0.0,1.0,0.0,1.0,4.522744438716001,1.0,-24.155436345997945,1.0,67.04398222113156,1.0,-42.888545875133616,1.0,-4.522744438716001,0.0,0.0,0.0,0.0,0.0,0.0,0.0,0.0,0.0,0.0,0.0,0.0,0.0,0.0,0.0,0.0,0.0,0.0,1.0,0.0,1.0,-4.397882953973211,1.0,-40.13253298483252,1.0,62.04544835161668,1.0,-21.91291536678416,1.0,4.397882953973211,0.0,0.0,0.0,0.0,0.0,0.0,0.0,0.0,0.0,0.0,0.0,0.0,0.0,0.0,0.0,0.0,0.0,0.0
0.0,0.0,-0.0327,0.0326,-9.7999,-1.6877,-8.674,-1.377,0.0,0.0,0.0,0.0,-0.1906,-0.1914,0.0826,0.0,0.0,0.0,0.0,0.0,1.0,0.0,0.0,0.0,0.0,0.0,0.0,0.0,0.0,0.0,1.0,0.0,1.0,5.108344184352538,1.0,-25.34033687442432,1.0,68.9193223660992,1.0,-43.57898549167487,1.0,-5.108344184352538,0.0,0.0,0.0,0.0,0.0,0.0,0.0,0.0,0.0,0.0,0.0,0.0,0.0,0.0,0.0,0.0,0.0,0.0,1.0,0.0,1.0,-4.917269550257846,1.0,-39.88843840033384,1.0,62.218105050615534,1.0,-22.3296666502817,1.0,4.917269550257846,0.0,0.0,0.0,0.0,0.0,0.0,0.0,0.0,0.0,0.0,0.0,0.0,0.0,0.0,0.0,0.0,0.0,0.0
0.0,0.0,-0.0693,0.0309,-9.7997,-0.9112,-8.1496,-1.2808,0.0,0.0,0.0,0.0,-0.1809,-0.405,0.1111,0.0,0.0,0.0,0.0,0.0,1.0,0.0,0.0,0.0,0.0,0.0,0.0,0.0,0.0,0.0,1.0,0.0,1.0,5.693764716677969,1.0,-26.563825117617903,1.0,70.76458139391077,1.0,-44.20075627629288,1.0,-5.693764716677969,0.0,0.0,0.0,0.0,0.0,0.0,0.0,0.0,0.0,0.0,0.0,0.0,0.0,0.0,0.0,0.0,0.0,0.0,1.0,0.0,1.0,-5.425511760043596,1.0,-39.60589111270147,1.0,62.406358103515544,1.0,-22.80046699081407,1.0,5.425511760043596,0.0,0.0,0.0,0.0,0.0,0.0,0.0,0.0,0.0,0.0,0.0,0.0,0.0,0.0,0.0,0.0,0.0,0.0
0.0,0.0,-0.1177,0.0289,-9.7993,0.2751,-6.9622,-0.8593,0.0,0.0,0.0,0.0,-0.1689,-0.6883,0.1093,0.0,0.0,0.0,0.0,0.0,1.0,0.0,0.0,0.0,0.0,0.0,0.0,0.0,0.0,0.0,1.0,0.0,1.0,6.2619050476062945,1.0,-27.79558943923905,1.0,72.52823953225881,1.0,-44.73265009301976,1.0,-6.2619050476062945,0.0,0.0,0.0,0.0,0.0,0.0,0.0,0.0,0.0,0.0,0.0,0.0,0.0,0.0,0.0,0.0,0.0,0.0,1.0,0.0,1.0,-5.908468109510934,1.0,-39.28970348499357,1.0,62.60312910388013,1.0,-23.31342561888656,1.0,5.908468109510934,0.0,0.0,0.0,0.0,0.0,0.0,0.0,0.0,0.0,0.0,0.0,0.0,0.0,0.0,0.0,0.0,0.0,0.0
0.0,0.0,-0.1586,0.0212,-9.7987,1.0331,-6.0572,-0.362,0.0,0.0,0.0,0.0,-0.1239,-0.9272,0.0939,0.0,0.0,0.0,0.0,0.0,1.0,0.0,0.0,0.0,0.0,0.0,0.0,0.0,0.0,0.0,1.0,0.0,1.0,6.80177550126697,1.0,-29.015183599796025,1.0,74.18042267549546,1.0,-45.16523907569943,1.0,-6.80177550126697,0.0,0.0,0.0,0.0,0.0,0.0,0.0,0.0,0.0,0.0,0.0,0.0,0.0,0.0,0.0,0.0,0.0,0.0,1.0,0.0,1.0,-6.358215321528932,1.0,-38.94454256139475,1.0,62.80222064122017,1.0,-23.85767807982542,1.0,6.358215321528932,0.0,0.0,0.0,0.0,0.0,0.0,0.0,0.0,0.0,0.0,0.0,0.0,0.0,0.0,0.0,0.0,0.0,0.0
0.0,0.0,-0.1858,0.0199,-9.7982,1.9484,-5.7222,-0.4319,0.0,0.0,0.0,0.0,-0.1162,-1.0861,0.0807,0.0,0.0,0.0,0.0,0.0,1.0,0.0,0.0,0.0,0.0,0.0,0.0,0.0,0.0,0.0,1.0,0.0,1.0,7.339580561291496,1.0,-30.288939918540326,1.0,75.80434918721942,1.0,-45.51540926867909,1.0,-7.339580561291496,0.0,0.0,0.0,0.0,0.0,0.0,0.0,0.0,0.0,0.0,0.0,0.0,0.0,0.0,0.0,0.0,0.0,0.0,1.0,0.0,1.0,-6.797555816228406,1.0,-38.54880017321292,1.0,63.01164086576416,1.0,-24.462840692551236,1.0,6.797555816228406,0.0,0.0,0.0,0.0,0.0,0.0,0.0,0.0,0.0,0.0,0.0,0.0,0.0,0.0,0.0,0.0,0.0,0.0
0.0,0.0,-0.2087,0.0291,-9.7977,2.9619,-5.7226,-0.6612,0.0,0.0,0.0,0.0,-0.17,-1.2204,0.0671,0.0,0.0,0.0,0.0,0.0,1.0,0.0,0.0,0.0,0.0,0.0,0.0,0.0,0.0,0.0,1.0,0.0,1.0,7.830940650676099,1.0,-31.517365625163624,1.0,77.26979405175578,1.0,-45.752428426592154,1.0,-7.830940650676099,0.0,0.0,0.0,0.0,0.0,0.0,0.0,0.0,0.0,0.0,0.0,0.0,0.0,0.0,0.0,0.0,0.0,0.0,1.0,0.0,1.0,-7.191553920535473,1.0,-38.13149101632537,1.0,63.21215221835627,1.0,-25.080661202030903,1.0,7.191553920535473,0.0,0.0,0.0,0.0,0.0,0.0,0.0,0.0,0.0,0.0,0.0,0.0,0.0,0.0,0.0,0.0,0.0,0.0
0.0,0.0,-0.2247,0.0499,-9.7973,3.5646,-5.8907,-0.7405,0.0,0.0,0.0,0.0,-0.2916,-1.3141,0.0529,0.0,0.0,0.0,0.0,0.0,1.0,0.0,0.0,0.0,0.0,0.0,0.0,0.0,0.0,0.0,1.0,0.0,1.0,8.293903891345536,1.0,-32.74776187735604,1.0,78.63537701310881,1.0,-45.88761513575277,1.0,-8.293903891345536,0.0,0.0,0.0,0.0,0.0,0.0,0.0,0.0,0.0,0.0,0.0,0.0,0.0,0.0,0.0,0.0,0.0,0.0,1.0,0.0,1.0,-7.556467445162691,1.0,-37.676407797692065,1.0,63.40870562418914,1.0,-25.732297826497078,1.0,7.556467445162691,0.0,0.0,0.0,0.0,0.0,0.0,0.0,0.0,0.0,0.0,0.0,0.0,0.0,0.0,0.0,0.0,0.0,0.0
0.0,0.0,-0.224,0.0672,-9.7972,4.2411,-5.2864,-0.7861,0.0,0.0,0.0,0.0,-0.3931,-1.3099,0.0452,0.0,0.0,0.0,0.0,0.0,1.0,0.0,0.0,0.0,0.0,0.0,0.0,0.0,0.0,0.0,1.0,0.0,1.0,8.717835191705902,1.0,-33.956708366292,1.0,79.8735284579672,1.0,-45.916820091675206,1.0,-8.717835191705902,0.0,0.0,0.0,0.0,0.0,0.0,0.0,0.0,0.0,0.0,0.0,0.0,0.0,0.0,0.0,0.0,0.0,0.0,1.0,0.0,1.0,-7.885363029305759,1.0,-37.19053694735295,1.0,63.594896152854595,1.0,-26.404359205501635,1.0,7.885363029305759,0.0,0.0,0.0,0.0,0.0,0.0,0.0,0.0,0.0,0.0,0.0,0.0,0.0,0.0,0.0,0.0,0.0,0.0
0.0,0.0,-0.2222,0.075,-9.7972,5.1904,-4.9804,-0.8845,0.0,0.0,0.0,0.0,-0.4386,-1.2994,0.0424,0.0,0.0,0.0,0.0,0.0,1.0,0.0,0.0,0.0,0.0,0.0,0.0,0.0,0.0,0.0,1.0,0.0,1.0,9.106842909035059,1.0,-35.161287822495076,1.0,80.99981252997542,1.0,-45.83852470748034,1.0,-9.106842909035059,0.0,0.0,0.0,0.0,0.0,0.0,0.0,0.0,0.0,0.0,0.0,0.0,0.0,0.0,0.0,0.0,0.0,0.0,1.0,0.0,1.0,-8.182841569234647,1.0,-36.66494254932044,1.0,63.770762058955896,1.0,-27.10581950963545,1.0,8.182841569234647,0.0,0.0,0.0,0.0,0.0,0.0,0.0,0.0,0.0,0.0,0.0,0.0,0.0,0.0,0.0,0.0,0.0,0.0
0.0,0.0,-0.22,0.0802,-9.7972,5.919,-4.572,-0.5263,0.0,0.0,0.0,0.0,-0.4692,-1.2862,0.0348,0.0,0.0,0.0,0.0,0.0,1.0,0.0,0.0,0.0,0.0,0.0,0.0,0.0,0.0,0.0,1.0,0.0,1.0,9.435111894225182,1.0,-36.27940949385605,1.0,81.94321355711581,1.0,-45.66380406325977,1.0,-9.435111894225182,0.0,0.0,0.0,0.0,0.0,0.0,0.0,0.0,0.0,0.0,0.0,0.0,0.0,0.0,0.0,0.0,0.0,0.0,1.0,0.0,1.0,-8.43071802773911,1.0,-36.13621458039104,1.0,63.922771243517445,1.0,-27.786556663126404,1.0,8.43071802773911,0.0,0.0,0.0,0.0,0.0,0.0,0.0,0.0,0.0,0.0,0.0,0.0,0.0,0.0,0.0,0.0,0.0,0.0
0.0,0.0,-0.2143,0.0791,-9.7973,6.2853,-4.3494,-0.634,0.0,0.0,0.0,0.0,-0.4625,-1.2527,0.0181,0.0,0.0,0.0,0.0,0.0,1.0,0.0,0.0,0.0,0.0,0.0,0.0,0.0,0.0,0.0,1.0,0.0,1.0,9.727421463566696,1.0,-37.393986910822136,1.0,82.77807608132916,1.0,-45.38408917050703,1.0,-9.727421463566696,0.0,0.0,0.0,0.0,0.0,0.0,0.0,0.0,0.0,0.0,0.0,0.0,0.0,0.0,0.0,0.0,0.0,0.0,1.0,0.0,1.0,-8.649054902461868,1.0,-35.5652387056674,1.0,64.06082018142267,1.0,-28.49558147575528,1.0,8.649054902461868,0.0,0.0,0.0,0.0,0.0,0.0,0.0,0.0,0.0,0.0,0.0,0.0,0.0,0.0,0.0,0.0,0.0,0.0
0.0,0.0,-0.2096,0.077,-9.7975,6.5911,-4.1583,-0.6463,0.0,0.0,0.0,0.0,-0.4502,-1.2257,0.0023,0.0,0.0,0.0,0.0,0.0,1.0,0.0,0.0,0.0,0.0,0.0,0.0,0.0,0.0,0.0,1.0,0.0,1.0,9.97309634284765,1.0,-38.473092180554985,1.0,83.47609651038866,1.0,-45.003004329833665,1.0,-9.97309634284765,0.0,0.0,0.0,0.0,0.0,0.0,0.0,0.0,0.0,0.0,0.0,0.0,0.0,0.0,0.0,0.0,0.0,0.0,1.0,0.0,1.0,-8.83084708674113,1.0,-34.96466501284475,1.0,64.17875566124435,1.0,-29.214090648399612,1.0,8.83084708674113,0.0,0.0,0.0,0.0,0.0,0.0,0.0,0.0,0.0,0.0,0.0,0.0,0.0,0.0,0.0,0.0,0.0,0.0
0.0,0.0,-0.1992,0.0676,-9.7977,6.9261,-3.368,-0.15,0.0,0.0,0.0,0.0,-0.3954,-1.1647,-0.0051,0.0,0.0,0.0,0.0,0.0,1.0,0.0,0.0,0.0,0.0,0.0,0.0,0.0,0.0,0.0,1.0,0.0,1.0,10.166233482310567,1.0,-39.49029879377373,1.0,84.02257874760181,1.0,-44.53227995382808,1.0,-10.166233482310567,0.0,0.0,0.0,0.0,0.0,0.0,0.0,0.0,0.0,0.0,0.0,0.0,0.0,0.0,0.0,0.0,0.0,0.0,1.0,0.0,1.0,-8.972680222387757,1.0,-34.34821874928152,1.0,64.27266973481558,1.0,-29.924450985534055,1.0,8.972680222387757,0.0,0.0,0.0,0.0,0.0,0.0,0.0,0.0,0.0,0.0,0.0,0.0,0.0,0.0,0.0,0.0,0.0,0.0
0.0,0.0,-0.1818,0.0576,-9.7981,6.92,-3.3478,-0.0895,0.0,0.0,0.0,0.0,-0.3368,-1.0629,-0.0065,0.0,0.0,0.0,0.0,0.0,1.0,0.0,0.0,0.0,0.0,0.0,0.0,0.0,0.0,0.0,1.0,0.0,1.0,10.314066186955154,1.0,-40.494251663354206,1.0,84.43955944573251,1.0,-43.945307782378315,1.0,-10.314066186955154,0.0,0.0,0.0,0.0,0.0,0.0,0.0,0.0,0.0,0.0,0.0,0.0,0.0,0.0,0.0,0.0,0.0,0.0,1.0,0.0,1.0,-9.08060650460106,1.0,-33.68227055111265,1.0,64.34525550153127,1.0,-30.66298495041862,1.0,9.08060650460106,0.0,0.0,0.0,0.0,0.0,0.0,0.0,0.0,0.0,0.0,0.0,0.0,0.0,0.0,0.0,0.0,0.0,0.0
0.0,0.0,-0.1553,0.0553,-9.7986,7.1954,-3.2201,-0.1066,0.0,0.0,0.0,0.0,-0.3233,-0.9079,0.0066,0.0,0.0,0.0,0.0,0.0,1.0,0.0,0.0,0.0,0.0,0.0,0.0,0.0,0.0,0.0,1.0,0.0,1.0,10.404165196171373,1.0,-41.406930100560956,1.0,84.69314784911523,1.0,-43.286217748554286,1.0,-10.404165196171373,0.0,0.0,0.0,0.0,0.0,0.0,0.0,0.0,0.0,0.0,0.0,0.0,0.0,0.0,0.0,0.0,0.0,0.0,1.0,0.0,1.0,-9.146115256703014,1.0,-33.01554519513042,1.0,64.38978864981797,1.0,-31.37424345468755,1.0,9.146115256703014,0.0,0.0,0.0,0.0,0.0,0.0,0.0,0.0,0.0,0.0,0.0,0.0,0.0,0.0,0.0,0.0,0.0,0.0
0.0,0.0,-0.1233,0.0497,-9.7991,7.5052,-2.6444,0.0236,0.0,0.0,0.0,0.0,-0.2903,-0.7207,0.0298,0.0,0.0,0.0,0.0,0.0,1.0,0.0,0.0,0.0,0.0,0.0,0.0,0.0,0.0,0.0,1.0,0.0,1.0,10.441255412461587,1.0,-42.2857151799513,1.0,84.79742135523196,1.0,-42.51170617528066,1.0,-10.441255412461587,0.0,0.0,0.0,0.0,0.0,0.0,0.0,0.0,0.0,0.0,0.0,0.0,0.0,0.0,0.0,0.0,0.0,0.0,1.0,0.0,1.0,-9.1730238227916,1.0,-32.30270804984128,1.0,64.40818552003066,1.0,-32.10547747018937,1.0,9.1730238227916,0.0,0.0,0.0,0.0,0.0,0.0,0.0,0.0,0.0,0.0,0.0,0.0,0.0,0.0,0.0,0.0,0.0,0.0
0.0,0.0,-0.0931,0.0384,-9.7995,7.7458,-1.9861,0.2506,0.0,0.0,0.0,0.0,-0.2245,-0.5444,0.0479,0.0,0.0,0.0,0.0,0.0,1.0,0.0,0.0,0.0,0.0,0.0,0.0,0.0,0.0,0.0,1.0,0.0,1.0,10.420416352772476,1.0,-43.07810959993451,1.0,84.738843995808,1.0,-41.66073439587349,1.0,-10.420416352772476,0.0,0.0,0.0,0.0,0.0,0.0,0.0,0.0,0.0,0.0,0.0,0.0,0.0,0.0,0.0,0.0,0.0,0.0,1.0,0.0,1.0,-9.15790951497824,1.0,-31.58017504748993,1.0,64.3978446733071,1.0,-32.817669625817175,1.0,9.15790951497824,0.0,0.0,0.0,0.0,0.0,0.0,0.0,0.0,0.0,0.0,0.0,0.0,0.0,0.0,0.0,0.0,0.0,0.0
0.0,0.0,-0.0739,0.0264,-9.7997,7.6655,-1.4399,0.2667,0.0,0.0,0.0,0.0,-0.1542,-0.4319,0.0576,0.0,0.0,0.0,0.0,0.0,1.0,0.0,0.0,0.0,0.0,0.0,0.0,0.0,0.0,0.0,1.0,0.0,1.0,10.345182480135625,1.0,-43.76598016467249,1.0,84.52718434294047,1.0,-40.76120417826798,1.0,-10.345182480135625,0.0,0.0,0.0,0.0,0.0,0.0,0.0,0.0,0.0,0.0,0.0,0.0,0.0,0.0,0.0,0.0,0.0,0.0,1.0,0.0,1.0,-9.103253310200055,1.0,-30.866675267059875,1.0,64.36061022764936,1.0,-33.493934960589485,1.0,9.103253310200055,0.0,0.0,0.0,0.0,0.0,0.0,0.0,0.0,0.0,0.0,0.0,0.0,0.0,0.0,0.0,0.0,0.0,0.0
0.0,0.0,-0.0584,0.0155,-9.7998,7.3307,-0.9643,0.1331,0.0,0.0,0.0,0.0,-0.0903,-0.3414,0.0569,0.0,0.0,0.0,0.0,0.0,1.0,0.0,0.0,0.0,0.0,0.0,0.0,0.0,0.0,0.0,1.0,0.0,1.0,10.214282743776874,1.0,-44.37376953104683,1.0,84.15823117977305,1.0,-39.78446164872622,1.0,-10.214282743776874,0.0,0.0,0.0,0.0,0.0,0.0,0.0,0.0,0.0,0.0,0.0,0.0,0.0,0.0,0.0,0.0,0.0,0.0,1.0,0.0,1.0,-9.007819216992486,1.0,-30.136662631800665,1.0,64.29619565164997,1.0,-34.159533019849306,1.0,9.007819216992486,0.0,0.0,0.0,0.0,0.0,0.0,0.0,0.0,0.0,0.0,0.0,0.0,0.0,0.0,0.0,0.0,0.0,0.0
0.0,0.0,-0.0416,0.0065,-9.7999,7.1828,-0.5162,-0.1045,0.0,0.0,0.0,0.0,-0.0378,-0.2434,0.0584,0.0,0.0,0.0,0.0,0.0,1.0,0.0,0.0,0.0,0.0,0.0,0.0,0.0,0.0,0.0,1.0,0.0,1.0,10.035989681958965,1.0,-44.87206641454554,1.0,83.65426944733922,1.0,-38.78220303279367,1.0,-10.035989681958965,0.0,0.0,0.0,0.0,0.0,0.0,0.0,0.0,0.0,0.0,0.0,0.0,0.0,0.0,0.0,0.0,0.0,0.0,1.0,0.0,1.0,-8.877137787047477,1.0,-29.426325413320683,1.0,64.20922304965536,1.0,-34.78289763633468,1.0,8.877137787047477,0.0,0.0,0.0,0.0,0.0,0.0,0.0,0.0,0.0,0.0,0.0,0.0,0.0,0.0,0.0,0.0,0.0,0.0
0.0,0.0,-0.0265,-0.0037,-9.8,7.3247,0.5283,0.1963,0.0,0.0,0.0,0.0,0.0218,-0.1548,0.0731,0.0,0.0,0.0,0.0,0.0,1.0,0.0,0.0,0.0,0.0,0.0,0.0,0.0,0.0,0.0,1.0,0.0,1.0,9.804723659376057,1.0,-45.282356075084216,1.0,82.99806352161113,1.0,-37.71570744652692,1.0,-9.804723659376057,0.0,0.0,0.0,0.0,0.0,0.0,0.0,0.0,0.0,0.0,0.0,0.0,0.0,0.0,0.0,0.0,0.0,0.0,1.0,0.0,1.0,-8.70642364754563,1.0,-28.70631956794566,1.0,64.09774275667712,1.0,-35.391423188731466,1.0,8.70642364754563,0.0,0.0,0.0,0.0,0.0,0.0,0.0,0.0,0.0,0.0,0.0,0.0,0.0,0.0,0.0,0.0,0.0,0.0
0.0,0.0,-0.0186,-0.0222,-9.8,7.2431,1.6041,0.423,0.0,0.0,0.0,0.0,0.1299,-0.1087,0.0851,0.0,0.0,0.0,0.0,0.0,1.0,0.0,0.0,0.0,0.0,0.0,0.0,0.0,0.0,0.0,1.0,0.0,1.0,9.541743183724646,1.0,-45.578216070280604,1.0,82.24831899409348,1.0,-36.670102923812884,1.0,-9.541743183724646,0.0,0.0,0.0,0.0,0.0,0.0,0.0,0.0,0.0,0.0,0.0,0.0,0.0,0.0,0.0,0.0,0.0,0.0,1.0,0.0,1.0,-8.510623325215436,1.0,-28.03149424359756,1.0,63.97284006531195,1.0,-35.94134582171439,1.0,8.510623325215436,0.0,0.0,0.0,0.0,0.0,0.0,0.0,0.0,0.0,0.0,0.0,0.0,0.0,0.0,0.0,0.0,0.0,0.0
0.0,0.0,-0.0117,-0.0369,-9.7999,6.8215,2.0103,0.1809,0.0,0.0,0.0,0.0,0.2156,-0.0687,0.0885,0.0,0.0,0.0,0.0,0.0,1.0,0.0,0.0,0.0,0.0,0.0,0.0,0.0,0.0,0.0,1.0,0.0,1.0,9.23465114521125,1.0,-45.784492488351965,1.0,81.36786517420866,1.0,-35.58337268585669,1.0,-9.23465114521125,0.0,0.0,0.0,0.0,0.0,0.0,0.0,0.0,0.0,0.0,0.0,0.0,0.0,0.0,0.0,0.0,0.0,0.0,1.0,0.0,1.0,-8.279689867958364,1.0,-27.359351910762566,1.0,63.82955951866884,1.0,-36.47020760790627,1.0,8.279689867958364,0.0,0.0,0.0,0.0,0.0,0.0,0.0,0.0,0.0,0.0,0.0,0.0,0.0,0.0,0.0,0.0,0.0,0.0
0.0,0.0,-0.0005,-0.0422,-9.7999,6.3482,2.8564,0.5831,0.0,0.0,0.0,0.0,0.2467,-0.0028,0.0847,0.0,0.0,0.0,0.0,0.0,1.0,0.0,0.0,0.0,0.0,0.0,0.0,0.0,0.0,0.0,1.0,0.0,1.0,8.870782429296897,1.0,-45.89986090208082,1.0,80.31745455573045,1.0,-34.41759365364963,1.0,-8.870782429296897,0.0,0.0,0.0,0.0,0.0,0.0,0.0,0.0,0.0,0.0,0.0,0.0,0.0,0.0,0.0,0.0,0.0,0.0,1.0,0.0,1.0,-8.002812043333867,1.0,-26.668940273240374,1.0,63.663479746551296,1.0,-36.99453947331092,1.0,8.002812043333867,0.0,0.0,0.0,0.0,0.0,0.0,0.0,0.0,0.0,0.0,0.0,0.0,0.0,0.0,0.0,0.0,0.0,0.0
0.0,0.0,0.016,-0.0465,-9.7999,6.0743,3.4468,0.6793,0.0,0.0,0.0,0.0,0.2721,0.0933,0.0878,0.0,0.0,0.0,0.0,0.0,1.0,0.0,0.0,0.0,0.0,0.0,0.0,0.0,0.0,0.0,1.0,0.0,1.0,8.478173742428433,1.0,-45.912866865313205,1.0,79.1749742551172,1.0,-33.262107389803994,1.0,-8.478173742428433,0.0,0.0,0.0,0.0,0.0,0.0,0.0,0.0,0.0,0.0,0.0,0.0,0.0,0.0,0.0,0.0,0.0,0.0,1.0,0.0,1.0,-7.700038419012509,1.0,-26.014364323905475,1.0,63.488922754304376,1.0,-37.4745584303989,1.0,7.700038419012509,0.0,0.0,0.0,0.0,0.0,0.0,0.0,0.0,0.0,0.0,0.0,0.0,0.0,0.0,0.0,0.0,0.0,0.0
0.0,0.0,0.031,-0.0475,-9.7998,5.8806,4.2093,0.7716,0.0,0.0,0.0,0.0,0.2775,0.1811,0.0973,0.0,0.0,0.0,0.0,0.0,1.0,0.0,0.0,0.0,0.0,0.0,0.0,0.0,0.0,0.0,1.0,0.0,1.0,8.041539999743883,1.0,-45.825687440692356,1.0,77.89277118631111,1.0,-32.06708374561875,1.0,-8.041539999743883,0.0,0.0,0.0,0.0,0.0,0.0,0.0,0.0,0.0,0.0,0.0,0.0,0.0,0.0,0.0,0.0,0.0,0.0,1.0,0.0,1.0,-7.358301926999323,1.0,-25.367768542987914,1.0,63.30066639588437,1.0,-37.93289785289646,1.0,7.358301926999323,0.0,0.0,0.0,0.0,0.0,0.0,0.0,0.0,0.0,0.0,0.0,0.0,0.0,0.0,0.0,0.0,0.0,0.0
0.0,0.0,0.0305,-0.0445,-9.7999,5.4719,4.6559,0.7878,0.0,0.0,0.0,0.0,0.2601,0.1785,0.0942,0.0,0.0,0.0,0.0,0.0,1.0,0.0,0.0,0.0,0.0,0.0,0.0,0.0,0.0,0.0,1.0,0.0,1.0,7.566065757769246,1.0,-45.635412786447006,1.0,76.48193525074971,1.0,-30.846522464302712,1.0,-7.566065757769246,0.0,0.0,0.0,0.0,0.0,0.0,0.0,0.0,0.0,0.0,0.0,0.0,0.0,0.0,0.0,0.0,0.0,0.0,1.0,0.0,1.0,-6.98003094376848,1.0,-24.739171567044323,1.0,63.10300261415967,1.0,-38.36383104711535,1.0,6.98003094376848,0.0,0.0,0.0,0.0,0.0,0.0,0.0,0.0,0.0,0.0,0.0,0.0,0.0,0.0,0.0,0.0,0.0,0.0
0.0,0.0,0.0287,-0.0366,-9.7999,5.0562,5.3173,0.6753,0.0,0.0,0.0,0.0,0.2138,0.1677,0.0926,0.0,0.0,0.0,0.0,0.0,1.0,0.0,0.0,0.0,0.0,0.0,0.0,0.0,0.0,0.0,1.0,0.0,1.0,7.058948378639812,1.0,-45.3435138771757,1.0,74.95963463152168,1.0,-29.61612075434598,1.0,-7.058948378639812,0.0,0.0,0.0,0.0,0.0,0.0,0.0,0.0,0.0,0.0,0.0,0.0,0.0,0.0,0.0,0.0,0.0,0.0,1.0,0.0,1.0,-6.569372315515465,1.0,-24.138606183110888,1.0,62.90101941340119,1.0,-38.76241323029029,1.0,6.569372315515465,0.0,0.0,0.0,0.0,0.0,0.0,0.0,0.0,0.0,0.0,0.0,0.0,0.0,0.0,0.0,0.0,0.0,0.0
0.0,0.0,0.0272,-0.0336,-9.7999,4.8569,6.2463,0.5433,0.0,0.0,0.0,0.0,0.1964,0.159,0.0905,0.0,0.0,0.0,0.0,0.0,1.0,0.0,0.0,0.0,0.0,0.0,0.0,0.0,0.0,0.0,1.0,0.0,1.0,6.506083318864227,1.0,-44.93763684331264,1.0,73.2783059103023,1.0,-28.340669066989655,1.0,-6.506083318864227,0.0,0.0,0.0,0.0,0.0,0.0,0.0,0.0,0.0,0.0,0.0,0.0,0.0,0.0,0.0,0.0,0.0,0.0,1.0,0.0,1.0,-6.112979799718781,1.0,-23.552313595645906,1.0,62.6917551232435,1.0,-39.1394415275976,1.0,6.112979799718781,0.0,0.0,0.0,0.0,0.0,0.0,0.0,0.0,0.0,0.0,0.0,0.0,0.0,0.0,0.0,0.0,0.0,0.0
0.0,0.0,0.025,-0.0299,-9.7999,4.4612,6.512,0.6046,0.0,0.0,0.0,0.0,0.1747,0.1459,0.0823,0.0,0.0,0.0,0.0,0.0,1.0,0.0,0.0,0.0,0.0,0.0,0.0,0.0,0.0,0.0,1.0,0.0,1.0,5.947165399018042,1.0,-44.447128582981,1.0,71.55443886913505,1.0,-27.107310286154057,1.0,-5.947165399018042,0.0,0.0,0.0,0.0,0.0,0.0,0.0,0.0,0.0,0.0,0.0,0.0,0.0,0.0,0.0,0.0,0.0,0.0,1.0,0.0,1.0,-5.642156881887653,1.0,-23.02211621502864,1.0,62.49245849119515,1.0,-39.47034227616651,1.0,5.642156881887653,0.0,0.0,0.0,0.0,0.0,0.0,0.0,0.0,0.0,0.0,0.0,0.0,0.0,0.0,0.0,0.0,0.0,0.0
0.0,0.0,0.0274,-0.0139,-9.8,4.0811,6.7711,0.5008,0.0,0.0,0.0,0.0,0.0811,0.1605,0.0835,0.0,0.0,0.0,0.0,0.0,1.0,0.0,0.0,0.0,0.0,0.0,0.0,0.0,0.0,0.0,1.0,0.0,1.0,5.386100471898249,1.0,-43.882866716073124,1.0,69.79842817142767,1.0,-25.915561455354556,1.0,-5.386100471898249,0.0,0.0,0.0,0.0,0.0,0.0,0.0,0.0,0.0,0.0,0.0,0.0,0.0,0.0,0.0,0.0,0.0,0.0,1.0,0.0,1.0,-5.159763810089768,1.0,-22.546054235745068,1.0,62.30553095156581,1.0,-39.75947671582073,1.0,5.159763810089768,0.0,0.0,0.0,0.0,0.0,0.0,0.0,0.0,0.0,0.0,0.0,0.0,0.0,0.0,0.0,0.0,0.0,0.0
0.0,0.0,0.0292,-0.0005,-9.8,3.7781,7.2629,0.4757,0.0,0.0,0.0,0.0,0.0029,0.1709,0.0878,0.0,0.0,0.0,0.0,0.0,1.0,0.0,0.0,0.0,0.0,0.0,0.0,0.0,0.0,0.0,1.0,0.0,1.0,4.790748670757869,1.0,-43.212699480155734,1.0,67.9059765851447,1.0,-24.69327710498897,1.0,-4.790748670757869,0.0,0.0,0.0,0.0,0.0,0.0,0.0,0.0,0.0,0.0,0.0,0.0,0.0,0.0,0.0,0.0,0.0,0.0,1.0,0.0,1.0,-4.636962100544957,1.0,-22.09713580529322,1.0,62.12246061943329,1.0,-40.02532481414007,1.0,4.636962100544957,0.0,0.0,0.0,0.0,0.0,0.0,0.0,0.0,0.0,0.0,0.0,0.0,0.0,0.0,0.0,0.0,0.0,0.0
0.0,0.0,0.0287,0.0081,-9.8,3.4123,8.0915,0.6994,0.0,0.0,0.0,0.0,-0.0471,0.168,0.0818,0.0,0.0,0.0,0.0,0.0,1.0,0.0,0.0,0.0,0.0,0.0,0.0,0.0,0.0,0.0,1.0,0.0,1.0,4.1915536367127135,1.0,-42.469562012842125,1.0,65.96991962009707,1.0,-23.500357607254955,1.0,-4.1915536367127135,0.0,0.0,0.0,0.0,0.0,0.0,0.0,0.0,0.0,0.0,0.0,0.0,0.0,0.0,0.0,0.0,0.0,0.0,1.0,0.0,1.0,-4.099193727289169,1.0,-21.70005510227637,1.0,61.95510879515331,1.0,-40.255053692876935,1.0,4.099193727289169,0.0,0.0,0.0,0.0,0.0,0.0,0.0,0.0,0.0,0.0,0.0,0.0,0.0,0.0,0.0,0.0,0.0,0.0
0.0,0.0,0.0363,0.0117,-9.7999,3.118,8.7389,0.8048,0.0,0.0,0.0,0.0,-0.0685,0.2123,0.0798,0.0,0.0,0.0,0.0,0.0,1.0,0.0,0.0,0.0,0.0,0.0,0.0,0.0,0.0,0.0,1.0,0.0,1.0,3.6010968319018977,1.0,-41.673990080549274,1.0,64.03039087483543,1.0,-22.35640079428616,1.0,-3.6010968319018977,0.0,0.0,0.0,0.0,0.0,0.0,0.0,0.0,0.0,0.0,0.0,0.0,0.0,0.0,0.0,0.0,0.0,0.0,1.0,0.0,1.0,-3.5576890389478377,1.0,-21.360154192267334,1.0,61.8078646202373,1.0,-40.44771042796996,1.0,3.5576890389478377,0.0,0.0,0.0,0.0,0.0,0.0,0.0,0.0,0.0,0.0,0.0,0.0,0.0,0.0,0.0,0.0,0.0,0.0
0.0,0.0,0.043,0.0156,-9.7999,3.1727,9.3237,0.4626,0.0,0.0,0.0,0.0,-0.0911,0.2513,0.0916,0.0,0.0,0.0,0.0,0.0,1.0,0.0,0.0,0.0,0.0,0.0,0.0,0.0,0.0,0.0,1.0,0.0,1.0,2.9884700428198294,1.0,-40.78536603697336,1.0,61.98412011108921,1.0,-21.198754074115858,1.0,-2.9884700428198294,0.0,0.0,0.0,0.0,0.0,0.0,0.0,0.0,0.0,0.0,0.0,0.0,0.0,0.0,0.0,0.0,0.0,0.0,1.0,0.0,1.0,-2.9835230452224,1.0,-21.060090082279892,1.0,61.674851064403896,1.0,-40.614760982124,1.0,2.9835230452224,0.0,0.0,0.0,0.0,0.0,0.0,0.0,0.0,0.0,0.0,0.0,0.0,0.0,0.0,0.0,0.0,0.0,0.0
0.0,0.0,0.0445,0.0232,-9.7999,2.8955,9.6031,0.1606,0.0,0.0,0.0,0.0,-0.1354,0.2599,0.0999,0.0,0.0,0.0,0.0,0.0,1.0,0.0,0.0,0.0,0.0,0.0,0.0,0.0,0.0,0.0,1.0,0.0,1.0,2.4000850343754614,1.0,-40.74941488032616,1.0,61.56387243547845,1.0,-20.814457555152288,1.0,-2.4000850343754614,0.0,0.0,0.0,0.0,0.0,0.0,0.0,0.0,0.0,0.0,0.0,0.0,0.0,0.0,0.0,0.0,0.0,0.0,1.0,0.0,1.0,-2.4000850343754614,1.0,-20.814457555152288,1.0,61.56387243547845,1.0,-40.74941488032616,1.0,2.4000850343754614,0.0,0.0,0.0,0.0,0.0,0.0,0.0,0.0,0.0,0.0,0.0,0.0,0.0,0.0,0.0,0.0,0.0,0.0
0.0,0.0,0.0495,0.033,-9.7998,1.7817,9.2821,1.0377,0.0,0.0,0.0,0.0,-0.1928,0.2897,0.107,0.0,0.0,0.0,0.0,0.0,1.0,0.0,0.0,0.0,0.0,0.0,0.0,0.0,0.0,0.0,1.0,0.0,1.0,1.8089410400884047,1.0,-40.8530059965325,1.0,61.476130125210304,1.0,-20.6231241286778,1.0,-1.8089410400884047,0.0,0.0,0.0,0.0,0.0,0.0,0.0,0.0,0.0,0.0,0.0,0.0,0.0,0.0,0.0,0.0,0.0,0.0,1.0,0.0,1.0,-1.8089410400884047,1.0,-20.6231241286778,1.0,61.476130125210304,1.0,-40.8530059965325,1.0,1.8089410400884047,0.0,0.0,0.0,0.0,0.0,0.0,0.0,0.0,0.0,0.0,0.0,0.0,0.0,0.0,0.0,0.0,0.0,0.0
0.0,0.0,0.0583,0.0316,-9.7998,0.1442,8.2841,1.5657,0.0,0.0,0.0,0.0,-0.1849,0.3409,0.1365,0.0,0.0,0.0,0.0,0.0,1.0,0.0,0.0,0.0,0.0,0.0,0.0,0.0,0.0,0.0,1.0,0.0,1.0,1.1927079652683603,1.0,-40.928335915765366,1.0,61.410997917141486,1.0,-20.48266200137612,1.0,-1.1927079652683603,0.0,0.0,0.0,0.0,0.0,0.0,0.0,0.0,0.0,0.0,0.0,0.0,0.0,0.0,0.0,0.0,0.0,0.0,1.0,0.0,1.0,-1.1927079652683603,1.0,-20.48266200137612,1.0,61.410997917141486,1.0,-40.928335915765366,1.0,1.1927079652683603,0.0,0.0,0.0,0.0,0.0,0.0,0.0,0.0,0.0,0.0,0.0,0.0,0.0,0.0,0.0,0.0,0.0,0.0
0.0,0.0,0.0576,0.0262,-9.7998,-0.5807,7.673,1.1172,0.0,0.0,0.0,0.0,-0.1534,0.3365,0.1524,0.0,0.0,0.0,0.0,0.0,1.0,0.0,0.0,0.0,0.0,0.0,0.0,0.0,0.0,0.0,1.0,0.0,1.0,0.5933782056226244,1.0,-40.97129664507817,1.0,61.37334254517769,1.0,-20.402045900099512,1.0,-0.5933782056226244,0.0,0.0,0.0,0.0,0.0,0.0,0.0,0.0,0.0,0.0,0.0,0.0,0.0,0.0,0.0,0.0,0.0,0.0,1.0,0.0,1.0,-0.5933782056226244,1.0,-20.402045900099512,1.0,61.37334254517769,1.0,-40.97129664507817,1.0,0.5933782056226244,0.0,0.0,0.0,0.0,0.0,0.0,0.0,0.0,0.0,0.0,0.0,0.0,0.0,0.0,0.0,0.0,0.0,0.0
0.0,0.0,0.0524,0.0165,-9.7998,-0.8441,7.5581,0.5949,0.0,0.0,0.0,0.0,-0.0964,0.3063,0.165,0.0,0.0,0.0,0.0,0.0,1.0,0.0,0.0,0.0,0.0,0.0,0.0,0.0,0.0,0.0,1.0,0.0,1.0,-0.04204829445341231,1.0,-40.98525753485446,1.0,61.36102496109704,1.0,-20.375767426242575,1.0,0.04204829445341231,0.0,0.0,0.0,0.0,0.0,0.0,0.0,0.0,0.0,0.0,0.0,0.0,0.0,0.0,0.0,0.0,0.0,0.0,1.0,0.0,1.0,0.04204829445341231,1.0,-20.375767426242575,1.0,61.36102496109704,1.0,-40.98525753485446,1.0,-0.04204829445341231,0.0,0.0,0.0,0.0,0.0,0.0,0.0,0.0,0.0,0.0,0.0,0.0,0.0,0.0,0.0,0.0,0.0,0.0
0.0,0.0,0.0537,0.0072,-9.7999,-0.6973,7.6712,0.3148,0.0,0.0,0.0,0.0,-0.042,0.3138,0.1864,0.0,0.0,0.0,0.0,0.0,1.0,0.0,0.0,0.0,0.0,0.0,0.0,0.0,0.0,0.0,1.0,0.0,1.0,-0.6715257853447857,1.0,-40.96734865766418,1.0,61.37681861208799,1.0,-20.40946995442381,1.0,0.6715257853447857,0.0,0.0,0.0,0.0,0.0,0.0,0.0,0.0,0.0,0.0,0.0,0.0,0.0,0.0,0.0,0.0,0.0,0.0,1.0,0.0,1.0,0.6715257853447857,1.0,-20.40946995442381,1.0,61.37681861208799,1.0,-40.96734865766418,1.0,-0.6715257853447857,0.0,0.0,0.0,0.0,0.0,0.0,0.0,0.0,0.0,0.0,0.0,0.0,0.0,0.0,0.0,0.0,0.0,0.0
0.0,0.0,0.0576,-0.0001,-9.7998,-0.3773,7.7936,0.1171,0.0,0.0,0.0,0.0,0.0006,0.3367,0.2132,0.0,0.0,0.0,0.0,0.0,1.0,0.0,0.0,0.0,0.0,0.0,0.0,0.0,0.0,0.0,1.0,0.0,1.0,-1.269396998767886,1.0,-40.920710393472426,1.0,61.41764276080734,1.0,-20.496932367334917,1.0,1.269396998767886,0.0,0.0,0.0,0.0,0.0,0.0,0.0,0.0,0.0,0.0,0.0,0.0,0.0,0.0,0.0,0.0,0.0,0.0,1.0,0.0,1.0,1.269396998767886,1.0,-20.496932367334917,1.0,61.41764276080734,1.0,-40.920710393472426,1.0,-1.269396998767886,0.0,0.0,0.0,0.0,0.0,0.0,0.0,0.0,0.0,0.0,0.0,0.0,0.0,0.0,0.0,0.0,0.0,0.0
0.0,0.0,0.0556,-0.0044,-9.7998,-0.2201,7.7152,-0.1365,0.0,0.0,0.0,0.0,0.0258,0.3251,0.2315,0.0,0.0,0.0,0.0,0.0,1.0,0.0,0.0,0.0,0.0,0.0,0.0,0.0,0.0,0.0,1.0,0.0,1.0,-1.8752842289105158,1.0,-40.842946063913004,1.0,61.48474291138264,1.0,-20.64179684746964,1.0,1.8752842289105158,0.0,0.0,0.0,0.0,0.0,0.0,0.0,0.0,0.0,0.0,0.0,0.0,0.0,0.0,0.0,0.0,0.0,0.0,1.0,0.0,1.0,1.8752842289105158,1.0,-20.64179684746964,1.0,61.48474291138264,1.0,-40.842946063913004,1.0,-1.8752842289105158,0.0,0.0,0.0,0.0,0.0,0.0,0.0,0.0,0.0,0.0,0.0,0.0,0.0,0.0,0.0,0.0,0.0,0.0
0.0,0.0,0.0442,-0.0085,-9.7999,-0.3401,7.7884,-0.2382,0.0,0.0,0.0,0.0,0.0497,0.2583,0.2405,0.0,0.0,0.0,0.0,0.0,1.0,0.0,0.0,0.0,0.0,0.0,0.0,0.0,0.0,0.0,1.0,0.0,1.0,-2.451483380336421,1.0,-40.73888581237957,1.0,61.572674246369274,1.0,-20.833788433989707,1.0,2.451483380336421,0.0,0.0,0.0,0.0,0.0,0.0,0.0,0.0,0.0,0.0,0.0,0.0,0.0,0.0,0.0,0.0,0.0,0.0,1.0,0.0,1.0,2.451483380336421,1.0,-20.833788433989707,1.0,61.572674246369274,1.0,-40.73888581237957,1.0,-2.451483380336421,0.0,0.0,0.0,0.0,0.0,0.0,0.0,0.0,0.0,0.0,0.0,0.0,0.0,0.0,0.0,0.0,0.0,0.0
0.0,0.0,0.0291,-0.0134,-9.7999,-0.519,8.2462,-0.2213,0.0,0.0,0.0,0.0,0.0781,0.1702,0.2408,0.0,0.0,0.0,0.0,0.0,1.0,0.0,0.0,0.0,0.0,0.0,0.0,0.0,0.0,0.0,1.0,0.0,1.0,-3.039626390059247,1.0,-40.60000641153015,1.0,61.686804752213895,1.0,-21.086798340683742,1.0,3.039626390059247,0.0,0.0,0.0,0.0,0.0,0.0,0.0,0.0,0.0,0.0,0.0,0.0,0.0,0.0,0.0,0.0,0.0,0.0,1.0,0.0,1.0,3.047741556591067,1.0,-21.309537627386177,1.0,62.183616007926446,1.0,-40.87407838054027,1.0,-3.047741556591067,0.0,0.0,0.0,0.0,0.0,0.0,0.0,0.0,0.0,0.0,0.0,0.0,0.0,0.0,0.0,0.0,0.0,0.0
0.0,0.0,0.0143,-0.0172,-9.8,-0.9519,8.679,-0.9738,0.0,0.0,0.0,0.0,0.1007,0.0837,0.2367,0.0,0.0,0.0,0.0,0.0,1.0,0.0,0.0,0.0,0.0,0.0,0.0,0.0,0.0,0.0,1.0,0.0,1.0,-3.609647578380096,1.0,-40.43076996158331,1.0,61.821072476992406,1.0,-21.390302515409097,1.0,3.609647578380096,0.0,0.0,0.0,0.0,0.0,0.0,0.0,0.0,0.0,0.0,0.0,0.0,0.0,0.0,0.0,0.0,0.0,0.0,1.0,0.0,1.0,3.6572081957133205,1.0,-22.463871929923616,1.0,64.21607771994476,1.0,-41.75220579002115,1.0,-3.6572081957133205,0.0,0.0,0.0,0.0,0.0,0.0,0.0,0.0,0.0,0.0,0.0,0.0,0.0,0.0,0.0,0.0,0.0,0.0
0.0,0.0,-0.0026,-0.0219,-9.8,-1.4437,8.4186,-1.6968,0.0,0.0,0.0,0.0,0.1279,-0.0152,0.2283,0.0,0.0,0.0,0.0,0.0,1.0,0.0,0.0,0.0,0.0,0.0,0.0,0.0,0.0,0.0,1.0,0.0,1.0,-4.149358848608263,1.0,-40.235323973281695,1.0,61.969826784825976,1.0,-21.73450281154428,1.0,4.149358848608263,0.0,0.0,0.0,0.0,0.0,0.0,0.0,0.0,0.0,0.0,0.0,0.0,0.0,0.0,0.0,0.0,0.0,0.0,1.0,0.0,1.0,4.2468993082901125,1.0,-23.609124469308124,1.0,66.15009327179129,1.0,-42.540968802483164,1.0,-4.2468993082901125,0.0,0.0,0.0,0.0,0.0,0.0,0.0,0.0,0.0,0.0,0.0,0.0,0.0,0.0,0.0,0.0,0.0,0.0
0.0,0.0,-0.0252,-0.0311,-9.7999,-1.0928,7.837,-1.4229,0.0,0.0,0.0,0.0,0.1819,-0.1473,0.1976,0.0,0.0,0.0,0.0,0.0,1.0,0.0,0.0,0.0,0.0,0.0,0.0,0.0,0.0,0.0,1.0,0.0,1.0,-4.689494459032654,1.0,-40.00061748109406,1.0,62.13994464854025,1.0,-22.139327167446186,1.0,4.689494459032654,0.0,0.0,0.0,0.0,0.0,0.0,0.0,0.0,0.0,0.0,0.0,0.0,0.0,0.0,0.0,0.0,0.0,0.0,1.0,0.0,1.0,4.849989448304824,1.0,-24.81315123141068,1.0,68.09566165910614,1.0,-43.28251042769546,1.0,-4.849989448304824,0.0,0.0,0.0,0.0,0.0,0.0,0.0,0.0,0.0,0.0,0.0,0.0,0.0,0.0,0.0,0.0,0.0,0.0
0.0,0.0,-0.0578,-0.0425,-9.7997,-0.3013,7.2962,-1.0619,0.0,0.0,0.0,0.0,0.2486,-0.3379,0.1701,0.0,0.0,0.0,0.0,0.0,1.0,0.0,0.0,0.0,0.0,0.0,0.0,0.0,0.0,0.0,1.0,0.0,1.0,-5.208539240810652,1.0,-39.73228044441077,1.0,62.3236428037943,1.0,-22.591362359383535,1.0,5.208539240810652,0.0,0.0,0.0,0.0,0.0,0.0,0.0,0.0,0.0,0.0,0.0,0.0,0.0,0.0,0.0,0.0,0.0,0.0,1.0,0.0,1.0,5.442310681228356,1.0,-26.033098563327496,1.0,69.97553707927032,1.0,-43.942438515942825,1.0,-5.442310681228356,0.0,0.0,0.0,0.0,0.0,0.0,0.0,0.0,0.0,0.0,0.0,0.0,0.0,0.0,0.0,0.0,0.0,0.0
0.0,0.0,-0.092,-0.055,-9.7994,0.4422,7.0037,-1.0344,0.0,0.0,0.0,0.0,0.3215,-0.5376,0.1681,0.0,0.0,0.0,0.0,0.0,1.0,0.0,0.0,0.0,0.0,0.0,0.0,0.0,0.0,0.0,1.0,0.0,1.0,-5.688269495783349,1.0,-39.440209620806286,1.0,62.51123921196613,1.0,-23.07102959115984,1.0,5.688269495783349,0.0,0.0,0.0,0.0,0.0,0.0,0.0,0.0,0.0,0.0,0.0,0.0,0.0,0.0,0.0,0.0,0.0,0.0,1.0,0.0,1.0,6.0014053923337825,1.0,-27.22484094199557,1.0,71.72282528513897,1.0,-44.4979843431434,1.0,-6.0014053923337825,0.0,0.0,0.0,0.0,0.0,0.0,0.0,0.0,0.0,0.0,0.0,0.0,0.0,0.0,0.0,0.0,0.0,0.0
0.0,0.0,-0.1302,-0.0699,-9.7989,0.8816,6.9187,-1.1049,0.0,0.0,0.0,0.0,0.409,-0.7612,0.1822,0.0,0.0,0.0,0.0,0.0,1.0,0.0,0.0,0.0,0.0,0.0,0.0,0.0,0.0,0.0,1.0,0.0,1.0,-6.164856612165212,1.0,-39.09960505356576,1.0,62.714740800500024,1.0,-23.615135746934268,1.0,6.164856612165212,0.0,0.0,0.0,0.0,0.0,0.0,0.0,0.0,0.0,0.0,0.0,0.0,0.0,0.0,0.0,0.0,0.0,0.0,1.0,0.0,1.0,6.5683689177852544,1.0,-28.481384144594184,1.0,73.46888965179011,1.0,-44.98750550719593,1.0,-6.5683689177852544,0.0,0.0,0.0,0.0,0.0,0.0,0.0,0.0,0.0,0.0,0.0,0.0,0.0,0.0,0.0,0.0,0.0,0.0
0.0,0.0,-0.1648,-0.0892,-9.7982,1.5907,6.895,-0.8761,0.0,0.0,0.0,0.0,0.5213,-0.9636,0.2001,0.0,0.0,0.0,0.0,0.0,1.0,0.0,0.0,0.0,0.0,0.0,0.0,0.0,0.0,0.0,1.0,0.0,1.0,-6.587866572647244,1.0,-38.74577722583581,1.0,62.909835787853,1.0,-24.164058562017193,1.0,6.587866572647244,0.0,0.0,0.0,0.0,0.0,0.0,0.0,0.0,0.0,0.0,0.0,0.0,0.0,0.0,0.0,0.0,0.0,0.0,1.0,0.0,1.0,7.081587663463462,1.0,-29.669711217864172,1.0,75.02799379597205,1.0,-45.35828257810787,1.0,-7.081587663463462,0.0,0.0,0.0,0.0,0.0,0.0,0.0,0.0,0.0,0.0,0.0,0.0,0.0,0.0,0.0,0.0,0.0,0.0
0.0,0.0,-0.193,-0.1016,-9.7976,2.2967,6.1506,-0.8349,0.0,0.0,0.0,0.0,0.5943,-1.1287,0.223,0.0,0.0,0.0,0.0,0.0,1.0,0.0,0.0,0.0,0.0,0.0,0.0,0.0,0.0,0.0,1.0,0.0,1.0,-6.9774393626484885,1.0,-38.366553623798616,1.0,63.101686951315195,1.0,-24.735133327516582,1.0,6.9774393626484885,0.0,0.0,0.0,0.0,0.0,0.0,0.0,0.0,0.0,0.0,0.0,0.0,0.0,0.0,0.0,0.0,0.0,0.0,1.0,0.0,1.0,7.562836132304414,1.0,-30.838472323312395,1.0,76.47229862832367,1.0,-45.633826305011276,1.0,-7.562836132304414,0.0,0.0,0.0,0.0,0.0,0.0,0.0,0.0,0.0,0.0,0.0,0.0,0.0,0.0,0.0,0.0,0.0,0.0
0.0,0.0,-0.2095,-0.1003,-9.7972,2.9294,5.6623,-0.6433,0.0,0.0,0.0,0.0,0.5868,-1.2252,0.2418,0.0,0.0,0.0,0.0,0.0,1.0,0.0,0.0,0.0,0.0,0.0,0.0,0.0,0.0,0.0,1.0,0.0,1.0,-7.347024413288197,1.0,-37.94679814395184,1.0,63.2946111014601,1.0,-25.347812957508253,1.0,7.347024413288197,0.0,0.0,0.0,0.0,0.0,0.0,0.0,0.0,0.0,0.0,0.0,0.0,0.0,0.0,0.0,0.0,0.0,0.0,1.0,0.0,1.0,8.02724643774534,1.0,-32.02927512593116,1.0,77.85058410127259,1.0,-45.82130897534143,1.0,-8.02724643774534,0.0,0.0,0.0,0.0,0.0,0.0,0.0,0.0,0.0,0.0,0.0,0.0,0.0,0.0,0.0,0.0,0.0,0.0
0.0,0.0,-0.2196,-0.1011,-9.797,3.6617,5.734,-0.4164,0.0,0.0,0.0,0.0,0.5914,-1.2841,0.249,0.0,0.0,0.0,0.0,0.0,1.0,0.0,0.0,0.0,0.0,0.0,0.0,0.0,0.0,0.0,1.0,0.0,1.0,-7.684538855542503,1.0,-37.49706379066258,1.0,63.48018383688539,1.0,-25.983120046222812,1.0,7.684538855542503,0.0,0.0,0.0,0.0,0.0,0.0,0.0,0.0,0.0,0.0,0.0,0.0,0.0,0.0,0.0,0.0,0.0,0.0,1.0,0.0,1.0,8.458222030523725,1.0,-33.20564188042416,1.0,79.11665543204086,1.0,-45.9110135516167,1.0,-8.458222030523725,0.0,0.0,0.0,0.0,0.0,0.0,0.0,0.0,0.0,0.0,0.0,0.0,0.0,0.0,0.0,0.0,0.0,0.0
0.0,0.0,-0.23,-0.1049,-9.7967,4.4973,5.3938,-0.4705,0.0,0.0,0.0,0.0,0.6137,-1.3446,0.2541,0.0,0.0,0.0,0.0,0.0,1.0,0.0,0.0,0.0,0.0,0.0,0.0,0.0,0.0,0.0,1.0,0.0,1.0,-7.990566510836089,1.0,-37.015620401636234,1.0,63.65627731723012,1.0,-26.640656915593894,1.0,7.990566510836089,0.0,0.0,0.0,0.0,0.0,0.0,0.0,0.0,0.0,0.0,0.0,0.0,0.0,0.0,0.0,0.0,0.0,0.0,1.0,0.0,1.0,8.854797010696345,1.0,-34.36871172784048,1.0,80.27112469346838,1.0,-45.9024129656279,1.0,-8.854797010696345,0.0,0.0,0.0,0.0,0.0,0.0,0.0,0.0,0.0,0.0,0.0,0.0,0.0,0.0,0.0,0.0,0.0,0.0
0.0,0.0,-0.237,-0.1016,-9.7966,4.7531,5.1108,-0.6243,0.0,0.0,0.0,0.0,0.5939,-1.3855,0.2662,0.0,0.0,0.0,0.0,0.0,1.0,0.0,0.0,0.0,0.0,0.0,0.0,0.0,0.0,0.0,1.0,0.0,1.0,-8.25735436398771,1.0,-36.5163396074922,1.0,63.81593195000267,1.0,-27.29959234251047,1.0,8.25735436398771,0.0,0.0,0.0,0.0,0.0,0.0,0.0,0.0,0.0,0.0,0.0,0.0,0.0,0.0,0.0,0.0,0.0,0.0,1.0,0.0,1.0,9.205124504656146,1.0,-35.48449769634018,1.0,81.2829221750956,1.0,-45.798424478755436,1.0,-9.205124504656146,0.0,0.0,0.0,0.0,0.0,0.0,0.0,0.0,0.0,0.0,0.0,0.0,0.0,0.0,0.0,0.0,0.0,0.0
0.0,0.0,-0.2289,-0.0975,-9.7968,5.2495,4.7814,-0.4049,0.0,0.0,0.0,0.0,0.5705,-1.3385,0.2724,0.0,0.0,0.0,0.0,0.0,1.0,0.0,0.0,0.0,0.0,0.0,0.0,0.0,0.0,0.0,1.0,0.0,1.0,-8.495230669777749,1.0,-35.980006436318824,1.0,63.96315437933226,1.0,-27.983147943013428,1.0,8.495230669777749,0.0,0.0,0.0,0.0,0.0,0.0,0.0,0.0,0.0,0.0,0.0,0.0,0.0,0.0,0.0,0.0,0.0,0.0,1.0,0.0,1.0,9.521171180252171,1.0,-36.59346392674518,1.0,82.1895062923737,1.0,-45.59604236562851,1.0,-9.521171180252171,0.0,0.0,0.0,0.0,0.0,0.0,0.0,0.0,0.0,0.0,0.0,0.0,0.0,0.0,0.0,0.0,0.0,0.0
0.0,0.0,-0.2132,-0.0944,-9.7972,5.9513,4.7853,-0.5251,0.0,0.0,0.0,0.0,0.5522,-1.2467,0.2626,0.0,0.0,0.0,0.0,0.0,1.0,0.0,0.0,0.0,0.0,0.0,0.0,0.0,0.0,0.0,1.0,0.0,1.0,-8.699300612385155,1.0,-35.41368179052228,1.0,64.09314361299352,1.0,-28.67946182247123,1.0,8.699300612385155,0.0,0.0,0.0,0.0,0.0,0.0,0.0,0.0,0.0,0.0,0.0,0.0,0.0,0.0,0.0,0.0,0.0,0.0,1.0,0.0,1.0,9.795114331191815,1.0,-37.67494674842981,1.0,82.97073500080738,1.0,-45.29578825237757,1.0,-9.795114331191815,0.0,0.0,0.0,0.0,0.0,0.0,0.0,0.0,0.0,0.0,0.0,0.0,0.0,0.0,0.0,0.0,0.0,0.0
0.0,0.0,-0.1978,-0.0929,-9.7976,6.5811,4.4654,-0.5392,0.0,0.0,0.0,0.0,0.5433,-1.1565,0.2534,0.0,0.0,0.0,0.0,0.0,1.0,0.0,0.0,0.0,0.0,0.0,0.0,0.0,0.0,0.0,1.0,0.0,1.0,-8.87042164785114,1.0,-34.81023502051961,1.0,64.20479162522358,1.0,-29.39455660470397,1.0,8.87042164785114,0.0,0.0,0.0,0.0,0.0,0.0,0.0,0.0,0.0,0.0,0.0,0.0,0.0,0.0,0.0,0.0,0.0,0.0,1.0,0.0,1.0,10.026856234634165,1.0,-38.73621366944928,1.0,83.62840798584327,1.0,-44.89219431639399,1.0,-10.026856234634165,0.0,0.0,0.0,0.0,0.0,0.0,0.0,0.0,0.0,0.0,0.0,0.0,0.0,0.0,0.0,0.0,0.0,0.0
0.0,0.0,-0.1832,-0.0828,-9.7979,6.9206,3.8826,-0.2673,0.0,0.0,0.0,0.0,0.4843,-1.0711,0.2573,0.0,0.0,0.0,0.0,0.0,1.0,0.0,0.0,0.0,0.0,0.0,0.0,0.0,0.0,0.0,1.0,0.0,1.0,-9.001589400564026,1.0,-34.19448666178952,1.0,64.29201721346617,1.0,-30.097530551676645,1.0,9.001589400564026,0.0,0.0,0.0,0.0,0.0,0.0,0.0,0.0,0.0,0.0,0.0,0.0,0.0,0.0,0.0,0.0,0.0,0.0,1.0,0.0,1.0,10.20575825090721,1.0,-39.73055833844446,1.0,84.13417359406071,1.0,-44.40361525561625,1.0,-10.20575825090721,0.0,0.0,0.0,0.0,0.0,0.0,0.0,0.0,0.0,0.0,0.0,0.0,0.0,0.0,0.0,0.0,0.0,0.0
0.0,0.0,-0.1642,-0.0695,-9.7984,7.2982,3.7735,-0.2201,0.0,0.0,0.0,0.0,0.4064,-0.9599,0.2636,0.0,0.0,0.0,0.0,0.0,1.0,0.0,0.0,0.0,0.0,0.0,0.0,0.0,0.0,0.0,1.0,0.0,1.0,-9.09639347484593,1.0,-33.55399863546663,1.0,64.35595466611548,1.0,-30.801956030648846,1.0,9.09639347484593,0.0,0.0,0.0,0.0,0.0,0.0,0.0,0.0,0.0,0.0,0.0,0.0,0.0,0.0,0.0,0.0,0.0,0.0,1.0,0.0,1.0,10.335753679345911,1.0,-40.67686112414644,1.0,84.50063760325138,1.0,-43.823776479104936,1.0,-10.335753679345911,0.0,0.0,0.0,0.0,0.0,0.0,0.0,0.0,0.0,0.0,0.0,0.0,0.0,0.0,0.0,0.0,0.0,0.0
0.0,0.0,-0.1351,-0.0618,-9.7989,7.4867,3.5633,-0.1269,0.0,0.0,0.0,0.0,0.3615,-0.7901,0.2532,0.0,0.0,0.0,0.0,0.0,1.0,0.0,0.0,0.0,0.0,0.0,0.0,0.0,0.0,0.0,1.0,0.0,1.0,-9.153205350502258,1.0,-32.90358655006719,1.0,64.39463011156855,1.0,-31.491043561501353,1.0,9.153205350502258,0.0,0.0,0.0,0.0,0.0,0.0,0.0,0.0,0.0,0.0,0.0,0.0,0.0,0.0,0.0,0.0,0.0,0.0,1.0,0.0,1.0,10.413933458996516,1.0,-41.55147562633676,1.0,84.72061652808586,1.0,-43.169140901749095,1.0,-10.413933458996516,0.0,0.0,0.0,0.0,0.0,0.0,0.0,0.0,0.0,0.0,0.0,0.0,0.0,0.0,0.0,0.0,0.0,0.0
0.0,0.0,-0.1048,-0.0535,-9.7993,7.7437,3.043,0.1282,0.0,0.0,0.0,0.0,0.313,-0.6128,0.2309,0.0,0.0,0.0,0.0,0.0,1.0,0.0,0.0,0.0,0.0,0.0,0.0,0.0,0.0,0.0,1.0,0.0,1.0,-9.173411125201623,1.0,-32.216613603864744,1.0,64.40845075521501,1.0,-32.19183715135027,1.0,9.173411125201623,0.0,0.0,0.0,0.0,0.0,0.0,0.0,0.0,0.0,0.0,0.0,0.0,0.0,0.0,0.0,0.0,0.0,0.0,1.0,0.0,1.0,10.441789606687164,1.0,-42.385266488655546,1.0,84.7989226577714,1.0,-42.413656169115846,1.0,-10.441789606687164,0.0,0.0,0.0,0.0,0.0,0.0,0.0,0.0,0.0,0.0,0.0,0.0,0.0,0.0,0.0,0.0,0.0,0.0
0.0,0.0,-0.0831,-0.0406,-9.7996,7.7795,2.3509,0.2433,0.0,0.0,0.0,0.0,0.2376,-0.4859,0.2181,0.0,0.0,0.0,0.0,0.0,1.0,0.0,0.0,0.0,0.0,0.0,0.0,0.0,0.0,0.0,1.0,0.0,1.0,-9.154927178570016,1.0,-31.522344094278587,1.0,64.39580649657326,1.0,-32.87346240229467,1.0,9.154927178570016,0.0,0.0,0.0,0.0,0.0,0.0,0.0,0.0,0.0,0.0,0.0,0.0,0.0,0.0,0.0,0.0,0.0,0.0,1.0,0.0,1.0,10.416306174011533,1.0,-43.13733994385151,1.0,84.72728795814677,1.0,-41.58994801429527,1.0,-10.416306174011533,0.0,0.0,0.0,0.0,0.0,0.0,0.0,0.0,0.0,0.0,0.0,0.0,0.0,0.0,0.0,0.0,0.0,0.0
0.0,0.0,-0.0674,-0.0264,-9.7997,7.4303,1.7466,0.176,0.0,0.0,0.0,0.0,0.1546,-0.3943,0.2237,0.0,0.0,0.0,0.0,0.0,1.0,0.0,0.0,0.0,0.0,0.0,0.0,0.0,0.0,0.0,1.0,0.0,1.0,-9.09697269019096,1.0,-30.807308551353692,1.0,64.35634760957483,1.0,-33.54903905822114,1.0,9.09697269019096,0.0,0.0,0.0,0.0,0.0,0.0,0.0,0.0,0.0,0.0,0.0,0.0,0.0,0.0,0.0,0.0,0.0,0.0,1.0,0.0,1.0,10.33654968914907,1.0,-43.81902541823911,1.0,84.5028789390236,1.0,-40.6838535207845,1.0,-10.33654968914907,0.0,0.0,0.0,0.0,0.0,0.0,0.0,0.0,0.0,0.0,0.0,0.0,0.0,0.0,0.0,0.0,0.0,0.0
0.0,0.0,-0.0511,-0.0129,-9.7999,7.2798,1.2015,-0.0011,0.0,0.0,0.0,0.0,0.0756,-0.2986,0.2275,0.0,0.0,0.0,0.0,0.0,1.0,0.0,0.0,0.0,0.0,0.0,0.0,0.0,0.0,0.0,1.0,0.0,1.0,-9.00097308397653,1.0,-30.093697380712943,1.0,64.29160401607167,1.0,-34.197906635358734,1.0,9.00097308397653,0.0,0.0,0.0,0.0,0.0,0.0,0.0,0.0,0.0,0.0,0.0,0.0,0.0,0.0,0.0,0.0,0.0,0.0,1.0,0.0,1.0,10.204915057781646,1.0,-44.40652380800099,1.0,84.1317937539195,1.0,-39.725269945918505,1.0,-10.204915057781646,0.0,0.0,0.0,0.0,0.0,0.0,0.0,0.0,0.0,0.0,0.0,0.0,0.0,0.0,0.0,0.0,0.0,0.0
0.0,0.0,-0.0287,-0.0014,-9.8,7.182,0.678,-0.1286,0.0,0.0,0.0,0.0,0.0082,-0.1675,0.2102,0.0,0.0,0.0,0.0,0.0,1.0,0.0,0.0,0.0,0.0,0.0,0.0,0.0,0.0,0.0,1.0,0.0,1.0,-8.874416217526516,1.0,-29.413409068278707,1.0,64.20742685981195,1.0,-34.794017791533236,1.0,8.874416217526516,0.0,0.0,0.0,0.0,0.0,0.0,0.0,0.0,0.0,0.0,0.0,0.0,0.0,0.0,0.0,0.0,0.0,0.0,1.0,0.0,1.0,10.03228820302002,1.0,-44.880272274229675,1.0,83.64378919912902,1.0,-38.763516924899335,1.0,-10.03228820302002,0.0,0.0,0.0,0.0,0.0,0.0,0.0,0.0,0.0,0.0,0.0,0.0,0.0,0.0,0.0,0.0,0.0,0.0
0.0,0.0,-0.0084,0.0117,-9.8,7.2754,-0.5166,0.294,0.0,0.0,0.0,0.0,-0.0682,-0.049,0.1922,0.0,0.0,0.0,0.0,0.0,1.0,0.0,0.0,0.0,0.0,0.0,0.0,0.0,0.0,0.0,1.0,0.0,1.0,-8.702506800782219,1.0,-28.69152532412529,1.0,64.09521324079647,1.0,-35.40368791667118,1.0,8.702506800782219,0.0,0.0,0.0,0.0,0.0,0.0,0.0,0.0,0.0,0.0,0.0,0.0,0.0,0.0,0.0,0.0,0.0,0.0,1.0,0.0,1.0,9.799439241256154,1.0,-45.2897718336717,1.0,82.98303548498123,1.0,-37.69326365130953,1.0,-9.799439241256154,0.0,0.0,0.0,0.0,0.0,0.0,0.0,0.0,0.0,0.0,0.0,0.0,0.0,0.0,0.0,0.0,0.0,0.0
0.0,0.0,-0.0003,0.0314,-9.7999,7.0321,-1.5878,0.4939,0.0,0.0,0.0,0.0,-0.1835,-0.0018,0.1907,0.0,0.0,0.0,0.0,0.0,1.0,0.0,0.0,0.0,0.0,0.0,0.0,0.0,0.0,0.0,1.0,0.0,1.0,-8.487709837460915,1.0,-27.959735583852822,1.0,63.95842901875404,1.0,-35.99869343490122,1.0,8.487709837460915,0.0,0.0,0.0,0.0,0.0,0.0,0.0,0.0,0.0,0.0,0.0,0.0,0.0,0.0,0.0,0.0,0.0,0.0,1.0,0.0,1.0,9.51112510344871,1.0,-45.60451072957959,1.0,82.16077715717593,1.0,-36.55626642759634,1.0,-9.51112510344871,0.0,0.0,0.0,0.0,0.0,0.0,0.0,0.0,0.0,0.0,0.0,0.0,0.0,0.0,0.0,0.0,0.0,0.0
0.0,0.0,0.0067,0.0458,-9.7999,6.4806,-1.9878,0.2193,0.0,0.0,0.0,0.0,-0.268,0.0394,0.1894,0.0,0.0,0.0,0.0,0.0,1.0,0.0,0.0,0.0,0.0,0.0,0.0,0.0,0.0,0.0,1.0,0.0,1.0,-8.247203695905672,1.0,-27.272697354568827,1.0,63.80975210123623,1.0,-36.5370547466674,1.0,8.247203695905672,0.0,0.0,0.0,0.0,0.0,0.0,0.0,0.0,0.0,0.0,0.0,0.0,0.0,0.0,0.0,0.0,0.0,0.0,1.0,0.0,1.0,9.191715857132833,1.0,-45.8044550329275,1.0,81.24433090484777,1.0,-35.43987587192027,1.0,-9.191715857132833,0.0,0.0,0.0,0.0,0.0,0.0,0.0,0.0,0.0,0.0,0.0,0.0,0.0,0.0,0.0,0.0,0.0,0.0
0.0,0.0,0.0167,0.0501,-9.7999,6.0326,-2.8578,0.5708,0.0,0.0,0.0,0.0,-0.2932,0.0977,0.1885,0.0,0.0,0.0,0.0,0.0,1.0,0.0,0.0,0.0,0.0,0.0,0.0,0.0,0.0,0.0,1.0,0.0,1.0,-7.978103878226118,1.0,-26.61204460086049,1.0,63.648959574367964,1.0,-37.03691497350748,1.0,7.978103878226118,0.0,0.0,0.0,0.0,0.0,0.0,0.0,0.0,0.0,0.0,0.0,0.0,0.0,0.0,0.0,0.0,0.0,0.0,1.0,0.0,1.0,8.838537470388083,1.0,-45.904816078127794,1.0,80.2239842731517,1.0,-34.319168195023906,1.0,-8.838537470388083,0.0,0.0,0.0,0.0,0.0,0.0,0.0,0.0,0.0,0.0,0.0,0.0,0.0,0.0,0.0,0.0,0.0,0.0
0.0,0.0,0.0261,0.0534,-9.7998,6.0121,-3.4963,0.684,0.0,0.0,0.0,0.0,-0.3121,0.1529,0.1873,0.0,0.0,0.0,0.0,0.0,1.0,0.0,0.0,0.0,0.0,0.0,0.0,0.0,0.0,0.0,1.0,0.0,1.0,-7.667498856525746,1.0,-25.948999136036104,1.0,63.47059845468888,1.0,-37.52159931865278,1.0,7.667498856525746,0.0,0.0,0.0,0.0,0.0,0.0,0.0,0.0,0.0,0.0,0.0,0.0,0.0,0.0,0.0,0.0,0.0,0.0,1.0,0.0,1.0,8.436303758812942,1.0,-45.90872380309004,1.0,79.05255890819947,1.0,-33.14383510510943,1.0,-8.436303758812942,0.0,0.0,0.0,0.0,0.0,0.0,0.0,0.0,0.0,0.0,0.0,0.0,0.0,0.0,0.0,0.0,0.0,0.0
0.0,0.0,0.0263,0.052,-9.7998,5.6549,-4.1831,0.7172,0.0,0.0,0.0,0.0,-0.3038,0.1539,0.1892,0.0,0.0,0.0,0.0,0.0,1.0,0.0,0.0,0.0,0.0,0.0,0.0,0.0,0.0,0.0,1.0,0.0,1.0,-7.331426530517992,1.0,-25.320345167028442,1.0,63.28625254515229,1.0,-37.965907378123845,1.0,7.331426530517992,0.0,0.0,0.0,0.0,0.0,0.0,0.0,0.0,0.0,0.0,0.0,0.0,0.0,0.0,0.0,0.0,0.0,0.0,1.0,0.0,1.0,8.007489136366477,1.0,-45.815110466166395,1.0,77.79224830999212,1.0,-31.977137843825723,1.0,-8.007489136366477,0.0,0.0,0.0,0.0,0.0,0.0,0.0,0.0,0.0,0.0,0.0,0.0,0.0,0.0,0.0,0.0,0.0,0.0
0.0,0.0,0.0218,0.0484,-9.7999,5.1134,-4.6748,0.7662,0.0,0.0,0.0,0.0,-0.2828,0.1274,0.1998,0.0,0.0,0.0,0.0,0.0,1.0,0.0,0.0,0.0,0.0,0.0,0.0,0.0,0.0,0.0,1.0,0.0,1.0,-6.97825595492796,1.0,-24.73640538837006,1.0,63.102101452694534,1.0,-38.365696064324474,1.0,6.97825595492796,0.0,0.0,0.0,0.0,0.0,0.0,0.0,0.0,0.0,0.0,0.0,0.0,0.0,0.0,0.0,0.0,0.0,0.0,1.0,0.0,1.0,7.563853728087802,1.0,-45.63432657672249,1.0,76.47533503072479,1.0,-30.841008454002306,1.0,-7.563853728087802,0.0,0.0,0.0,0.0,0.0,0.0,0.0,0.0,0.0,0.0,0.0,0.0,0.0,0.0,0.0,0.0,0.0,0.0
0.0,0.0,0.0193,0.0415,-9.7999,4.7592,-5.4133,0.7146,0.0,0.0,0.0,0.0,-0.2425,0.113,0.2016,0.0,0.0,0.0,0.0,0.0,1.0,0.0,0.0,0.0,0.0,0.0,0.0,0.0,0.0,0.0,1.0,0.0,1.0,-6.565762842799779,1.0,-24.133655116849134,1.0,62.899301814828405,1.0,-38.76564669797927,1.0,6.565762842799779,0.0,0.0,0.0,0.0,0.0,0.0,0.0,0.0,0.0,0.0,0.0,0.0,0.0,0.0,0.0,0.0,0.0,0.0,1.0,0.0,1.0,7.054532098807698,1.0,-45.340615033961406,1.0,74.94629528888463,1.0,-29.60568025492322,1.0,-7.054532098807698,0.0,0.0,0.0,0.0,0.0,0.0,0.0,0.0,0.0,0.0,0.0,0.0,0.0,0.0,0.0,0.0,0.0,0.0
0.0,0.0,0.0172,0.0393,-9.7999,4.6543,-6.4157,0.5669,0.0,0.0,0.0,0.0,-0.23,0.1004,0.2009,0.0,0.0,0.0,0.0,0.0,1.0,0.0,0.0,0.0,0.0,0.0,0.0,0.0,0.0,0.0,1.0,0.0,1.0,-6.109986159518593,1.0,-23.54871648852853,1.0,62.690434938409815,1.0,-39.14171844988129,1.0,6.109986159518593,0.0,0.0,0.0,0.0,0.0,0.0,0.0,0.0,0.0,0.0,0.0,0.0,0.0,0.0,0.0,0.0,0.0,0.0,1.0,0.0,1.0,6.502493328925343,1.0,-44.93473198449662,1.0,73.26731195984082,1.0,-28.3325799753442,1.0,-6.502493328925343,0.0,0.0,0.0,0.0,0.0,0.0,0.0,0.0,0.0,0.0,0.0,0.0,0.0,0.0,0.0,0.0,0.0,0.0
0.0,0.0,0.0151,0.0354,-9.7999,4.3571,-6.6192,0.5958,0.0,0.0,0.0,0.0,-0.2071,0.0881,0.2061,0.0,0.0,0.0,0.0,0.0,1.0,0.0,0.0,0.0,0.0,0.0,0.0,0.0,0.0,0.0,1.0,0.0,1.0,-5.639136537982717,1.0,-23.018934131855705,1.0,62.491233941467186,1.0,-39.47229980961148,1.0,5.639136537982717,0.0,0.0,0.0,0.0,0.0,0.0,0.0,0.0,0.0,0.0,0.0,0.0,0.0,0.0,0.0,0.0,0.0,0.0,1.0,0.0,1.0,5.943616462703354,1.0,-44.44377761349663,1.0,71.54341298333205,1.0,-27.099635369835422,1.0,-5.943616462703354,0.0,0.0,0.0,0.0,0.0,0.0,0.0,0.0,0.0,0.0,0.0,0.0,0.0,0.0,0.0,0.0,0.0,0.0
0.0,0.0,0.0169,0.0201,-9.8,4.1138,-6.874,0.5349,0.0,0.0,0.0,0.0,-0.1177,0.0986,0.2033,0.0,0.0,0.0,0.0,0.0,1.0,0.0,0.0,0.0,0.0,0.0,0.0,0.0,0.0,0.0,1.0,0.0,1.0,-5.149051069395583,1.0,-22.536184575644892,1.0,62.301576650826384,1.0,-39.765392075181495,1.0,5.149051069395583,0.0,0.0,0.0,0.0,0.0,0.0,0.0,0.0,0.0,0.0,0.0,0.0,0.0,0.0,0.0,0.0,0.0,0.0,1.0,0.0,1.0,5.373770250152686,1.0,-43.869711286944955,1.0,69.75954200925082,1.0,-25.889830722305863,1.0,-5.373770250152686,0.0,0.0,0.0,0.0,0.0,0.0,0.0,0.0,0.0,0.0,0.0,0.0,0.0,0.0,0.0,0.0,0.0,0.0
0.0,0.0,0.0176,0.0047,-9.8,3.8311,-7.4742,0.5026,0.0,0.0,0.0,0.0,-0.0277,0.1029,0.197,0.0,0.0,0.0,0.0,0.0,1.0,0.0,0.0,0.0,0.0,0.0,0.0,0.0,0.0,0.0,1.0,0.0,1.0,-4.609397740321068,1.0,-22.075247904991244,1.0,62.113367685868916,1.0,-40.03811978087768,1.0,4.609397740321068,0.0,0.0,0.0,0.0,0.0,0.0,0.0,0.0,0.0,0.0,0.0,0.0,0.0,0.0,0.0,0.0,0.0,0.0,1.0,0.0,1.0,4.759715478174561,1.0,-43.17586060958289,1.0,67.80648749510284,1.0,-24.630626885519955,1.0,-4.759715478174561,0.0,0.0,0.0,0.0,0.0,0.0,0.0,0.0,0.0,0.0,0.0,0.0,0.0,0.0,0.0,0.0,0.0,0.0
0.0,0.0,0.0172,-0.0058,-9.8,3.4252,-8.1495,0.6611,0.0,0.0,0.0,0.0,0.0339,0.1008,0.2034,0.0,0.0,0.0,0.0,0.0,1.0,0.0,0.0,0.0,0.0,0.0,0.0,0.0,0.0,0.0,1.0,0.0,1.0,-4.075645492482107,1.0,-21.684062786675266,1.0,61.94826313660514,1.0,-40.26420034992988,1.0,4.075645492482107,0.0,0.0,0.0,0.0,0.0,0.0,0.0,0.0,0.0,0.0,0.0,0.0,0.0,0.0,0.0,0.0,0.0,0.0,1.0,0.0,1.0,4.165611927438428,1.0,-42.43590230640402,1.0,65.8853731216243,1.0,-23.449470815220273,1.0,-4.165611927438428,0.0,0.0,0.0,0.0,0.0,0.0,0.0,0.0,0.0,0.0,0.0,0.0,0.0,0.0,0.0,0.0,0.0,0.0
0.0,0.0,0.0276,-0.0133,-9.8,3.1364,-8.7525,0.7312,0.0,0.0,0.0,0.0,0.0777,0.1615,0.2041,0.0,0.0,0.0,0.0,0.0,1.0,0.0,0.0,0.0,0.0,0.0,0.0,0.0,0.0,0.0,1.0,0.0,1.0,-3.515360147915613,1.0,-21.335969330292418,1.0,61.79724862872623,1.0,-40.46127929843381,1.0,3.515360147915613,0.0,0.0,0.0,0.0,0.0,0.0,0.0,0.0,0.0,0.0,0.0,0.0,0.0,0.0,0.0,0.0,0.0,0.0,1.0,0.0,1.0,3.5554686393192028,1.0,-41.609989400512426,1.0,63.879181725793536,1.0,-22.26919232528111,1.0,-3.5554686393192028,0.0,0.0,0.0,0.0,0.0,0.0,0.0,0.0,0.0,0.0,0.0,0.0,0.0,0.0,0.0,0.0,0.0,0.0
0.0,0.0,0.0356,-0.0202,-9.7999,3.2011,-9.2209,0.4569,0.0,0.0,0.0,0.0,0.1182,0.208,0.1949,0.0,0.0,0.0,0.0,0.0,1.0,0.0,0.0,0.0,0.0,0.0,0.0,0.0,0.0,0.0,1.0,0.0,1.0,-2.9176482721766814,1.0,-21.029434181593526,1.0,61.66110309732703,1.0,-40.6316689157335,1.0,2.9176482721766814,0.0,0.0,0.0,0.0,0.0,0.0,0.0,0.0,0.0,0.0,0.0,0.0,0.0,0.0,0.0,0.0,0.0,0.0,1.0,0.0,1.0,2.919035077630405,1.0,-40.680706193280884,1.0,61.750001542659426,1.0,-21.069295349378542,1.0,-2.919035077630405,0.0,0.0,0.0,0.0,0.0,0.0,0.0,0.0,0.0,0.0,0.0,0.0,0.0,0.0,0.0,0.0,0.0,0.0
0.0,0.0,0.0381,-0.0284,-9.7999,2.9959,-9.6413,0.1703,0.0,0.0,0.0,0.0,0.1659,0.223,0.1865,0.0,0.0,0.0,0.0,0.0,1.0,0.0,0.0,0.0,0.0,0.0,0.0,0.0,0.0,0.0,1.0,0.0,1.0,-2.339928591695063,1.0,-20.792388129036166,1.0,61.55380953885821,1.0,-40.76142140982204,1.0,2.339928591695063,0.0,0.0,0.0,0.0,0.0,0.0,0.0,0.0,0.0,0.0,0.0,0.0,0.0,0.0,0.0,0.0,0.0,0.0,1.0,0.0,1.0,2.339928591695063,1.0,-40.76142140982204,1.0,61.55380953885821,1.0,-20.792388129036166,1.0,-2.339928591695063,0.0,0.0,0.0,0.0,0.0,0.0,0.0,0.0,0.0,0.0,0.0,0.0,0.0,0.0,0.0,0.0,0.0,0.0
0.0,0.0,0.0427,-0.0382,-9.7998,2.0804,-9.3845,0.901,0.0,0.0,0.0,0.0,0.2233,0.2497,0.182,0.0,0.0,0.0,0.0,0.0,1.0,0.0,0.0,0.0,0.0,0.0,0.0,0.0,0.0,0.0,1.0,0.0,1.0,-1.7301509035832427,1.0,-20.601853910766046,1.0,61.466306149752825,1.0,-40.86445223898678,1.0,1.7301509035832427,0.0,0.0,0.0,0.0,0.0,0.0,0.0,0.0,0.0,0.0,0.0,0.0,0.0,0.0,0.0,0.0,0.0,0.0,1.0,0.0,1.0,1.7301509035832427,1.0,-40.86445223898678,1.0,61.466306149752825,1.0,-20.601853910766046,1.0,-1.7301509035832427,0.0,0.0,0.0,0.0,0.0,0.0,0.0,0.0,0.0,0.0,0.0,0.0,0.0,0.0,0.0,0.0,0.0,0.0
0.0,0.0,0.0497,-0.0391,-9.7998,0.5405,-8.5165,1.4646,0.0,0.0,0.0,0.0,0.2288,0.2907,0.1614,0.0,0.0,0.0,0.0,0.0,1.0,0.0,0.0,0.0,0.0,0.0,0.0,0.0,0.0,0.0,1.0,0.0,1.0,-1.1082128401974054,1.0,-20.46798431301181,1.0,61.40415688608418,1.0,-40.93617257307237,1.0,1.1082128401974054,0.0,0.0,0.0,0.0,0.0,0.0,0.0,0.0,0.0,0.0,0.0,0.0,0.0,0.0,0.0,0.0,0.0,0.0,1.0,0.0,1.0,1.1082128401974054,1.0,-40.93617257307237,1.0,61.40415688608418,1.0,-20.46798431301181,1.0,-1.1082128401974054,0.0,0.0,0.0,0.0,0.0,0.0,0.0,0.0,0.0,0.0,0.0,0.0,0.0,0.0,0.0,0.0,0.0,0.0
0.0,0.0,0.049,-0.0335,-9.7998,-0.3834,-7.8351,1.0195,0.0,0.0,0.0,0.0,0.1958,0.2864,0.1483,0.0,0.0,0.0,0.0,0.0,1.0,0.0,0.0,0.0,0.0,0.0,0.0,0.0,0.0,0.0,1.0,0.0,1.0,-0.48875887663615897,1.0,-20.393548133435615,1.0,61.36936167602493,1.0,-40.975813542589314,1.0,0.48875887663615897,0.0,0.0,0.0,0.0,0.0,0.0,0.0,0.0,0.0,0.0,0.0,0.0,0.0,0.0,0.0,0.0,0.0,0.0,1.0,0.0,1.0,0.48875887663615897,1.0,-40.975813542589314,1.0,61.36936167602493,1.0,-20.393548133435615,1.0,-0.48875887663615897,0.0,0.0,0.0,0.0,0.0,0.0,0.0,0.0,0.0,0.0,0.0,0.0,0.0,0.0,0.0,0.0,0.0,0.0
0.0,0.0,0.0444,-0.0264,-9.7999,-0.7155,-7.5522,0.5414,0.0,0.0,0.0,0.0,0.1544,0.2597,0.1395,0.0,0.0,0.0,0.0,0.0,1.0,0.0,0.0,0.0,0.0,0.0,0.0,0.0,0.0,0.0,1.0,0.0,1.0,0.13066306351867746,1.0,-20.37691437622492,1.0,61.36156301547144,1.0,-40.984648639246515,1.0,-0.13066306351867746,0.0,0.0,0.0,0.0,0.0,0.0,0.0,0.0,0.0,0.0,0.0,0.0,0.0,0.0,0.0,0.0,0.0,0.0,1.0,0.0,1.0,-0.13066306351867746,1.0,-40.984648639246515,1.0,61.36156301547144,1.0,-20.37691437622492,1.0,0.13066306351867746,0.0,0.0,0.0,0.0,0.0,0.0,0.0,0.0,0.0,0.0,0.0,0.0,0.0,0.0,0.0,0.0,0.0,0.0
0.0,0.0,0.0458,-0.0181,-9.7999,-0.6127,-7.6318,0.2722,0.0,0.0,0.0,0.0,0.1058,0.2677,0.1209,0.0,0.0,0.0,0.0,0.0,1.0,0.0,0.0,0.0,0.0,0.0,0.0,0.0,0.0,0.0,1.0,0.0,1.0,0.7715465576523108,1.0,-20.42031776258854,1.0,61.38189470173225,1.0,-40.96157693914371,1.0,-0.7715465576523108,0.0,0.0,0.0,0.0,0.0,0.0,0.0,0.0,0.0,0.0,0.0,0.0,0.0,0.0,0.0,0.0,0.0,0.0,1.0,0.0,1.0,-0.7715465576523108,1.0,-40.96157693914371,1.0,61.38189470173225,1.0,-20.42031776258854,1.0,0.7715465576523108,0.0,0.0,0.0,0.0,0.0,0.0,0.0,0.0,0.0,0.0,0.0,0.0,0.0,0.0,0.0,0.0,0.0,0.0
0.0,0.0,0.0449,-0.0099,-9.7999,-0.4382,-7.6065,0.0543,0.0,0.0,0.0,0.0,0.0578,0.2622,0.11,0.0,0.0,0.0,0.0,0.0,1.0,0.0,0.0,0.0,0.0,0.0,0.0,0.0,0.0,0.0,1.0,0.0,1.0,1.366716725696706,1.0,-20.51634609575593,1.0,61.426672513852644,1.0,-40.910326418096716,1.0,-1.366716725696706,0.0,0.0,0.0,0.0,0.0,0.0,0.0,0.0,0.0,0.0,0.0,0.0,0.0,0.0,0.0,0.0,0.0,0.0,1.0,0.0,1.0,-1.366716725696706,1.0,-40.910326418096716,1.0,61.426672513852644,1.0,-20.51634609575593,1.0,1.366716725696706,0.0,0.0,0.0,0.0,0.0,0.0,0.0,0.0,0.0,0.0,0.0,0.0,0.0,0.0,0.0,0.0,0.0,0.0
0.0,0.0,0.0321,-0.0021,-9.7999,-0.5389,-7.6986,0.0059,0.0,0.0,0.0,0.0,0.0126,0.1876,0.1146,0.0,0.0,0.0,0.0,0.0,1.0,0.0,0.0,0.0,0.0,0.0,0.0,0.0,0.0,0.0,1.0,0.0,1.0,1.9556532115400653,1.0,-20.665355698180434,1.0,61.495594081774506,1.0,-40.83023838359407,1.0,-1.9556532115400653,0.0,0.0,0.0,0.0,0.0,0.0,0.0,0.0,0.0,0.0,0.0,0.0,0.0,0.0,0.0,0.0,0.0,0.0,1.0,0.0,1.0,-1.9556532115400653,1.0,-40.83023838359407,1.0,61.495594081774506,1.0,-20.665355698180434,1.0,1.9556532115400653,0.0,0.0,0.0,0.0,0.0,0.0,0.0,0.0,0.0,0.0,0.0,0.0,0.0,0.0,0.0,0.0,0.0,0.0
0.0,0.0,0.0168,0.0027,-9.8,-0.6068,-7.9485,-0.0981,0.0,0.0,0.0,0.0,-0.0156,0.0983,0.1218,0.0,0.0,0.0,0.0,0.0,1.0,0.0,0.0,0.0,0.0,0.0,0.0,0.0,0.0,0.0,1.0,0.0,1.0,2.5492839664649005,1.0,-20.871786117275327,1.0,61.589941714043384,1.0,-40.71815559676806,1.0,-2.5492839664649005,0.0,0.0,0.0,0.0,0.0,0.0,0.0,0.0,0.0,0.0,0.0,0.0,0.0,0.0,0.0,0.0,0.0,0.0,1.0,0.0,1.0,-2.5492839664649005,1.0,-40.71815559676806,1.0,61.589941714043384,1.0,-20.871786117275327,1.0,2.5492839664649005,0.0,0.0,0.0,0.0,0.0,0.0,0.0,0.0,0.0,0.0,0.0,0.0,0.0,0.0,0.0,0.0,0.0,0.0
0.0,0.0,0.0029,0.006,-9.8,-0.5872,-8.3373,-0.2155,0.0,0.0,0.0,0.0,-0.0348,0.017,0.125,0.0,0.0,0.0,0.0,0.0,1.0,0.0,0.0,0.0,0.0,0.0,0.0,0.0,0.0,0.0,1.0,0.0,1.0,3.151543071096167,1.0,-21.504166335738883,1.0,62.53220565943821,1.0,-41.02803932369933,1.0,-3.151543071096167,0.0,0.0,0.0,0.0,0.0,0.0,0.0,0.0,0.0,0.0,0.0,0.0,0.0,0.0,0.0,0.0,0.0,0.0,1.0,0.0,1.0,-3.1375934223046698,1.0,-40.5734494555127,1.0,61.70821902176994,1.0,-21.13476956625724,1.0,3.1375934223046698,0.0,0.0,0.0,0.0,0.0,0.0,0.0,0.0,0.0,0.0,0.0,0.0,0.0,0.0,0.0,0.0,0.0,0.0
0.0,0.0,-0.006,0.013,-9.8,-0.5686,-9.0453,-0.9056,0.0,0.0,0.0,0.0,-0.0763,-0.0352,0.1347,0.0,0.0,0.0,0.0,0.0,1.0,0.0,0.0,0.0,0.0,0.0,0.0,0.0,0.0,0.0,1.0,0.0,1.0,3.760759591915143,1.0,-22.66286983187008,1.0,64.55799560932752,1.0,-41.895125777457444,1.0,-3.760759591915143,0.0,0.0,0.0,0.0,0.0,0.0,0.0,0.0,0.0,0.0,0.0,0.0,0.0,0.0,0.0,0.0,0.0,0.0,1.0,0.0,1.0,-3.705258929644687,1.0,-40.398765513838434,1.0,61.84588645894306,1.0,-21.44712094510463,1.0,3.705258929644687,0.0,0.0,0.0,0.0,0.0,0.0,0.0,0.0,0.0,0.0,0.0,0.0,0.0,0.0,0.0,0.0,0.0,0.0
0.0,0.0,-0.0082,0.0264,-9.8,-0.7717,-8.7206,-1.3943,0.0,0.0,0.0,0.0,-0.1542,-0.0481,0.1648,0.0,0.0,0.0,0.0,0.0,1.0,0.0,0.0,0.0,0.0,0.0,0.0,0.0,0.0,0.0,1.0,0.0,1.0,4.377938336182021,1.0,-23.86775953499166,1.0,66.57558135961507,1.0,-42.707821824623416,1.0,-4.377938336182021,0.0,0.0,0.0,0.0,0.0,0.0,0.0,0.0,0.0,0.0,0.0,0.0,0.0,0.0,0.0,0.0,0.0,0.0,1.0,0.0,1.0,-4.2677303425689646,1.0,-40.18742803828019,1.0,62.0052828255488,1.0,-21.817854787268605,1.0,4.2677303425689646,0.0,0.0,0.0,0.0,0.0,0.0,0.0,0.0,0.0,0.0,0.0,0.0,0.0,0.0,0.0,0.0,0.0,0.0
0.0,0.0,-0.0179,0.0341,-9.7999,-0.2627,-7.9079,-1.2088,0.0,0.0,0.0,0.0,-0.1995,-0.1045,0.2017,0.0,0.0,0.0,0.0,0.0,1.0,0.0,0.0,0.0,0.0,0.0,0.0,0.0,0.0,0.0,1.0,0.0,1.0,4.962872551003067,1.0,-25.04259975325474,1.0,68.45625717401653,1.0,-43.413657420761794,1.0,-4.962872551003067,0.0,0.0,0.0,0.0,0.0,0.0,0.0,0.0,0.0,0.0,0.0,0.0,0.0,0.0,0.0,0.0,0.0,0.0,1.0,0.0,1.0,-4.78928076590815,1.0,-39.952498870323346,1.0,62.17371521909473,1.0,-22.22121634877139,1.0,4.78928076590815,0.0,0.0,0.0,0.0,0.0,0.0,0.0,0.0,0.0,0.0,0.0,0.0,0.0,0.0,0.0,0.0,0.0,0.0
0.0,0.0,-0.048,0.0357,-9.7998,0.4999,-7.188,-1.3578,0.0,0.0,0.0,0.0,-0.209,-0.2804,0.2112,0.0,0.0,0.0,0.0,0.0,1.0,0.0,0.0,0.0,0.0,0.0,0.0,0.0,0.0,0.0,1.0,0.0,1.0,5.536079167341881,1.0,-26.23005251070456,1.0,70.27039375797493,1.0,-44.04034124727037,1.0,-5.536079167341881,0.0,0.0,0.0,0.0,0.0,0.0,0.0,0.0,0.0,0.0,0.0,0.0,0.0,0.0,0.0,0.0,0.0,0.0,1.0,0.0,1.0,-5.289682579510514,1.0,-39.686063391027126,1.0,62.35416594780127,1.0,-22.668102556774148,1.0,5.289682579510514,0.0,0.0,0.0,0.0,0.0,0.0,0.0,0.0,0.0,0.0,0.0,0.0,0.0,0.0,0.0,0.0,0.0,0.0
0.0,0.0,-0.0928,0.0404,-9.7995,1.3646,-6.836,-1.2613,0.0,0.0,0.0,0.0,-0.2363,-0.5426,0.1913,0.0,0.0,0.0,0.0,0.0,1.0,0.0,0.0,0.0,0.0,0.0,0.0,0.0,0.0,0.0,1.0,0.0,1.0,6.0911645050096235,1.0,-27.42030728704708,1.0,72.00095733574568,1.0,-44.5806500486986,1.0,-6.0911645050096235,0.0,0.0,0.0,0.0,0.0,0.0,0.0,0.0,0.0,0.0,0.0,0.0,0.0,0.0,0.0,0.0,0.0,0.0,1.0,0.0,1.0,-5.7643787326342535,1.0,-39.38944683440654,1.0,62.54258671088084,1.0,-23.1531398764743,1.0,5.7643787326342535,0.0,0.0,0.0,0.0,0.0,0.0,0.0,0.0,0.0,0.0,0.0,0.0,0.0,0.0,0.0,0.0,0.0,0.0
0.0,0.0,-0.1341,0.0523,-9.7989,1.5863,-6.6938,-1.0082,0.0,0.0,0.0,0.0,-0.3061,-0.7838,0.1558,0.0,0.0,0.0,0.0,0.0,1.0,0.0,0.0,0.0,0.0,0.0,0.0,0.0,0.0,0.0,1.0,0.0,1.0,6.6483296600588915,1.0,-28.66307866196735,1.0,73.71311729827707,1.0,-45.050038636309715,1.0,-6.6483296600588915,0.0,0.0,0.0,0.0,0.0,0.0,0.0,0.0,0.0,0.0,0.0,0.0,0.0,0.0,0.0,0.0,0.0,0.0,1.0,0.0,1.0,-6.231282634850466,1.0,-39.04752777398831,1.0,62.74447195093207,1.0,-23.696944176943763,1.0,6.231282634850466,0.0,0.0,0.0,0.0,0.0,0.0,0.0,0.0,0.0,0.0,0.0,0.0,0.0,0.0,0.0,0.0,0.0,0.0
0.0,0.0,-0.163,0.0693,-9.7984,1.9195,-6.6549,-1.0944,0.0,0.0,0.0,0.0,-0.405,-0.9531,0.12,0.0,0.0,0.0,0.0,0.0,1.0,0.0,0.0,0.0,0.0,0.0,0.0,0.0,0.0,0.0,1.0,0.0,1.0,7.176346238358932,1.0,-29.8952957446168,1.0,75.31370704548539,1.0,-45.41841130086859,1.0,-7.176346238358932,0.0,0.0,0.0,0.0,0.0,0.0,0.0,0.0,0.0,0.0,0.0,0.0,0.0,0.0,0.0,0.0,0.0,0.0,1.0,0.0,1.0,-6.665111329854589,1.0,-38.67503469937255,1.0,62.94694375257046,1.0,-24.27190905319791,1.0,6.665111329854589,0.0,0.0,0.0,0.0,0.0,0.0,0.0,0.0,0.0,0.0,0.0,0.0,0.0,0.0,0.0,0.0,0.0,0.0
0.0,0.0,-0.1862,0.0864,-9.7979,2.1717,-6.6898,-1.1355,0.0,0.0,0.0,0.0,-0.5054,-1.0885,0.0967,0.0,0.0,0.0,0.0,0.0,1.0,0.0,0.0,0.0,0.0,0.0,0.0,0.0,0.0,0.0,1.0,0.0,1.0,7.692284268259042,1.0,-31.163517164658323,1.0,76.85797531738751,1.0,-45.69445815272919,1.0,-7.692284268259042,0.0,0.0,0.0,0.0,0.0,0.0,0.0,0.0,0.0,0.0,0.0,0.0,0.0,0.0,0.0,0.0,0.0,0.0,1.0,0.0,1.0,-7.081077788935018,1.0,-38.25539432086852,1.0,63.154708796856255,1.0,-24.899314475987733,1.0,7.081077788935018,0.0,0.0,0.0,0.0,0.0,0.0,0.0,0.0,0.0,0.0,0.0,0.0,0.0,0.0,0.0,0.0,0.0,0.0
0.0,0.0,-0.201,0.0987,-9.7974,2.7866,-5.88,-0.5589,0.0,0.0,0.0,0.0,-0.5772,-1.1754,0.0859,0.0,0.0,0.0,0.0,0.0,1.0,0.0,0.0,0.0,0.0,0.0,0.0,0.0,0.0,0.0,1.0,0.0,1.0,8.156804022452254,1.0,-32.37480600120507,1.0,78.23247057827811,1.0,-45.85766457707304,1.0,-8.156804022452254,0.0,0.0,0.0,0.0,0.0,0.0,0.0,0.0,0.0,0.0,0.0,0.0,0.0,0.0,0.0,0.0,0.0,0.0,1.0,0.0,1.0,-7.449033595106304,1.0,-37.81841723131518,1.0,63.34974809978054,1.0,-25.53133086846536,1.0,7.449033595106304,0.0,0.0,0.0,0.0,0.0,0.0,0.0,0.0,0.0,0.0,0.0,0.0,0.0,0.0,0.0,0.0,0.0,0.0
0.0,0.0,-0.2099,0.0969,-9.7973,3.6809,-5.4541,-0.4351,0.0,0.0,0.0,0.0,-0.5665,-1.2274,0.0889,0.0,0.0,0.0,0.0,0.0,1.0,0.0,0.0,0.0,0.0,0.0,0.0,0.0,0.0,0.0,1.0,0.0,1.0,8.591621364717737,1.0,-33.58702035698065,1.0,79.5060986219661,1.0,-45.91907826498545,1.0,-8.591621364717737,0.0,0.0,0.0,0.0,0.0,0.0,0.0,0.0,0.0,0.0,0.0,0.0,0.0,0.0,0.0,0.0,0.0,0.0,1.0,0.0,1.0,-7.787961660309935,1.0,-37.34336871804628,1.0,63.53885761714865,1.0,-26.195488899102376,1.0,7.787961660309935,0.0,0.0,0.0,0.0,0.0,0.0,0.0,0.0,0.0,0.0,0.0,0.0,0.0,0.0,0.0,0.0,0.0,0.0
0.0,0.0,-0.2198,0.1,-9.797,4.6621,-5.6643,-0.5308,0.0,0.0,0.0,0.0,-0.5849,-1.2854,0.0985,0.0,0.0,0.0,0.0,0.0,1.0,0.0,0.0,0.0,0.0,0.0,0.0,0.0,0.0,0.0,1.0,0.0,1.0,8.983763655545035,1.0,-34.768214901651234,1.0,80.64445881612868,1.0,-45.87624391447745,1.0,-8.983763655545035,0.0,0.0,0.0,0.0,0.0,0.0,0.0,0.0,0.0,0.0,0.0,0.0,0.0,0.0,0.0,0.0,0.0,0.0,1.0,0.0,1.0,-8.089163504569312,1.0,-36.8412453284495,1.0,63.71461157991231,1.0,-26.873366251462805,1.0,8.089163504569312,0.0,0.0,0.0,0.0,0.0,0.0,0.0,0.0,0.0,0.0,0.0,0.0,0.0,0.0,0.0,0.0,0.0,0.0
0.0,0.0,-0.226,0.106,-9.7968,5.3721,-5.4119,-0.3553,0.0,0.0,0.0,0.0,-0.6198,-1.3216,0.0965,0.0,0.0,0.0,0.0,0.0,1.0,0.0,0.0,0.0,0.0,0.0,0.0,0.0,0.0,0.0,1.0,0.0,1.0,9.3263500385811,1.0,-35.89613556925441,1.0,81.63134182935693,1.0,-45.735206260102515,1.0,-9.3263500385811,0.0,0.0,0.0,0.0,0.0,0.0,0.0,0.0,0.0,0.0,0.0,0.0,0.0,0.0,0.0,0.0,0.0,0.0,1.0,0.0,1.0,-8.34890814944699,1.0,-36.32215918577795,1.0,63.87204917445852,1.0,-27.549889988680572,1.0,8.34890814944699,0.0,0.0,0.0,0.0,0.0,0.0,0.0,0.0,0.0,0.0,0.0,0.0,0.0,0.0,0.0,0.0,0.0,0.0
0.0,0.0,-0.2258,0.1052,-9.7968,5.8549,-5.1669,-0.1751,0.0,0.0,0.0,0.0,-0.6154,-1.32,0.0876,0.0,0.0,0.0,0.0,0.0,1.0,0.0,0.0,0.0,0.0,0.0,0.0,0.0,0.0,0.0,1.0,0.0,1.0,9.632900173818514,1.0,-37.017776470676985,1.0,82.5086385083665,1.0,-45.490862037689524,1.0,-9.632900173818514,0.0,0.0,0.0,0.0,0.0,0.0,0.0,0.0,0.0,0.0,0.0,0.0,0.0,0.0,0.0,0.0,0.0,0.0,1.0,0.0,1.0,-8.578697051073622,1.0,-35.76321857207346,1.0,64.01590765211056,1.0,-28.2526890800371,1.0,8.578697051073622,0.0,0.0,0.0,0.0,0.0,0.0,0.0,0.0,0.0,0.0,0.0,0.0,0.0,0.0,0.0,0.0,0.0,0.0
0.0,0.0,-0.2211,0.1014,-9.797,6.307,-4.8947,-0.4573,0.0,0.0,0.0,0.0,-0.5932,-1.2931,0.077,0.0,0.0,0.0,0.0,0.0,1.0,0.0,0.0,0.0,0.0,0.0,0.0,0.0,0.0,0.0,1.0,0.0,1.0,9.900800852812987,1.0,-38.13695208153493,1.0,83.27102704229758,1.0,-45.134074960762646,1.0,-9.900800852812987,0.0,0.0,0.0,0.0,0.0,0.0,0.0,0.0,0.0,0.0,0.0,0.0,0.0,0.0,0.0,0.0,0.0,0.0,1.0,0.0,1.0,-8.77751147034729,1.0,-35.15722176343183,1.0,64.14387170335394,1.0,-28.98664993992211,1.0,8.77751147034729,0.0,0.0,0.0,0.0,0.0,0.0,0.0,0.0,0.0,0.0,0.0,0.0,0.0,0.0,0.0,0.0,0.0,0.0
0.0,0.0,-0.2177,0.0867,-9.7972,6.9079,-4.0919,-0.4445,0.0,0.0,0.0,0.0,-0.5071,-1.273,0.0604,0.0,0.0,0.0,0.0,0.0,1.0,0.0,0.0,0.0,0.0,0.0,0.0,0.0,0.0,0.0,1.0,0.0,1.0,10.113809260134275,1.0,-39.19206019659352,1.0,83.87443805802427,1.0,-44.68237786143075,1.0,-10.113809260134275,0.0,0.0,0.0,0.0,0.0,0.0,0.0,0.0,0.0,0.0,0.0,0.0,0.0,0.0,0.0,0.0,0.0,0.0,1.0,0.0,1.0,-8.934275269020828,1.0,-34.53453626072415,1.0,64.24707493477658,1.0,-29.71253867405243,1.0,8.934275269020828,0.0,0.0,0.0,0.0,0.0,0.0,0.0,0.0,0.0,0.0,0.0,0.0,0.0,0.0,0.0,0.0,0.0,0.0
0.0,0.0,-0.2094,0.0717,-9.7975,7.2001,-4.0693,-0.4391,0.0,0.0,0.0,0.0,-0.419,-1.2242,0.0501,0.0,0.0,0.0,0.0,0.0,1.0,0.0,0.0,0.0,0.0,0.0,0.0,0.0,0.0,0.0,1.0,0.0,1.0,10.26955181034421,1.0,-40.15650031866094,1.0,84.31411918491652,1.0,-44.157618866255575,1.0,-10.26955181034421,0.0,0.0,0.0,0.0,0.0,0.0,0.0,0.0,0.0,0.0,0.0,0.0,0.0,0.0,0.0,0.0,0.0,0.0,1.0,0.0,1.0,-9.048166261143196,1.0,-33.91343768533327,1.0,64.32333552814859,1.0,-30.409897842815315,1.0,9.048166261143196,0.0,0.0,0.0,0.0,0.0,0.0,0.0,0.0,0.0,0.0,0.0,0.0,0.0,0.0,0.0,0.0,0.0,0.0
0.0,0.0,-0.1904,0.0628,-9.7979,7.2534,-3.9118,-0.2647,0.0,0.0,0.0,0.0,-0.3671,-1.1133,0.044,0.0,0.0,0.0,0.0,0.0,1.0,0.0,0.0,0.0,0.0,0.0,0.0,0.0,0.0,0.0,1.0,0.0,1.0,10.376199596885664,1.0,-41.06790258784432,1.0,84.61448111274838,1.0,-43.54657852490405,1.0,-10.376199596885664,0.0,0.0,0.0,0.0,0.0,0.0,0.0,0.0,0.0,0.0,0.0,0.0,0.0,0.0,0.0,0.0,0.0,0.0,1.0,0.0,1.0,-9.12580385216751,1.0,-33.27095022050331,1.0,64.37594238418099,1.0,-31.10499216367767,1.0,9.12580385216751,0.0,0.0,0.0,0.0,0.0,0.0,0.0,0.0,0.0,0.0,0.0,0.0,0.0,0.0,0.0,0.0,0.0,0.0
0.0,0.0,-0.1652,0.053,-9.7985,7.1275,-3.2922,0.0072,0.0,0.0,0.0,0.0,-0.3102,-0.966,0.0498,0.0,0.0,0.0,0.0,0.0,1.0,0.0,0.0,0.0,0.0,0.0,0.0,0.0,0.0,0.0,1.0,0.0,1.0,10.433126591848287,1.0,-41.935764165936455,1.0,84.77457430967318,1.0,-42.83881014373673,1.0,-10.433126591848287,0.0,0.0,0.0,0.0,0.0,0.0,0.0,0.0,0.0,0.0,0.0,0.0,0.0,0.0,0.0,0.0,0.0,0.0,1.0,0.0,1.0,-9.167129376140126,1.0,-32.59619785040212,1.0,64.40415039865329,1.0,-31.80795254825116,1.0,9.167129376140126,0.0,0.0,0.0,0.0,0.0,0.0,0.0,0.0,0.0,0.0,0.0,0.0,0.0,0.0,0.0,0.0,0.0,0.0
0.0,0.0,-0.1349,0.0369,-9.799,7.3669,-2.5083,0.145,0.0,0.0,0.0,0.0,-0.216,-0.789,0.068,0.0,0.0,0.0,0.0,0.0,1.0,0.0,0.0,0.0,0.0,0.0,0.0,0.0,0.0,0.0,1.0,0.0,1.0,10.436937295811342,1.0,-42.730744358209634,1.0,84.78528517132816,1.0,-42.054540813118514,1.0,-10.436937295811342,0.0,0.0,0.0,0.0,0.0,0.0,0.0,0.0,0.0,0.0,0.0,0.0,0.0,0.0,0.0,0.0,0.0,0.0,1.0,0.0,1.0,-9.16989283407941,1.0,-31.907922463210134,1.0,64.4060417968776,1.0,-32.49811933366747,1.0,9.16989283407941,0.0,0.0,0.0,0.0,0.0,0.0,0.0,0.0,0.0,0.0,0.0,0.0,0.0,0.0,0.0,0.0,0.0,0.0
0.0,0.0,-0.101,0.0188,-9.7995,7.5388,-1.8067,0.1834,0.0,0.0,0.0,0.0,-0.1102,-0.5906,0.0976,0.0,0.0,0.0,0.0,0.0,1.0,0.0,0.0,0.0,0.0,0.0,0.0,0.0,0.0,0.0,1.0,0.0,1.0,10.38682908513869,1.0,-43.45711961450397,1.0,84.6443863164801,1.0,-41.18726670197612,1.0,-10.38682908513869,0.0,0.0,0.0,0.0,0.0,0.0,0.0,0.0,0.0,0.0,0.0,0.0,0.0,0.0,0.0,0.0,0.0,0.0,1.0,0.0,1.0,-9.133526342460039,1.0,-31.199064963259655,1.0,64.38120272075237,1.0,-33.18213775749272,1.0,9.133526342460039,0.0,0.0,0.0,0.0,0.0,0.0,0.0,0.0,0.0,0.0,0.0,0.0,0.0,0.0,0.0,0.0,0.0,0.0
0.0,0.0,-0.0674,0.0023,-9.7998,7.7659,-1.1518,0.2409,0.0,0.0,0.0,0.0,-0.0132,-0.3943,0.1269,0.0,0.0,0.0,0.0,0.0,1.0,0.0,0.0,0.0,0.0,0.0,0.0,0.0,0.0,0.0,1.0,0.0,1.0,10.287364384801956,1.0,-44.077673175537946,1.0,84.36432666595181,1.0,-40.28665349041386,1.0,-10.287364384801956,0.0,0.0,0.0,0.0,0.0,0.0,0.0,0.0,0.0,0.0,0.0,0.0,0.0,0.0,0.0,0.0,0.0,0.0,1.0,0.0,1.0,-9.06115329342974,1.0,-30.506836626931754,1.0,64.33210033930663,1.0,-33.825263712374884,1.0,9.06115329342974,0.0,0.0,0.0,0.0,0.0,0.0,0.0,0.0,0.0,0.0,0.0,0.0,0.0,0.0,0.0,0.0,0.0,0.0
0.0,0.0,-0.0503,-0.0073,-9.7999,7.5969,-0.7039,0.1642,0.0,0.0,0.0,0.0,0.0429,-0.2943,0.1347,0.0,0.0,0.0,0.0,0.0,1.0,0.0,0.0,0.0,0.0,0.0,0.0,0.0,0.0,0.0,1.0,0.0,1.0,10.130296651380766,1.0,-44.637386645893045,1.0,83.92104368762037,1.0,-39.283657041727324,1.0,-10.130296651380766,0.0,0.0,0.0,0.0,0.0,0.0,0.0,0.0,0.0,0.0,0.0,0.0,0.0,0.0,0.0,0.0,0.0,0.0,1.0,0.0,1.0,-8.946361099500104,1.0,-29.777286131232458,1.0,64.25511623372833,1.0,-34.477830102495865,1.0,8.946361099500104,0.0,0.0,0.0,0.0,0.0,0.0,0.0,0.0,0.0,0.0,0.0,0.0,0.0,0.0,0.0,0.0,0.0,0.0
0.0,0.0,-0.0327,-0.0148,-9.7999,7.1057,-0.2067,-0.0216,0.0,0.0,0.0,0.0,0.0862,-0.1914,0.1361,0.0,0.0,0.0,0.0,0.0,1.0,0.0,0.0,0.0,0.0,0.0,0.0,0.0,0.0,0.0,1.0,0.0,1.0,9.92802652256516,1.0,-45.086900688500954,1.0,83.34828680491879,1.0,-38.26138611641783,1.0,-9.92802652256516,0.0,0.0,0.0,0.0,0.0,0.0,0.0,0.0,0.0,0.0,0.0,0.0,0.0,0.0,0.0,0.0,0.0,0.0,1.0,0.0,1.0,-8.797612758836246,1.0,-29.07044801187253,1.0,64.1569912162597,1.0,-35.08654320438716,1.0,8.797612758836246,0.0,0.0,0.0,0.0,0.0,0.0,0.0,0.0,0.0,0.0,0.0,0.0,0.0,0.0,0.0,0.0,0.0,0.0
0.0,0.0,-0.0167,-0.0243,-9.8,6.4797,1.0701,0.2671,0.0,0.0,0.0,0.0,0.1422,-0.0975,0.1336,0.0,0.0,0.0,0.0,0.0,1.0,0.0,0.0,0.0,0.0,0.0,0.0,0.0,0.0,0.0,1.0,0.0,1.0,9.668663871927308,1.0,-45.4525483300952,1.0,82.61064297115145,1.0,-37.15809464105625,1.0,-9.668663871927308,0.0,0.0,0.0,0.0,0.0,0.0,0.0,0.0,0.0,0.0,0.0,0.0,0.0,0.0,0.0,0.0,0.0,0.0,1.0,0.0,1.0,-8.605345376605124,1.0,-28.34284521480835,1.0,64.03287058062345,1.0,-35.6900253658151,1.0,8.605345376605124,0.0,0.0,0.0,0.0,0.0,0.0,0.0,0.0,0.0,0.0,0.0,0.0,0.0,0.0,0.0,0.0,0.0,0.0
0.0,0.0,-0.009,-0.0396,-9.7999,6.2308,1.9354,0.4113,0.0,0.0,0.0,0.0,0.2315,-0.0528,0.1261,0.0,0.0,0.0,0.0,0.0,1.0,0.0,0.0,0.0,0.0,0.0,0.0,0.0,0.0,0.0,1.0,0.0,1.0,9.378794543316179,1.0,-45.702636454394,1.0,81.78181010624878,1.0,-36.07917365185478,1.0,-9.378794543316179,0.0,0.0,0.0,0.0,0.0,0.0,0.0,0.0,0.0,0.0,0.0,0.0,0.0,0.0,0.0,0.0,0.0,0.0,1.0,0.0,1.0,-8.38839547397876,1.0,-27.662472932122917,1.0,63.896463156308926,1.0,-36.23399022418601,1.0,8.38839547397876,0.0,0.0,0.0,0.0,0.0,0.0,0.0,0.0,0.0,0.0,0.0,0.0,0.0,0.0,0.0,0.0,0.0,0.0
0.0,0.0,-0.0178,-0.0477,-9.7999,5.7659,2.3617,0.161,0.0,0.0,0.0,0.0,0.279,-0.1039,0.1117,0.0,0.0,0.0,0.0,0.0,1.0,0.0,0.0,0.0,0.0,0.0,0.0,0.0,0.0,0.0,1.0,0.0,1.0,9.035917697848719,1.0,-45.86186517562338,1.0,80.79514866036378,1.0,-34.93328348474039,1.0,-9.035917697848719,0.0,0.0,0.0,0.0,0.0,0.0,0.0,0.0,0.0,0.0,0.0,0.0,0.0,0.0,0.0,0.0,0.0,0.0,1.0,0.0,1.0,-8.128908656513278,1.0,-26.970558855255792,1.0,63.738348163919234,1.0,-36.767789308663446,1.0,8.128908656513278,0.0,0.0,0.0,0.0,0.0,0.0,0.0,0.0,0.0,0.0,0.0,0.0,0.0,0.0,0.0,0.0,0.0,0.0
0.0,0.0,-0.0263,-0.046,-9.7999,5.1846,3.0628,0.5117,0.0,0.0,0.0,0.0,0.2689,-0.1536,0.1003,0.0,0.0,0.0,0.0,0.0,1.0,0.0,0.0,0.0,0.0,0.0,0.0,0.0,0.0,0.0,1.0,0.0,1.0,8.650726787214193,1.0,-45.919271361706045,1.0,79.67828904147602,1.0,-33.75901767976997,1.0,-8.650726787214193,0.0,0.0,0.0,0.0,0.0,0.0,0.0,0.0,0.0,0.0,0.0,0.0,0.0,0.0,0.0,0.0,0.0,0.0,1.0,0.0,1.0,-7.833628691189128,1.0,-26.292295880419807,1.0,63.56503704663061,1.0,-37.2727411662108,1.0,7.833628691189128,0.0,0.0,0.0,0.0,0.0,0.0,0.0,0.0,0.0,0.0,0.0,0.0,0.0,0.0,0.0,0.0,0.0,0.0
0.0,0.0,-0.0259,-0.0445,-9.7999,4.8595,3.6642,0.592,0.0,0.0,0.0,0.0,0.2599,-0.1512,0.0987,0.0,0.0,0.0,0.0,0.0,1.0,0.0,0.0,0.0,0.0,0.0,0.0,0.0,0.0,0.0,1.0,0.0,1.0,8.230178732948065,1.0,-45.87482343897502,1.0,78.44825662607366,1.0,-32.57343318709864,1.0,-8.230178732948065,0.0,0.0,0.0,0.0,0.0,0.0,0.0,0.0,0.0,0.0,0.0,0.0,0.0,0.0,0.0,0.0,0.0,0.0,1.0,0.0,1.0,-7.506596799078487,1.0,-25.637988519801954,1.0,63.38122408228281,1.0,-37.74323556248086,1.0,7.506596799078487,0.0,0.0,0.0,0.0,0.0,0.0,0.0,0.0,0.0,0.0,0.0,0.0,0.0,0.0,0.0,0.0,0.0,0.0
0.0,0.0,-0.0216,-0.0432,-9.7999,4.7702,4.5622,0.5304,0.0,0.0,0.0,0.0,0.2523,-0.1265,0.1098,0.0,0.0,0.0,0.0,0.0,1.0,0.0,0.0,0.0,0.0,0.0,0.0,0.0,0.0,0.0,1.0,0.0,1.0,7.774304530839483,1.0,-45.72964709448784,1.0,77.10174140390335,1.0,-31.37209430941551,1.0,-7.774304530839483,0.0,0.0,0.0,0.0,0.0,0.0,0.0,0.0,0.0,0.0,0.0,0.0,0.0,0.0,0.0,0.0,0.0,0.0,1.0,0.0,1.0,-7.1464949878297155,1.0,-25.005880831798667,1.0,63.18860801300843,1.0,-38.182727181209756,1.0,7.1464949878297155,0.0,0.0,0.0,0.0,0.0,0.0,0.0,0.0,0.0,0.0,0.0,0.0,0.0,0.0,0.0,0.0,0.0,0.0
0.0,0.0,-0.0157,-0.0455,-9.7999,4.8613,5.5244,0.8388,0.0,0.0,0.0,0.0,0.2661,-0.0918,0.1242,0.0,0.0,0.0,0.0,0.0,1.0,0.0,0.0,0.0,0.0,0.0,0.0,0.0,0.0,0.0,1.0,0.0,1.0,7.303770828723025,1.0,-45.49486099121628,1.0,75.6968793490694,1.0,-30.20201835785313,1.0,-7.303770828723025,0.0,0.0,0.0,0.0,0.0,0.0,0.0,0.0,0.0,0.0,0.0,0.0,0.0,0.0,0.0,0.0,0.0,0.0,1.0,0.0,1.0,-6.768567584459667,1.0,-24.42038320577639,1.0,62.99736465098783,1.0,-38.57698144521144,1.0,6.768567584459667,0.0,0.0,0.0,0.0,0.0,0.0,0.0,0.0,0.0,0.0,0.0,0.0,0.0,0.0,0.0,0.0,0.0,0.0
0.0,0.0,-0.0044,-0.0462,-9.7999,4.7969,6.002,0.8628,0.0,0.0,0.0,0.0,0.2701,-0.0255,0.1407,0.0,0.0,0.0,0.0,0.0,1.0,0.0,0.0,0.0,0.0,0.0,0.0,0.0,0.0,0.0,1.0,0.0,1.0,6.776354191499337,1.0,-45.146598157638756,1.0,74.10312822214675,1.0,-28.956530064507998,1.0,-6.776354191499337,0.0,0.0,0.0,0.0,0.0,0.0,0.0,0.0,0.0,0.0,0.0,0.0,0.0,0.0,0.0,0.0,0.0,0.0,1.0,0.0,1.0,-6.337235341180809,1.0,-23.830703029657407,1.0,62.792590806297916,1.0,-38.96188777664051,1.0,6.337235341180809,0.0,0.0,0.0,0.0,0.0,0.0,0.0,0.0,0.0,0.0,0.0,0.0,0.0,0.0,0.0,0.0,0.0,0.0
0.0,0.0,0.0058,-0.0394,-9.7999,4.6671,6.4634,0.6142,0.0,0.0,0.0,0.0,0.2302,0.0338,0.1525,0.0,0.0,0.0,0.0,0.0,1.0,0.0,0.0,0.0,0.0,0.0,0.0,0.0,0.0,0.0,1.0,0.0,1.0,6.213184145371654,1.0,-44.689988442688076,1.0,72.37801625952288,1.0,-27.688027816834797,1.0,-6.213184145371654,0.0,0.0,0.0,0.0,0.0,0.0,0.0,0.0,0.0,0.0,0.0,0.0,0.0,0.0,0.0,0.0,0.0,0.0,1.0,0.0,1.0,-5.867443592279395,1.0,-23.267132887824047,1.0,62.58573217348136,1.0,-39.31859928565732,1.0,5.867443592279395,0.0,0.0,0.0,0.0,0.0,0.0,0.0,0.0,0.0,0.0,0.0,0.0,0.0,0.0,0.0,0.0,0.0,0.0
0.0,0.0,0.0136,-0.0326,-9.7999,4.8267,7.2729,0.7117,0.0,0.0,0.0,0.0,0.1907,0.0794,0.1642,0.0,0.0,0.0,0.0,0.0,1.0,0.0,0.0,0.0,0.0,0.0,0.0,0.0,0.0,0.0,1.0,0.0,1.0,5.654967131580386,1.0,-44.16178408700525,1.0,70.64318132760978,1.0,-26.481397240604533,1.0,-5.654967131580386,0.0,0.0,0.0,0.0,0.0,0.0,0.0,0.0,0.0,0.0,0.0,0.0,0.0,0.0,0.0,0.0,0.0,0.0,1.0,0.0,1.0,-5.392164353909908,1.0,-22.767509838467998,1.0,62.393416890778056,1.0,-39.62590705231006,1.0,5.392164353909908,0.0,0.0,0.0,0.0,0.0,0.0,0.0,0.0,0.0,0.0,0.0,0.0,0.0,0.0,0.0,0.0,0.0,0.0
0.0,0.0,0.0224,-0.0277,-9.7999,4.7415,8.071,0.8254,0.0,0.0,0.0,0.0,0.1621,0.1308,0.1691,0.0,0.0,0.0,0.0,0.0,1.0,0.0,0.0,0.0,0.0,0.0,0.0,0.0,0.0,0.0,1.0,0.0,1.0,5.047558865222652,1.0,-43.51041148229179,1.0,68.72605318541208,1.0,-25.215641703120294,1.0,-5.047558865222652,0.0,0.0,0.0,0.0,0.0,0.0,0.0,0.0,0.0,0.0,0.0,0.0,0.0,0.0,0.0,0.0,0.0,0.0,1.0,0.0,1.0,-4.863872135542348,1.0,-22.283947927286256,1.0,62.19943843553372,1.0,-39.915490508247466,1.0,4.863872135542348,0.0,0.0,0.0,0.0,0.0,0.0,0.0,0.0,0.0,0.0,0.0,0.0,0.0,0.0,0.0,0.0,0.0,0.0
0.0,0.0,0.0289,-0.0229,-9.7999,4.5961,8.7303,0.6158,0.0,0.0,0.0,0.0,0.1341,0.169,0.166,0.0,0.0,0.0,0.0,0.0,1.0,0.0,0.0,0.0,0.0,0.0,0.0,0.0,0.0,0.0,1.0,0.0,1.0,4.46946212053447,1.0,-42.822497336492646,1.0,66.87184887102066,1.0,-24.04935153452801,1.0,-4.46946212053447,0.0,0.0,0.0,0.0,0.0,0.0,0.0,0.0,0.0,0.0,0.0,0.0,0.0,0.0,0.0,0.0,0.0,0.0,1.0,0.0,1.0,-4.350072285504947,1.0,-21.877575053640385,1.0,62.03054995194095,1.0,-40.15297489830056,1.0,4.350072285504947,0.0,0.0,0.0,0.0,0.0,0.0,0.0,0.0,0.0,0.0,0.0,0.0,0.0,0.0,0.0,0.0,0.0,0.0
0.0,0.0,0.0331,-0.008,-9.7999,4.2895,8.5113,0.4139,0.0,0.0,0.0,0.0,0.047,0.1937,0.1641,0.0,0.0,0.0,0.0,0.0,1.0,0.0,0.0,0.0,0.0,0.0,0.0,0.0,0.0,0.0,1.0,0.0,1.0,3.871781703737627,1.0,-42.04629055543886,1.0,64.92348860300987,1.0,-22.877198047571014,1.0,-3.871781703737627,0.0,0.0,0.0,0.0,0.0,0.0,0.0,0.0,0.0,0.0,0.0,0.0,0.0,0.0,0.0,0.0,0.0,0.0,1.0,0.0,1.0,-3.8073710683441284,1.0,-21.509744931166512,1.0,61.873117704420245,1.0,-40.36337277325374,1.0,3.8073710683441284,0.0,0.0,0.0,0.0,0.0,0.0,0.0,0.0,0.0,0.0,0.0,0.0,0.0,0.0,0.0,0.0,0.0,0.0
0.0,0.0,0.0404,0.0198,-9.7999,3.5997,8.3378,0.339,0.0,0.0,0.0,0.0,-0.1158,0.2362,0.1592,0.0,0.0,0.0,0.0,0.0,1.0,0.0,0.0,0.0,0.0,0.0,0.0,0.0,0.0,0.0,1.0,0.0,1.0,3.22481269855977,1.0,-41.13563651335596,1.0,62.77766048748939,1.0,-21.642023974133433,1.0,-3.22481269855977,0.0,0.0,0.0,0.0,0.0,0.0,0.0,0.0,0.0,0.0,0.0,0.0,0.0,0.0,0.0,0.0,0.0,0.0,1.0,0.0,1.0,-3.206525704050512,1.0,-21.16954869705118,1.0,61.723699340169254,1.0,-40.55415064311807,1.0,3.206525704050512,0.0,0.0,0.0,0.0,0.0,0.0,0.0,0.0,0.0,0.0,0.0,0.0,0.0,0.0,0.0,0.0,0.0,0.0
0.0,0.0,0.0511,0.0469,-9.7998,3.1855,8.6115,0.1535,0.0,0.0,0.0,0.0,-0.2745,0.2987,0.1527,0.0,0.0,0.0,0.0,0.0,1.0,0.0,0.0,0.0,0.0,0.0,0.0,0.0,0.0,0.0,1.0,0.0,1.0,2.5999119504004304,1.0,-40.70706250485672,1.0,61.599148162583695,1.0,-20.892085657726973,1.0,-2.5999119504004304,0.0,0.0,0.0,0.0,0.0,0.0,0.0,0.0,0.0,0.0,0.0,0.0,0.0,0.0,0.0,0.0,0.0,0.0,1.0,0.0,1.0,-2.5999119504004304,1.0,-20.892085657726973,1.0,61.599148162583695,1.0,-40.70706250485672,1.0,2.5999119504004304,0.0,0.0,0.0,0.0,0.0,0.0,0.0,0.0,0.0,0.0,0.0,0.0,0.0,0.0,0.0,0.0,0.0,0.0
0.0,0.0,0.0544,0.0667,-9.7996,2.4488,8.5067,0.5206,0.0,0.0,0.0,0.0,-0.39,0.3178,0.1556,0.0,0.0,0.0,0.0,0.0,1.0,0.0,0.0,0.0,0.0,0.0,0.0,0.0,0.0,0.0,1.0,0.0,1.0,2.011181623228267,1.0,-40.821122447045184,1.0,61.50335871181891,1.0,-20.68223626477373,1.0,-2.011181623228267,0.0,0.0,0.0,0.0,0.0,0.0,0.0,0.0,0.0,0.0,0.0,0.0,0.0,0.0,0.0,0.0,0.0,0.0,1.0,0.0,1.0,-2.011181623228267,1.0,-20.68223626477373,1.0,61.50335871181891,1.0,-40.821122447045184,1.0,2.011181623228267,0.0,0.0,0.0,0.0,0.0,0.0,0.0,0.0,0.0,0.0,0.0,0.0,0.0,0.0,0.0,0.0,0.0,0.0
0.0,0.0,0.0537,0.0653,-9.7996,0.3803,7.4652,1.7869,0.0,0.0,0.0,0.0,-0.3821,0.3137,0.1831,0.0,0.0,0.0,0.0,0.0,1.0,0.0,0.0,0.0,0.0,0.0,0.0,0.0,0.0,0.0,1.0,0.0,1.0,1.3901837687021366,1.0,-40.90770354229519,1.0,61.428949906208565,1.0,-20.521246363913374,1.0,-1.3901837687021366,0.0,0.0,0.0,0.0,0.0,0.0,0.0,0.0,0.0,0.0,0.0,0.0,0.0,0.0,0.0,0.0,0.0,0.0,1.0,0.0,1.0,-1.3901837687021366,1.0,-20.521246363913374,1.0,61.428949906208565,1.0,-40.90770354229519,1.0,1.3901837687021366,0.0,0.0,0.0,0.0,0.0,0.0,0.0,0.0,0.0,0.0,0.0,0.0,0.0,0.0,0.0,0.0,0.0,0.0
0.0,0.0,0.0534,0.0422,-9.7998,-0.6419,7.9255,1.5921,0.0,0.0,0.0,0.0,-0.2465,0.3121,0.21,0.0,0.0,0.0,0.0,0.0,1.0,0.0,0.0,0.0,0.0,0.0,0.0,0.0,0.0,0.0,1.0,0.0,1.0,0.7438755174327588,1.0,-40.96325460987894,1.0,61.38041992863159,1.0,-20.41716531875265,1.0,-0.7438755174327588,0.0,0.0,0.0,0.0,0.0,0.0,0.0,0.0,0.0,0.0,0.0,0.0,0.0,0.0,0.0,0.0,0.0,0.0,1.0,0.0,1.0,-0.7438755174327588,1.0,-20.41716531875265,1.0,61.38041992863159,1.0,-40.96325460987894,1.0,0.7438755174327588,0.0,0.0,0.0,0.0,0.0,0.0,0.0,0.0,0.0,0.0,0.0,0.0,0.0,0.0,0.0,0.0,0.0,0.0
0.0,0.0,0.0485,0.0091,-9.7999,-0.8569,8.5238,1.0221,0.0,0.0,0.0,0.0,-0.0535,0.2835,0.2242,0.0,0.0,0.0,0.0,0.0,1.0,0.0,0.0,0.0,0.0,0.0,0.0,0.0,0.0,0.0,1.0,0.0,1.0,0.14386377832823244,1.0,-40.98450444804889,1.0,61.361690419809726,1.0,-20.377185971760838,1.0,-0.14386377832823244,0.0,0.0,0.0,0.0,0.0,0.0,0.0,0.0,0.0,0.0,0.0,0.0,0.0,0.0,0.0,0.0,0.0,0.0,1.0,0.0,1.0,-0.14386377832823244,1.0,-20.377185971760838,1.0,61.361690419809726,1.0,-40.98450444804889,1.0,0.14386377832823244,0.0,0.0,0.0,0.0,0.0,0.0,0.0,0.0,0.0,0.0,0.0,0.0,0.0,0.0,0.0,0.0,0.0,0.0
0.0,0.0,0.0442,-0.0159,-9.7999,-0.7735,8.718,0.5197,0.0,0.0,0.0,0.0,0.0931,0.2584,0.2364,0.0,0.0,0.0,0.0,0.0,1.0,0.0,0.0,0.0,0.0,0.0,0.0,0.0,0.0,0.0,1.0,0.0,1.0,-0.5152023660708939,1.0,-40.9747547882884,1.0,61.370295159420365,1.0,-20.39554037113196,1.0,0.5152023660708939,0.0,0.0,0.0,0.0,0.0,0.0,0.0,0.0,0.0,0.0,0.0,0.0,0.0,0.0,0.0,0.0,0.0,0.0,1.0,0.0,1.0,0.5152023660708939,1.0,-20.39554037113196,1.0,61.370295159420365,1.0,-40.9747547882884,1.0,-0.5152023660708939,0.0,0.0,0.0,0.0,0.0,0.0,0.0,0.0,0.0,0.0,0.0,0.0,0.0,0.0,0.0,0.0,0.0,0.0
0.0,0.0,0.0494,-0.029,-9.7998,-0.4675,8.8551,0.2677,0.0,0.0,0.0,0.0,0.1694,0.289,0.265,0.0,0.0,0.0,0.0,0.0,1.0,0.0,0.0,0.0,0.0,0.0,0.0,0.0,0.0,0.0,1.0,0.0,1.0,-1.160443220790726,1.0,-40.93139810958854,1.0,61.40832624090002,1.0,-20.47692813131147,1.0,1.160443220790726,0.0,0.0,0.0,0.0,0.0,0.0,0.0,0.0,0.0,0.0,0.0,0.0,0.0,0.0,0.0,0.0,0.0,0.0,1.0,0.0,1.0,1.160443220790726,1.0,-20.47692813131147,1.0,61.40832624090002,1.0,-40.93139810958854,1.0,-1.160443220790726,0.0,0.0,0.0,0.0,0.0,0.0,0.0,0.0,0.0,0.0,0.0,0.0,0.0,0.0,0.0,0.0,0.0,0.0
0.0,0.0,0.0541,-0.0314,-9.7998,-0.3352,8.8884,0.0391,0.0,0.0,0.0,0.0,0.1833,0.3165,0.2872,0.0,0.0,0.0,0.0,0.0,1.0,0.0,0.0,0.0,0.0,0.0,0.0,0.0,0.0,0.0,1.0,0.0,1.0,-1.7505056871968099,1.0,-40.86154708678619,1.0,61.46880201081441,1.0,-20.607254924028222,1.0,1.7505056871968099,0.0,0.0,0.0,0.0,0.0,0.0,0.0,0.0,0.0,0.0,0.0,0.0,0.0,0.0,0.0,0.0,0.0,0.0,1.0,0.0,1.0,1.7505056871968099,1.0,-20.607254924028222,1.0,61.46880201081441,1.0,-40.86154708678619,1.0,-1.7505056871968099,0.0,0.0,0.0,0.0,0.0,0.0,0.0,0.0,0.0,0.0,0.0,0.0,0.0,0.0,0.0,0.0,0.0,0.0
0.0,0.0,0.047,-0.0285,-9.7998,-0.4882,8.9446,-0.1423,0.0,0.0,0.0,0.0,0.1669,0.275,0.2883,0.0,0.0,0.0,0.0,0.0,1.0,0.0,0.0,0.0,0.0,0.0,0.0,0.0,0.0,0.0,1.0,0.0,1.0,-2.3551152253319563,1.0,-40.758422411938945,1.0,61.556325654842915,1.0,-20.797903242903967,1.0,2.3551152253319563,0.0,0.0,0.0,0.0,0.0,0.0,0.0,0.0,0.0,0.0,0.0,0.0,0.0,0.0,0.0,0.0,0.0,0.0,1.0,0.0,1.0,2.3551152253319563,1.0,-20.797903242903967,1.0,61.556325654842915,1.0,-40.758422411938945,1.0,-2.3551152253319563,0.0,0.0,0.0,0.0,0.0,0.0,0.0,0.0,0.0,0.0,0.0,0.0,0.0,0.0,0.0,0.0,0.0,0.0
0.0,0.0,0.0327,-0.0235,-9.7999,-0.6715,9.0946,-0.3027,0.0,0.0,0.0,0.0,0.1373,0.1909,0.2856,0.0,0.0,0.0,0.0,0.0,1.0,0.0,0.0,0.0,0.0,0.0,0.0,0.0,0.0,0.0,1.0,0.0,1.0,-2.926628978178966,1.0,-40.62939015964364,1.0,61.66295907297587,1.0,-21.033568913332235,1.0,2.926628978178966,0.0,0.0,0.0,0.0,0.0,0.0,0.0,0.0,0.0,0.0,0.0,0.0,0.0,0.0,0.0,0.0,0.0,0.0,1.0,0.0,1.0,2.928491022100717,1.0,-21.086905301303513,1.0,61.7819110969542,1.0,-40.69500579565069,1.0,-2.928491022100717,0.0,0.0,0.0,0.0,0.0,0.0,0.0,0.0,0.0,0.0,0.0,0.0,0.0,0.0,0.0,0.0,0.0,0.0
0.0,0.0,0.0195,-0.0166,-9.8,-0.9312,9.248,-0.8709,0.0,0.0,0.0,0.0,0.097,0.1139,0.2807,0.0,0.0,0.0,0.0,0.0,1.0,0.0,0.0,0.0,0.0,0.0,0.0,0.0,0.0,0.0,1.0,0.0,1.0,-3.5097837904073512,1.0,-40.4630514302988,1.0,61.795859725033964,1.0,-21.33280829473516,1.0,3.5097837904073512,0.0,0.0,0.0,0.0,0.0,0.0,0.0,0.0,0.0,0.0,0.0,0.0,0.0,0.0,0.0,0.0,0.0,0.0,1.0,0.0,1.0,3.5494632317897246,1.0,-22.25772649473185,1.0,63.85926586545411,1.0,-41.60153937072226,1.0,-3.5494632317897246,0.0,0.0,0.0,0.0,0.0,0.0,0.0,0.0,0.0,0.0,0.0,0.0,0.0,0.0,0.0,0.0,0.0,0.0
0.0,0.0,0.0101,-0.0099,-9.8,-1.7304,8.9947,-1.8344,0.0,0.0,0.0,0.0,0.0581,0.0593,0.2684,0.0,0.0,0.0,0.0,0.0,1.0,0.0,0.0,0.0,0.0,0.0,0.0,0.0,0.0,0.0,1.0,0.0,1.0,-4.05771045442261,1.0,-40.27111790946906,1.0,61.94307634452269,1.0,-21.671958435053625,1.0,4.05771045442261,0.0,0.0,0.0,0.0,0.0,0.0,0.0,0.0,0.0,0.0,0.0,0.0,0.0,0.0,0.0,0.0,0.0,0.0,1.0,0.0,1.0,4.14587034052404,1.0,-23.41078621451198,1.0,65.82099262974842,1.0,-42.41020641523644,1.0,-4.14587034052404,0.0,0.0,0.0,0.0,0.0,0.0,0.0,0.0,0.0,0.0,0.0,0.0,0.0,0.0,0.0,0.0,0.0,0.0
0.0,0.0,-0.0038,-0.0093,-9.8,-1.3491,8.2913,-1.4632,0.0,0.0,0.0,0.0,0.0541,-0.022,0.2368,0.0,0.0,0.0,0.0,0.0,1.0,0.0,0.0,0.0,0.0,0.0,0.0,0.0,0.0,0.0,1.0,0.0,1.0,-4.615692608056376,1.0,-40.035207986903806,1.0,62.11543931873647,1.0,-22.080231331832668,1.0,4.615692608056376,0.0,0.0,0.0,0.0,0.0,0.0,0.0,0.0,0.0,0.0,0.0,0.0,0.0,0.0,0.0,0.0,0.0,0.0,1.0,0.0,1.0,4.76679942690319,1.0,-24.644919298382657,1.0,67.82920532668432,1.0,-43.184286028301656,1.0,-4.76679942690319,0.0,0.0,0.0,0.0,0.0,0.0,0.0,0.0,0.0,0.0,0.0,0.0,0.0,0.0,0.0,0.0,0.0,0.0
0.0,0.0,-0.0317,-0.0132,-9.7999,-0.4825,7.7278,-1.1186,0.0,0.0,0.0,0.0,0.0769,-0.1852,0.2046,0.0,0.0,0.0,0.0,0.0,1.0,0.0,0.0,0.0,0.0,0.0,0.0,0.0,0.0,0.0,1.0,0.0,1.0,-5.154382056183256,1.0,-39.76245100062984,1.0,62.303543366074805,1.0,-22.541092365444964,1.0,5.154382056183256,0.0,0.0,0.0,0.0,0.0,0.0,0.0,0.0,0.0,0.0,0.0,0.0,0.0,0.0,0.0,0.0,0.0,0.0,1.0,0.0,1.0,5.37990545045126,1.0,-25.902631342831523,1.0,69.77889236872917,1.0,-43.87626102589766,1.0,-5.37990545045126,0.0,0.0,0.0,0.0,0.0,0.0,0.0,0.0,0.0,0.0,0.0,0.0,0.0,0.0,0.0,0.0,0.0,0.0
0.0,0.0,-0.0697,-0.0224,-9.7997,0.3471,7.3599,-1.1004,0.0,0.0,0.0,0.0,0.1307,-0.4073,0.2003,0.0,0.0,0.0,0.0,0.0,1.0,0.0,0.0,0.0,0.0,0.0,0.0,0.0,0.0,0.0,1.0,0.0,1.0,-5.630031105930253,1.0,-39.47818927516536,1.0,62.48754643634617,1.0,-23.009357161180805,1.0,5.630031105930253,0.0,0.0,0.0,0.0,0.0,0.0,0.0,0.0,0.0,0.0,0.0,0.0,0.0,0.0,0.0,0.0,0.0,0.0,1.0,0.0,1.0,5.93292026496961,1.0,-27.076514977071273,1.0,71.51017569167186,1.0,-44.43366071460059,1.0,-5.93292026496961,0.0,0.0,0.0,0.0,0.0,0.0,0.0,0.0,0.0,0.0,0.0,0.0,0.0,0.0,0.0,0.0,0.0,0.0
0.0,0.0,-0.1213,-0.0384,-9.7992,0.9263,7.0786,-1.1765,0.0,0.0,0.0,0.0,0.2246,-0.7091,0.2261,0.0,0.0,0.0,0.0,0.0,1.0,0.0,0.0,0.0,0.0,0.0,0.0,0.0,0.0,0.0,1.0,0.0,1.0,-6.097994190223937,1.0,-39.15081565815591,1.0,62.68515334804114,1.0,-23.534337689885227,1.0,6.097994190223937,0.0,0.0,0.0,0.0,0.0,0.0,0.0,0.0,0.0,0.0,0.0,0.0,0.0,0.0,0.0,0.0,0.0,0.0,1.0,0.0,1.0,6.488117196500996,1.0,-28.30021028197902,1.0,73.2232765947904,1.0,-44.923066312811386,1.0,-6.488117196500996,0.0,0.0,0.0,0.0,0.0,0.0,0.0,0.0,0.0,0.0,0.0,0.0,0.0,0.0,0.0,0.0,0.0,0.0
0.0,0.0,-0.158,-0.0533,-9.7986,1.5085,6.8504,-0.9377,0.0,0.0,0.0,0.0,0.3114,-0.9238,0.2588,0.0,0.0,0.0,0.0,0.0,1.0,0.0,0.0,0.0,0.0,0.0,0.0,0.0,0.0,0.0,1.0,0.0,1.0,-6.548003641261623,1.0,-38.78149292546902,1.0,62.89086553737343,1.0,-24.109372611904416,1.0,6.548003641261623,0.0,0.0,0.0,0.0,0.0,0.0,0.0,0.0,0.0,0.0,0.0,0.0,0.0,0.0,0.0,0.0,0.0,0.0,1.0,0.0,1.0,7.032813567096172,1.0,-29.554399164867764,1.0,74.88067360416359,1.0,-45.32627443929582,1.0,-7.032813567096172,0.0,0.0,0.0,0.0,0.0,0.0,0.0,0.0,0.0,0.0,0.0,0.0,0.0,0.0,0.0,0.0,0.0,0.0
0.0,0.0,-0.1848,-0.0641,-9.798,2.0622,6.1109,-0.8471,0.0,0.0,0.0,0.0,0.3749,-1.0805,0.2811,0.0,0.0,0.0,0.0,0.0,1.0,0.0,0.0,0.0,0.0,0.0,0.0,0.0,0.0,0.0,1.0,0.0,1.0,-6.957472980438323,1.0,-38.38743372896835,1.0,63.091568180712464,1.0,-24.70413445174411,1.0,6.957472980438323,0.0,0.0,0.0,0.0,0.0,0.0,0.0,0.0,0.0,0.0,0.0,0.0,0.0,0.0,0.0,0.0,0.0,0.0,1.0,0.0,1.0,7.537966656669326,1.0,-30.77658212263728,1.0,76.39806793343747,1.0,-45.6214858108002,1.0,-7.537966656669326,0.0,0.0,0.0,0.0,0.0,0.0,0.0,0.0,0.0,0.0,0.0,0.0,0.0,0.0,0.0,0.0,0.0,0.0
0.0,0.0,-0.2011,-0.0657,-9.7977,2.7939,5.5689,-0.6854,0.0,0.0,0.0,0.0,0.3842,-1.1756,0.29,0.0,0.0,0.0,0.0,0.0,1.0,0.0,0.0,0.0,0.0,0.0,0.0,0.0,0.0,0.0,1.0,0.0,1.0,-7.322232596859207,1.0,-37.97710843561458,1.0,63.281334688222586,1.0,-25.304226252608,1.0,7.322232596859207,0.0,0.0,0.0,0.0,0.0,0.0,0.0,0.0,0.0,0.0,0.0,0.0,0.0,0.0,0.0,0.0,0.0,0.0,1.0,0.0,1.0,7.995850051553556,1.0,-31.946490225597085,1.0,77.7578702170068,1.0,-45.811379991409716,1.0,-7.995850051553556,0.0,0.0,0.0,0.0,0.0,0.0,0.0,0.0,0.0,0.0,0.0,0.0,0.0,0.0,0.0,0.0,0.0,0.0
0.0,0.0,-0.2143,-0.0705,-9.7974,3.6709,5.5604,-0.4502,0.0,0.0,0.0,0.0,0.4121,-1.2532,0.2958,0.0,0.0,0.0,0.0,0.0,1.0,0.0,0.0,0.0,0.0,0.0,0.0,0.0,0.0,0.0,1.0,0.0,1.0,-7.6552013372782675,1.0,-37.539173786313555,1.0,63.46369516989228,1.0,-25.92452138357873,1.0,7.6552013372782675,0.0,0.0,0.0,0.0,0.0,0.0,0.0,0.0,0.0,0.0,0.0,0.0,0.0,0.0,0.0,0.0,0.0,0.0,1.0,0.0,1.0,8.420496291968494,1.0,-33.09940378463517,1.0,79.0063132905321,1.0,-45.906909505896934,1.0,-8.420496291968494,0.0,0.0,0.0,0.0,0.0,0.0,0.0,0.0,0.0,0.0,0.0,0.0,0.0,0.0,0.0,0.0,0.0,0.0
0.0,0.0,-0.2204,-0.0764,-9.7972,4.1996,5.0826,-0.6008,0.0,0.0,0.0,0.0,0.4471,-1.2885,0.3047,0.0,0.0,0.0,0.0,0.0,1.0,0.0,0.0,0.0,0.0,0.0,0.0,0.0,0.0,0.0,1.0,0.0,1.0,-7.967757025916018,1.0,-37.05447339925809,1.0,63.642893647126265,1.0,-26.58842024786817,1.0,7.967757025916018,0.0,0.0,0.0,0.0,0.0,0.0,0.0,0.0,0.0,0.0,0.0,0.0,0.0,0.0,0.0,0.0,0.0,0.0,1.0,0.0,1.0,8.825045419775604,1.0,-34.27819071471074,1.0,80.18485515328011,1.0,-45.90666443856938,1.0,-8.825045419775604,0.0,0.0,0.0,0.0,0.0,0.0,0.0,0.0,0.0,0.0,0.0,0.0,0.0,0.0,0.0,0.0,0.0,0.0
0.0,0.0,-0.2157,-0.0749,-9.7973,4.6305,4.7433,-0.6191,0.0,0.0,0.0,0.0,0.4378,-1.261,0.3128,0.0,0.0,0.0,0.0,0.0,1.0,0.0,0.0,0.0,0.0,0.0,0.0,0.0,0.0,0.0,1.0,0.0,1.0,-8.24556512224879,1.0,-36.54038430047204,1.0,63.80875530149901,1.0,-27.268371001026974,1.0,8.24556512224879,0.0,0.0,0.0,0.0,0.0,0.0,0.0,0.0,0.0,0.0,0.0,0.0,0.0,0.0,0.0,0.0,0.0,0.0,1.0,0.0,1.0,9.189551956368653,1.0,-35.43269082292593,1.0,81.23810201492917,1.0,-45.80541119200324,1.0,-9.189551956368653,0.0,0.0,0.0,0.0,0.0,0.0,0.0,0.0,0.0,0.0,0.0,0.0,0.0,0.0,0.0,0.0,0.0,0.0
0.0,0.0,-0.2068,-0.0736,-9.7975,5.3714,4.3999,-0.3143,0.0,0.0,0.0,0.0,0.4304,-1.2091,0.3113,0.0,0.0,0.0,0.0,0.0,1.0,0.0,0.0,0.0,0.0,0.0,0.0,0.0,0.0,0.0,1.0,0.0,1.0,-8.492791297003677,1.0,-35.98608192288043,1.0,63.9616212071512,1.0,-27.97553928427077,1.0,8.492791297003677,0.0,0.0,0.0,0.0,0.0,0.0,0.0,0.0,0.0,0.0,0.0,0.0,0.0,0.0,0.0,0.0,0.0,0.0,1.0,0.0,1.0,9.517912360790891,1.0,-36.58138132762258,1.0,82.18018755268588,1.0,-45.5988062250633,1.0,-9.517912360790891,0.0,0.0,0.0,0.0,0.0,0.0,0.0,0.0,0.0,0.0,0.0,0.0,0.0,0.0,0.0,0.0,0.0,0.0
0.0,0.0,-0.1946,-0.0741,-9.7978,6.183,4.4077,-0.502,0.0,0.0,0.0,0.0,0.4332,-1.1376,0.298,0.0,0.0,0.0,0.0,0.0,1.0,0.0,0.0,0.0,0.0,0.0,0.0,0.0,0.0,0.0,1.0,0.0,1.0,-8.69568733398259,1.0,-35.42489594668655,1.0,64.09081222055697,1.0,-28.665916273870426,1.0,8.69568733398259,0.0,0.0,0.0,0.0,0.0,0.0,0.0,0.0,0.0,0.0,0.0,0.0,0.0,0.0,0.0,0.0,0.0,0.0,1.0,0.0,1.0,9.790241066333053,1.0,-37.65436260923419,1.0,82.95687371551557,1.0,-45.302511106281386,1.0,-9.790241066333053,0.0,0.0,0.0,0.0,0.0,0.0,0.0,0.0,0.0,0.0,0.0,0.0,0.0,0.0,0.0,0.0,0.0,0.0
0.0,0.0,-0.1841,-0.076,-9.798,6.6791,4.1086,-0.5626,0.0,0.0,0.0,0.0,0.4444,-1.0765,0.2933,0.0,0.0,0.0,0.0,0.0,1.0,0.0,0.0,0.0,0.0,0.0,0.0,0.0,0.0,0.0,1.0,0.0,1.0,-8.865369055248571,1.0,-34.830573262465066,1.0,64.20146030593622,1.0,-29.37088704347116,1.0,8.865369055248571,0.0,0.0,0.0,0.0,0.0,0.0,0.0,0.0,0.0,0.0,0.0,0.0,0.0,0.0,0.0,0.0,0.0,0.0,1.0,0.0,1.0,10.019986988333624,1.0,-38.701884706566034,1.0,83.60895472483058,1.0,-44.90707001826454,1.0,-10.019986988333624,0.0,0.0,0.0,0.0,0.0,0.0,0.0,0.0,0.0,0.0,0.0,0.0,0.0,0.0,0.0,0.0,0.0,0.0
0.0,0.0,-0.1724,-0.0683,-9.7982,6.9704,3.425,-0.2666,0.0,0.0,0.0,0.0,0.3994,-1.0078,0.3012,0.0,0.0,0.0,0.0,0.0,1.0,0.0,0.0,0.0,0.0,0.0,0.0,0.0,0.0,0.0,1.0,0.0,1.0,-9.005376336802835,1.0,-34.17332367321182,1.0,64.29455678653066,1.0,-30.121233113318844,1.0,9.005376336802835,0.0,0.0,0.0,0.0,0.0,0.0,0.0,0.0,0.0,0.0,0.0,0.0,0.0,0.0,0.0,0.0,0.0,0.0,1.0,0.0,1.0,10.210939760183344,1.0,-39.76322639630595,1.0,84.14879715218522,1.0,-44.38557075587927,1.0,-10.210939760183344,0.0,0.0,0.0,0.0,0.0,0.0,0.0,0.0,0.0,0.0,0.0,0.0,0.0,0.0,0.0,0.0,0.0,0.0
0.0,0.0,-0.1554,-0.0589,-9.7986,7.2962,3.5165,-0.2792,0.0,0.0,0.0,0.0,0.3443,-0.9084,0.3103,0.0,0.0,0.0,0.0,0.0,1.0,0.0,0.0,0.0,0.0,0.0,0.0,0.0,0.0,0.0,1.0,0.0,1.0,-9.098943282434423,1.0,-33.53201554130865,1.0,64.35768468262297,1.0,-30.825669141314325,1.0,9.098943282434423,0.0,0.0,0.0,0.0,0.0,0.0,0.0,0.0,0.0,0.0,0.0,0.0,0.0,0.0,0.0,0.0,0.0,0.0,1.0,0.0,1.0,10.339258017241557,1.0,-40.70781618179166,1.0,84.51050457495263,1.0,-43.80268839316098,1.0,-10.339258017241557,0.0,0.0,0.0,0.0,0.0,0.0,0.0,0.0,0.0,0.0,0.0,0.0,0.0,0.0,0.0,0.0,0.0,0.0
0.0,0.0,-0.1303,-0.0581,-9.799,7.4548,3.409,-0.202,0.0,0.0,0.0,0.0,0.3395,-0.7616,0.3041,0.0,0.0,0.0,0.0,0.0,1.0,0.0,0.0,0.0,0.0,0.0,0.0,0.0,0.0,0.0,1.0,0.0,1.0,-9.153025161605896,1.0,-32.90666178044795,1.0,64.39450701754511,1.0,-31.48784523709716,1.0,9.153025161605896,0.0,0.0,0.0,0.0,0.0,0.0,0.0,0.0,0.0,0.0,0.0,0.0,0.0,0.0,0.0,0.0,0.0,0.0,1.0,0.0,1.0,10.413685166097942,1.0,-41.54753817493729,1.0,84.71991837957401,1.0,-43.17238020463673,1.0,-10.413685166097942,0.0,0.0,0.0,0.0,0.0,0.0,0.0,0.0,0.0,0.0,0.0,0.0,0.0,0.0,0.0,0.0,0.0,0.0
0.0,0.0,-0.1001,-0.0534,-9.7993,7.7509,2.8037,0.1217,0.0,0.0,0.0,0.0,0.3122,-0.5855,0.2811,0.0,0.0,0.0,0.0,0.0,1.0,0.0,0.0,0.0,0.0,0.0,0.0,0.0,0.0,0.0,1.0,0.0,1.0,-9.17340209355772,1.0,-32.2236304123243,1.0,64.40844456995704,1.0,-32.184814157632744,1.0,9.17340209355772,0.0,0.0,0.0,0.0,0.0,0.0,0.0,0.0,0.0,0.0,0.0,0.0,0.0,0.0,0.0,0.0,0.0,0.0,1.0,0.0,1.0,10.441777149508896,1.0,-42.377205353914086,1.0,84.79888764820805,1.0,-42.421682294293966,1.0,-10.441777149508896,0.0,0.0,0.0,0.0,0.0,0.0,0.0,0.0,0.0,0.0,0.0,0.0,0.0,0.0,0.0,0.0,0.0,0.0
0.0,0.0,-0.0802,-0.0417,-9.7996,7.704,2.0952,0.2521,0.0,0.0,0.0,0.0,0.2438,-0.4688,0.2703,0.0,0.0,0.0,0.0,0.0,1.0,0.0,0.0,0.0,0.0,0.0,0.0,0.0,0.0,0.0,1.0,0.0,1.0,-9.154748095962347,1.0,-31.519023509702414,1.0,64.39568413240262,1.0,-32.87666062270021,1.0,9.154748095962347,0.0,0.0,0.0,0.0,0.0,0.0,0.0,0.0,0.0,0.0,0.0,0.0,0.0,0.0,0.0,0.0,0.0,0.0,1.0,0.0,1.0,10.41605938544246,1.0,-43.1407221707747,1.0,84.72659406889673,1.0,-41.585871898122036,1.0,-10.41605938544246,0.0,0.0,0.0,0.0,0.0,0.0,0.0,0.0,0.0,0.0,0.0,0.0,0.0,0.0,0.0,0.0,0.0,0.0
0.0,0.0,-0.0634,-0.0271,-9.7998,7.2533,1.4868,0.1745,0.0,0.0,0.0,0.0,0.1585,-0.3707,0.2777,0.0,0.0,0.0,0.0,0.0,1.0,0.0,0.0,0.0,0.0,0.0,0.0,0.0,0.0,0.0,1.0,0.0,1.0,-9.096778703513774,1.0,-30.805513718281404,1.0,64.35621600462085,1.0,-33.55070228633945,1.0,9.096778703513774,0.0,0.0,0.0,0.0,0.0,0.0,0.0,0.0,0.0,0.0,0.0,0.0,0.0,0.0,0.0,0.0,0.0,0.0,1.0,0.0,1.0,10.336283092791342,1.0,-43.82061914770975,1.0,84.5021282835668,1.0,-40.681509135857056,1.0,-10.336283092791342,0.0,0.0,0.0,0.0,0.0,0.0,0.0,0.0,0.0,0.0,0.0,0.0,0.0,0.0,0.0,0.0,0.0,0.0
0.0,0.0,-0.0447,-0.014,-9.7999,7.0177,0.9677,-0.024,0.0,0.0,0.0,0.0,0.0817,-0.2614,0.2807,0.0,0.0,0.0,0.0,0.0,1.0,0.0,0.0,0.0,0.0,0.0,0.0,0.0,0.0,0.0,1.0,0.0,1.0,-9.0000139757272,1.0,-30.08774558627085,1.0,64.29096106375982,1.0,-34.20321547748897,1.0,9.0000139757272,0.0,0.0,0.0,0.0,0.0,0.0,0.0,0.0,0.0,0.0,0.0,0.0,0.0,0.0,0.0,0.0,0.0,0.0,1.0,0.0,1.0,10.203602934333793,1.0,-44.411034643365774,1.0,84.12809032514548,1.0,-39.71705568177971,1.0,-10.203602934333793,0.0,0.0,0.0,0.0,0.0,0.0,0.0,0.0,0.0,0.0,0.0,0.0,0.0,0.0,0.0,0.0,0.0,0.0
0.0,0.0,-0.0208,-0.0047,-9.8,6.8567,0.5115,-0.1398,0.0,0.0,0.0,0.0,0.0276,-0.1217,0.2609,0.0,0.0,0.0,0.0,0.0,1.0,0.0,0.0,0.0,0.0,0.0,0.0,0.0,0.0,0.0,1.0,0.0,1.0,-8.861887699901368,1.0,-29.354690451515825,1.0,64.19916618152956,1.0,-34.844475730013734,1.0,8.861887699901368,0.0,0.0,0.0,0.0,0.0,0.0,0.0,0.0,0.0,0.0,0.0,0.0,0.0,0.0,0.0,0.0,0.0,0.0,1.0,0.0,1.0,10.015254865780864,1.0,-44.91718971296637,1.0,83.5955522048953,1.0,-38.67836249192893,1.0,-10.015254865780864,0.0,0.0,0.0,0.0,0.0,0.0,0.0,0.0,0.0,0.0,0.0,0.0,0.0,0.0,0.0,0.0,0.0,0.0
0.0,0.0,-0.0014,0.0061,-9.8,6.9684,-0.6403,0.2876,0.0,0.0,0.0,0.0,-0.0358,-0.0081,0.2404,0.0,0.0,0.0,0.0,0.0,1.0,0.0,0.0,0.0,0.0,0.0,0.0,0.0,0.0,0.0,1.0,0.0,1.0,-8.69417261982511,1.0,-28.660253397587084,1.0,64.08983520317278,1.0,-35.4295818055857,1.0,8.69417261982511,0.0,0.0,0.0,0.0,0.0,0.0,0.0,0.0,0.0,0.0,0.0,0.0,0.0,0.0,0.0,0.0,0.0,0.0,1.0,0.0,1.0,9.788198401783808,1.0,-45.30531141465867,1.0,82.95106327053725,1.0,-37.64575185587857,1.0,-9.788198401783808,0.0,0.0,0.0,0.0,0.0,0.0,0.0,0.0,0.0,0.0,0.0,0.0,0.0,0.0,0.0,0.0,0.0,0.0
0.0,0.0,0.0052,0.0245,-9.8,6.8624,-1.559,0.4595,0.0,0.0,0.0,0.0,-0.1431,0.0304,0.2347,0.0,0.0,0.0,0.0,0.0,1.0,0.0,0.0,0.0,0.0,0.0,0.0,0.0,0.0,0.0,1.0,0.0,1.0,-8.480331842360695,1.0,-27.93689878407643,1.0,63.953797900798115,1.0,-36.01689911672168,1.0,8.480331842360695,0.0,0.0,0.0,0.0,0.0,0.0,0.0,0.0,0.0,0.0,0.0,0.0,0.0,0.0,0.0,0.0,0.0,0.0,1.0,0.0,1.0,9.501273252322218,1.0,-45.612667437581905,1.0,82.13259790302178,1.0,-36.51993046543988,1.0,-9.501273252322218,0.0,0.0,0.0,0.0,0.0,0.0,0.0,0.0,0.0,0.0,0.0,0.0,0.0,0.0,0.0,0.0,0.0,0.0
0.0,0.0,0.0087,0.0358,-9.7999,6.4071,-1.896,0.1886,0.0,0.0,0.0,0.0,-0.2096,0.051,0.2346,0.0,0.0,0.0,0.0,0.0,1.0,0.0,0.0,0.0,0.0,0.0,0.0,0.0,0.0,0.0,1.0,0.0,1.0,-8.230679390050362,1.0,-27.229258646949337,1.0,63.79970978221322,1.0,-36.57045113526389,1.0,8.230679390050362,0.0,0.0,0.0,0.0,0.0,0.0,0.0,0.0,0.0,0.0,0.0,0.0,0.0,0.0,0.0,0.0,0.0,0.0,1.0,0.0,1.0,9.16990139966546,1.0,-45.813879874026895,1.0,81.18152431947743,1.0,-35.36764444545053,1.0,-9.16990139966546,0.0,0.0,0.0,0.0,0.0,0.0,0.0,0.0,0.0,0.0,0.0,0.0,0.0,0.0,0.0,0.0,0.0,0.0
0.0,0.0,0.0155,0.0399,-9.7999,5.9974,-2.8262,0.5784,0.0,0.0,0.0,0.0,-0.2333,0.0904,0.2377,0.0,0.0,0.0,0.0,0.0,1.0,0.0,0.0,0.0,0.0,0.0,0.0,0.0,0.0,0.0,1.0,0.0,1.0,-7.949740672624229,1.0,-26.547562761264704,1.0,63.6323519346868,1.0,-37.0847891734221,1.0,7.949740672624229,0.0,0.0,0.0,0.0,0.0,0.0,0.0,0.0,0.0,0.0,0.0,0.0,0.0,0.0,0.0,0.0,0.0,0.0,1.0,0.0,1.0,8.801567898293538,1.0,-45.909570140929695,1.0,80.11673983264625,1.0,-34.20716969171655,1.0,-8.801567898293538,0.0,0.0,0.0,0.0,0.0,0.0,0.0,0.0,0.0,0.0,0.0,0.0,0.0,0.0,0.0,0.0,0.0,0.0
0.0,0.0,0.023,0.0452,-9.7999,5.9908,-3.498,0.7111,0.0,0.0,0.0,0.0,-0.2642,0.1346,0.239,0.0,0.0,0.0,0.0,0.0,1.0,0.0,0.0,0.0,0.0,0.0,0.0,0.0,0.0,0.0,1.0,0.0,1.0,-7.630830662014924,1.0,-25.876370533554702,1.0,63.45005006125941,1.0,-37.57367952770471,1.0,7.630830662014924,0.0,0.0,0.0,0.0,0.0,0.0,0.0,0.0,0.0,0.0,0.0,0.0,0.0,0.0,0.0,0.0,0.0,0.0,1.0,0.0,1.0,8.389196057131155,1.0,-45.90291985272994,1.0,78.91469518679953,1.0,-33.01177533406959,1.0,-8.389196057131155,0.0,0.0,0.0,0.0,0.0,0.0,0.0,0.0,0.0,0.0,0.0,0.0,0.0,0.0,0.0,0.0,0.0,0.0
0.0,0.0,0.0226,0.0463,-9.7999,5.9412,-4.2315,0.5716,0.0,0.0,0.0,0.0,-0.2705,0.1323,0.2374,0.0,0.0,0.0,0.0,0.0,1.0,0.0,0.0,0.0,0.0,0.0,0.0,0.0,0.0,0.0,1.0,0.0,1.0,-7.282594446198957,1.0,-25.2353309735746,1.0,63.26020823840531,1.0,-38.024877264830714,1.0,7.282594446198957,0.0,0.0,0.0,0.0,0.0,0.0,0.0,0.0,0.0,0.0,0.0,0.0,0.0,0.0,0.0,0.0,0.0,0.0,1.0,0.0,1.0,7.945725602587577,1.0,-45.79465459921238,1.0,77.609714255434,1.0,-31.815059656221624,1.0,-7.945725602587577,0.0,0.0,0.0,0.0,0.0,0.0,0.0,0.0,0.0,0.0,0.0,0.0,0.0,0.0,0.0,0.0,0.0,0.0
0.0,0.0,0.0232,0.0431,-9.7999,5.3431,-4.6326,0.6932,0.0,0.0,0.0,0.0,-0.2521,0.1359,0.2383,0.0,0.0,0.0,0.0,0.0,1.0,0.0,0.0,0.0,0.0,0.0,0.0,0.0,0.0,0.0,1.0,0.0,1.0,-6.89225431803129,1.0,-24.60425103679414,1.0,63.05873194744288,1.0,-38.45448091064874,1.0,6.89225431803129,0.0,0.0,0.0,0.0,0.0,0.0,0.0,0.0,0.0,0.0,0.0,0.0,0.0,0.0,0.0,0.0,0.0,0.0,1.0,0.0,1.0,7.456887581072688,1.0,-45.5797511911702,1.0,76.15575813661474,1.0,-30.576006945444536,1.0,-7.456887581072688,0.0,0.0,0.0,0.0,0.0,0.0,0.0,0.0,0.0,0.0,0.0,0.0,0.0,0.0,0.0,0.0,0.0,0.0
0.0,0.0,0.0286,0.035,-9.7999,4.869,-5.2369,0.7272,0.0,0.0,0.0,0.0,-0.2046,0.1674,0.2389,0.0,0.0,0.0,0.0,0.0,1.0,0.0,0.0,0.0,0.0,0.0,0.0,0.0,0.0,0.0,1.0,0.0,1.0,-6.458708200472716,1.0,-23.98919923709075,1.0,62.84881407853293,1.0,-38.85961484144219,1.0,6.458708200472716,0.0,0.0,0.0,0.0,0.0,0.0,0.0,0.0,0.0,0.0,0.0,0.0,0.0,0.0,0.0,0.0,0.0,0.0,1.0,0.0,1.0,6.92386869736665,1.0,-45.252246584998964,1.0,74.55097189381443,1.0,-29.29872530881548,1.0,-6.92386869736665,0.0,0.0,0.0,0.0,0.0,0.0,0.0,0.0,0.0,0.0,0.0,0.0,0.0,0.0,0.0,0.0,0.0,0.0
0.0,0.0,0.031,0.032,-9.7999,4.7006,-6.2213,0.6603,0.0,0.0,0.0,0.0,-0.1871,0.181,0.2416,0.0,0.0,0.0,0.0,0.0,1.0,0.0,0.0,0.0,0.0,0.0,0.0,0.0,0.0,0.0,1.0,0.0,1.0,-6.020049272692089,1.0,-23.442057298694532,1.0,62.6510903437484,1.0,-39.20903304505387,1.0,6.020049272692089,0.0,0.0,0.0,0.0,0.0,0.0,0.0,0.0,0.0,0.0,0.0,0.0,0.0,0.0,0.0,0.0,0.0,0.0,1.0,0.0,1.0,6.394858823219326,1.0,-44.84611371295859,1.0,72.93722668779708,1.0,-28.091112974838488,1.0,-6.394858823219326,0.0,0.0,0.0,0.0,0.0,0.0,0.0,0.0,0.0,0.0,0.0,0.0,0.0,0.0,0.0,0.0,0.0,0.0
0.0,0.0,0.0301,0.0291,-9.7999,4.3737,-6.5104,0.6914,0.0,0.0,0.0,0.0,-0.1703,0.1762,0.2453,0.0,0.0,0.0,0.0,0.0,1.0,0.0,0.0,0.0,0.0,0.0,0.0,0.0,0.0,0.0,1.0,0.0,1.0,-5.556051387891094,1.0,-22.932432563170547,1.0,62.457816858174844,1.0,-39.5253842950043,1.0,5.556051387891094,0.0,0.0,0.0,0.0,0.0,0.0,0.0,0.0,0.0,0.0,0.0,0.0,0.0,0.0,0.0,0.0,0.0,0.0,1.0,0.0,1.0,5.846170426155937,1.0,-44.35065230971747,1.0,71.24026539812199,1.0,-26.88961308840452,1.0,-5.846170426155937,0.0,0.0,0.0,0.0,0.0,0.0,0.0,0.0,0.0,0.0,0.0,0.0,0.0,0.0,0.0,0.0,0.0,0.0
0.0,0.0,0.0305,0.0152,-9.7999,4.125,-6.754,0.5483,0.0,0.0,0.0,0.0,-0.089,0.1782,0.2468,0.0,0.0,0.0,0.0,0.0,1.0,0.0,0.0,0.0,0.0,0.0,0.0,0.0,0.0,0.0,1.0,0.0,1.0,-5.067751881771069,1.0,-22.462229568911088,1.0,62.271845032487214,1.0,-39.80961546357613,1.0,5.067751881771069,0.0,0.0,0.0,0.0,0.0,0.0,0.0,0.0,0.0,0.0,0.0,0.0,0.0,0.0,0.0,0.0,0.0,0.0,1.0,0.0,1.0,5.280376590845897,1.0,-43.76904951903066,1.0,69.46458512162963,1.0,-25.69553560259896,1.0,-5.280376590845897,0.0,0.0,0.0,0.0,0.0,0.0,0.0,0.0,0.0,0.0,0.0,0.0,0.0,0.0,0.0,0.0,0.0,0.0
0.0,0.0,0.0285,0.0022,-9.8,3.8072,-7.328,0.5046,0.0,0.0,0.0,0.0,-0.0128,0.1663,0.2492,0.0,0.0,0.0,0.0,0.0,1.0,0.0,0.0,0.0,0.0,0.0,0.0,0.0,0.0,0.0,1.0,0.0,1.0,-4.551306168379698,1.0,-22.029678465381227,1.0,62.09438715657418,1.0,-40.06470869119295,1.0,4.551306168379698,0.0,0.0,0.0,0.0,0.0,0.0,0.0,0.0,0.0,0.0,0.0,0.0,0.0,0.0,0.0,0.0,0.0,0.0,1.0,0.0,1.0,4.694428212582677,1.0,-43.09776035245658,1.0,67.59690696889585,1.0,-24.499146616439273,1.0,-4.694428212582677,0.0,0.0,0.0,0.0,0.0,0.0,0.0,0.0,0.0,0.0,0.0,0.0,0.0,0.0,0.0,0.0,0.0,0.0
0.0,0.0,0.021,-0.0063,-9.8,3.6337,-8.1102,0.7125,0.0,0.0,0.0,0.0,0.0369,0.1229,0.2541,0.0,0.0,0.0,0.0,0.0,1.0,0.0,0.0,0.0,0.0,0.0,0.0,0.0,0.0,0.0,1.0,0.0,1.0,-3.970174654172494,1.0,-21.613815340264672,1.0,61.918096713524285,1.0,-40.30428137325961,1.0,3.970174654172494,0.0,0.0,0.0,0.0,0.0,0.0,0.0,0.0,0.0,0.0,0.0,0.0,0.0,0.0,0.0,0.0,0.0,0.0,1.0,0.0,1.0,4.0497199222308184,1.0,-42.28406023079647,1.0,65.50692580183511,1.0,-23.222865571038643,1.0,-4.0497199222308184,0.0,0.0,0.0,0.0,0.0,0.0,0.0,0.0,0.0,0.0,0.0,0.0,0.0,0.0,0.0,0.0,0.0,0.0
0.0,0.0,0.0187,-0.0112,-9.8,3.1585,-8.7408,0.77,0.0,0.0,0.0,0.0,0.0654,0.1091,0.2544,0.0,0.0,0.0,0.0,0.0,1.0,0.0,0.0,0.0,0.0,0.0,0.0,0.0,0.0,0.0,1.0,0.0,1.0,-3.3969424543932325,1.0,-21.27008652709905,1.0,61.76823587251774,1.0,-40.49814934541869,1.0,3.3969424543932325,0.0,0.0,0.0,0.0,0.0,0.0,0.0,0.0,0.0,0.0,0.0,0.0,0.0,0.0,0.0,0.0,0.0,0.0,1.0,0.0,1.0,3.428218297464076,1.0,-41.429625764230735,1.0,63.456466705533764,1.0,-22.02684094130302,1.0,-3.428218297464076,0.0,0.0,0.0,0.0,0.0,0.0,0.0,0.0,0.0,0.0,0.0,0.0,0.0,0.0,0.0,0.0,0.0,0.0
0.0,0.0,0.0225,-0.0154,-9.8,3.0151,-9.305,0.4565,0.0,0.0,0.0,0.0,0.0903,0.1316,0.254,0.0,0.0,0.0,0.0,0.0,1.0,0.0,0.0,0.0,0.0,0.0,0.0,0.0,0.0,0.0,1.0,0.0,1.0,-2.8147230804411483,1.0,-20.983046265034694,1.0,61.640244206473064,1.0,-40.65719794143837,1.0,2.8147230804411483,0.0,0.0,0.0,0.0,0.0,0.0,0.0,0.0,0.0,0.0,0.0,0.0,0.0,0.0,0.0,0.0,0.0,0.0,1.0,0.0,1.0,2.8147230804411483,1.0,-40.65719794143837,1.0,61.640244206473064,1.0,-20.983046265034694,1.0,-2.8147230804411483,0.0,0.0,0.0,0.0,0.0,0.0,0.0,0.0,0.0,0.0,0.0,0.0,0.0,0.0,0.0,0.0,0.0,0.0
0.0,0.0,0.0267,-0.0226,-9.7999,2.6461,-9.6694,0.1756,0.0,0.0,0.0,0.0,0.1321,0.156,0.252,0.0,0.0,0.0,0.0,0.0,1.0,0.0,0.0,0.0,0.0,0.0,0.0,0.0,0.0,0.0,1.0,0.0,1.0,-2.2356002936681443,1.0,-20.755525096599154,1.0,61.53696762689235,1.0,-40.78144253029319,1.0,2.2356002936681443,0.0,0.0,0.0,0.0,0.0,0.0,0.0,0.0,0.0,0.0,0.0,0.0,0.0,0.0,0.0,0.0,0.0,0.0,1.0,0.0,1.0,2.2356002936681443,1.0,-40.78144253029319,1.0,61.53696762689235,1.0,-20.755525096599154,1.0,-2.2356002936681443,0.0,0.0,0.0,0.0,0.0,0.0,0.0,0.0,0.0,0.0,0.0,0.0,0.0,0.0,0.0,0.0,0.0,0.0
0.0,0.0,0.0364,-0.0315,-9.7999,1.4291,-9.1863,1.1562,0.0,0.0,0.0,0.0,0.1841,0.2128,0.239,0.0,0.0,0.0,0.0,0.0,1.0,0.0,0.0,0.0,0.0,0.0,0.0,0.0,0.0,0.0,1.0,0.0,1.0,-1.6483589744663838,1.0,-20.5808088986596,1.0,61.45657247272197,1.0,-40.875763574062375,1.0,1.6483589744663838,0.0,0.0,0.0,0.0,0.0,0.0,0.0,0.0,0.0,0.0,0.0,0.0,0.0,0.0,0.0,0.0,0.0,0.0,1.0,0.0,1.0,1.6483589744663838,1.0,-40.875763574062375,1.0,61.45657247272197,1.0,-20.5808088986596,1.0,-1.6483589744663838,0.0,0.0,0.0,0.0,0.0,0.0,0.0,0.0,0.0,0.0,0.0,0.0,0.0,0.0,0.0,0.0,0.0,0.0
0.0,0.0,0.0457,-0.0313,-9.7998,0.2657,-8.437,1.5296,0.0,0.0,0.0,0.0,0.1831,0.2674,0.212,0.0,0.0,0.0,0.0,0.0,1.0,0.0,0.0,0.0,0.0,0.0,0.0,0.0,0.0,0.0,1.0,0.0,1.0,-1.0580669668473617,1.0,-20.45979019222452,1.0,61.4003348642924,1.0,-40.94054467206787,1.0,1.0580669668473617,0.0,0.0,0.0,0.0,0.0,0.0,0.0,0.0,0.0,0.0,0.0,0.0,0.0,0.0,0.0,0.0,0.0,0.0,1.0,0.0,1.0,1.0580669668473617,1.0,-40.94054467206787,1.0,61.4003348642924,1.0,-20.45979019222452,1.0,-1.0580669668473617,0.0,0.0,0.0,0.0,0.0,0.0,0.0,0.0,0.0,0.0,0.0,0.0,0.0,0.0,0.0,0.0,0.0,0.0
0.0,0.0,0.0471,-0.0256,-9.7999,-0.3632,-8.026,1.162,0.0,0.0,0.0,0.0,0.1497,0.2756,0.1952,0.0,0.0,0.0,0.0,0.0,1.0,0.0,0.0,0.0,0.0,0.0,0.0,0.0,0.0,0.0,1.0,0.0,1.0,-0.4361721614773349,1.0,-20.389898916541338,1.0,61.36765148283321,1.0,-40.97775256629187,1.0,0.4361721614773349,0.0,0.0,0.0,0.0,0.0,0.0,0.0,0.0,0.0,0.0,0.0,0.0,0.0,0.0,0.0,0.0,0.0,0.0,1.0,0.0,1.0,0.4361721614773349,1.0,-40.97775256629187,1.0,61.36765148283321,1.0,-20.389898916541338,1.0,-0.4361721614773349,0.0,0.0,0.0,0.0,0.0,0.0,0.0,0.0,0.0,0.0,0.0,0.0,0.0,0.0,0.0,0.0,0.0,0.0
0.0,0.0,0.0452,-0.0149,-9.7999,-0.6064,-7.9563,0.6704,0.0,0.0,0.0,0.0,0.087,0.2645,0.1809,0.0,0.0,0.0,0.0,0.0,1.0,0.0,0.0,0.0,0.0,0.0,0.0,0.0,0.0,0.0,1.0,0.0,1.0,0.16835911897627118,1.0,-20.377759166548937,1.0,61.36195929569422,1.0,-40.984200129145286,1.0,-0.16835911897627118,0.0,0.0,0.0,0.0,0.0,0.0,0.0,0.0,0.0,0.0,0.0,0.0,0.0,0.0,0.0,0.0,0.0,0.0,1.0,0.0,1.0,-0.16835911897627118,1.0,-40.984200129145286,1.0,61.36195929569422,1.0,-20.377759166548937,1.0,0.16835911897627118,0.0,0.0,0.0,0.0,0.0,0.0,0.0,0.0,0.0,0.0,0.0,0.0,0.0,0.0,0.0,0.0,0.0,0.0
0.0,0.0,0.0498,-0.0061,-9.7999,-0.4944,-8.0001,0.3752,0.0,0.0,0.0,0.0,0.0357,0.2909,0.1562,0.0,0.0,0.0,0.0,0.0,1.0,0.0,0.0,0.0,0.0,0.0,0.0,0.0,0.0,0.0,1.0,0.0,1.0,0.8008091053496927,1.0,-20.423777620441893,1.0,61.38351293839662,1.0,-40.959735317954724,1.0,-0.8008091053496927,0.0,0.0,0.0,0.0,0.0,0.0,0.0,0.0,0.0,0.0,0.0,0.0,0.0,0.0,0.0,0.0,0.0,0.0,1.0,0.0,1.0,-0.8008091053496927,1.0,-40.95973531795473,1.0,61.38351293839662,1.0,-20.42377762044189,1.0,0.8008091053496927,0.0,0.0,0.0,0.0,0.0,0.0,0.0,0.0,0.0,0.0,0.0,0.0,0.0,0.0,0.0,0.0,0.0,0.0
0.0,0.0,0.0512,-0.0003,-9.7999,-0.33,-7.9447,0.0699,0.0,0.0,0.0,0.0,0.0016,0.2996,0.1369,0.0,0.0,0.0,0.0,0.0,1.0,0.0,0.0,0.0,0.0,0.0,0.0,0.0,0.0,0.0,1.0,0.0,1.0,0.8008091053496927,1.0,-20.423777620441893,1.0,61.38351293839662,1.0,-40.959735317954724,1.0,-0.8008091053496927,0.0,0.0,0.0,0.0,0.0,0.0,0.0,0.0,0.0,0.0,0.0,0.0,0.0,0.0,0.0,0.0,0.0,0.0,1.0,0.0,1.0,-0.8008091053496927,1.0,-40.95973531795473,1.0,61.38351293839662,1.0,-20.42377762044189,1.0,0.8008091053496927,0.0,0.0,0.0,0.0,0.0,0.0,0.0,0.0,0.0,0.0,0.0,0.0,0.0,0.0,0.0,0.0,0.0,0.0
0.0,0.0,0.0413,0.0003,-9.7999,-0.6188,-6.9728,-0.1357,0.0,0.0,0.0,0.0,-0.0018,0.2413,0.1274,0.0,0.0,0.0,0.0,0.0,1.0,0.0,0.0,0.0,0.0,0.0,0.0,0.0,0.0,0.0,1.0,0.0,1.0,1.424974975058125,1.0,-20.528668242171165,1.0,61.43239780772446,1.0,-40.9037295655533,1.0,-1.424974975058125,0.0,0.0,0.0,0.0,0.0,0.0,0.0,0.0,0.0,0.0,0.0,0.0,0.0,0.0,0.0,0.0,0.0,0.0,1.0,0.0,1.0,-1.424974975058125,1.0,-40.9037295655533,1.0,61.43239780772446,1.0,-20.528668242171165,1.0,1.424974975058125,0.0,0.0,0.0,0.0,0.0,0.0,0.0,0.0,0.0,0.0,0.0,0.0,0.0,0.0,0.0,0.0,0.0,0.0
0.0,0.0,0.0254,-0.0089,-9.8,-0.9272,-6.4259,-0.1691,0.0,0.0,0.0,0.0,0.0519,0.1483,0.1256,0.0,0.0,0.0,0.0,0.0,1.0,0.0,0.0,0.0,0.0,0.0,0.0,0.0,0.0,0.0,1.0,0.0,1.0,2.0591977345650294,1.0,-20.697232287499983,1.0,61.51024912005605,1.0,-40.813016832556066,1.0,-2.0591977345650294,0.0,0.0,0.0,0.0,0.0,0.0,0.0,0.0,0.0,0.0,0.0,0.0,0.0,0.0,0.0,0.0,0.0,0.0,1.0,0.0,1.0,-2.0591977345650294,1.0,-40.813016832556066,1.0,61.51024912005605,1.0,-20.697232287499983,1.0,2.0591977345650294,0.0,0.0,0.0,0.0,0.0,0.0,0.0,0.0,0.0,0.0,0.0,0.0,0.0,0.0,0.0,0.0,0.0,0.0
0.0,0.0,0.0068,-0.0066,-9.8,-0.6993,-7.9373,-0.1916,0.0,0.0,0.0,0.0,0.0388,0.0396,0.1268,0.0,0.0,0.0,0.0,0.0,1.0,0.0,0.0,0.0,0.0,0.0,0.0,0.0,0.0,0.0,1.0,0.0,1.0,2.6696687655600027,1.0,-20.92076317473306,1.0,61.61213245502755,1.0,-40.691369280294495,1.0,-2.6696687655600027,0.0,0.0,0.0,0.0,0.0,0.0,0.0,0.0,0.0,0.0,0.0,0.0,0.0,0.0,0.0,0.0,0.0,0.0,1.0,0.0,1.0,-2.6696687655600027,1.0,-40.691369280294495,1.0,61.61213245502755,1.0,-20.92076317473306,1.0,2.6696687655600027,0.0,0.0,0.0,0.0,0.0,0.0,0.0,0.0,0.0,0.0,0.0,0.0,0.0,0.0,0.0,0.0,0.0,0.0
0.0,0.0,-0.0066,0.0111,-9.8,-0.5374,-9.3665,-0.7783,0.0,0.0,0.0,0.0,-0.0646,-0.0386,0.1332,0.0,0.0,0.0,0.0,0.0,1.0,0.0,0.0,0.0,0.0,0.0,0.0,0.0,0.0,0.0,1.0,0.0,1.0,3.2932612726185666,1.0,-21.77117135776469,1.0,63.00651510957007,1.0,-41.23534375180538,1.0,-3.2932612726185666,0.0,0.0,0.0,0.0,0.0,0.0,0.0,0.0,0.0,0.0,0.0,0.0,0.0,0.0,0.0,0.0,0.0,0.0,1.0,0.0,1.0,-3.2707588124864446,1.0,-40.535705246820896,1.0,61.73843146193942,1.0,-21.20272621511852,1.0,3.2707588124864446,0.0,0.0,0.0,0.0,0.0,0.0,0.0,0.0,0.0,0.0,0.0,0.0,0.0,0.0,0.0,0.0,0.0,0.0
0.0,0.0,-0.0141,0.023,-9.8,-0.735,-9.46,-1.4111,0.0,0.0,0.0,0.0,-0.1346,-0.0824,0.1481,0.0,0.0,0.0,0.0,0.0,1.0,0.0,0.0,0.0,0.0,0.0,0.0,0.0,0.0,0.0,1.0,0.0,1.0,3.926203135499911,1.0,-22.98263325595922,1.0,65.1022361573472,1.0,-42.11960290138799,1.0,-3.926203135499911,0.0,0.0,0.0,0.0,0.0,0.0,0.0,0.0,0.0,0.0,0.0,0.0,0.0,0.0,0.0,0.0,0.0,0.0,1.0,0.0,1.0,-3.8572751986242144,1.0,-40.345611488458296,1.0,61.88670081509957,1.0,-21.541089326641277,1.0,3.8572751986242144,0.0,0.0,0.0,0.0,0.0,0.0,0.0,0.0,0.0,0.0,0.0,0.0,0.0,0.0,0.0,0.0,0.0,0.0
0.0,0.0,-0.0271,0.0297,-9.7999,-0.4583,-8.5827,-1.3616,0.0,0.0,0.0,0.0,-0.1735,-0.1584,0.1751,0.0,0.0,0.0,0.0,0.0,1.0,0.0,0.0,0.0,0.0,0.0,0.0,0.0,0.0,0.0,1.0,0.0,1.0,4.501980505723045,1.0,-24.11406297334118,1.0,66.97693253899322,1.0,-42.86286956565204,1.0,-4.501980505723045,0.0,0.0,0.0,0.0,0.0,0.0,0.0,0.0,0.0,0.0,0.0,0.0,0.0,0.0,0.0,0.0,0.0,0.0,1.0,0.0,1.0,-4.379262339978424,1.0,-40.140532985093245,1.0,62.039626059787636,1.0,-21.8990930746944,1.0,4.379262339978424,0.0,0.0,0.0,0.0,0.0,0.0,0.0,0.0,0.0,0.0,0.0,0.0,0.0,0.0,0.0,0.0,0.0,0.0
0.0,0.0,-0.0483,0.0336,-9.7998,-0.1726,-7.926,-1.0749,0.0,0.0,0.0,0.0,-0.1964,-0.2822,0.2012,0.0,0.0,0.0,0.0,0.0,1.0,0.0,0.0,0.0,0.0,0.0,0.0,0.0,0.0,0.0,1.0,0.0,1.0,5.108326389213541,1.0,-25.34030030858436,1.0,68.91926583241661,1.0,-43.57896552383225,1.0,-5.108326389213541,0.0,0.0,0.0,0.0,0.0,0.0,0.0,0.0,0.0,0.0,0.0,0.0,0.0,0.0,0.0,0.0,0.0,0.0,1.0,0.0,1.0,-4.917253935299894,1.0,-39.88844638027444,1.0,62.21809956116212,1.0,-22.32965318088768,1.0,4.917253935299894,0.0,0.0,0.0,0.0,0.0,0.0,0.0,0.0,0.0,0.0,0.0,0.0,0.0,0.0,0.0,0.0,0.0,0.0
0.0,0.0,-0.0794,0.0418,-9.7996,0.2255,-7.4426,-1.3251,0.0,0.0,0.0,0.0,-0.2443,-0.4643,0.2011,0.0,0.0,0.0,0.0,0.0,1.0,0.0,0.0,0.0,0.0,0.0,0.0,0.0,0.0,0.0,1.0,0.0,1.0,5.684804848887747,1.0,-26.544771358005505,1.0,70.73655648781094,1.0,-44.19178512980544,1.0,-5.684804848887747,0.0,0.0,0.0,0.0,0.0,0.0,0.0,0.0,0.0,0.0,0.0,0.0,0.0,0.0,0.0,0.0,0.0,0.0,1.0,0.0,1.0,-5.417814747135738,1.0,-39.61053058335249,1.0,62.40336372996646,1.0,-22.79283314661397,1.0,5.417814747135738,0.0,0.0,0.0,0.0,0.0,0.0,0.0,0.0,0.0,0.0,0.0,0.0,0.0,0.0,0.0,0.0,0.0,0.0
0.0,0.0,-0.1102,0.0457,-9.7993,0.8786,-6.4254,-0.9761,0.0,0.0,0.0,0.0,-0.2671,-0.6444,0.185,0.0,0.0,0.0,0.0,0.0,1.0,0.0,0.0,0.0,0.0,0.0,0.0,0.0,0.0,0.0,1.0,0.0,1.0,6.237028881117304,1.0,-27.74062189225934,1.0,72.45156132082434,1.0,-44.710939428565,1.0,-6.237028881117304,0.0,0.0,0.0,0.0,0.0,0.0,0.0,0.0,0.0,0.0,0.0,0.0,0.0,0.0,0.0,0.0,0.0,0.0,1.0,0.0,1.0,-5.887530709969559,1.0,-39.30450117075762,1.0,62.59423446571677,1.0,-23.28973329495915,1.0,5.887530709969559,0.0,0.0,0.0,0.0,0.0,0.0,0.0,0.0,0.0,0.0,0.0,0.0,0.0,0.0,0.0,0.0,0.0,0.0
0.0,0.0,-0.1397,0.0424,-9.7989,1.5535,-5.672,-0.597,0.0,0.0,0.0,0.0,-0.2478,-0.8165,0.1703,0.0,0.0,0.0,0.0,0.0,1.0,0.0,0.0,0.0,0.0,0.0,0.0,0.0,0.0,0.0,1.0,0.0,1.0,6.785067740530107,1.0,-28.976619875039006,1.0,74.1296276147051,1.0,-45.153007739666094,1.0,-6.785067740530107,0.0,0.0,0.0,0.0,0.0,0.0,0.0,0.0,0.0,0.0,0.0,0.0,0.0,0.0,0.0,0.0,0.0,0.0,1.0,0.0,1.0,-6.344428738820318,1.0,-38.955955329818835,1.0,62.79588879321618,1.0,-23.83993346339734,1.0,6.344428738820318,0.0,0.0,0.0,0.0,0.0,0.0,0.0,0.0,0.0,0.0,0.0,0.0,0.0,0.0,0.0,0.0,0.0,0.0
0.0,0.0,-0.1608,0.0448,-9.7986,2.4401,-5.4337,-0.6593,0.0,0.0,0.0,0.0,-0.2617,-0.9404,0.1647,0.0,0.0,0.0,0.0,0.0,1.0,0.0,0.0,0.0,0.0,0.0,0.0,0.0,0.0,0.0,1.0,0.0,1.0,7.313027139740006,1.0,-30.224455252068505,1.0,75.72466765729325,1.0,-45.50021240522475,1.0,-7.313027139740006,0.0,0.0,0.0,0.0,0.0,0.0,0.0,0.0,0.0,0.0,0.0,0.0,0.0,0.0,0.0,0.0,0.0,0.0,1.0,0.0,1.0,-6.776064231876422,1.0,-38.56972380541364,1.0,63.0010503899441,1.0,-24.43132658453046,1.0,6.776064231876422,0.0,0.0,0.0,0.0,0.0,0.0,0.0,0.0,0.0,0.0,0.0,0.0,0.0,0.0,0.0,0.0,0.0,0.0
0.0,0.0,-0.1759,0.0542,-9.7983,3.2089,-5.5081,-0.7033,0.0,0.0,0.0,0.0,-0.3167,-1.0287,0.1605,0.0,0.0,0.0,0.0,0.0,1.0,0.0,0.0,0.0,0.0,0.0,0.0,0.0,0.0,0.0,1.0,0.0,1.0,7.803639467247378,1.0,-31.44720859776856,1.0,77.1888125916021,1.0,-45.74160399383354,1.0,-7.803639467247378,0.0,0.0,0.0,0.0,0.0,0.0,0.0,0.0,0.0,0.0,0.0,0.0,0.0,0.0,0.0,0.0,0.0,0.0,1.0,0.0,1.0,-7.169844924356883,1.0,-38.156299213100944,1.0,63.200788988849816,1.0,-25.044489775748872,1.0,7.169844924356883,0.0,0.0,0.0,0.0,0.0,0.0,0.0,0.0,0.0,0.0,0.0,0.0,0.0,0.0,0.0,0.0,0.0,0.0
0.0,0.0,-0.1893,0.0775,-9.7979,3.7827,-5.8338,-0.735,0.0,0.0,0.0,0.0,-0.4532,-1.1066,0.1479,0.0,0.0,0.0,0.0,0.0,1.0,0.0,0.0,0.0,0.0,0.0,0.0,0.0,0.0,0.0,1.0,0.0,1.0,8.284435450968866,1.0,-32.72174947512799,1.0,78.607591035262,1.0,-45.88584156013401,1.0,-8.284435450968866,0.0,0.0,0.0,0.0,0.0,0.0,0.0,0.0,0.0,0.0,0.0,0.0,0.0,0.0,0.0,0.0,0.0,0.0,1.0,0.0,1.0,-7.549064723236455,1.0,-37.686429867429915,1.0,63.40461385906616,1.0,-25.71818399163625,1.0,7.549064723236455,0.0,0.0,0.0,0.0,0.0,0.0,0.0,0.0,0.0,0.0,0.0,0.0,0.0,0.0,0.0,0.0,0.0,0.0
0.0,0.0,-0.1876,0.0943,-9.7978,4.3073,-5.2886,-0.7161,0.0,0.0,0.0,0.0,-0.5512,-1.0969,0.1367,0.0,0.0,0.0,0.0,0.0,1.0,0.0,0.0,0.0,0.0,0.0,0.0,0.0,0.0,0.0,1.0,0.0,1.0,8.710685727166583,1.0,-33.93552152350803,1.0,79.85274181794217,1.0,-45.917220294434145,1.0,-8.710685727166583,0.0,0.0,0.0,0.0,0.0,0.0,0.0,0.0,0.0,0.0,0.0,0.0,0.0,0.0,0.0,0.0,0.0,0.0,1.0,0.0,1.0,-7.8798573205302915,1.0,-37.199399866176876,1.0,63.591708278012106,1.0,-26.392308411835234,1.0,7.8798573205302915,0.0,0.0,0.0,0.0,0.0,0.0,0.0,0.0,0.0,0.0,0.0,0.0,0.0,0.0,0.0,0.0,0.0,0.0
0.0,0.0,-0.1856,0.0998,-9.7977,4.8983,-5.095,-0.6756,0.0,0.0,0.0,0.0,-0.5834,-1.0853,0.1317,0.0,0.0,0.0,0.0,0.0,1.0,0.0,0.0,0.0,0.0,0.0,0.0,0.0,0.0,0.0,1.0,0.0,1.0,9.096896796180438,1.0,-35.129059306446685,1.0,80.97112985198804,1.0,-45.84207054554135,1.0,-9.096896796180438,0.0,0.0,0.0,0.0,0.0,0.0,0.0,0.0,0.0,0.0,0.0,0.0,0.0,0.0,0.0,0.0,0.0,0.0,1.0,0.0,1.0,-8.175286479604537,1.0,-36.67957847679167,1.0,63.76620725087548,1.0,-27.086628774083813,1.0,8.175286479604537,0.0,0.0,0.0,0.0,0.0,0.0,0.0,0.0,0.0,0.0,0.0,0.0,0.0,0.0,0.0,0.0,0.0,0.0
0.0,0.0,-0.1849,0.1033,-9.7977,5.5051,-4.7529,-0.3688,0.0,0.0,0.0,0.0,-0.6039,-1.0813,0.1266,0.0,0.0,0.0,0.0,0.0,1.0,0.0,0.0,0.0,0.0,0.0,0.0,0.0,0.0,0.0,1.0,0.0,1.0,9.439215428702198,1.0,-36.29415646118906,1.0,81.95496702892379,1.0,-45.66081056773472,1.0,-9.439215428702198,0.0,0.0,0.0,0.0,0.0,0.0,0.0,0.0,0.0,0.0,0.0,0.0,0.0,0.0,0.0,0.0,0.0,0.0,1.0,0.0,1.0,-8.433798575668916,1.0,-36.12895818443897,1.0,63.924691848366464,1.0,-27.795733663927496,1.0,8.433798575668916,0.0,0.0,0.0,0.0,0.0,0.0,0.0,0.0,0.0,0.0,0.0,0.0,0.0,0.0,0.0,0.0,0.0,0.0
0.0,0.0,-0.1836,0.0996,-9.7978,6.0296,-4.5417,-0.5121,0.0,0.0,0.0,0.0,-0.5823,-1.0733,0.1199,0.0,0.0,0.0,0.0,0.0,1.0,0.0,0.0,0.0,0.0,0.0,0.0,0.0,0.0,0.0,1.0,0.0,1.0,9.729910843658901,1.0,-37.40413746381563,1.0,82.78516550056345,1.0,-45.38102803674782,1.0,-9.729910843658901,0.0,0.0,0.0,0.0,0.0,0.0,0.0,0.0,0.0,0.0,0.0,0.0,0.0,0.0,0.0,0.0,0.0,0.0,1.0,0.0,1.0,-8.650904767164414,1.0,-35.55981929757832,1.0,64.06200652539663,1.0,-28.5021872278183,1.0,8.650904767164414,0.0,0.0,0.0,0.0,0.0,0.0,0.0,0.0,0.0,0.0,0.0,0.0,0.0,0.0,0.0,0.0,0.0,0.0
0.0,0.0,-0.1814,0.0945,-9.7979,6.6181,-4.3352,-0.5906,0.0,0.0,0.0,0.0,-0.5524,-1.0608,0.1161,0.0,0.0,0.0,0.0,0.0,1.0,0.0,0.0,0.0,0.0,0.0,0.0,0.0,0.0,0.0,1.0,0.0,1.0,9.97489717606861,1.0,-38.48171038107602,1.0,83.48120108567116,1.0,-44.99949070459513,1.0,-9.97489717606861,0.0,0.0,0.0,0.0,0.0,0.0,0.0,0.0,0.0,0.0,0.0,0.0,0.0,0.0,0.0,0.0,0.0,0.0,1.0,0.0,1.0,-8.832173936786377,1.0,-34.95965929946842,1.0,64.17962648665832,1.0,-29.2199671871899,1.0,8.832173936786377,0.0,0.0,0.0,0.0,0.0,0.0,0.0,0.0,0.0,0.0,0.0,0.0,0.0,0.0,0.0,0.0,0.0,0.0
0.0,0.0,-0.1742,0.0843,-9.7981,6.8349,-3.7613,-0.3058,0.0,0.0,0.0,0.0,-0.4928,-1.0182,0.108,0.0,0.0,0.0,0.0,0.0,1.0,0.0,0.0,0.0,0.0,0.0,0.0,0.0,0.0,0.0,1.0,0.0,1.0,10.172309593163263,1.0,-39.52628116722229,1.0,84.03973940332665,1.0,-44.51345823610436,1.0,-10.172309593163263,0.0,0.0,0.0,0.0,0.0,0.0,0.0,0.0,0.0,0.0,0.0,0.0,0.0,0.0,0.0,0.0,0.0,0.0,1.0,0.0,1.0,-8.977126970492838,1.0,-34.32540615633517,1.0,64.27564118717433,1.0,-29.950235030839163,1.0,8.977126970492838,0.0,0.0,0.0,0.0,0.0,0.0,0.0,0.0,0.0,0.0,0.0,0.0,0.0,0.0,0.0,0.0,0.0,0.0
0.0,0.0,-0.157,0.0713,-9.7985,6.7525,-3.7956,-0.207,0.0,0.0,0.0,0.0,-0.4166,-0.9181,0.0994,0.0,0.0,0.0,0.0,0.0,1.0,0.0,0.0,0.0,0.0,0.0,0.0,0.0,0.0,0.0,1.0,0.0,1.0,10.320628785067996,1.0,-40.54800861319051,1.0,84.45804411501668,1.0,-43.91003550182616,1.0,-10.320628785067996,0.0,0.0,0.0,0.0,0.0,0.0,0.0,0.0,0.0,0.0,0.0,0.0,0.0,0.0,0.0,0.0,0.0,0.0,1.0,0.0,1.0,-9.085384856653608,1.0,-33.64475682623743,1.0,64.3484916897726,1.0,-30.70373486353516,1.0,9.085384856653608,0.0,0.0,0.0,0.0,0.0,0.0,0.0,0.0,0.0,0.0,0.0,0.0,0.0,0.0,0.0,0.0,0.0,0.0
0.0,0.0,-0.133,0.0661,-9.7989,6.8841,-3.5522,-0.147,0.0,0.0,0.0,0.0,-0.3864,-0.7775,0.1043,0.0,0.0,0.0,0.0,0.0,1.0,0.0,0.0,0.0,0.0,0.0,0.0,0.0,0.0,0.0,1.0,0.0,1.0,10.40739063852969,1.0,-41.45253060355445,1.0,84.70221843003371,1.0,-43.24968782647925,1.0,-10.40739063852969,0.0,0.0,0.0,0.0,0.0,0.0,0.0,0.0,0.0,0.0,0.0,0.0,0.0,0.0,0.0,0.0,0.0,0.0,1.0,0.0,1.0,-9.148456640823543,1.0,-32.98043048070941,1.0,64.39138699441571,1.0,-31.410956513706303,1.0,9.148456640823543,0.0,0.0,0.0,0.0,0.0,0.0,0.0,0.0,0.0,0.0,0.0,0.0,0.0,0.0,0.0,0.0,0.0,0.0
0.0,0.0,-0.1063,0.0569,-9.7993,7.1368,-2.9535,0.0064,0.0,0.0,0.0,0.0,-0.3324,-0.6217,0.1208,0.0,0.0,0.0,0.0,0.0,1.0,0.0,0.0,0.0,0.0,0.0,0.0,0.0,0.0,0.0,1.0,0.0,1.0,10.441186413901757,1.0,-42.278651026980135,1.0,84.79722744024014,1.0,-42.51857641326,1.0,-10.441186413901757,0.0,0.0,0.0,0.0,0.0,0.0,0.0,0.0,0.0,0.0,0.0,0.0,0.0,0.0,0.0,0.0,0.0,0.0,1.0,0.0,1.0,-9.172973796820678,1.0,-32.30877158619696,1.0,64.40815126180938,1.0,-32.09937967561241,1.0,9.172973796820678,0.0,0.0,0.0,0.0,0.0,0.0,0.0,0.0,0.0,0.0,0.0,0.0,0.0,0.0,0.0,0.0,0.0,0.0
0.0,0.0,-0.0794,0.0403,-9.7996,7.4345,-2.1942,0.2677,0.0,0.0,0.0,0.0,-0.2358,-0.464,0.1399,0.0,0.0,0.0,0.0,0.0,1.0,0.0,0.0,0.0,0.0,0.0,0.0,0.0,0.0,0.0,1.0,0.0,1.0,10.423895059285003,1.0,-43.022873290143025,1.0,84.74862394578174,1.0,-41.72575065563872,1.0,-10.423895059285003,0.0,0.0,0.0,0.0,0.0,0.0,0.0,0.0,0.0,0.0,0.0,0.0,0.0,0.0,0.0,0.0,0.0,0.0,1.0,0.0,1.0,-9.160433328086084,1.0,-31.633571497941265,1.0,64.39957007126365,1.0,-32.76599857332239,1.0,9.160433328086084,0.0,0.0,0.0,0.0,0.0,0.0,0.0,0.0,0.0,0.0,0.0,0.0,0.0,0.0,0.0,0.0,0.0,0.0
0.0,0.0,-0.0654,0.0264,-9.7997,7.3573,-1.6604,0.284,0.0,0.0,0.0,0.0,-0.1541,-0.3821,0.1489,0.0,0.0,0.0,0.0,0.0,1.0,0.0,0.0,0.0,0.0,0.0,0.0,0.0,0.0,0.0,1.0,0.0,1.0,10.349867579995154,1.0,-43.73594204018861,1.0,84.54037354107084,1.0,-40.80443150088222,1.0,-10.349867579995154,0.0,0.0,0.0,0.0,0.0,0.0,0.0,0.0,0.0,0.0,0.0,0.0,0.0,0.0,0.0,0.0,0.0,0.0,1.0,0.0,1.0,-9.10666108419121,1.0,-30.899978738209345,1.0,64.36292444591382,1.0,-33.46294570770448,1.0,9.10666108419121,0.0,0.0,0.0,0.0,0.0,0.0,0.0,0.0,0.0,0.0,0.0,0.0,0.0,0.0,0.0,0.0,0.0,0.0
0.0,0.0,-0.0527,0.0117,-9.7999,7.0535,-1.1004,0.1427,0.0,0.0,0.0,0.0,-0.0685,-0.3084,0.1478,0.0,0.0,0.0,0.0,0.0,1.0,0.0,0.0,0.0,0.0,0.0,0.0,0.0,0.0,0.0,1.0,0.0,1.0,10.230656619433802,1.0,-44.31406115672009,1.0,84.20443055515591,1.0,-39.890369398435816,1.0,-10.230656619433802,0.0,0.0,0.0,0.0,0.0,0.0,0.0,0.0,0.0,0.0,0.0,0.0,0.0,0.0,0.0,0.0,0.0,0.0,1.0,0.0,1.0,-9.019780338413069,1.0,-30.213878153544414,1.0,64.30422724982556,1.0,-34.09034909628115,1.0,9.019780338413069,0.0,0.0,0.0,0.0,0.0,0.0,0.0,0.0,0.0,0.0,0.0,0.0,0.0,0.0,0.0,0.0,0.0,0.0
0.0,0.0,-0.0408,0.0015,-9.7999,6.5912,-0.6522,0.0197,0.0,0.0,0.0,0.0,-0.0091,-0.2387,0.1429,0.0,0.0,0.0,0.0,0.0,1.0,0.0,0.0,0.0,0.0,0.0,0.0,0.0,0.0,0.0,1.0,0.0,1.0,10.047143965984942,1.0,-44.8469271506908,1.0,83.68584694632706,1.0,-38.83891979563626,1.0,-10.047143965984942,0.0,0.0,0.0,0.0,0.0,0.0,0.0,0.0,0.0,0.0,0.0,0.0,0.0,0.0,0.0,0.0,0.0,0.0,1.0,0.0,1.0,-8.885337039547624,1.0,-29.465599052110147,1.0,64.21463813585578,1.0,-34.749039083745636,1.0,8.885337039547624,0.0,0.0,0.0,0.0,0.0,0.0,0.0,0.0,0.0,0.0,0.0,0.0,0.0,0.0,0.0,0.0,0.0,0.0
0.0,0.0,-0.0322,-0.0054,-9.7999,6.7702,-0.1911,-0.1378,0.0,0.0,0.0,0.0,0.0318,-0.1885,0.1497,0.0,0.0,0.0,0.0,0.0,1.0,0.0,0.0,0.0,0.0,0.0,0.0,0.0,0.0,0.0,1.0,0.0,1.0,9.818133378499136,1.0,-45.26321364642313,1.0,83.03619177399204,1.0,-37.77297812756891,1.0,-9.818133378499136,0.0,0.0,0.0,0.0,0.0,0.0,0.0,0.0,0.0,0.0,0.0,0.0,0.0,0.0,0.0,0.0,0.0,0.0,1.0,0.0,1.0,-8.716359793831678,1.0,-28.744134589885,1.0,64.10416523963445,1.0,-35.360030649749454,1.0,8.716359793831678,0.0,0.0,0.0,0.0,0.0,0.0,0.0,0.0,0.0,0.0,0.0,0.0,0.0,0.0,0.0,0.0,0.0,0.0
0.0,0.0,-0.0312,-0.0297,-9.7999,6.5329,1.8612,0.2565,0.0,0.0,0.0,0.0,0.1734,-0.1825,0.1554,0.0,0.0,0.0,0.0,0.0,1.0,0.0,0.0,0.0,0.0,0.0,0.0,0.0,0.0,0.0,1.0,0.0,1.0,9.234494170857776,1.0,-45.78456896570978,1.0,81.36741372167704,1.0,-35.582844755967265,1.0,-9.234494170857776,0.0,0.0,0.0,0.0,0.0,0.0,0.0,0.0,0.0,0.0,0.0,0.0,0.0,0.0,0.0,0.0,0.0,0.0,1.0,0.0,1.0,-8.279571185610214,1.0,-27.35903222897888,1.0,63.82948699992441,1.0,-36.47045477094553,1.0,8.279571185610214,0.0,0.0,0.0,0.0,0.0,0.0,0.0,0.0,0.0,0.0,0.0,0.0,0.0,0.0,0.0,0.0,0.0,0.0
0.0,0.0,-0.0237,-0.0443,-9.7999,6.2475,2.9412,0.7801,0.0,0.0,0.0,0.0,0.2592,-0.1387,0.1537,0.0,0.0,0.0,0.0,0.0,1.0,0.0,0.0,0.0,0.0,0.0,0.0,0.0,0.0,0.0,1.0,0.0,1.0,8.875676694794501,1.0,-45.899041588401744,1.0,80.33163626808933,1.0,-34.43259467968759,1.0,-8.875676694794501,0.0,0.0,0.0,0.0,0.0,0.0,0.0,0.0,0.0,0.0,0.0,0.0,0.0,0.0,0.0,0.0,0.0,0.0,1.0,0.0,1.0,-8.006559880494608,1.0,-26.677630547073598,1.0,63.665686514332435,1.0,-36.98805596725884,1.0,8.006559880494608,0.0,0.0,0.0,0.0,0.0,0.0,0.0,0.0,0.0,0.0,0.0,0.0,0.0,0.0,0.0,0.0,0.0,0.0
0.0,0.0,-0.0072,-0.0584,-9.7998,6.1082,3.6966,0.8912,0.0,0.0,0.0,0.0,0.3416,-0.0422,0.1618,0.0,0.0,0.0,0.0,0.0,1.0,0.0,0.0,0.0,0.0,0.0,0.0,0.0,0.0,0.0,1.0,0.0,1.0,8.467097468895945,1.0,-45.91186534964025,1.0,79.14260147576302,1.0,-33.23073612612276,1.0,-8.467097468895945,0.0,0.0,0.0,0.0,0.0,0.0,0.0,0.0,0.0,0.0,0.0,0.0,0.0,0.0,0.0,0.0,0.0,0.0,1.0,0.0,1.0,-7.691435134054711,1.0,-25.99699704552142,1.0,63.48406971495763,1.0,-37.4870726694362,1.0,7.691435134054711,0.0,0.0,0.0,0.0,0.0,0.0,0.0,0.0,0.0,0.0,0.0,0.0,0.0,0.0,0.0,0.0,0.0,0.0
0.0,0.0,0.0082,-0.0644,-9.7998,6.0184,4.3854,0.8974,0.0,0.0,0.0,0.0,0.3765,0.0478,0.1744,0.0,0.0,0.0,0.0,0.0,1.0,0.0,0.0,0.0,0.0,0.0,0.0,0.0,0.0,0.0,1.0,0.0,1.0,8.023785382085482,1.0,-45.82023536498157,1.0,77.84036681864553,1.0,-32.02013145366396,1.0,-8.023785382085482,0.0,0.0,0.0,0.0,0.0,0.0,0.0,0.0,0.0,0.0,0.0,0.0,0.0,0.0,0.0,0.0,0.0,0.0,1.0,0.0,1.0,-7.344292796929175,1.0,-25.34299150597726,1.0,63.29314590652195,1.0,-37.95015440054469,1.0,7.344292796929175,0.0,0.0,0.0,0.0,0.0,0.0,0.0,0.0,0.0,0.0,0.0,0.0,0.0,0.0,0.0,0.0,0.0,0.0
0.0,0.0,0.011,-0.0628,-9.7998,5.691,4.8643,0.8404,0.0,0.0,0.0,0.0,0.3673,0.0642,0.1751,0.0,0.0,0.0,0.0,0.0,1.0,0.0,0.0,0.0,0.0,0.0,0.0,0.0,0.0,0.0,1.0,0.0,1.0,7.571414141229274,1.0,-45.63803188972605,1.0,76.49789225030247,1.0,-30.859860360576427,1.0,-7.571414141229274,0.0,0.0,0.0,0.0,0.0,0.0,0.0,0.0,0.0,0.0,0.0,0.0,0.0,0.0,0.0,0.0,0.0,0.0,1.0,0.0,1.0,-6.984322037530426,1.0,-24.745865460887003,1.0,63.10518221456045,1.0,-38.35931675367345,1.0,6.984322037530426,0.0,0.0,0.0,0.0,0.0,0.0,0.0,0.0,0.0,0.0,0.0,0.0,0.0,0.0,0.0,0.0,0.0,0.0
0.0,0.0,0.0125,-0.0532,-9.7998,5.2991,5.5184,0.6458,0.0,0.0,0.0,0.0,0.3109,0.0733,0.1727,0.0,0.0,0.0,0.0,0.0,1.0,0.0,0.0,0.0,0.0,0.0,0.0,0.0,0.0,0.0,1.0,0.0,1.0,7.0580938303683975,1.0,-45.34295340687085,1.0,74.95705358696273,1.0,-29.614100180091874,1.0,-7.0580938303683975,0.0,0.0,0.0,0.0,0.0,0.0,0.0,0.0,0.0,0.0,0.0,0.0,0.0,0.0,0.0,0.0,0.0,0.0,1.0,0.0,1.0,-6.568673929175944,1.0,-24.13764779895479,1.0,62.900687002082904,1.0,-38.763039203128116,1.0,6.568673929175944,0.0,0.0,0.0,0.0,0.0,0.0,0.0,0.0,0.0,0.0,0.0,0.0,0.0,0.0,0.0,0.0,0.0,0.0
0.0,0.0,0.0125,-0.0532,-9.7998,5.2991,5.5184,0.6458,0.0,0.0,0.0,0.0,0.3109,0.0733,0.1727,0.0,0.0,0.0,0.0,0.0,1.0,0.0,0.0,0.0,0.0,0.0,0.0,0.0,0.0,0.0,1.0,0.0,1.0,7.0580938303683975,1.0,-45.34295340687085,1.0,74.95705358696273,1.0,-29.614100180091874,1.0,-7.0580938303683975,0.0,0.0,0.0,0.0,0.0,0.0,0.0,0.0,0.0,0.0,0.0,0.0,0.0,0.0,0.0,0.0,0.0,0.0,1.0,0.0,1.0,-6.568673929175944,1.0,-24.13764779895479,1.0,62.900687002082904,1.0,-38.763039203128116,1.0,6.568673929175944,0.0,0.0,0.0,0.0,0.0,0.0,0.0,0.0,0.0,0.0,0.0,0.0,0.0,0.0,0.0,0.0,0.0,0.0
0.0,0.0,0.0149,-0.0477,-9.7999,5.0592,6.4524,0.5226,0.0,0.0,0.0,0.0,0.2786,0.0869,0.1705,0.0,0.0,0.0,0.0,0.0,1.0,0.0,0.0,0.0,0.0,0.0,0.0,0.0,0.0,0.0,1.0,0.0,1.0,6.550674767462027,1.0,-44.97344109652917,1.0,73.41477899443518,1.0,-28.441337897906006,1.0,-6.550674767462027,0.0,0.0,0.0,0.0,0.0,0.0,0.0,0.0,0.0,0.0,0.0,0.0,0.0,0.0,0.0,0.0,0.0,0.0,1.0,0.0,1.0,-6.150131359569648,1.0,-23.59720942983289,1.0,62.708195508313814,1.0,-39.11098607848092,1.0,6.150131359569648,0.0,0.0,0.0,0.0,0.0,0.0,0.0,0.0,0.0,0.0,0.0,0.0,0.0,0.0,0.0,0.0,0.0,0.0
0.0,0.0,0.018,-0.0412,-9.7999,4.6534,6.7287,0.5893,0.0,0.0,0.0,0.0,0.2411,0.1052,0.1691,0.0,0.0,0.0,0.0,0.0,1.0,0.0,0.0,0.0,0.0,0.0,0.0,0.0,0.0,0.0,1.0,0.0,1.0,6.017628848432421,1.0,-44.51306414445388,1.0,71.77314422259748,1.0,-27.260080078143602,1.0,-6.017628848432421,0.0,0.0,0.0,0.0,0.0,0.0,0.0,0.0,0.0,0.0,0.0,0.0,0.0,0.0,0.0,0.0,0.0,0.0,1.0,0.0,1.0,-5.702044281250799,1.0,-23.085762473326202,1.0,62.516880401974234,1.0,-39.43111792864803,1.0,5.702044281250799,0.0,0.0,0.0,0.0,0.0,0.0,0.0,0.0,0.0,0.0,0.0,0.0,0.0,0.0,0.0,0.0,0.0,0.0
0.0,0.0,0.0239,-0.0242,-9.7999,4.3527,6.8592,0.492,0.0,0.0,0.0,0.0,0.1417,0.1395,0.1722,0.0,0.0,0.0,0.0,0.0,1.0,0.0,0.0,0.0,0.0,0.0,0.0,0.0,0.0,0.0,1.0,0.0,1.0,5.44894575928466,1.0,-43.94942690512229,1.0,69.99642550430261,1.0,-26.046998599180327,1.0,-5.44894575928466,0.0,0.0,0.0,0.0,0.0,0.0,0.0,0.0,0.0,0.0,0.0,0.0,0.0,0.0,0.0,0.0,0.0,0.0,1.0,0.0,1.0,-5.21429010608258,1.0,-22.596744755828407,1.0,62.325789936741906,1.0,-39.7290451809135,1.0,5.21429010608258,0.0,0.0,0.0,0.0,0.0,0.0,0.0,0.0,0.0,0.0,0.0,0.0,0.0,0.0,0.0,0.0,0.0,0.0
0.0,0.0,0.0262,-0.0058,-9.8,3.9714,7.6159,0.4901,0.0,0.0,0.0,0.0,0.0337,0.1533,0.1733,0.0,0.0,0.0,0.0,0.0,1.0,0.0,0.0,0.0,0.0,0.0,0.0,0.0,0.0,0.0,1.0,0.0,1.0,4.867225801845603,1.0,-43.30269533328407,1.0,68.15079364211358,1.0,-24.848098308829517,1.0,-4.867225801845603,0.0,0.0,0.0,0.0,0.0,0.0,0.0,0.0,0.0,0.0,0.0,0.0,0.0,0.0,0.0,0.0,0.0,0.0,1.0,0.0,1.0,-4.704757649865799,1.0,-22.151703944991837,1.0,62.14506266056629,1.0,-39.99335871557445,1.0,4.704757649865799,0.0,0.0,0.0,0.0,0.0,0.0,0.0,0.0,0.0,0.0,0.0,0.0,0.0,0.0,0.0,0.0,0.0,0.0
0.0,0.0,0.0262,0.0022,-9.8,3.4523,8.4372,0.6793,0.0,0.0,0.0,0.0,-0.0129,0.1533,0.1674,0.0,0.0,0.0,0.0,0.0,1.0,0.0,0.0,0.0,0.0,0.0,0.0,0.0,0.0,0.0,1.0,0.0,1.0,4.26152817534437,1.0,-42.55975050291036,1.0,66.19767028024935,1.0,-23.637919777339004,1.0,-4.26152817534437,0.0,0.0,0.0,0.0,0.0,0.0,0.0,0.0,0.0,0.0,0.0,0.0,0.0,0.0,0.0,0.0,0.0,0.0,1.0,0.0,1.0,-4.162601542718615,1.0,-21.7436828951115,1.0,61.97374264821353,1.0,-40.23005975310203,1.0,4.162601542718615,0.0,0.0,0.0,0.0,0.0,0.0,0.0,0.0,0.0,0.0,0.0,0.0,0.0,0.0,0.0,0.0,0.0,0.0
0.0,0.0,0.0346,0.0057,-9.7999,3.1544,9.0483,0.7798,0.0,0.0,0.0,0.0,-0.0332,0.202,0.1676,0.0,0.0,0.0,0.0,0.0,1.0,0.0,0.0,0.0,0.0,0.0,0.0,0.0,0.0,0.0,1.0,0.0,1.0,3.648546171206626,1.0,-41.740166777644276,1.0,64.18743178177759,1.0,-22.447265004133314,1.0,-3.648546171206626,0.0,0.0,0.0,0.0,0.0,0.0,0.0,0.0,0.0,0.0,0.0,0.0,0.0,0.0,0.0,0.0,0.0,0.0,1.0,0.0,1.0,-3.6016335048084693,1.0,-21.38561913529065,1.0,61.819022587289545,1.0,-40.43340345199889,1.0,3.6016335048084693,0.0,0.0,0.0,0.0,0.0,0.0,0.0,0.0,0.0,0.0,0.0,0.0,0.0,0.0,0.0,0.0,0.0,0.0
0.0,0.0,0.0424,0.0224,-9.7999,2.8928,9.7289,0.1739,0.0,0.0,0.0,0.0,-0.1311,0.2481,0.1793,0.0,0.0,0.0,0.0,0.0,1.0,0.0,0.0,0.0,0.0,0.0,0.0,0.0,0.0,0.0,1.0,0.0,1.0,2.4288111283284497,1.0,-40.743561137061,1.0,61.56876851792539,1.0,-20.82520738086439,1.0,-2.4288111283284497,0.0,0.0,0.0,0.0,0.0,0.0,0.0,0.0,0.0,0.0,0.0,0.0,0.0,0.0,0.0,0.0,0.0,0.0,1.0,0.0,1.0,-2.4288111283284497,1.0,-20.82520738086439,1.0,61.56876851792539,1.0,-40.743561137061,1.0,2.4288111283284497,0.0,0.0,0.0,0.0,0.0,0.0,0.0,0.0,0.0,0.0,0.0,0.0,0.0,0.0,0.0,0.0,0.0,0.0
0.0,0.0,0.0506,0.0348,-9.7998,1.5047,9.2453,1.2913,0.0,0.0,0.0,0.0,-0.2034,0.2961,0.1948,0.0,0.0,0.0,0.0,0.0,1.0,0.0,0.0,0.0,0.0,0.0,0.0,0.0,0.0,0.0,1.0,0.0,1.0,1.8264478837903912,1.0,-40.8503889445304,1.0,61.47837262843109,1.0,-20.62798368390068,1.0,-1.8264478837903912,0.0,0.0,0.0,0.0,0.0,0.0,0.0,0.0,0.0,0.0,0.0,0.0,0.0,0.0,0.0,0.0,0.0,0.0,1.0,0.0,1.0,-1.8264478837903912,1.0,-20.62798368390068,1.0,61.47837262843109,1.0,-40.8503889445304,1.0,1.8264478837903912,0.0,0.0,0.0,0.0,0.0,0.0,0.0,0.0,0.0,0.0,0.0,0.0,0.0,0.0,0.0,0.0,0.0,0.0
0.0,0.0,0.0633,0.0347,-9.7997,0.0395,8.2844,1.8431,0.0,0.0,0.0,0.0,-0.203,0.3699,0.2386,0.0,0.0,0.0,0.0,0.0,1.0,0.0,0.0,0.0,0.0,0.0,0.0,0.0,0.0,0.0,1.0,0.0,1.0,1.2018290811948833,1.0,-40.927454590089404,1.0,61.4117664983611,1.0,-20.48431190827169,1.0,-1.2018290811948833,0.0,0.0,0.0,0.0,0.0,0.0,0.0,0.0,0.0,0.0,0.0,0.0,0.0,0.0,0.0,0.0,0.0,0.0,1.0,0.0,1.0,-1.2018290811948833,1.0,-20.48431190827169,1.0,61.4117664983611,1.0,-40.927454590089404,1.0,1.2018290811948833,0.0,0.0,0.0,0.0,0.0,0.0,0.0,0.0,0.0,0.0,0.0,0.0,0.0,0.0,0.0,0.0,0.0,0.0
0.0,0.0,0.0661,0.0267,-9.7997,-0.7598,7.6357,1.2111,0.0,0.0,0.0,0.0,-0.1562,0.3862,0.2748,0.0,0.0,0.0,0.0,0.0,1.0,0.0,0.0,0.0,0.0,0.0,0.0,0.0,0.0,0.0,1.0,0.0,1.0,0.5778531068748768,1.0,-40.97202246288504,1.0,61.37270314201207,1.0,-20.400680679127028,1.0,-0.5778531068748768,0.0,0.0,0.0,0.0,0.0,0.0,0.0,0.0,0.0,0.0,0.0,0.0,0.0,0.0,0.0,0.0,0.0,0.0,1.0,0.0,1.0,-0.5778531068748768,1.0,-20.40068067912703,1.0,61.37270314201207,1.0,-40.97202246288504,1.0,0.5778531068748768,0.0,0.0,0.0,0.0,0.0,0.0,0.0,0.0,0.0,0.0,0.0,0.0,0.0,0.0,0.0,0.0,0.0,0.0
