90.0,19188.0,32767.0,32767.0,32767.0,0.0,0.0,0.0,0.0,0.0,0.0,0.0,3.91,6.23,173.31,0.0,0.0,0.0,0.0,0.0,1.0,0.0,0.0,0.0,0.0,0.0,0.0,0.0,0.0,0.0,1.0,0.0,1.0,0.0,1.0,-32.204227503972035,1.0,64.40845500794407,1.0,-32.204227503972035,1.0,-0.0,0.0,0.0,0.0,0.0,0.0,0.0,0.0,0.0,0.0,0.0,0.0,0.0,0.0,0.0,0.0,0.0,0.0,0.0,1.0,0.0,1.0,0.0,1.0,-32.204227503972035,1.0,64.40845500794407,1.0,-32.204227503972035,1.0,-0.0,0.0,0.0,0.0,0.0,0.0,0.0,0.0,0.0,0.0,0.0,0.0,0.0,0.0,0.0,0.0,0.0,0.0,0.0
90.0,19189.0,32767.0,32767.0,32767.0,0.0,0.0,-100.0,0.0,0.0,0.0,0.0,3.91,6.23,173.31,0.0,0.0,0.0,0.0,0.0,1.0,0.0,0.0,0.0,0.0,0.0,0.0,0.0,0.0,0.0,1.0,0.0,1.0,0.0,1.0,-32.204227503972035,1.0,64.40845500794407,1.0,-32.204227503972035,1.0,-0.0,0.0,0.0,0.0,0.0,0.0,0.0,0.0,0.0,0.0,0.0,0.0,0.0,0.0,0.0,0.0,0.0,0.0,0.0,1.0,0.0,1.0,0.0,1.0,-32.204227503972035,1.0,64.40845500794407,1.0,-32.204227503972035,1.0,-0.0,0.0,0.0,0.0,0.0,0.0,0.0,0.0,0.0,0.0,0.0,0.0,0.0,0.0,0.0,0.0,0.0,0.0,0.0
90.0,19190.0,32767.0,32767.0,32767.0,-100.0,0.0,0.0,0.0,0.0,0.0,0.0,3.91,6.22,173.31,0.0,0.0,0.0,0.0,0.0,1.0,0.0,0.0,0.0,0.0,0.0,0.0,0.0,0.0,0.0,1.0,0.0,1.0,0.0,1.0,-32.204227503972035,1.0,64.40845500794407,1.0,-32.204227503972035,1.0,-0.0,0.0,0.0,0.0,0.0,0.0,0.0,0.0,0.0,0.0,0.0,0.0,0.0,0.0,0.0,0.0,0.0,0.0,0.0,1.0,0.0,1.0,0.0,1.0,-32.204227503972035,1.0,64.40845500794407,1.0,-32.204227503972035,1.0,-0.0,0.0,0.0,0.0,0.0,0.0,0.0,0.0,0.0,0.0,0.0,0.0,0.0,0.0,0.0,0.0,0.0,0.0,0.0
90.0,19191.0,32767.0,32767.0,32767.0,-100.0,0.0,-100.0,0.0,0.0,0.0,0.0,3.91,6.23,173.31,0.0,0.0,0.0,0.0,0.0,1.0,0.0,0.0,0.0,0.0,0.0,0.0,0.0,0.0,0.0,1.0,0.0,1.0,0.0,1.0,-32.204227503972035,1.0,64.40845500794407,1.0,-32.204227503972035,1.0,-0.0,0.0,0.0,0.0,0.0,0.0,0.0,0.0,0.0,0.0,0.0,0.0,0.0,0.0,0.0,0.0,0.0,0.0,0.0,1.0,0.0,1.0,0.0,1.0,-32.204227503972035,1.0,64.40845500794407,1.0,-32.204227503972035,1.0,-0.0,0.0,0.0,0.0,0.0,0.0,0.0,0.0,0.0,0.0,0.0,0.0,0.0,0.0,0.0,0.0,0.0,0.0,0.0
90.0,19192.0,32767.0,32767.0,32767.0,0.0,-100.0,-100.0,0.0,0.0,0.0,0.0,3.9,6.23,173.31,0.0,0.0,0.0,0.0,0.0,1.0,0.0,0.0,0.0,0.0,0.0,0.0,0.0,0.0,0.0,1.0,0.0,1.0,0.0,1.0,-32.204227503972035,1.0,64.40845500794407,1.0,-32.204227503972035,1.0,-0.0,0.0,0.0,0.0,0.0,0.0,0.0,0.0,0.0,0.0,0.0,0.0,0.0,0.0,0.0,0.0,0.0,0.0,0.0,1.0,0.0,1.0,0.0,1.0,-32.204227503972035,1.0,64.40845500794407,1.0,-32.204227503972035,1.0,-0.0,0.0,0.0,0.0,0.0,0.0,0.0,0.0,0.0,0.0,0.0,0.0,0.0,0.0,0.0,0.0,0.0,0.0,0.0
90.0,19193.0,32767.0,32767.0,32767.0,-100.0,0.0,0.0,0.0,0.0,0.0,0.0,3.91,6.22,173.31,0.0,0.0,0.0,0.0,0.0,1.0,0.0,0.0,0.0,0.0,0.0,0.0,0.0,0.0,0.0,1.0,0.0,1.0,0.0,1.0,-32.204227503972035,1.0,64.40845500794407,1.0,-32.204227503972035,1.0,-0.0,0.0,0.0,0.0,0.0,0.0,0.0,0.0,0.0,0.0,0.0,0.0,0.0,0.0,0.0,0.0,0.0,0.0,0.0,1.0,0.0,1.0,0.0,1.0,-32.204227503972035,1.0,64.40845500794407,1.0,-32.204227503972035,1.0,-0.0,0.0,0.0,0.0,0.0,0.0,0.0,0.0,0.0,0.0,0.0,0.0,0.0,0.0,0.0,0.0,0.0,0.0,0.0
90.0,19194.0,32767.0,32767.0,32767.0,-100.0,0.0,-100.0,0.0,0.0,0.0,0.0,3.91,6.22,173.31,0.0,0.0,0.0,0.0,0.0,1.0,0.0,0.0,0.0,0.0,0.0,0.0,0.0,0.0,0.0,1.0,0.0,1.0,0.0,1.0,-32.204227503972035,1.0,64.40845500794407,1.0,-32.204227503972035,1.0,-0.0,0.0,0.0,0.0,0.0,0.0,0.0,0.0,0.0,0.0,0.0,0.0,0.0,0.0,0.0,0.0,0.0,0.0,0.0,1.0,0.0,1.0,0.0,1.0,-32.204227503972035,1.0,64.40845500794407,1.0,-32.204227503972035,1.0,-0.0,0.0,0.0,0.0,0.0,0.0,0.0,0.0,0.0,0.0,0.0,0.0,0.0,0.0,0.0,0.0,0.0,0.0,0.0
90.0,19195.0,32767.0,32767.0,32767.0,0.0,0.0,-100.0,0.0,0.0,0.0,0.0,3.91,6.22,173.31,0.0,0.0,0.0,0.0,0.0,1.0,0.0,0.0,0.0,0.0,0.0,0.0,0.0,0.0,0.0,1.0,0.0,1.0,0.0,1.0,-32.204227503972035,1.0,64.40845500794407,1.0,-32.204227503972035,1.0,-0.0,0.0,0.0,0.0,0.0,0.0,0.0,0.0,0.0,0.0,0.0,0.0,0.0,0.0,0.0,0.0,0.0,0.0,0.0,1.0,0.0,1.0,0.0,1.0,-32.204227503972035,1.0,64.40845500794407,1.0,-32.204227503972035,1.0,-0.0,0.0,0.0,0.0,0.0,0.0,0.0,0.0,0.0,0.0,0.0,0.0,0.0,0.0,0.0,0.0,0.0,0.0,0.0
90.0,19197.0,32767.0,32767.0,32767.0,-100.0,-100.0,0.0,0.0,0.0,0.0,0.0,3.91,6.22,173.31,0.0,0.0,0.0,0.0,0.0,1.0,0.0,0.0,0.0,0.0,0.0,0.0,0.0,0.0,0.0,1.0,0.0,1.0,0.0,1.0,-32.204227503972035,1.0,64.40845500794407,1.0,-32.204227503972035,1.0,-0.0,0.0,0.0,0.0,0.0,0.0,0.0,0.0,0.0,0.0,0.0,0.0,0.0,0.0,0.0,0.0,0.0,0.0,0.0,1.0,0.0,1.0,0.0,1.0,-32.204227503972035,1.0,64.40845500794407,1.0,-32.204227503972035,1.0,-0.0,0.0,0.0,0.0,0.0,0.0,0.0,0.0,0.0,0.0,0.0,0.0,0.0,0.0,0.0,0.0,0.0,0.0,0.0
90.0,19198.0,32767.0,32767.0,32767.0,0.0,0.0,0.0,0.0,0.0,0.0,0.0,3.9,6.23,173.31,0.0,0.0,0.0,0.0,0.0,1.0,0.0,0.0,0.0,0.0,0.0,0.0,0.0,0.0,0.0,1.0,0.0,1.0,0.0,1.0,-32.204227503972035,1.0,64.40845500794407,1.0,-32.204227503972035,1.0,-0.0,0.0,0.0,0.0,0.0,0.0,0.0,0.0,0.0,0.0,0.0,0.0,0.0,0.0,0.0,0.0,0.0,0.0,0.0,1.0,0.0,1.0,0.0,1.0,-32.204227503972035,1.0,64.40845500794407,1.0,-32.204227503972035,1.0,-0.0,0.0,0.0,0.0,0.0,0.0,0.0,0.0,0.0,0.0,0.0,0.0,0.0,0.0,0.0,0.0,0.0,0.0,0.0
90.0,19199.0,32767.0,32767.0,32767.0,0.0,-100.0,0.0,0.0,0.0,0.0,0.0,3.9,6.23,173.31,0.0,0.0,0.0,0.0,0.0,1.0,0.0,0.0,0.0,0.0,0.0,0.0,0.0,0.0,0.0,1.0,0.0,1.0,0.0,1.0,-32.204227503972035,1.0,64.40845500794407,1.0,-32.204227503972035,1.0,-0.0,0.0,0.0,0.0,0.0,0.0,0.0,0.0,0.0,0.0,0.0,0.0,0.0,0.0,0.0,0.0,0.0,0.0,0.0,1.0,0.0,1.0,0.0,1.0,-32.204227503972035,1.0,64.40845500794407,1.0,-32.204227503972035,1.0,-0.0,0.0,0.0,0.0,0.0,0.0,0.0,0.0,0.0,0.0,0.0,0.0,0.0,0.0,0.0,0.0,0.0,0.0,0.0
90.0,19201.0,32767.0,32767.0,32767.0,0.0,-100.0,-100.0,0.0,0.0,0.0,0.0,3.9,6.23,173.31,0.0,0.0,0.0,0.0,0.0,1.0,0.0,0.0,0.0,0.0,0.0,0.0,0.0,0.0,0.0,1.0,0.0,1.0,0.0,1.0,-32.204227503972035,1.0,64.40845500794407,1.0,-32.204227503972035,1.0,-0.0,0.0,0.0,0.0,0.0,0.0,0.0,0.0,0.0,0.0,0.0,0.0,0.0,0.0,0.0,0.0,0.0,0.0,0.0,1.0,0.0,1.0,0.0,1.0,-32.204227503972035,1.0,64.40845500794407,1.0,-32.204227503972035,1.0,-0.0,0.0,0.0,0.0,0.0,0.0,0.0,0.0,0.0,0.0,0.0,0.0,0.0,0.0,0.0,0.0,0.0,0.0,0.0
90.0,19202.0,32767.0,32767.0,32767.0,0.0,0.0,-100.0,0.0,0.0,0.0,0.0,3.9,6.23,173.31,0.0,0.0,0.0,0.0,0.0,1.0,0.0,0.0,0.0,0.0,0.0,0.0,0.0,0.0,0.0,1.0,0.0,1.0,0.0,1.0,-32.204227503972035,1.0,64.40845500794407,1.0,-32.204227503972035,1.0,-0.0,0.0,0.0,0.0,0.0,0.0,0.0,0.0,0.0,0.0,0.0,0.0,0.0,0.0,0.0,0.0,0.0,0.0,0.0,1.0,0.0,1.0,0.0,1.0,-32.204227503972035,1.0,64.40845500794407,1.0,-32.204227503972035,1.0,-0.0,0.0,0.0,0.0,0.0,0.0,0.0,0.0,0.0,0.0,0.0,0.0,0.0,0.0,0.0,0.0,0.0,0.0,0.0
90.0,19202.0,32767.0,32767.0,32767.0,0.0,0.0,-100.0,0.0,0.0,0.0,0.0,3.9,6.23,173.31,0.0,0.0,0.0,0.0,0.0,1.0,0.0,0.0,0.0,0.0,0.0,0.0,0.0,0.0,0.0,1.0,0.0,1.0,0.0,1.0,-32.204227503972035,1.0,64.40845500794407,1.0,-32.204227503972035,1.0,-0.0,0.0,0.0,0.0,0.0,0.0,0.0,0.0,0.0,0.0,0.0,0.0,0.0,0.0,0.0,0.0,0.0,0.0,0.0,1.0,0.0,1.0,0.0,1.0,-32.204227503972035,1.0,64.40845500794407,1.0,-32.204227503972035,1.0,-0.0,0.0,0.0,0.0,0.0,0.0,0.0,0.0,0.0,0.0,0.0,0.0,0.0,0.0,0.0,0.0,0.0,0.0,0.0
90.0,19204.0,32767.0,32767.0,32767.0,0.0,-100.0,-100.0,0.0,0.0,0.0,0.0,3.9,6.23,173.31,0.0,0.0,0.0,0.0,0.0,1.0,0.0,0.0,0.0,0.0,0.0,0.0,0.0,0.0,0.0,1.0,0.0,1.0,-4.558471828922198,1.0,-32.204227503972035,1.0,64.40845500794407,1.0,-32.204227503972035,1.0,4.558471828922198,0.0,0.0,0.0,0.0,0.0,0.0,0.0,0.0,0.0,0.0,0.0,0.0,0.0,0.0,0.0,0.0,0.0,0.0,1.0,0.0,1.0,4.558471828922198,1.0,-32.204227503972035,1.0,64.40845500794407,1.0,-32.204227503972035,1.0,-4.558471828922198,0.0,0.0,0.0,0.0,0.0,0.0,0.0,0.0,0.0,0.0,0.0,0.0,0.0,0.0,0.0,0.0,0.0,0.0
90.0,19205.0,32767.0,32767.0,32767.0,0.0,0.0,0.0,0.0,0.0,0.0,0.0,3.9,6.23,173.31,0.0,0.0,0.0,0.0,0.0,1.0,0.0,0.0,0.0,0.0,0.0,0.0,0.0,0.0,0.0,1.0,0.0,1.0,-4.828898880454485,1.0,-32.204227503972035,1.0,64.40845500794407,1.0,-32.204227503972035,1.0,4.828898880454485,0.0,0.0,0.0,0.0,0.0,0.0,0.0,0.0,0.0,0.0,0.0,0.0,0.0,0.0,0.0,0.0,0.0,0.0,1.0,0.0,1.0,4.828898880454485,1.0,-32.204227503972035,1.0,64.40845500794407,1.0,-32.204227503972035,1.0,-4.828898880454485,0.0,0.0,0.0,0.0,0.0,0.0,0.0,0.0,0.0,0.0,0.0,0.0,0.0,0.0,0.0,0.0,0.0,0.0
90.0,19206.0,32767.0,32767.0,32767.0,0.0,-100.0,0.0,0.0,0.0,0.0,0.0,3.9,6.23,173.31,0.0,0.0,0.0,0.0,0.0,1.0,0.0,0.0,0.0,0.0,0.0,0.0,0.0,0.0,0.0,1.0,0.0,1.0,-5.082617718482782,1.0,-32.204227503972035,1.0,64.40845500794407,1.0,-32.204227503972035,1.0,5.082617718482782,0.0,0.0,0.0,0.0,0.0,0.0,0.0,0.0,0.0,0.0,0.0,0.0,0.0,0.0,0.0,0.0,0.0,0.0,1.0,0.0,1.0,5.082617718482782,1.0,-32.204227503972035,1.0,64.40845500794407,1.0,-32.204227503972035,1.0,-5.082617718482782,0.0,0.0,0.0,0.0,0.0,0.0,0.0,0.0,0.0,0.0,0.0,0.0,0.0,0.0,0.0,0.0,0.0,0.0
90.0,19207.0,32767.0,32767.0,32767.0,0.0,0.0,0.0,0.0,0.0,0.0,0.0,3.9,6.23,173.31,0.0,0.0,0.0,0.0,0.0,1.0,0.0,0.0,0.0,0.0,0.0,0.0,0.0,0.0,0.0,1.0,0.0,1.0,-5.323707748515103,1.0,-32.204227503972035,1.0,64.40845500794407,1.0,-32.204227503972035,1.0,5.323707748515103,0.0,0.0,0.0,0.0,0.0,0.0,0.0,0.0,0.0,0.0,0.0,0.0,0.0,0.0,0.0,0.0,0.0,0.0,1.0,0.0,1.0,5.323707748515103,1.0,-32.204227503972035,1.0,64.40845500794407,1.0,-32.204227503972035,1.0,-5.323707748515103,0.0,0.0,0.0,0.0,0.0,0.0,0.0,0.0,0.0,0.0,0.0,0.0,0.0,0.0,0.0,0.0,0.0,0.0
90.0,19210.0,32767.0,32767.0,32767.0,-100.0,-100.0,0.0,0.0,0.0,0.0,0.0,3.9,6.24,173.31,0.0,0.0,0.0,0.0,0.0,1.0,0.0,0.0,0.0,0.0,0.0,0.0,0.0,0.0,0.0,1.0,0.0,1.0,-5.554547696080591,1.0,-32.204227503972035,1.0,64.40845500794407,1.0,-32.204227503972035,1.0,5.554547696080591,0.0,0.0,0.0,0.0,0.0,0.0,0.0,0.0,0.0,0.0,0.0,0.0,0.0,0.0,0.0,0.0,0.0,0.0,1.0,0.0,1.0,5.554547696080591,1.0,-32.204227503972035,1.0,64.40845500794407,1.0,-32.204227503972035,1.0,-5.554547696080591,0.0,0.0,0.0,0.0,0.0,0.0,0.0,0.0,0.0,0.0,0.0,0.0,0.0,0.0,0.0,0.0,0.0,0.0
90.0,19210.0,32767.0,32767.0,32767.0,-100.0,-100.0,0.0,0.0,0.0,0.0,0.0,3.9,6.24,173.31,0.0,0.0,0.0,0.0,0.0,1.0,0.0,0.0,0.0,0.0,0.0,0.0,0.0,0.0,0.0,1.0,0.0,1.0,-5.777563513175875,1.0,-32.204227503972035,1.0,64.40845500794407,1.0,-32.204227503972035,1.0,5.777563513175875,0.0,0.0,0.0,0.0,0.0,0.0,0.0,0.0,0.0,0.0,0.0,0.0,0.0,0.0,0.0,0.0,0.0,0.0,1.0,0.0,1.0,5.777563513175875,1.0,-32.204227503972035,1.0,64.40845500794407,1.0,-32.204227503972035,1.0,-5.777563513175875,0.0,0.0,0.0,0.0,0.0,0.0,0.0,0.0,0.0,0.0,0.0,0.0,0.0,0.0,0.0,0.0,0.0,0.0
90.0,19211.0,32767.0,32767.0,32767.0,-100.0,0.0,0.0,0.0,0.0,0.0,0.0,3.9,6.23,173.31,0.0,0.0,0.0,0.0,0.0,1.0,0.0,0.0,0.0,0.0,0.0,0.0,0.0,0.0,0.0,1.0,0.0,1.0,-5.986551588349721,1.0,-32.204227503972035,1.0,64.40845500794407,1.0,-32.204227503972035,1.0,5.986551588349721,0.0,0.0,0.0,0.0,0.0,0.0,0.0,0.0,0.0,0.0,0.0,0.0,0.0,0.0,0.0,0.0,0.0,0.0,1.0,0.0,1.0,5.986551588349721,1.0,-32.204227503972035,1.0,64.40845500794407,1.0,-32.204227503972035,1.0,-5.986551588349721,0.0,0.0,0.0,0.0,0.0,0.0,0.0,0.0,0.0,0.0,0.0,0.0,0.0,0.0,0.0,0.0,0.0,0.0
90.0,19212.0,32767.0,32767.0,32767.0,100.0,-100.0,-600.0,0.0,0.0,0.0,0.0,3.96,6.23,173.36,0.0,0.0,0.0,0.0,0.0,1.0,0.0,0.0,0.0,0.0,0.0,0.0,0.0,0.0,0.0,1.0,0.0,1.0,-6.18572975928139,1.0,-32.204227503972035,1.0,64.40845500794407,1.0,-32.204227503972035,1.0,6.18572975928139,0.0,0.0,0.0,0.0,0.0,0.0,0.0,0.0,0.0,0.0,0.0,0.0,0.0,0.0,0.0,0.0,0.0,0.0,1.0,0.0,1.0,6.18572975928139,1.0,-32.204227503972035,1.0,64.40845500794407,1.0,-32.204227503972035,1.0,-6.18572975928139,0.0,0.0,0.0,0.0,0.0,0.0,0.0,0.0,0.0,0.0,0.0,0.0,0.0,0.0,0.0,0.0,0.0,0.0
90.0,19214.0,32767.0,32767.0,32767.0,1200.0,-600.0,700.0,0.0,0.0,0.0,0.0,4.31,6.37,173.31,0.0,0.0,0.0,0.0,0.0,1.0,0.0,0.0,0.0,0.0,0.0,0.0,0.0,0.0,0.0,1.0,0.0,1.0,-6.3683724357221765,1.0,-32.204227503972035,1.0,64.40845500794407,1.0,-32.204227503972035,1.0,6.3683724357221765,0.0,0.0,0.0,0.0,0.0,0.0,0.0,0.0,0.0,0.0,0.0,0.0,0.0,0.0,0.0,0.0,0.0,0.0,1.0,0.0,1.0,6.3683724357221765,1.0,-32.204227503972035,1.0,64.40845500794407,1.0,-32.204227503972035,1.0,-6.3683724357221765,0.0,0.0,0.0,0.0,0.0,0.0,0.0,0.0,0.0,0.0,0.0,0.0,0.0,0.0,0.0,0.0,0.0,0.0
90.0,19214.0,32767.0,32767.0,32767.0,1200.0,-600.0,700.0,0.0,0.0,0.0,0.0,4.31,6.37,173.31,0.0,0.0,0.0,0.0,0.0,1.0,0.0,0.0,0.0,0.0,0.0,0.0,0.0,0.0,0.0,1.0,0.0,1.0,-6.53512893830381,1.0,-32.204227503972035,1.0,64.40845500794407,1.0,-32.204227503972035,1.0,6.53512893830381,0.0,0.0,0.0,0.0,0.0,0.0,0.0,0.0,0.0,0.0,0.0,0.0,0.0,0.0,0.0,0.0,0.0,0.0,1.0,0.0,1.0,6.53512893830381,1.0,-32.204227503972035,1.0,64.40845500794407,1.0,-32.204227503972035,1.0,-6.53512893830381,0.0,0.0,0.0,0.0,0.0,0.0,0.0,0.0,0.0,0.0,0.0,0.0,0.0,0.0,0.0,0.0,0.0,0.0
90.0,19216.0,32767.0,32767.0,32767.0,2500.0,0.0,100.0,0.0,0.0,0.0,0.0,5.3,6.37,173.21,0.0,0.0,0.0,0.0,0.0,1.0,0.0,0.0,0.0,0.0,0.0,0.0,0.0,0.0,0.0,1.0,0.0,1.0,-6.687488514336839,1.0,-32.204227503972035,1.0,64.40845500794407,1.0,-32.204227503972035,1.0,6.687488514336839,0.0,0.0,0.0,0.0,0.0,0.0,0.0,0.0,0.0,0.0,0.0,0.0,0.0,0.0,0.0,0.0,0.0,0.0,1.0,0.0,1.0,6.687488514336839,1.0,-32.204227503972035,1.0,64.40845500794407,1.0,-32.204227503972035,1.0,-6.687488514336839,0.0,0.0,0.0,0.0,0.0,0.0,0.0,0.0,0.0,0.0,0.0,0.0,0.0,0.0,0.0,0.0,0.0,0.0
90.0,19217.0,32767.0,32767.0,32767.0,1400.0,-200.0,-400.0,0.0,0.0,0.0,0.0,5.63,6.41,173.2,0.0,0.0,0.0,0.0,0.0,1.0,0.0,0.0,0.0,0.0,0.0,0.0,0.0,0.0,0.0,1.0,0.0,1.0,-6.828302624929612,1.0,-32.204227503972035,1.0,64.40845500794407,1.0,-32.204227503972035,1.0,6.828302624929612,0.0,0.0,0.0,0.0,0.0,0.0,0.0,0.0,0.0,0.0,0.0,0.0,0.0,0.0,0.0,0.0,0.0,0.0,1.0,0.0,1.0,6.828302624929612,1.0,-32.204227503972035,1.0,64.40845500794407,1.0,-32.204227503972035,1.0,-6.828302624929612,0.0,0.0,0.0,0.0,0.0,0.0,0.0,0.0,0.0,0.0,0.0,0.0,0.0,0.0,0.0,0.0,0.0,0.0
90.0,19219.0,32767.0,32767.0,32767.0,1400.0,-300.0,-100.0,0.0,0.0,0.0,0.0,6.28,6.5,173.25,0.0,0.0,0.0,0.0,0.0,1.0,0.0,0.0,0.0,0.0,0.0,0.0,0.0,0.0,0.0,1.0,0.0,1.0,-6.954634598698007,1.0,-32.204227503972035,1.0,64.40845500794407,1.0,-32.204227503972035,1.0,6.954634598698007,0.0,0.0,0.0,0.0,0.0,0.0,0.0,0.0,0.0,0.0,0.0,0.0,0.0,0.0,0.0,0.0,0.0,0.0,1.0,0.0,1.0,6.954634598698007,1.0,-32.204227503972035,1.0,64.40845500794407,1.0,-32.204227503972035,1.0,-6.954634598698007,0.0,0.0,0.0,0.0,0.0,0.0,0.0,0.0,0.0,0.0,0.0,0.0,0.0,0.0,0.0,0.0,0.0,0.0
90.0,19219.0,32767.0,32767.0,32767.0,1400.0,-300.0,-100.0,0.0,0.0,0.0,0.0,6.28,6.5,173.25,0.0,0.0,0.0,0.0,0.0,1.0,0.0,0.0,0.0,0.0,0.0,0.0,0.0,0.0,0.0,1.0,0.0,1.0,-7.064595785450064,1.0,-32.204227503972035,1.0,64.40845500794407,1.0,-32.204227503972035,1.0,7.064595785450064,0.0,0.0,0.0,0.0,0.0,0.0,0.0,0.0,0.0,0.0,0.0,0.0,0.0,0.0,0.0,0.0,0.0,0.0,1.0,0.0,1.0,7.064595785450064,1.0,-32.204227503972035,1.0,64.40845500794407,1.0,-32.204227503972035,1.0,-7.064595785450064,0.0,0.0,0.0,0.0,0.0,0.0,0.0,0.0,0.0,0.0,0.0,0.0,0.0,0.0,0.0,0.0,0.0,0.0
90.0,19220.0,32767.0,32767.0,32767.0,900.0,-300.0,0.0,0.0,0.0,0.0,0.0,6.47,6.55,173.23,0.0,0.0,0.0,0.0,0.0,1.0,0.0,0.0,0.0,0.0,0.0,0.0,0.0,0.0,0.0,1.0,0.0,1.0,-7.161075940943708,1.0,-32.204227503972035,1.0,64.40845500794407,1.0,-32.204227503972035,1.0,7.161075940943708,0.0,0.0,0.0,0.0,0.0,0.0,0.0,0.0,0.0,0.0,0.0,0.0,0.0,0.0,0.0,0.0,0.0,0.0,1.0,0.0,1.0,7.161075940943708,1.0,-32.204227503972035,1.0,64.40845500794407,1.0,-32.204227503972035,1.0,-7.161075940943708,0.0,0.0,0.0,0.0,0.0,0.0,0.0,0.0,0.0,0.0,0.0,0.0,0.0,0.0,0.0,0.0,0.0,0.0
90.0,19220.0,32767.0,32767.0,32767.0,900.0,-300.0,0.0,0.0,0.0,0.0,0.0,6.47,6.55,173.23,0.0,0.0,0.0,0.0,0.0,1.0,0.0,0.0,0.0,0.0,0.0,0.0,0.0,0.0,0.0,1.0,0.0,1.0,-7.239416006252278,1.0,-32.204227503972035,1.0,64.40845500794407,1.0,-32.204227503972035,1.0,7.239416006252278,0.0,0.0,0.0,0.0,0.0,0.0,0.0,0.0,0.0,0.0,0.0,0.0,0.0,0.0,0.0,0.0,0.0,0.0,1.0,0.0,1.0,7.239416006252278,1.0,-32.204227503972035,1.0,64.40845500794407,1.0,-32.204227503972035,1.0,-7.239416006252278,0.0,0.0,0.0,0.0,0.0,0.0,0.0,0.0,0.0,0.0,0.0,0.0,0.0,0.0,0.0,0.0,0.0,0.0
90.0,19223.0,32767.0,32767.0,32767.0,-1500.0,-600.0,200.0,0.0,0.0,0.0,0.0,6.45,6.68,173.18,0.0,0.0,0.0,0.0,0.0,1.0,0.0,0.0,0.0,0.0,0.0,0.0,0.0,0.0,0.0,1.0,0.0,1.0,-7.303967084883094,1.0,-32.204227503972035,1.0,64.40845500794407,1.0,-32.204227503972035,1.0,7.303967084883094,0.0,0.0,0.0,0.0,0.0,0.0,0.0,0.0,0.0,0.0,0.0,0.0,0.0,0.0,0.0,0.0,0.0,0.0,1.0,0.0,1.0,7.303967084883094,1.0,-32.204227503972035,1.0,64.40845500794407,1.0,-32.204227503972035,1.0,-7.303967084883094,0.0,0.0,0.0,0.0,0.0,0.0,0.0,0.0,0.0,0.0,0.0,0.0,0.0,0.0,0.0,0.0,0.0,0.0
90.0,19224.0,32767.0,32767.0,32767.0,-2600.0,-500.0,200.0,0.0,0.0,0.0,0.0,6.11,6.75,173.18,0.0,0.0,0.0,0.0,0.0,1.0,0.0,0.0,0.0,0.0,0.0,0.0,0.0,0.0,0.0,1.0,0.0,1.0,-7.350906794003486,1.0,-32.204227503972035,1.0,64.40845500794407,1.0,-32.204227503972035,1.0,7.350906794003486,0.0,0.0,0.0,0.0,0.0,0.0,0.0,0.0,0.0,0.0,0.0,0.0,0.0,0.0,0.0,0.0,0.0,0.0,1.0,0.0,1.0,7.350906794003486,1.0,-32.204227503972035,1.0,64.40845500794407,1.0,-32.204227503972035,1.0,-7.350906794003486,0.0,0.0,0.0,0.0,0.0,0.0,0.0,0.0,0.0,0.0,0.0,0.0,0.0,0.0,0.0,0.0,0.0,0.0
90.0,19225.0,32767.0,32767.0,32767.0,-3500.0,100.0,0.0,0.0,0.0,0.0,0.0,5.64,6.73,173.22,0.0,0.0,0.0,0.0,0.0,1.0,0.0,0.0,0.0,0.0,0.0,0.0,0.0,0.0,0.0,1.0,0.0,1.0,-7.381783036618169,1.0,-32.204227503972035,1.0,64.40845500794407,1.0,-32.204227503972035,1.0,7.381783036618169,0.0,0.0,0.0,0.0,0.0,0.0,0.0,0.0,0.0,0.0,0.0,0.0,0.0,0.0,0.0,0.0,0.0,0.0,1.0,0.0,1.0,7.381783036618169,1.0,-32.204227503972035,1.0,64.40845500794407,1.0,-32.204227503972035,1.0,-7.381783036618169,0.0,0.0,0.0,0.0,0.0,0.0,0.0,0.0,0.0,0.0,0.0,0.0,0.0,0.0,0.0,0.0,0.0,0.0
90.0,19226.0,32767.0,32767.0,32767.0,-4000.0,600.0,-200.0,0.0,0.0,0.0,0.0,5.1,6.65,173.29,0.0,0.0,0.0,0.0,0.0,1.0,0.0,0.0,0.0,0.0,0.0,0.0,0.0,0.0,0.0,1.0,0.0,1.0,-7.394877799479043,1.0,-32.204227503972035,1.0,64.40845500794407,1.0,-32.204227503972035,1.0,7.394877799479043,0.0,0.0,0.0,0.0,0.0,0.0,0.0,0.0,0.0,0.0,0.0,0.0,0.0,0.0,0.0,0.0,0.0,0.0,1.0,0.0,1.0,7.394877799479043,1.0,-32.204227503972035,1.0,64.40845500794407,1.0,-32.204227503972035,1.0,-7.394877799479043,0.0,0.0,0.0,0.0,0.0,0.0,0.0,0.0,0.0,0.0,0.0,0.0,0.0,0.0,0.0,0.0,0.0,0.0
90.0,19227.0,32767.0,32767.0,32767.0,-3600.0,800.0,-300.0,0.0,0.0,0.0,0.0,4.56,6.55,173.39,0.0,0.0,0.0,0.0,0.0,1.0,0.0,0.0,0.0,0.0,0.0,0.0,0.0,0.0,0.0,1.0,0.0,1.0,-9.16915877067579,1.0,-31.8784011658378,1.0,64.4055393180406,1.0,-32.52713815220279,1.0,9.16915877067579,0.0,0.0,0.0,0.0,0.0,0.0,0.0,0.0,0.0,0.0,0.0,0.0,0.0,0.0,0.0,0.0,0.0,0.0,1.0,0.0,1.0,10.435925001584689,1.0,-42.762849909226915,1.0,84.78243995600315,1.0,-42.01959004677623,1.0,-10.435925001584689,0.0,0.0,0.0,0.0,0.0,0.0,0.0,0.0,0.0,0.0,0.0,0.0,0.0,0.0,0.0,0.0,0.0,0.0
90.0,19229.0,32767.0,30200.0,32767.0,-3400.0,400.0,-600.0,0.0,0.0,0.0,0.0,3.56,6.37,173.54,0.0,0.0,0.0,0.0,0.0,1.0,0.0,0.0,0.0,0.0,0.0,0.0,0.0,0.0,0.0,1.0,0.0,1.0,-9.147214006876267,1.0,-31.391270654349874,1.0,64.39053865372819,1.0,-32.99926799937831,1.0,9.147214006876267,0.0,0.0,0.0,0.0,0.0,0.0,0.0,0.0,0.0,0.0,0.0,0.0,0.0,0.0,0.0,0.0,0.0,0.0,1.0,0.0,1.0,10.405678767247,1.0,-43.26930625696461,1.0,84.69740437500609,1.0,-41.428098118041476,1.0,-10.405678767247,0.0,0.0,0.0,0.0,0.0,0.0,0.0,0.0,0.0,0.0,0.0,0.0,0.0,0.0,0.0,0.0,0.0,0.0
90.0,19231.0,32767.0,-11700.0,32767.0,-2200.0,800.0,-300.0,0.0,0.0,0.0,0.0,2.74,6.2,173.72,0.0,0.0,0.0,0.0,0.0,1.0,0.0,0.0,0.0,0.0,0.0,0.0,0.0,0.0,0.0,1.0,0.0,1.0,-9.105961084465507,1.0,-30.893071023272135,1.0,64.36244899690492,1.0,-33.46937797363278,1.0,9.105961084465507,0.0,0.0,0.0,0.0,0.0,0.0,0.0,0.0,0.0,0.0,0.0,0.0,0.0,0.0,0.0,0.0,0.0,0.0,1.0,0.0,1.0,10.348905139896566,1.0,-43.74218906377086,1.0,84.53766423107012,1.0,-40.79547516729926,1.0,-10.348905139896566,0.0,0.0,0.0,0.0,0.0,0.0,0.0,0.0,0.0,0.0,0.0,0.0,0.0,0.0,0.0,0.0,0.0,0.0
90.0,19232.0,32767.0,-32767.0,32767.0,-1900.0,800.0,-200.0,0.0,0.0,0.0,0.0,2.4,6.09,173.77,0.0,0.0,0.0,0.0,0.0,1.0,0.0,0.0,0.0,0.0,0.0,0.0,0.0,0.0,0.0,1.0,0.0,1.0,-9.046848239198304,1.0,-30.400341130368435,1.0,64.32244679728964,1.0,-33.922105666921205,1.0,9.046848239198304,0.0,0.0,0.0,0.0,0.0,0.0,0.0,0.0,0.0,0.0,0.0,0.0,0.0,0.0,0.0,0.0,0.0,0.0,1.0,0.0,1.0,10.267744666111284,1.0,-44.165407884905775,1.0,84.3090245634354,1.0,-40.14361667852962,1.0,-10.267744666111284,0.0,0.0,0.0,0.0,0.0,0.0,0.0,0.0,0.0,0.0,0.0,0.0,0.0,0.0,0.0,0.0,0.0,0.0
90.0,19232.0,32767.0,-32767.0,32767.0,-1900.0,800.0,-200.0,0.0,0.0,0.0,0.0,2.4,6.09,173.77,0.0,0.0,0.0,0.0,0.0,1.0,0.0,0.0,0.0,0.0,0.0,0.0,0.0,0.0,0.0,1.0,0.0,1.0,-8.96602424127225,1.0,-29.886376910329812,1.0,64.26822508557224,1.0,-34.381848175242425,1.0,8.96602424127225,0.0,0.0,0.0,0.0,0.0,0.0,0.0,0.0,0.0,0.0,0.0,0.0,0.0,0.0,0.0,0.0,0.0,0.0,1.0,0.0,1.0,10.157141017751252,1.0,-44.55985157313918,1.0,83.99689547163649,1.0,-39.437043898497315,1.0,-10.157141017751252,0.0,0.0,0.0,0.0,0.0,0.0,0.0,0.0,0.0,0.0,0.0,0.0,0.0,0.0,0.0,0.0,0.0,0.0
90.0,19232.0,32767.0,-32767.0,32767.0,-1900.0,800.0,-200.0,0.0,0.0,0.0,0.0,2.4,6.09,173.77,0.0,0.0,0.0,0.0,0.0,1.0,0.0,0.0,0.0,0.0,0.0,0.0,0.0,0.0,0.0,1.0,0.0,1.0,-8.863693631089026,1.0,-29.363081016885776,1.0,64.20035611856704,1.0,-34.837275101681264,1.0,8.863693631089026,0.0,0.0,0.0,0.0,0.0,0.0,0.0,0.0,0.0,0.0,0.0,0.0,0.0,0.0,0.0,0.0,0.0,0.0,1.0,0.0,1.0,10.017709527853247,1.0,-44.91195328562847,1.0,83.60250455206034,1.0,-38.69055126643186,1.0,-10.017709527853247,0.0,0.0,0.0,0.0,0.0,0.0,0.0,0.0,0.0,0.0,0.0,0.0,0.0,0.0,0.0,0.0,0.0,0.0
90.0,19232.0,32767.0,-32767.0,32767.0,-1900.0,800.0,-200.0,0.0,0.0,0.0,0.0,2.4,6.09,173.77,0.0,0.0,0.0,0.0,0.0,1.0,0.0,0.0,0.0,0.0,0.0,0.0,0.0,0.0,0.0,1.0,0.0,1.0,-8.745684076936236,1.0,-28.858236297508856,1.0,64.12316726358385,1.0,-35.26493096607499,1.0,8.745684076936236,0.0,0.0,0.0,0.0,0.0,0.0,0.0,0.0,0.0,0.0,0.0,0.0,0.0,0.0,0.0,0.0,0.0,0.0,1.0,0.0,1.0,9.857745596490634,1.0,-45.203825923034344,1.0,83.14876524362181,1.0,-37.944939320587466,1.0,-9.857745596490634,0.0,0.0,0.0,0.0,0.0,0.0,0.0,0.0,0.0,0.0,0.0,0.0,0.0,0.0,0.0,0.0,0.0,0.0
90.0,19232.0,32767.0,-32767.0,32767.0,-1900.0,800.0,-200.0,0.0,0.0,0.0,0.0,2.4,6.09,173.77,0.0,0.0,0.0,0.0,0.0,1.0,0.0,0.0,0.0,0.0,0.0,0.0,0.0,0.0,0.0,1.0,0.0,1.0,-8.610899709306166,1.0,-28.361910005101485,1.0,64.03641352638047,1.0,-35.67450352127899,1.0,8.610899709306166,0.0,0.0,0.0,0.0,0.0,0.0,0.0,0.0,0.0,0.0,0.0,0.0,0.0,0.0,0.0,0.0,0.0,0.0,1.0,0.0,1.0,9.676123749345106,1.0,-45.44424659555734,1.0,82.63191091218204,1.0,-37.1876643166247,1.0,-9.676123749345106,0.0,0.0,0.0,0.0,0.0,0.0,0.0,0.0,0.0,0.0,0.0,0.0,0.0,0.0,0.0,0.0,0.0,0.0
90.0,19238.0,32767.0,-32767.0,32767.0,1900.0,-100.0,-1100.0,0.0,0.0,0.0,0.0,2.23,5.31,174.44,0.0,0.0,0.0,0.0,0.0,1.0,0.0,0.0,0.0,0.0,0.0,0.0,0.0,0.0,0.0,1.0,0.0,1.0,-8.45442650820006,1.0,-27.857713961326724,1.0,63.937572557037676,1.0,-36.07985859571095,1.0,8.45442650820006,0.0,0.0,0.0,0.0,0.0,0.0,0.0,0.0,0.0,0.0,0.0,0.0,0.0,0.0,0.0,0.0,0.0,0.0,1.0,0.0,1.0,9.466708677327425,1.0,-45.640156595900876,1.0,82.03368924324182,1.0,-36.39353264734094,1.0,-9.466708677327425,0.0,0.0,0.0,0.0,0.0,0.0,0.0,0.0,0.0,0.0,0.0,0.0,0.0,0.0,0.0,0.0,0.0,0.0
90.0,19239.0,32767.0,-32767.0,32767.0,1600.0,-400.0,-100.0,0.0,0.0,0.0,0.0,2.33,5.41,174.44,0.0,0.0,0.0,0.0,0.0,1.0,0.0,0.0,0.0,0.0,0.0,0.0,0.0,0.0,0.0,1.0,0.0,1.0,-8.284787474833488,1.0,-27.37310469189744,1.0,63.83267540080337,1.0,-36.45957070890593,1.0,8.284787474833488,0.0,0.0,0.0,0.0,0.0,0.0,0.0,0.0,0.0,0.0,0.0,0.0,0.0,0.0,0.0,0.0,0.0,0.0,1.0,0.0,1.0,9.24139427610639,1.0,-45.78118260898261,1.0,81.38725680967724,1.0,-35.60607420069463,1.0,-9.24139427610639,0.0,0.0,0.0,0.0,0.0,0.0,0.0,0.0,0.0,0.0,0.0,0.0,0.0,0.0,0.0,0.0,0.0,0.0
90.0,19240.0,32767.0,-32767.0,32767.0,1100.0,-1100.0,-700.0,0.0,0.0,0.0,0.0,2.38,5.57,174.49,0.0,0.0,0.0,0.0,0.0,1.0,0.0,0.0,0.0,0.0,0.0,0.0,0.0,0.0,0.0,1.0,0.0,1.0,-8.087946146853216,1.0,-26.8704212772677,1.0,63.713886562250295,1.0,-36.84346528498259,1.0,8.087946146853216,0.0,0.0,0.0,0.0,0.0,0.0,0.0,0.0,0.0,0.0,0.0,0.0,0.0,0.0,0.0,0.0,0.0,0.0,1.0,0.0,1.0,8.982167739785263,1.0,-45.87664812274984,1.0,80.63984511427567,1.0,-34.76319699152583,1.0,-8.982167739785263,0.0,0.0,0.0,0.0,0.0,0.0,0.0,0.0,0.0,0.0,0.0,0.0,0.0,0.0,0.0,0.0,0.0,0.0
90.0,19241.0,32767.0,-32767.0,32767.0,300.0,-1200.0,-500.0,0.0,0.0,0.0,0.0,2.32,5.79,174.55,0.0,0.0,0.0,0.0,0.0,1.0,0.0,0.0,0.0,0.0,0.0,0.0,0.0,0.0,0.0,1.0,0.0,1.0,-7.876980041563568,1.0,-26.386022670227405,1.0,63.59004326311508,1.0,-37.20402059288767,1.0,7.876980041563568,0.0,0.0,0.0,0.0,0.0,0.0,0.0,0.0,0.0,0.0,0.0,0.0,0.0,0.0,0.0,0.0,0.0,0.0,1.0,0.0,1.0,8.706950144282985,1.0,-45.917416028008944,1.0,79.84187956636079,1.0,-33.92446353835185,1.0,-8.706950144282985,0.0,0.0,0.0,0.0,0.0,0.0,0.0,0.0,0.0,0.0,0.0,0.0,0.0,0.0,0.0,0.0,0.0,0.0
90.0,19242.0,32767.0,-32767.0,32767.0,100.0,-1700.0,-500.0,0.0,0.0,0.0,0.0,2.27,6.03,174.61,0.0,0.0,0.0,0.0,0.0,1.0,0.0,0.0,0.0,0.0,0.0,0.0,0.0,0.0,0.0,1.0,0.0,1.0,-7.647094770257246,1.0,-25.90845214974782,1.0,63.45915107533792,1.0,-37.550698925590105,1.0,7.647094770257246,0.0,0.0,0.0,0.0,0.0,0.0,0.0,0.0,0.0,0.0,0.0,0.0,0.0,0.0,0.0,0.0,0.0,0.0,1.0,0.0,1.0,8.410080824970132,1.0,-45.90564018994928,1.0,78.97583346757749,1.0,-33.070193277628206,1.0,-8.410080824970132,0.0,0.0,0.0,0.0,0.0,0.0,0.0,0.0,0.0,0.0,0.0,0.0,0.0,0.0,0.0,0.0,0.0,0.0
90.0,19242.0,32767.0,-32767.0,32767.0,100.0,-1700.0,-500.0,0.0,0.0,0.0,0.0,2.27,6.03,174.61,0.0,0.0,0.0,0.0,0.0,1.0,0.0,0.0,0.0,0.0,0.0,0.0,0.0,0.0,0.0,1.0,0.0,1.0,-7.403734564147066,1.0,-25.448991204575655,1.0,63.3251622473334,1.0,-37.87617104275775,1.0,7.403734564147066,0.0,0.0,0.0,0.0,0.0,0.0,0.0,0.0,0.0,0.0,0.0,0.0,0.0,0.0,0.0,0.0,0.0,0.0,1.0,0.0,1.0,8.099197388907294,1.0,-45.84243294049908,1.0,78.06280647812491,1.0,-32.22037353762583,1.0,-8.099197388907294,0.0,0.0,0.0,0.0,0.0,0.0,0.0,0.0,0.0,0.0,0.0,0.0,0.0,0.0,0.0,0.0,0.0,0.0
90.0,19245.0,32767.0,-32767.0,32767.0,0.0,-800.0,0.0,0.0,0.0,0.0,0.0,2.05,6.7,174.71,0.0,0.0,0.0,0.0,0.0,1.0,0.0,0.0,0.0,0.0,0.0,0.0,0.0,0.0,0.0,1.0,0.0,1.0,-7.121518058151304,1.0,-24.96491707818651,1.0,63.1756254905876,1.0,-38.21070841240109,1.0,7.121518058151304,0.0,0.0,0.0,0.0,0.0,0.0,0.0,0.0,0.0,0.0,0.0,0.0,0.0,0.0,0.0,0.0,0.0,0.0,1.0,0.0,1.0,7.742959806030251,1.0,-45.71650237834836,1.0,77.00863918498214,1.0,-31.292136806633792,1.0,-7.742959806030251,0.0,0.0,0.0,0.0,0.0,0.0,0.0,0.0,0.0,0.0,0.0,0.0,0.0,0.0,0.0,0.0,0.0,0.0
90.0,19247.0,32767.0,-32767.0,32767.0,700.0,900.0,-800.0,0.0,0.0,0.0,0.0,2.05,6.56,174.77,0.0,0.0,0.0,0.0,0.0,1.0,0.0,0.0,0.0,0.0,0.0,0.0,0.0,0.0,0.0,1.0,0.0,1.0,-6.839245847975357,1.0,-24.5245775017454,1.0,63.0322865715786,1.0,-38.507709069833204,1.0,6.839245847975357,0.0,0.0,0.0,0.0,0.0,0.0,0.0,0.0,0.0,0.0,0.0,0.0,0.0,0.0,0.0,0.0,0.0,0.0,1.0,0.0,1.0,7.391162499497126,1.0,-45.54426809559386,1.0,75.95899126459611,1.0,-30.414723169002247,1.0,-7.391162499497126,0.0,0.0,0.0,0.0,0.0,0.0,0.0,0.0,0.0,0.0,0.0,0.0,0.0,0.0,0.0,0.0,0.0,0.0
90.0,19247.0,32767.0,-32767.0,32767.0,700.0,900.0,-800.0,0.0,0.0,0.0,0.0,2.05,6.56,174.77,0.0,0.0,0.0,0.0,0.0,1.0,0.0,0.0,0.0,0.0,0.0,0.0,0.0,0.0,0.0,1.0,0.0,1.0,-6.544639680390517,1.0,-24.10478747082959,1.0,62.889270263025224,1.0,-38.78448279219564,1.0,6.544639680390517,0.0,0.0,0.0,0.0,0.0,0.0,0.0,0.0,0.0,0.0,0.0,0.0,0.0,0.0,0.0,0.0,0.0,0.0,1.0,0.0,1.0,7.028701553288186,1.0,-45.323543529461745,1.0,74.86824538181847,1.0,-29.54470185235673,1.0,-7.028701553288186,0.0,0.0,0.0,0.0,0.0,0.0,0.0,0.0,0.0,0.0,0.0,0.0,0.0,0.0,0.0,0.0,0.0,0.0
90.0,19247.0,32767.0,-32767.0,32767.0,700.0,900.0,-800.0,0.0,0.0,0.0,0.0,2.05,6.56,174.77,0.0,0.0,0.0,0.0,0.0,1.0,0.0,0.0,0.0,0.0,0.0,0.0,0.0,0.0,0.0,1.0,0.0,1.0,-6.226213482655423,1.0,-23.690646254630035,1.0,62.74219124015158,1.0,-39.05154498552154,1.0,6.226213482655423,0.0,0.0,0.0,0.0,0.0,0.0,0.0,0.0,0.0,0.0,0.0,0.0,0.0,0.0,0.0,0.0,0.0,0.0,1.0,0.0,1.0,6.642219430039928,1.0,-45.04531981122441,1.0,73.69447190558687,1.0,-28.649152094362464,1.0,-6.642219430039928,0.0,0.0,0.0,0.0,0.0,0.0,0.0,0.0,0.0,0.0,0.0,0.0,0.0,0.0,0.0,0.0,0.0,0.0
90.0,19249.0,32767.0,-32767.0,32767.0,1000.0,700.0,-200.0,0.0,0.0,0.0,0.0,2.22,6.33,174.98,0.0,0.0,0.0,0.0,0.0,1.0,0.0,0.0,0.0,0.0,0.0,0.0,0.0,0.0,0.0,1.0,0.0,1.0,-5.89652188228283,1.0,-23.2998905502924,1.0,62.598050042363845,1.0,-39.29815949207144,1.0,5.89652188228283,0.0,0.0,0.0,0.0,0.0,0.0,0.0,0.0,0.0,0.0,0.0,0.0,0.0,0.0,0.0,0.0,0.0,0.0,1.0,0.0,1.0,6.247708718288695,1.0,-44.720278634148464,1.0,72.48448682927483,1.0,-27.764208195126365,1.0,-6.247708718288695,0.0,0.0,0.0,0.0,0.0,0.0,0.0,0.0,0.0,0.0,0.0,0.0,0.0,0.0,0.0,0.0,0.0,0.0
90.0,19251.0,32767.0,-32767.0,32767.0,1200.0,-800.0,100.0,0.0,0.0,0.0,0.0,2.43,6.48,174.86,0.0,0.0,0.0,0.0,0.0,1.0,0.0,0.0,0.0,0.0,0.0,0.0,0.0,0.0,0.0,1.0,0.0,1.0,-5.5532760249085875,1.0,-22.929577178643786,1.0,62.45670953486077,1.0,-39.52713235621699,1.0,5.5532760249085875,0.0,0.0,0.0,0.0,0.0,0.0,0.0,0.0,0.0,0.0,0.0,0.0,0.0,0.0,0.0,0.0,0.0,0.0,1.0,0.0,1.0,5.842921332140865,1.0,-44.34751045229087,1.0,71.23014434036558,1.0,-26.882633888074707,1.0,-5.842921332140865,0.0,0.0,0.0,0.0,0.0,0.0,0.0,0.0,0.0,0.0,0.0,0.0,0.0,0.0,0.0,0.0,0.0,0.0
90.0,19252.0,32767.0,-32767.0,32767.0,1400.0,-1000.0,200.0,0.0,0.0,0.0,0.0,2.56,6.63,174.81,0.0,0.0,0.0,0.0,0.0,1.0,0.0,0.0,0.0,0.0,0.0,0.0,0.0,0.0,0.0,1.0,0.0,1.0,-5.201144577002014,1.0,-22.584454036003883,1.0,62.32088555943153,1.0,-39.73643152342765,1.0,5.201144577002014,0.0,0.0,0.0,0.0,0.0,0.0,0.0,0.0,0.0,0.0,0.0,0.0,0.0,0.0,0.0,0.0,0.0,0.0,1.0,0.0,1.0,5.433781429206088,1.0,-43.933441566483204,1.0,69.94868000230862,1.0,-26.01523843582542,1.0,-5.433781429206088,0.0,0.0,0.0,0.0,0.0,0.0,0.0,0.0,0.0,0.0,0.0,0.0,0.0,0.0,0.0,0.0,0.0,0.0
90.0,19253.0,32767.0,-32767.0,32767.0,1600.0,-700.0,600.0,0.0,0.0,0.0,0.0,2.74,6.7,174.7,0.0,0.0,0.0,0.0,0.0,1.0,0.0,0.0,0.0,0.0,0.0,0.0,0.0,0.0,0.0,1.0,0.0,1.0,-4.843036023475083,1.0,-22.266292459857475,1.0,62.19221167670287,1.0,-39.92591921684539,1.0,4.843036023475083,0.0,0.0,0.0,0.0,0.0,0.0,0.0,0.0,0.0,0.0,0.0,0.0,0.0,0.0,0.0,0.0,0.0,0.0,1.0,0.0,1.0,5.0238764887439045,1.0,-43.48349652022699,1.0,68.65066779327705,1.0,-25.167171273050055,1.0,-5.0238764887439045,0.0,0.0,0.0,0.0,0.0,0.0,0.0,0.0,0.0,0.0,0.0,0.0,0.0,0.0,0.0,0.0,0.0,0.0
90.0,19255.0,32767.0,-32767.0,32767.0,1500.0,900.0,100.0,0.0,0.0,0.0,0.0,3.11,6.51,174.55,0.0,0.0,0.0,0.0,0.0,1.0,0.0,0.0,0.0,0.0,0.0,0.0,0.0,0.0,0.0,1.0,0.0,1.0,-4.4529467849096145,1.0,-21.954229050497897,1.0,62.062814171372146,1.0,-40.108585120874245,1.0,4.4529467849096145,0.0,0.0,0.0,0.0,0.0,0.0,0.0,0.0,0.0,0.0,0.0,0.0,0.0,0.0,0.0,0.0,0.0,0.0,1.0,0.0,1.0,4.584238461460984,1.0,-42.964117607799864,1.0,67.2423301994628,1.0,-24.27821259166294,1.0,-4.584238461460984,0.0,0.0,0.0,0.0,0.0,0.0,0.0,0.0,0.0,0.0,0.0,0.0,0.0,0.0,0.0,0.0,0.0,0.0
90.0,19255.0,32767.0,-32767.0,32767.0,1500.0,900.0,100.0,0.0,0.0,0.0,0.0,3.11,6.51,174.55,0.0,0.0,0.0,0.0,0.0,1.0,0.0,0.0,0.0,0.0,0.0,0.0,0.0,0.0,0.0,1.0,0.0,1.0,-4.065440973712046,1.0,-21.677167730602086,1.0,61.94530913247322,1.0,-40.268141401871134,1.0,4.065440973712046,0.0,0.0,0.0,0.0,0.0,0.0,0.0,0.0,0.0,0.0,0.0,0.0,0.0,0.0,0.0,0.0,0.0,0.0,1.0,0.0,1.0,4.154377798193211,1.0,-42.421288392485316,1.0,65.84874114230023,1.0,-23.42745274981491,1.0,-4.154377798193211,0.0,0.0,0.0,0.0,0.0,0.0,0.0,0.0,0.0,0.0,0.0,0.0,0.0,0.0,0.0,0.0,0.0,0.0
90.0,19257.0,32767.0,-32767.0,32767.0,1200.0,900.0,-100.0,0.0,0.0,0.0,0.0,3.36,6.16,174.52,0.0,0.0,0.0,0.0,0.0,1.0,0.0,0.0,0.0,0.0,0.0,0.0,0.0,0.0,0.0,1.0,0.0,1.0,-3.6649375890369704,1.0,-21.42294641911149,1.0,61.835341314263985,1.0,-40.412394895152495,1.0,3.6649375890369704,0.0,0.0,0.0,0.0,0.0,0.0,0.0,0.0,0.0,0.0,0.0,0.0,0.0,0.0,0.0,0.0,0.0,0.0,1.0,0.0,1.0,3.7170424855203197,1.0,-41.83501409517659,1.0,64.41376559134365,1.0,-22.578751496167065,1.0,-3.7170424855203197,0.0,0.0,0.0,0.0,0.0,0.0,0.0,0.0,0.0,0.0,0.0,0.0,0.0,0.0,0.0,0.0,0.0,0.0
90.0,19259.0,32767.0,-32500.0,32767.0,1600.0,400.0,200.0,0.0,0.0,0.0,0.0,3.7,6.06,174.43,0.0,0.0,0.0,0.0,0.0,1.0,0.0,0.0,0.0,0.0,0.0,0.0,0.0,0.0,0.0,1.0,0.0,1.0,-3.245531398318795,1.0,-21.189606926576047,1.0,61.73261010612317,1.0,-40.54300317954712,1.0,3.245531398318795,0.0,0.0,0.0,0.0,0.0,0.0,0.0,0.0,0.0,0.0,0.0,0.0,0.0,0.0,0.0,0.0,0.0,0.0,1.0,0.0,1.0,3.266358180600173,1.0,-41.196248302126776,1.0,62.91661765541091,1.0,-21.72036935328413,1.0,-3.266358180600173,0.0,0.0,0.0,0.0,0.0,0.0,0.0,0.0,0.0,0.0,0.0,0.0,0.0,0.0,0.0,0.0,0.0,0.0
90.0,19260.0,32767.0,-4700.0,32767.0,1600.0,400.0,600.0,0.0,0.0,0.0,0.0,3.88,5.97,174.32,0.0,0.0,0.0,0.0,0.0,1.0,0.0,0.0,0.0,0.0,0.0,0.0,0.0,0.0,0.0,1.0,0.0,1.0,-2.83313421708762,1.0,-20.99120956584048,1.0,61.643919796679235,1.0,-40.65271023083876,1.0,2.83313421708762,0.0,0.0,0.0,0.0,0.0,0.0,0.0,0.0,0.0,0.0,0.0,0.0,0.0,0.0,0.0,0.0,0.0,0.0,1.0,0.0,1.0,2.83313421708762,1.0,-40.65271023083876,1.0,61.643919796679235,1.0,-20.99120956584048,1.0,-2.83313421708762,0.0,0.0,0.0,0.0,0.0,0.0,0.0,0.0,0.0,0.0,0.0,0.0,0.0,0.0,0.0,0.0,0.0,0.0
90.0,19261.0,32767.0,32767.0,32767.0,1100.0,500.0,300.0,0.0,0.0,0.0,0.0,4.07,5.83,174.24,0.0,0.0,0.0,0.0,0.0,1.0,0.0,0.0,0.0,0.0,0.0,0.0,0.0,0.0,0.0,1.0,0.0,1.0,-2.381255162615333,1.0,-20.80748522156975,1.0,61.56069492287736,1.0,-40.75320970130761,1.0,2.381255162615333,0.0,0.0,0.0,0.0,0.0,0.0,0.0,0.0,0.0,0.0,0.0,0.0,0.0,0.0,0.0,0.0,0.0,0.0,1.0,0.0,1.0,2.381255162615333,1.0,-40.75320970130761,1.0,61.56069492287736,1.0,-20.80748522156975,1.0,-2.381255162615333,0.0,0.0,0.0,0.0,0.0,0.0,0.0,0.0,0.0,0.0,0.0,0.0,0.0,0.0,0.0,0.0,0.0,0.0
90.0,19262.0,22700.0,32767.0,32767.0,600.0,800.0,-100.0,0.0,0.0,0.0,0.0,4.22,5.66,174.25,0.0,0.0,0.0,0.0,0.0,1.0,0.0,0.0,0.0,0.0,0.0,0.0,0.0,0.0,0.0,1.0,0.0,1.0,-1.9433846396311552,1.0,-20.661692671351272,1.0,61.493908021532434,1.0,-40.83221535018116,1.0,1.9433846396311552,0.0,0.0,0.0,0.0,0.0,0.0,0.0,0.0,0.0,0.0,0.0,0.0,0.0,0.0,0.0,0.0,0.0,0.0,1.0,0.0,1.0,1.9433846396311552,1.0,-40.83221535018116,1.0,61.493908021532434,1.0,-20.661692671351272,1.0,-1.9433846396311552,0.0,0.0,0.0,0.0,0.0,0.0,0.0,0.0,0.0,0.0,0.0,0.0,0.0,0.0,0.0,0.0,0.0,0.0
90.0,19262.0,22700.0,32767.0,32767.0,600.0,800.0,-100.0,0.0,0.0,0.0,0.0,4.22,5.66,174.25,0.0,0.0,0.0,0.0,0.0,1.0,0.0,0.0,0.0,0.0,0.0,0.0,0.0,0.0,0.0,1.0,0.0,1.0,-1.5050832888533523,1.0,-20.54647181639725,1.0,61.440661717695,1.0,-40.89418990129775,1.0,1.5050832888533523,0.0,0.0,0.0,0.0,0.0,0.0,0.0,0.0,0.0,0.0,0.0,0.0,0.0,0.0,0.0,0.0,0.0,0.0,1.0,0.0,1.0,1.5050832888533523,1.0,-40.89418990129775,1.0,61.440661717695,1.0,-20.546471816397254,1.0,-1.5050832888533523,0.0,0.0,0.0,0.0,0.0,0.0,0.0,0.0,0.0,0.0,0.0,0.0,0.0,0.0,0.0,0.0,0.0,0.0
90.0,19265.0,-8800.0,32767.0,32767.0,-300.0,1100.0,100.0,0.0,0.0,0.0,0.0,4.45,5.03,174.21,0.0,0.0,0.0,0.0,0.0,1.0,0.0,0.0,0.0,0.0,0.0,0.0,0.0,0.0,0.0,1.0,0.0,1.0,-1.0639235182515898,1.0,-20.460727365994117,1.0,61.400772098940664,1.0,-40.940044732946546,1.0,1.0639235182515898,0.0,0.0,0.0,0.0,0.0,0.0,0.0,0.0,0.0,0.0,0.0,0.0,0.0,0.0,0.0,0.0,0.0,0.0,1.0,0.0,1.0,1.0639235182515898,1.0,-40.940044732946546,1.0,61.400772098940664,1.0,-20.460727365994117,1.0,-1.0639235182515898,0.0,0.0,0.0,0.0,0.0,0.0,0.0,0.0,0.0,0.0,0.0,0.0,0.0,0.0,0.0,0.0,0.0,0.0
90.0,19266.0,-16100.0,32767.0,32767.0,-500.0,1000.0,0.0,0.0,0.0,0.0,0.0,4.5,4.82,174.21,0.0,0.0,0.0,0.0,0.0,1.0,0.0,0.0,0.0,0.0,0.0,0.0,0.0,0.0,0.0,1.0,0.0,1.0,-0.6236400064726352,1.0,-20.404811469422466,1.0,61.37463762850553,1.0,-40.96982615908306,1.0,0.6236400064726352,0.0,0.0,0.0,0.0,0.0,0.0,0.0,0.0,0.0,0.0,0.0,0.0,0.0,0.0,0.0,0.0,0.0,0.0,1.0,0.0,1.0,0.6236400064726352,1.0,-40.96982615908306,1.0,61.37463762850553,1.0,-20.404811469422466,1.0,-0.6236400064726352,0.0,0.0,0.0,0.0,0.0,0.0,0.0,0.0,0.0,0.0,0.0,0.0,0.0,0.0,0.0,0.0,0.0,0.0
90.0,19267.0,-26400.0,32767.0,32767.0,-400.0,900.0,200.0,0.0,0.0,0.0,0.0,4.57,4.62,174.2,0.0,0.0,0.0,0.0,0.0,1.0,0.0,0.0,0.0,0.0,0.0,0.0,0.0,0.0,0.0,1.0,0.0,1.0,-0.18585625765955197,1.0,-20.378223687379343,1.0,61.36217718710405,1.0,-40.983953499724706,1.0,0.18585625765955197,0.0,0.0,0.0,0.0,0.0,0.0,0.0,0.0,0.0,0.0,0.0,0.0,0.0,0.0,0.0,0.0,0.0,0.0,1.0,0.0,1.0,0.18585625765955197,1.0,-40.983953499724706,1.0,61.36217718710405,1.0,-20.378223687379343,1.0,-0.18585625765955197,0.0,0.0,0.0,0.0,0.0,0.0,0.0,0.0,0.0,0.0,0.0,0.0,0.0,0.0,0.0,0.0,0.0,0.0
90.0,19268.0,-26200.0,32767.0,32767.0,-400.0,600.0,100.0,0.0,0.0,0.0,0.0,4.65,4.46,174.17,0.0,0.0,0.0,0.0,0.0,1.0,0.0,0.0,0.0,0.0,0.0,0.0,0.0,0.0,0.0,1.0,0.0,1.0,0.26648816526053426,1.0,-20.38095768766091,1.0,61.363459482678394,1.0,-40.98250179501749,1.0,-0.26648816526053426,0.0,0.0,0.0,0.0,0.0,0.0,0.0,0.0,0.0,0.0,0.0,0.0,0.0,0.0,0.0,0.0,0.0,0.0,1.0,0.0,1.0,-0.26648816526053426,1.0,-40.98250179501749,1.0,61.363459482678394,1.0,-20.38095768766091,1.0,0.26648816526053426,0.0,0.0,0.0,0.0,0.0,0.0,0.0,0.0,0.0,0.0,0.0,0.0,0.0,0.0,0.0,0.0,0.0,0.0
90.0,19269.0,-6800.0,32767.0,32767.0,-700.0,-100.0,-200.0,0.0,0.0,0.0,0.0,4.68,4.41,174.19,0.0,0.0,0.0,0.0,0.0,1.0,0.0,0.0,0.0,0.0,0.0,0.0,0.0,0.0,0.0,1.0,0.0,1.0,0.7160734296769596,1.0,-20.4141145947327,1.0,61.37899245204563,1.0,-40.96487785731293,1.0,-0.7160734296769596,0.0,0.0,0.0,0.0,0.0,0.0,0.0,0.0,0.0,0.0,0.0,0.0,0.0,0.0,0.0,0.0,0.0,0.0,1.0,0.0,1.0,-0.7160734296769596,1.0,-40.96487785731293,1.0,61.37899245204563,1.0,-20.4141145947327,1.0,0.7160734296769596,0.0,0.0,0.0,0.0,0.0,0.0,0.0,0.0,0.0,0.0,0.0,0.0,0.0,0.0,0.0,0.0,0.0,0.0
90.0,19270.0,-3100.0,32767.0,32767.0,-1000.0,-700.0,0.0,0.0,0.0,0.0,0.0,4.62,4.5,174.2,0.0,0.0,0.0,0.0,0.0,1.0,0.0,0.0,0.0,0.0,0.0,0.0,0.0,0.0,0.0,1.0,0.0,1.0,1.156643964947013,1.0,-20.476263460448624,1.0,61.40801647461457,1.0,-40.93175301416594,1.0,-1.156643964947013,0.0,0.0,0.0,0.0,0.0,0.0,0.0,0.0,0.0,0.0,0.0,0.0,0.0,0.0,0.0,0.0,0.0,0.0,1.0,0.0,1.0,-1.156643964947013,1.0,-40.93175301416594,1.0,61.40801647461457,1.0,-20.476263460448624,1.0,1.156643964947013,0.0,0.0,0.0,0.0,0.0,0.0,0.0,0.0,0.0,0.0,0.0,0.0,0.0,0.0,0.0,0.0,0.0,0.0
90.0,19272.0,-9800.0,32767.0,32767.0,-1200.0,-900.0,-100.0,0.0,0.0,0.0,0.0,4.58,4.62,174.21,0.0,0.0,0.0,0.0,0.0,1.0,0.0,0.0,0.0,0.0,0.0,0.0,0.0,0.0,0.0,1.0,0.0,1.0,1.5843553729776227,1.0,-20.56507333322411,1.0,61.4492855958789,1.0,-40.884212262654785,1.0,-1.5843553729776227,0.0,0.0,0.0,0.0,0.0,0.0,0.0,0.0,0.0,0.0,0.0,0.0,0.0,0.0,0.0,0.0,0.0,0.0,1.0,0.0,1.0,-1.5843553729776227,1.0,-40.884212262654785,1.0,61.4492855958789,1.0,-20.56507333322411,1.0,1.5843553729776227,0.0,0.0,0.0,0.0,0.0,0.0,0.0,0.0,0.0,0.0,0.0,0.0,0.0,0.0,0.0,0.0,0.0,0.0
90.0,19273.0,-12900.0,32767.0,32767.0,-1700.0,-1100.0,0.0,0.0,0.0,0.0,0.0,4.43,4.71,174.23,0.0,0.0,0.0,0.0,0.0,1.0,0.0,0.0,0.0,0.0,0.0,0.0,0.0,0.0,0.0,1.0,0.0,1.0,2.0078356137702476,1.0,-20.681205080179417,1.0,61.50288464548281,1.0,-40.82167956530339,1.0,-2.0078356137702476,0.0,0.0,0.0,0.0,0.0,0.0,0.0,0.0,0.0,0.0,0.0,0.0,0.0,0.0,0.0,0.0,0.0,0.0,1.0,0.0,1.0,-2.0078356137702476,1.0,-40.8216795653034,1.0,61.50288464548281,1.0,-20.681205080179414,1.0,2.0078356137702476,0.0,0.0,0.0,0.0,0.0,0.0,0.0,0.0,0.0,0.0,0.0,0.0,0.0,0.0,0.0,0.0,0.0,0.0
90.0,19274.0,-5000.0,32767.0,32767.0,-2100.0,-1100.0,-400.0,0.0,0.0,0.0,0.0,4.25,4.81,174.28,0.0,0.0,0.0,0.0,0.0,1.0,0.0,0.0,0.0,0.0,0.0,0.0,0.0,0.0,0.0,1.0,0.0,1.0,2.425841398874879,1.0,-20.824089712677306,1.0,61.56825963509832,1.0,-40.744169922421015,1.0,-2.425841398874879,0.0,0.0,0.0,0.0,0.0,0.0,0.0,0.0,0.0,0.0,0.0,0.0,0.0,0.0,0.0,0.0,0.0,0.0,1.0,0.0,1.0,-2.425841398874879,1.0,-40.744169922421015,1.0,61.56825963509832,1.0,-20.824089712677306,1.0,2.425841398874879,0.0,0.0,0.0,0.0,0.0,0.0,0.0,0.0,0.0,0.0,0.0,0.0,0.0,0.0,0.0,0.0,0.0,0.0
90.0,19275.0,5500.0,32767.0,32767.0,-2300.0,-1500.0,-400.0,0.0,0.0,0.0,0.0,4.01,4.98,174.36,0.0,0.0,0.0,0.0,0.0,1.0,0.0,0.0,0.0,0.0,0.0,0.0,0.0,0.0,0.0,1.0,0.0,1.0,2.8509601160245728,1.0,-20.99916909055253,1.0,61.64750163584845,1.0,-40.64833254529592,1.0,-2.8509601160245728,0.0,0.0,0.0,0.0,0.0,0.0,0.0,0.0,0.0,0.0,0.0,0.0,0.0,0.0,0.0,0.0,0.0,0.0,1.0,0.0,1.0,-2.8509601160245728,1.0,-40.64833254529592,1.0,61.64750163584845,1.0,-20.99916909055253,1.0,2.8509601160245728,0.0,0.0,0.0,0.0,0.0,0.0,0.0,0.0,0.0,0.0,0.0,0.0,0.0,0.0,0.0,0.0,0.0,0.0
90.0,19276.0,32767.0,32767.0,32767.0,-2000.0,-2000.0,-900.0,0.0,0.0,0.0,0.0,3.8,5.21,174.48,0.0,0.0,0.0,0.0,0.0,1.0,0.0,0.0,0.0,0.0,0.0,0.0,0.0,0.0,0.0,1.0,0.0,1.0,3.2927530364910296,1.0,-21.770211135147424,1.0,63.00481744530441,1.0,-41.23460631015699,1.0,-3.2927530364910296,0.0,0.0,0.0,0.0,0.0,0.0,0.0,0.0,0.0,0.0,0.0,0.0,0.0,0.0,0.0,0.0,0.0,0.0,1.0,0.0,1.0,-3.270282458074412,1.0,-40.53584369361126,1.0,61.738321117062966,1.0,-21.202477423451704,1.0,3.270282458074412,0.0,0.0,0.0,0.0,0.0,0.0,0.0,0.0,0.0,0.0,0.0,0.0,0.0,0.0,0.0,0.0,0.0,0.0
90.0,19277.0,32767.0,32767.0,32767.0,-2400.0,-2800.0,-600.0,0.0,0.0,0.0,0.0,3.47,5.62,174.6,0.0,0.0,0.0,0.0,0.0,1.0,0.0,0.0,0.0,0.0,0.0,0.0,0.0,0.0,0.0,1.0,0.0,1.0,3.7372188890640126,1.0,-22.61755463804746,1.0,64.48035270773336,1.0,-41.86279806968591,1.0,-3.7372188890640126,0.0,0.0,0.0,0.0,0.0,0.0,0.0,0.0,0.0,0.0,0.0,0.0,0.0,0.0,0.0,0.0,0.0,0.0,1.0,0.0,1.0,-3.683554694022228,1.0,-40.4061260932592,1.0,61.84019559465541,1.0,-21.434069501396205,1.0,3.683554694022228,0.0,0.0,0.0,0.0,0.0,0.0,0.0,0.0,0.0,0.0,0.0,0.0,0.0,0.0,0.0,0.0,0.0,0.0
90.0,19278.0,32767.0,32767.0,32767.0,-2300.0,-2600.0,-500.0,0.0,0.0,0.0,0.0,3.08,5.96,174.68,0.0,0.0,0.0,0.0,0.0,1.0,0.0,0.0,0.0,0.0,0.0,0.0,0.0,0.0,0.0,1.0,0.0,1.0,4.176278401974731,1.0,-23.470386711695046,1.0,65.92014354164228,1.0,-42.44975682994723,1.0,-4.176278401974731,0.0,0.0,0.0,0.0,0.0,0.0,0.0,0.0,0.0,0.0,0.0,0.0,0.0,0.0,0.0,0.0,0.0,0.0,1.0,0.0,1.0,-4.085330527669801,1.0,-40.26044729575998,1.0,61.951073767991524,1.0,-21.69062647223154,1.0,4.085330527669801,0.0,0.0,0.0,0.0,0.0,0.0,0.0,0.0,0.0,0.0,0.0,0.0,0.0,0.0,0.0,0.0,0.0,0.0
90.0,19281.0,32767.0,-30900.0,32767.0,-1800.0,-1400.0,-600.0,0.0,0.0,0.0,0.0,1.94,6.81,174.95,0.0,0.0,0.0,0.0,0.0,1.0,0.0,0.0,0.0,0.0,0.0,0.0,0.0,0.0,0.0,1.0,0.0,1.0,4.619627955433789,1.0,-24.34903790450151,1.0,67.35632627725921,1.0,-43.007288372757706,1.0,-4.619627955433789,0.0,0.0,0.0,0.0,0.0,0.0,0.0,0.0,0.0,0.0,0.0,0.0,0.0,0.0,0.0,0.0,0.0,0.0,1.0,0.0,1.0,-4.484579826224659,1.0,-40.094629123092446,1.0,62.07289089632683,1.0,-21.978261773234387,1.0,4.484579826224659,0.0,0.0,0.0,0.0,0.0,0.0,0.0,0.0,0.0,0.0,0.0,0.0,0.0,0.0,0.0,0.0,0.0,0.0
90.0,19281.0,32767.0,-30900.0,32767.0,-1800.0,-1400.0,-600.0,0.0,0.0,0.0,0.0,1.94,6.81,174.95,0.0,0.0,0.0,0.0,0.0,1.0,0.0,0.0,0.0,0.0,0.0,0.0,0.0,0.0,0.0,1.0,0.0,1.0,5.043842246896981,1.0,-25.20803082873702,1.0,68.71422570976847,1.0,-43.506194881031455,1.0,-5.043842246896981,0.0,0.0,0.0,0.0,0.0,0.0,0.0,0.0,0.0,0.0,0.0,0.0,0.0,0.0,0.0,0.0,0.0,0.0,1.0,0.0,1.0,-4.860603390812521,1.0,-39.917131247609404,1.0,62.19830259075567,1.0,-22.281171343146266,1.0,4.860603390812521,0.0,0.0,0.0,0.0,0.0,0.0,0.0,0.0,0.0,0.0,0.0,0.0,0.0,0.0,0.0,0.0,0.0,0.0
90.0,19282.0,32767.0,-32767.0,32767.0,-1500.0,-800.0,-500.0,0.0,0.0,0.0,0.0,1.65,6.95,175.05,0.0,0.0,0.0,0.0,0.0,1.0,0.0,0.0,0.0,0.0,0.0,0.0,0.0,0.0,0.0,1.0,0.0,1.0,5.479727481397245,1.0,-26.111556437810176,1.0,70.09328344967169,1.0,-43.981727011861516,1.0,-5.479727481397245,0.0,0.0,0.0,0.0,0.0,0.0,0.0,0.0,0.0,0.0,0.0,0.0,0.0,0.0,0.0,0.0,0.0,0.0,1.0,0.0,1.0,-5.240951520756314,1.0,-39.71396646197916,1.0,62.33577633582103,1.0,-22.621809873841872,1.0,5.240951520756314,0.0,0.0,0.0,0.0,0.0,0.0,0.0,0.0,0.0,0.0,0.0,0.0,0.0,0.0,0.0,0.0,0.0,0.0
90.0,19283.0,32767.0,-32767.0,32767.0,-900.0,-700.0,-400.0,0.0,0.0,0.0,0.0,1.45,7.09,175.1,0.0,0.0,0.0,0.0,0.0,1.0,0.0,0.0,0.0,0.0,0.0,0.0,0.0,0.0,0.0,1.0,0.0,1.0,5.9002509303604285,1.0,-27.006001755362064,1.0,71.40860157878797,1.0,-44.4025998234259,1.0,-5.9002509303604285,0.0,0.0,0.0,0.0,0.0,0.0,0.0,0.0,0.0,0.0,0.0,0.0,0.0,0.0,0.0,0.0,0.0,0.0,1.0,0.0,1.0,-5.6021984091484995,1.0,-39.4960813552705,1.0,62.47631337816287,1.0,-22.980232022892377,1.0,5.6021984091484995,0.0,0.0,0.0,0.0,0.0,0.0,0.0,0.0,0.0,0.0,0.0,0.0,0.0,0.0,0.0,0.0,0.0,0.0
90.0,19286.0,32767.0,-32767.0,32767.0,-1000.0,-1000.0,-200.0,0.0,0.0,0.0,0.0,0.89,7.61,175.21,0.0,0.0,0.0,0.0,0.0,1.0,0.0,0.0,0.0,0.0,0.0,0.0,0.0,0.0,0.0,1.0,0.0,1.0,6.320740615610068,1.0,-27.926000597485526,1.0,72.70939909210382,1.0,-44.7833984946183,1.0,-6.320740615610068,0.0,0.0,0.0,0.0,0.0,0.0,0.0,0.0,0.0,0.0,0.0,0.0,0.0,0.0,0.0,0.0,0.0,0.0,1.0,0.0,1.0,-5.957912440105445,1.0,-39.254336301295545,1.0,62.624265626284235,1.0,-23.369929324988693,1.0,5.957912440105445,0.0,0.0,0.0,0.0,0.0,0.0,0.0,0.0,0.0,0.0,0.0,0.0,0.0,0.0,0.0,0.0,0.0,0.0
90.0,19286.0,32767.0,-32767.0,32767.0,-1000.0,-1000.0,-200.0,0.0,0.0,0.0,0.0,0.89,7.61,175.21,0.0,0.0,0.0,0.0,0.0,1.0,0.0,0.0,0.0,0.0,0.0,0.0,0.0,0.0,0.0,1.0,0.0,1.0,6.695886349341508,1.0,-28.771714248294327,1.0,73.85813894151006,1.0,-45.08642469321573,1.0,-6.695886349341508,0.0,0.0,0.0,0.0,0.0,0.0,0.0,0.0,0.0,0.0,0.0,0.0,0.0,0.0,0.0,0.0,0.0,0.0,1.0,0.0,1.0,-6.27069799781326,1.0,-39.01604494744869,1.0,62.7622725308795,1.0,-23.746227583430816,1.0,6.27069799781326,0.0,0.0,0.0,0.0,0.0,0.0,0.0,0.0,0.0,0.0,0.0,0.0,0.0,0.0,0.0,0.0,0.0,0.0
90.0,19286.0,32767.0,-32767.0,32767.0,-1000.0,-1000.0,-200.0,0.0,0.0,0.0,0.0,0.89,7.61,175.21,0.0,0.0,0.0,0.0,0.0,1.0,0.0,0.0,0.0,0.0,0.0,0.0,0.0,0.0,0.0,1.0,0.0,1.0,7.066981361301679,1.0,-29.63512273145256,1.0,74.98389450219358,1.0,-45.34877177074102,1.0,-7.066981361301679,0.0,0.0,0.0,0.0,0.0,0.0,0.0,0.0,0.0,0.0,0.0,0.0,0.0,0.0,0.0,0.0,0.0,0.0,1.0,0.0,1.0,-6.575936276560763,1.0,-38.75652191151797,1.0,62.904145498817165,1.0,-24.147623587299194,1.0,6.575936276560763,0.0,0.0,0.0,0.0,0.0,0.0,0.0,0.0,0.0,0.0,0.0,0.0,0.0,0.0,0.0,0.0,0.0,0.0
90.0,19287.0,32767.0,-32767.0,32767.0,-800.0,-1200.0,-300.0,0.0,0.0,0.0,0.0,0.72,7.81,175.24,0.0,0.0,0.0,0.0,0.0,1.0,0.0,0.0,0.0,0.0,0.0,0.0,0.0,0.0,0.0,1.0,0.0,1.0,7.440864330840692,1.0,-30.536580970985074,1.0,76.10781637930599,1.0,-45.57123540832092,1.0,-7.440864330840692,0.0,0.0,0.0,0.0,0.0,0.0,0.0,0.0,0.0,0.0,0.0,0.0,0.0,0.0,0.0,0.0,0.0,0.0,1.0,0.0,1.0,-6.8793428744105976,1.0,-38.46754877710036,1.0,63.0522704804386,1.0,-24.584721703338236,1.0,6.8793428744105976,0.0,0.0,0.0,0.0,0.0,0.0,0.0,0.0,0.0,0.0,0.0,0.0,0.0,0.0,0.0,0.0,0.0,0.0
90.0,19290.0,32767.0,-32767.0,32767.0,200.0,-1400.0,0.0,0.0,0.0,0.0,0.0,0.66,8.42,175.32,0.0,0.0,0.0,0.0,0.0,1.0,0.0,0.0,0.0,0.0,0.0,0.0,0.0,0.0,0.0,1.0,0.0,1.0,7.794238964620483,1.0,-31.423107778513398,1.0,77.1609167216167,1.0,-45.737808943103296,1.0,-7.794238964620483,0.0,0.0,0.0,0.0,0.0,0.0,0.0,0.0,0.0,0.0,0.0,0.0,0.0,0.0,0.0,0.0,0.0,0.0,1.0,0.0,1.0,-7.162365022239783,1.0,-38.164793747902934,1.0,63.1968822991547,1.0,-25.032088551251768,1.0,7.162365022239783,0.0,0.0,0.0,0.0,0.0,0.0,0.0,0.0,0.0,0.0,0.0,0.0,0.0,0.0,0.0,0.0,0.0,0.0
90.0,19290.0,32767.0,-32767.0,32767.0,200.0,-1400.0,0.0,0.0,0.0,0.0,0.0,0.66,8.42,175.32,0.0,0.0,0.0,0.0,0.0,1.0,0.0,0.0,0.0,0.0,0.0,0.0,0.0,0.0,0.0,1.0,0.0,1.0,8.113822675247432,1.0,-32.25945839907616,1.0,78.10590205338941,1.0,-45.84644365431325,1.0,-8.113822675247432,0.0,0.0,0.0,0.0,0.0,0.0,0.0,0.0,0.0,0.0,0.0,0.0,0.0,0.0,0.0,0.0,0.0,0.0,1.0,0.0,1.0,-7.4152440236600805,1.0,-37.861611820216986,1.0,63.331393615097845,1.0,-25.46978179488086,1.0,7.4152440236600805,0.0,0.0,0.0,0.0,0.0,0.0,0.0,0.0,0.0,0.0,0.0,0.0,0.0,0.0,0.0,0.0,0.0,0.0
90.0,19293.0,32767.0,18800.0,32767.0,400.0,-1500.0,300.0,0.0,0.0,0.0,0.0,0.79,9.02,175.06,0.0,0.0,0.0,0.0,0.0,1.0,0.0,0.0,0.0,0.0,0.0,0.0,0.0,0.0,0.0,1.0,0.0,1.0,8.431083482921254,1.0,-33.12914881892906,1.0,79.03728848174119,1.0,-45.90813966281212,1.0,-8.431083482921254,0.0,0.0,0.0,0.0,0.0,0.0,0.0,0.0,0.0,0.0,0.0,0.0,0.0,0.0,0.0,0.0,0.0,0.0,1.0,0.0,1.0,-7.663438476043439,1.0,-37.527414233214905,1.0,63.46831780657547,1.0,-25.940903573360565,1.0,7.663438476043439,0.0,0.0,0.0,0.0,0.0,0.0,0.0,0.0,0.0,0.0,0.0,0.0,0.0,0.0,0.0,0.0,0.0,0.0
90.0,19294.0,32767.0,32767.0,32767.0,500.0,-1700.0,-600.0,0.0,0.0,0.0,0.0,0.94,9.25,175.1,0.0,0.0,0.0,0.0,0.0,1.0,0.0,0.0,0.0,0.0,0.0,0.0,0.0,0.0,0.0,1.0,0.0,1.0,8.72522358653971,1.0,-33.97863539413793,1.0,79.89500642623094,1.0,-45.916371032093004,1.0,-8.72522358653971,0.0,0.0,0.0,0.0,0.0,0.0,0.0,0.0,0.0,0.0,0.0,0.0,0.0,0.0,0.0,0.0,0.0,0.0,1.0,0.0,1.0,-7.891051267887195,1.0,-37.181350932969764,1.0,63.598192265067134,1.0,-26.416841332097373,1.0,7.891051267887195,0.0,0.0,0.0,0.0,0.0,0.0,0.0,0.0,0.0,0.0,0.0,0.0,0.0,0.0,0.0,0.0,0.0,0.0
90.0,19295.0,32767.0,32767.0,32767.0,500.0,-1800.0,-100.0,0.0,0.0,0.0,0.0,1.03,9.5,175.13,0.0,0.0,0.0,0.0,0.0,1.0,0.0,0.0,0.0,0.0,0.0,0.0,0.0,0.0,0.0,1.0,0.0,1.0,9.002211699828488,1.0,-34.82636109995052,1.0,80.69777989969033,1.0,-45.87141879973982,1.0,-9.002211699828488,0.0,0.0,0.0,0.0,0.0,0.0,0.0,0.0,0.0,0.0,0.0,0.0,0.0,0.0,0.0,0.0,0.0,0.0,1.0,0.0,1.0,-8.103230614232958,1.0,-36.815465173492115,1.0,63.72299815493963,1.0,-26.907532981447517,1.0,8.103230614232958,0.0,0.0,0.0,0.0,0.0,0.0,0.0,0.0,0.0,0.0,0.0,0.0,0.0,0.0,0.0,0.0,0.0,0.0
90.0,19296.0,32767.0,32767.0,32767.0,700.0,-1900.0,-200.0,0.0,0.0,0.0,0.0,1.16,9.77,175.12,0.0,0.0,0.0,0.0,0.0,1.0,0.0,0.0,0.0,0.0,0.0,0.0,0.0,0.0,0.0,1.0,0.0,1.0,9.25649499836231,1.0,-35.657079036777084,1.0,81.43067322420923,1.0,-45.77359418743215,1.0,-9.25649499836231,0.0,0.0,0.0,0.0,0.0,0.0,0.0,0.0,0.0,0.0,0.0,0.0,0.0,0.0,0.0,0.0,0.0,0.0,1.0,0.0,1.0,-8.29619879079374,1.0,-36.435610412550126,1.0,63.83965815233223,1.0,-27.4040477397821,1.0,8.29619879079374,0.0,0.0,0.0,0.0,0.0,0.0,0.0,0.0,0.0,0.0,0.0,0.0,0.0,0.0,0.0,0.0,0.0,0.0
90.0,19296.0,32767.0,32767.0,32767.0,700.0,-1900.0,-200.0,0.0,0.0,0.0,0.0,1.16,9.77,175.12,0.0,0.0,0.0,0.0,0.0,1.0,0.0,0.0,0.0,0.0,0.0,0.0,0.0,0.0,0.0,1.0,0.0,1.0,9.489155355641,1.0,-36.47542699619901,1.0,82.09792952579113,1.0,-45.62250252959212,1.0,-9.489155355641,0.0,0.0,0.0,0.0,0.0,0.0,0.0,0.0,0.0,0.0,0.0,0.0,0.0,0.0,0.0,0.0,0.0,0.0,1.0,0.0,1.0,-8.471253330865158,1.0,-36.0391320104402,1.0,63.94810549114594,1.0,-27.908973480705747,1.0,8.471253330865158,0.0,0.0,0.0,0.0,0.0,0.0,0.0,0.0,0.0,0.0,0.0,0.0,0.0,0.0,0.0,0.0,0.0,0.0
90.0,19299.0,32767.0,32767.0,32767.0,300.0,-2300.0,-1000.0,0.0,0.0,0.0,0.0,1.5,10.66,175.33,0.0,0.0,0.0,0.0,0.0,1.0,0.0,0.0,0.0,0.0,0.0,0.0,0.0,0.0,0.0,1.0,0.0,1.0,9.710116936750117,1.0,-37.323788223001124,1.0,82.72878567538567,1.0,-45.40499745238455,1.0,-9.710116936750117,0.0,0.0,0.0,0.0,0.0,0.0,0.0,0.0,0.0,0.0,0.0,0.0,0.0,0.0,0.0,0.0,0.0,0.0,1.0,0.0,1.0,-8.636191431534805,1.0,-35.602604738689266,1.0,64.05257844797136,1.0,-28.44997370928209,1.0,8.636191431534805,0.0,0.0,0.0,0.0,0.0,0.0,0.0,0.0,0.0,0.0,0.0,0.0,0.0,0.0,0.0,0.0,0.0,0.0
90.0,19300.0,32767.0,32767.0,32767.0,300.0,-2600.0,-1100.0,0.0,0.0,0.0,0.0,1.6,11.01,175.47,0.0,0.0,0.0,0.0,0.0,1.0,0.0,0.0,0.0,0.0,0.0,0.0,0.0,0.0,0.0,1.0,0.0,1.0,9.892354231537244,1.0,-38.09883663474586,1.0,83.24704949738044,1.0,-45.14821286263458,1.0,-9.892354231537244,0.0,0.0,0.0,0.0,0.0,0.0,0.0,0.0,0.0,0.0,0.0,0.0,0.0,0.0,0.0,0.0,0.0,0.0,1.0,0.0,1.0,-8.771271291378577,1.0,-35.178732211752916,1.0,64.13980572449827,1.0,-28.961073512745354,1.0,8.771271291378577,0.0,0.0,0.0,0.0,0.0,0.0,0.0,0.0,0.0,0.0,0.0,0.0,0.0,0.0,0.0,0.0,0.0,0.0
90.0,19301.0,32767.0,32767.0,32767.0,400.0,-2100.0,-1200.0,0.0,0.0,0.0,0.0,1.73,11.31,175.6,0.0,0.0,0.0,0.0,0.0,1.0,0.0,0.0,0.0,0.0,0.0,0.0,0.0,0.0,0.0,1.0,0.0,1.0,10.050477804538673,1.0,-38.85599277874525,1.0,83.69528368377462,1.0,-44.83929090502938,1.0,-10.050477804538673,0.0,0.0,0.0,0.0,0.0,0.0,0.0,0.0,0.0,0.0,0.0,0.0,0.0,0.0,0.0,0.0,0.0,0.0,1.0,0.0,1.0,-8.887787052101936,1.0,-34.73881545691447,1.0,64.21625729735351,1.0,-29.47744184043903,1.0,8.887787052101936,0.0,0.0,0.0,0.0,0.0,0.0,0.0,0.0,0.0,0.0,0.0,0.0,0.0,0.0,0.0,0.0,0.0,0.0
90.0,19302.0,32767.0,32767.0,32767.0,200.0,-1400.0,-1100.0,0.0,0.0,0.0,0.0,1.81,11.49,175.74,0.0,0.0,0.0,0.0,0.0,1.0,0.0,0.0,0.0,0.0,0.0,0.0,0.0,0.0,0.0,1.0,0.0,1.0,10.185394257668111,1.0,-39.60489708401735,1.0,84.07668769008396,1.0,-44.471790606066605,1.0,-10.185394257668111,0.0,0.0,0.0,0.0,0.0,0.0,0.0,0.0,0.0,0.0,0.0,0.0,0.0,0.0,0.0,0.0,0.0,0.0,1.0,0.0,1.0,-8.98669970330545,1.0,-34.27530766420798,1.0,64.28204357304978,1.0,-30.0067359088418,1.0,8.98669970330545,0.0,0.0,0.0,0.0,0.0,0.0,0.0,0.0,0.0,0.0,0.0,0.0,0.0,0.0,0.0,0.0,0.0,0.0
90.0,19303.0,32767.0,32767.0,32767.0,0.0,-1400.0,-700.0,0.0,0.0,0.0,0.0,1.84,11.68,175.85,0.0,0.0,0.0,0.0,0.0,1.0,0.0,0.0,0.0,0.0,0.0,0.0,0.0,0.0,0.0,1.0,0.0,1.0,10.29171162092372,1.0,-40.31935580784472,1.0,84.3765775567431,1.0,-44.05722174889838,1.0,-10.29171162092372,0.0,0.0,0.0,0.0,0.0,0.0,0.0,0.0,0.0,0.0,0.0,0.0,0.0,0.0,0.0,0.0,0.0,0.0,1.0,0.0,1.0,-9.064321626978494,1.0,-33.80293277320205,1.0,64.33424075464903,1.0,-30.531307981446975,1.0,9.064321626978494,0.0,0.0,0.0,0.0,0.0,0.0,0.0,0.0,0.0,0.0,0.0,0.0,0.0,0.0,0.0,0.0,0.0,0.0
90.0,19305.0,32767.0,32767.0,32767.0,200.0,-1400.0,-100.0,0.0,0.0,0.0,0.0,1.89,12.12,175.87,0.0,0.0,0.0,0.0,0.0,1.0,0.0,0.0,0.0,0.0,0.0,0.0,0.0,0.0,0.0,1.0,0.0,1.0,10.368458923419247,1.0,-40.98629363042872,1.0,84.59269976779497,1.0,-43.60640613736625,1.0,-10.368458923419247,0.0,0.0,0.0,0.0,0.0,0.0,0.0,0.0,0.0,0.0,0.0,0.0,0.0,0.0,0.0,0.0,0.0,0.0,1.0,0.0,1.0,-9.120178357611868,1.0,-33.33100356078838,1.0,64.37211360892726,1.0,-31.041110048138886,1.0,9.120178357611868,0.0,0.0,0.0,0.0,0.0,0.0,0.0,0.0,0.0,0.0,0.0,0.0,0.0,0.0,0.0,0.0,0.0,0.0
90.0,19306.0,32767.0,32767.0,32767.0,400.0,-1000.0,-500.0,0.0,0.0,0.0,0.0,2.02,12.25,175.91,0.0,0.0,0.0,0.0,0.0,1.0,0.0,0.0,0.0,0.0,0.0,0.0,0.0,0.0,0.0,1.0,0.0,1.0,10.417879477686036,1.0,-41.61637295242171,1.0,84.73171150491739,1.0,-43.11533855249568,1.0,-10.417879477686036,0.0,0.0,0.0,0.0,0.0,0.0,0.0,0.0,0.0,0.0,0.0,0.0,0.0,0.0,0.0,0.0,0.0,0.0,1.0,0.0,1.0,-9.156068813821737,1.0,-32.85269059202506,1.0,64.39658662027055,1.0,-31.54389602824549,1.0,9.156068813821737,0.0,0.0,0.0,0.0,0.0,0.0,0.0,0.0,0.0,0.0,0.0,0.0,0.0,0.0,0.0,0.0,0.0,0.0
90.0,19307.0,32767.0,32767.0,32767.0,700.0,-600.0,-200.0,0.0,0.0,0.0,0.0,2.16,12.31,175.92,0.0,0.0,0.0,0.0,0.0,1.0,0.0,0.0,0.0,0.0,0.0,0.0,0.0,0.0,0.0,1.0,0.0,1.0,10.440180492895134,1.0,-42.202131782989056,1.0,84.79440035182661,1.0,-42.592268568837554,1.0,-10.440180492895134,0.0,0.0,0.0,0.0,0.0,0.0,0.0,0.0,0.0,0.0,0.0,0.0,0.0,0.0,0.0,0.0,0.0,0.0,1.0,0.0,1.0,-9.172244461276245,1.0,-32.37407275903545,1.0,64.40765183034534,1.0,-32.03357907130989,1.0,9.172244461276245,0.0,0.0,0.0,0.0,0.0,0.0,0.0,0.0,0.0,0.0,0.0,0.0,0.0,0.0,0.0,0.0,0.0,0.0
90.0,19308.0,32767.0,32767.0,32767.0,700.0,-600.0,100.0,0.0,0.0,0.0,0.0,2.29,12.4,175.88,0.0,0.0,0.0,0.0,0.0,1.0,0.0,0.0,0.0,0.0,0.0,0.0,0.0,0.0,0.0,1.0,0.0,1.0,10.435890772910668,1.0,-42.7638826993691,1.0,84.78234374992738,1.0,-42.01846105055828,1.0,-10.435890772910668,0.0,0.0,0.0,0.0,0.0,0.0,0.0,0.0,0.0,0.0,0.0,0.0,0.0,0.0,0.0,0.0,0.0,0.0,1.0,0.0,1.0,-9.16913394936688,1.0,-31.877449022824912,1.0,64.40552232822527,1.0,-32.52807330540036,1.0,9.16913394936688,0.0,0.0,0.0,0.0,0.0,0.0,0.0,0.0,0.0,0.0,0.0,0.0,0.0,0.0,0.0,0.0,0.0,0.0
90.0,19308.0,32767.0,32767.0,32767.0,700.0,-600.0,100.0,0.0,0.0,0.0,0.0,2.29,12.4,175.88,0.0,0.0,0.0,0.0,0.0,1.0,0.0,0.0,0.0,0.0,0.0,0.0,0.0,0.0,0.0,1.0,0.0,1.0,10.404786666347404,1.0,-43.27932149498543,1.0,84.69489558665124,1.0,-41.41557409166581,1.0,-10.404786666347404,0.0,0.0,0.0,0.0,0.0,0.0,0.0,0.0,0.0,0.0,0.0,0.0,0.0,0.0,0.0,0.0,0.0,0.0,1.0,0.0,1.0,-9.146566408898325,1.0,-31.38119336410193,1.0,64.3900965928311,1.0,-33.00890322872918,1.0,9.146566408898325,0.0,0.0,0.0,0.0,0.0,0.0,0.0,0.0,0.0,0.0,0.0,0.0,0.0,0.0,0.0,0.0,0.0,0.0
90.0,19309.0,32767.0,32767.0,32767.0,300.0,-800.0,200.0,0.0,0.0,0.0,0.0,2.35,12.52,175.82,0.0,0.0,0.0,0.0,0.0,1.0,0.0,0.0,0.0,0.0,0.0,0.0,0.0,0.0,0.0,1.0,0.0,1.0,10.347490790441023,1.0,-43.751296774738684,1.0,84.5336826917686,1.0,-40.78238591702992,1.0,-10.347490790441023,0.0,0.0,0.0,0.0,0.0,0.0,0.0,0.0,0.0,0.0,0.0,0.0,0.0,0.0,0.0,0.0,0.0,0.0,1.0,0.0,1.0,-9.10493236106522,1.0,-30.882982812254166,1.0,64.36175034896671,1.0,-33.47876753671254,1.0,9.10493236106522,0.0,0.0,0.0,0.0,0.0,0.0,0.0,0.0,0.0,0.0,0.0,0.0,0.0,0.0,0.0,0.0,0.0,0.0
90.0,19311.0,32767.0,32767.0,32767.0,100.0,-800.0,0.0,0.0,0.0,0.0,0.0,2.41,12.83,175.77,0.0,0.0,0.0,0.0,0.0,1.0,0.0,0.0,0.0,0.0,0.0,0.0,0.0,0.0,0.0,1.0,0.0,1.0,10.258457540646436,1.0,-44.20457696308081,1.0,84.28284006739194,1.0,-40.07826310431113,1.0,-10.258457540646436,0.0,0.0,0.0,0.0,0.0,0.0,0.0,0.0,0.0,0.0,0.0,0.0,0.0,0.0,0.0,0.0,0.0,0.0,1.0,0.0,1.0,-9.040073476972312,1.0,-30.35197052144786,1.0,64.31788092493213,1.0,-33.965910403484266,1.0,9.040073476972312,0.0,0.0,0.0,0.0,0.0,0.0,0.0,0.0,0.0,0.0,0.0,0.0,0.0,0.0,0.0,0.0,0.0,0.0
90.0,19313.0,32767.0,32767.0,32767.0,300.0,100.0,-200.0,0.0,0.0,0.0,0.0,2.56,12.89,175.83,0.0,0.0,0.0,0.0,0.0,1.0,0.0,0.0,0.0,0.0,0.0,0.0,0.0,0.0,0.0,1.0,0.0,1.0,10.146157998571157,1.0,-44.59224894732956,1.0,83.96586625260086,1.0,-39.3736173052713,1.0,-10.146157998571157,0.0,0.0,0.0,0.0,0.0,0.0,0.0,0.0,0.0,0.0,0.0,0.0,0.0,0.0,0.0,0.0,0.0,0.0,1.0,0.0,1.0,-8.957981527459962,1.0,-29.84116489773701,1.0,64.26285934658466,1.0,-34.42169444884766,1.0,8.957981527459962,0.0,0.0,0.0,0.0,0.0,0.0,0.0,0.0,0.0,0.0,0.0,0.0,0.0,0.0,0.0,0.0,0.0,0.0
90.0,19315.0,32767.0,32767.0,32767.0,300.0,0.0,100.0,0.0,0.0,0.0,0.0,2.76,12.86,175.79,0.0,0.0,0.0,0.0,0.0,1.0,0.0,0.0,0.0,0.0,0.0,0.0,0.0,0.0,0.0,1.0,0.0,1.0,10.011105729982859,1.0,-44.925978327136065,1.0,83.58379986760953,1.0,-38.65782154047346,1.0,-10.011105729982859,0.0,0.0,0.0,0.0,0.0,0.0,0.0,0.0,0.0,0.0,0.0,0.0,0.0,0.0,0.0,0.0,0.0,0.0,1.0,0.0,1.0,-8.858834770468317,1.0,-29.340561095237256,1.0,64.19715520670391,1.0,-34.85659411146666,1.0,8.858834770468317,0.0,0.0,0.0,0.0,0.0,0.0,0.0,0.0,0.0,0.0,0.0,0.0,0.0,0.0,0.0,0.0,0.0,0.0
90.0,19316.0,32767.0,32767.0,32767.0,200.0,-400.0,0.0,0.0,0.0,0.0,0.0,2.82,12.92,175.77,0.0,0.0,0.0,0.0,0.0,1.0,0.0,0.0,0.0,0.0,0.0,0.0,0.0,0.0,0.0,1.0,0.0,1.0,9.841356481493236,1.0,-45.22892657914758,1.0,83.10219955683196,1.0,-37.87327297768438,1.0,-9.841356481493236,0.0,0.0,0.0,0.0,0.0,0.0,0.0,0.0,0.0,0.0,0.0,0.0,0.0,0.0,0.0,0.0,0.0,0.0,1.0,0.0,1.0,-8.733556374574471,1.0,-28.81058097349775,1.0,64.11529994708083,1.0,-35.304718973583086,1.0,8.733556374574471,0.0,0.0,0.0,0.0,0.0,0.0,0.0,0.0,0.0,0.0,0.0,0.0,0.0,0.0,0.0,0.0,0.0,0.0
90.0,19317.0,32767.0,32767.0,32767.0,-100.0,-800.0,-300.0,0.0,0.0,0.0,0.0,2.84,13.07,175.79,0.0,0.0,0.0,0.0,0.0,1.0,0.0,0.0,0.0,0.0,0.0,0.0,0.0,0.0,0.0,1.0,0.0,1.0,9.653237879670952,1.0,-45.46937168987521,1.0,82.56665401233603,1.0,-37.09728232246081,1.0,-9.653237879670952,0.0,0.0,0.0,0.0,0.0,0.0,0.0,0.0,0.0,0.0,0.0,0.0,0.0,0.0,0.0,0.0,0.0,0.0,1.0,0.0,1.0,-8.593855203419546,1.0,-28.303709309547827,1.0,64.02554938404866,1.0,-35.72184007450084,1.0,8.593855203419546,0.0,0.0,0.0,0.0,0.0,0.0,0.0,0.0,0.0,0.0,0.0,0.0,0.0,0.0,0.0,0.0,0.0,0.0
90.0,19318.0,32767.0,32767.0,32767.0,-100.0,-900.0,-300.0,0.0,0.0,0.0,0.0,2.88,13.22,175.82,0.0,0.0,0.0,0.0,0.0,1.0,0.0,0.0,0.0,0.0,0.0,0.0,0.0,0.0,0.0,1.0,0.0,1.0,9.436681365600341,1.0,-45.66266184595922,1.0,81.94770899984374,1.0,-36.28504715388452,1.0,-9.436681365600341,0.0,0.0,0.0,0.0,0.0,0.0,0.0,0.0,0.0,0.0,0.0,0.0,0.0,0.0,0.0,0.0,0.0,0.0,1.0,0.0,1.0,-8.43189629159339,1.0,-27.790064338283003,1.0,63.923505754841,1.0,-36.133441416558,1.0,8.43189629159339,0.0,0.0,0.0,0.0,0.0,0.0,0.0,0.0,0.0,0.0,0.0,0.0,0.0,0.0,0.0,0.0,0.0,0.0
90.0,19320.0,32767.0,32767.0,32767.0,-300.0,-300.0,-400.0,0.0,0.0,0.0,0.0,2.89,13.37,175.91,0.0,0.0,0.0,0.0,0.0,1.0,0.0,0.0,0.0,0.0,0.0,0.0,0.0,0.0,0.0,1.0,0.0,1.0,9.20608001558552,1.0,-45.797987747433645,1.0,81.28567181578542,1.0,-35.487684068351776,1.0,-9.20608001558552,0.0,0.0,0.0,0.0,0.0,0.0,0.0,0.0,0.0,0.0,0.0,0.0,0.0,0.0,0.0,0.0,0.0,0.0,1.0,0.0,1.0,-8.258077525944902,1.0,-27.30151463274807,1.0,63.81637253872409,1.0,-36.514857905976015,1.0,8.258077525944902,0.0,0.0,0.0,0.0,0.0,0.0,0.0,0.0,0.0,0.0,0.0,0.0,0.0,0.0,0.0,0.0,0.0,0.0
90.0,19321.0,32767.0,32767.0,32767.0,-300.0,0.0,-500.0,0.0,0.0,0.0,0.0,2.89,13.38,175.98,0.0,0.0,0.0,0.0,0.0,1.0,0.0,0.0,0.0,0.0,0.0,0.0,0.0,0.0,0.0,1.0,0.0,1.0,8.959486374172101,1.0,-45.88216836183107,1.0,80.57425791966975,1.0,-34.692089557838685,1.0,-8.959486374172101,0.0,0.0,0.0,0.0,0.0,0.0,0.0,0.0,0.0,0.0,0.0,0.0,0.0,0.0,0.0,0.0,0.0,0.0,1.0,0.0,1.0,-8.070637477222137,1.0,-26.82874940748868,1.0,63.70359102657581,1.0,-36.87484161908712,1.0,8.070637477222137,0.0,0.0,0.0,0.0,0.0,0.0,0.0,0.0,0.0,0.0,0.0,0.0,0.0,0.0,0.0,0.0,0.0,0.0
90.0,19322.0,32767.0,32767.0,32767.0,-500.0,400.0,-300.0,0.0,0.0,0.0,0.0,2.82,13.34,176.04,0.0,0.0,0.0,0.0,0.0,1.0,0.0,0.0,0.0,0.0,0.0,0.0,0.0,0.0,0.0,1.0,0.0,1.0,8.684283892222368,1.0,-45.9184084937611,1.0,79.77595241588637,1.0,-33.85754392212527,1.0,-8.684283892222368,0.0,0.0,0.0,0.0,0.0,0.0,0.0,0.0,0.0,0.0,0.0,0.0,0.0,0.0,0.0,0.0,0.0,0.0,1.0,0.0,1.0,-7.8595135049220355,1.0,-26.348040173538227,1.0,63.57995000743697,1.0,-37.23190983389875,1.0,7.8595135049220355,0.0,0.0,0.0,0.0,0.0,0.0,0.0,0.0,0.0,0.0,0.0,0.0,0.0,0.0,0.0,0.0,0.0,0.0
90.0,19323.0,32767.0,32767.0,32767.0,-600.0,800.0,0.0,0.0,0.0,0.0,0.0,2.74,13.22,176.06,0.0,0.0,0.0,0.0,0.0,1.0,0.0,0.0,0.0,0.0,0.0,0.0,0.0,0.0,0.0,1.0,0.0,1.0,8.392027086648664,1.0,-45.90330222261658,1.0,78.92298442238244,1.0,-33.01968219976586,1.0,-8.392027086648664,0.0,0.0,0.0,0.0,0.0,0.0,0.0,0.0,0.0,0.0,0.0,0.0,0.0,0.0,0.0,0.0,0.0,0.0,1.0,0.0,1.0,-7.6330360489989415,1.0,-25.880708475825486,1.0,63.45128291258656,1.0,-37.57057443676107,1.0,7.6330360489989415,0.0,0.0,0.0,0.0,0.0,0.0,0.0,0.0,0.0,0.0,0.0,0.0,0.0,0.0,0.0,0.0,0.0,0.0
90.0,19324.0,32767.0,32767.0,32767.0,-500.0,1000.0,200.0,0.0,0.0,0.0,0.0,2.69,13.1,176.05,0.0,0.0,0.0,0.0,0.0,1.0,0.0,0.0,0.0,0.0,0.0,0.0,0.0,0.0,0.0,1.0,0.0,1.0,8.06865709808584,1.0,-45.83374728504871,1.0,77.9727689401104,1.0,-32.1390216550617,1.0,-8.06865709808584,0.0,0.0,0.0,0.0,0.0,0.0,0.0,0.0,0.0,0.0,0.0,0.0,0.0,0.0,0.0,0.0,0.0,0.0,1.0,0.0,1.0,-7.3796812416247075,1.0,-25.405822793599597,1.0,63.31217319205662,1.0,-37.90635039845702,1.0,7.3796812416247075,0.0,0.0,0.0,0.0,0.0,0.0,0.0,0.0,0.0,0.0,0.0,0.0,0.0,0.0,0.0,0.0,0.0,0.0
90.0,19324.0,32767.0,32767.0,32767.0,-500.0,1000.0,200.0,0.0,0.0,0.0,0.0,2.69,13.1,176.05,0.0,0.0,0.0,0.0,0.0,1.0,0.0,0.0,0.0,0.0,0.0,0.0,0.0,0.0,0.0,1.0,0.0,1.0,7.730922559731655,1.0,-45.71135427770793,1.0,76.97286727952168,1.0,-31.26151300181375,1.0,-7.730922559731655,0.0,0.0,0.0,0.0,0.0,0.0,0.0,0.0,0.0,0.0,0.0,0.0,0.0,0.0,0.0,0.0,0.0,0.0,1.0,0.0,1.0,-7.111918732548146,1.0,-24.949264720086003,1.0,63.17064892108765,1.0,-38.22138420100165,1.0,7.111918732548146,0.0,0.0,0.0,0.0,0.0,0.0,0.0,0.0,0.0,0.0,0.0,0.0,0.0,0.0,0.0,0.0,0.0,0.0
90.0,19325.0,32767.0,32767.0,32767.0,-500.0,1000.0,400.0,0.0,0.0,0.0,0.0,2.61,12.99,176.01,0.0,0.0,0.0,0.0,0.0,1.0,0.0,0.0,0.0,0.0,0.0,0.0,0.0,0.0,0.0,1.0,0.0,1.0,7.366521219459909,1.0,-45.53059165691512,1.0,75.88514083100158,1.0,-30.354549174086458,1.0,-7.366521219459909,0.0,0.0,0.0,0.0,0.0,0.0,0.0,0.0,0.0,0.0,0.0,0.0,0.0,0.0,0.0,0.0,0.0,0.0,1.0,0.0,1.0,-6.819339741582,1.0,-24.494999188228903,1.0,63.02241188953783,1.0,-38.527412701308926,1.0,6.819339741582,0.0,0.0,0.0,0.0,0.0,0.0,0.0,0.0,0.0,0.0,0.0,0.0,0.0,0.0,0.0,0.0,0.0,0.0
90.0,19328.0,32767.0,32767.0,32767.0,-500.0,1500.0,400.0,0.0,0.0,0.0,0.0,2.45,12.57,175.88,0.0,0.0,0.0,0.0,0.0,1.0,0.0,0.0,0.0,0.0,0.0,0.0,0.0,0.0,0.0,1.0,0.0,1.0,6.988849893755947,1.0,-45.29681835758889,1.0,74.74773198791867,1.0,-29.45091363032978,1.0,-6.988849893755947,0.0,0.0,0.0,0.0,0.0,0.0,0.0,0.0,0.0,0.0,0.0,0.0,0.0,0.0,0.0,0.0,0.0,0.0,1.0,0.0,1.0,-6.512011782941598,1.0,-24.060552256570762,1.0,62.873842417693375,1.0,-38.81329016112261,1.0,6.512011782941598,0.0,0.0,0.0,0.0,0.0,0.0,0.0,0.0,0.0,0.0,0.0,0.0,0.0,0.0,0.0,0.0,0.0,0.0
90.0,19329.0,32767.0,32767.0,32767.0,-600.0,2000.0,600.0,0.0,0.0,0.0,0.0,2.35,12.28,175.81,0.0,0.0,0.0,0.0,0.0,1.0,0.0,0.0,0.0,0.0,0.0,0.0,0.0,0.0,0.0,1.0,0.0,1.0,6.605505526316879,1.0,-45.01675775293926,1.0,73.58237887162826,1.0,-28.565621118689005,1.0,-6.605505526316879,0.0,0.0,0.0,0.0,0.0,0.0,0.0,0.0,0.0,0.0,0.0,0.0,0.0,0.0,0.0,0.0,0.0,0.0,1.0,0.0,1.0,-6.195731255087123,1.0,-23.652967110659002,1.0,62.72851797119897,1.0,-39.07555086053996,1.0,6.195731255087123,0.0,0.0,0.0,0.0,0.0,0.0,0.0,0.0,0.0,0.0,0.0,0.0,0.0,0.0,0.0,0.0,0.0,0.0
90.0,19329.0,32767.0,32767.0,32767.0,-600.0,2000.0,600.0,0.0,0.0,0.0,0.0,2.35,12.28,175.81,0.0,0.0,0.0,0.0,0.0,1.0,0.0,0.0,0.0,0.0,0.0,0.0,0.0,0.0,0.0,1.0,0.0,1.0,6.218541382872877,1.0,-44.6947074776293,1.0,72.3945436912401,1.0,-27.699836213610798,1.0,-6.218541382872877,0.0,0.0,0.0,0.0,0.0,0.0,0.0,0.0,0.0,0.0,0.0,0.0,0.0,0.0,0.0,0.0,0.0,0.0,1.0,0.0,1.0,-5.8719581209152745,1.0,-23.27220124690532,1.0,62.587640387183,1.0,-39.31543914027768,1.0,5.8719581209152745,0.0,0.0,0.0,0.0,0.0,0.0,0.0,0.0,0.0,0.0,0.0,0.0,0.0,0.0,0.0,0.0,0.0,0.0
90.0,19331.0,32767.0,32767.0,32767.0,-700.0,2100.0,700.0,0.0,0.0,0.0,0.0,2.15,11.75,175.65,0.0,0.0,0.0,0.0,0.0,1.0,0.0,0.0,0.0,0.0,0.0,0.0,0.0,0.0,0.0,1.0,0.0,1.0,5.825846417598125,1.0,-44.33096031478064,1.0,71.17694108509417,1.0,-26.845980770313524,1.0,-5.825846417598125,0.0,0.0,0.0,0.0,0.0,0.0,0.0,0.0,0.0,0.0,0.0,0.0,0.0,0.0,0.0,0.0,0.0,0.0,1.0,0.0,1.0,-5.53868528736782,1.0,-22.914601653070637,1.0,62.450897569101656,1.0,-39.53629591603102,1.0,5.53868528736782,0.0,0.0,0.0,0.0,0.0,0.0,0.0,0.0,0.0,0.0,0.0,0.0,0.0,0.0,0.0,0.0,0.0,0.0
90.0,19332.0,32767.0,32767.0,32767.0,-800.0,2000.0,600.0,0.0,0.0,0.0,0.0,2.04,11.48,175.58,0.0,0.0,0.0,0.0,0.0,1.0,0.0,0.0,0.0,0.0,0.0,0.0,0.0,0.0,0.0,1.0,0.0,1.0,5.41776401150997,1.0,-43.91650479788064,1.0,69.89822746303835,1.0,-25.981722665157715,1.0,-5.41776401150997,0.0,0.0,0.0,0.0,0.0,0.0,0.0,0.0,0.0,0.0,0.0,0.0,0.0,0.0,0.0,0.0,0.0,0.0,1.0,0.0,1.0,-5.187251617468828,1.0,-22.57151290035828,1.0,62.31571629326984,1.0,-39.74420339291155,1.0,5.187251617468828,0.0,0.0,0.0,0.0,0.0,0.0,0.0,0.0,0.0,0.0,0.0,0.0,0.0,0.0,0.0,0.0,0.0,0.0
90.0,19332.0,32767.0,32767.0,32767.0,-800.0,2000.0,600.0,0.0,0.0,0.0,0.0,2.04,11.48,175.58,0.0,0.0,0.0,0.0,0.0,1.0,0.0,0.0,0.0,0.0,0.0,0.0,0.0,0.0,0.0,1.0,0.0,1.0,4.9909173488789005,1.0,-43.445854647982664,1.0,68.54567192385751,1.0,-25.099817275874855,1.0,-4.9909173488789005,0.0,0.0,0.0,0.0,0.0,0.0,0.0,0.0,0.0,0.0,0.0,0.0,0.0,0.0,0.0,0.0,0.0,0.0,1.0,0.0,1.0,-4.814008065296702,1.0,-22.24186683161426,1.0,62.18219707842882,1.0,-39.94033024681456,1.0,4.814008065296702,0.0,0.0,0.0,0.0,0.0,0.0,0.0,0.0,0.0,0.0,0.0,0.0,0.0,0.0,0.0,0.0,0.0,0.0
90.0,19332.0,32767.0,32767.0,32767.0,-800.0,2000.0,600.0,0.0,0.0,0.0,0.0,2.04,11.48,175.58,0.0,0.0,0.0,0.0,0.0,1.0,0.0,0.0,0.0,0.0,0.0,0.0,0.0,0.0,0.0,1.0,0.0,1.0,4.559904605672348,1.0,-42.93429736181762,1.0,67.16388191144688,1.0,-24.229584549629262,1.0,-4.559904605672348,0.0,0.0,0.0,0.0,0.0,0.0,0.0,0.0,0.0,0.0,0.0,0.0,0.0,0.0,0.0,0.0,0.0,0.0,1.0,0.0,1.0,-4.43117218050968,1.0,-21.9378131248556,1.0,62.05592044772038,1.0,-40.11810732286478,1.0,4.43117218050968,0.0,0.0,0.0,0.0,0.0,0.0,0.0,0.0,0.0,0.0,0.0,0.0,0.0,0.0,0.0,0.0,0.0,0.0
90.0,19332.0,32767.0,32767.0,32767.0,-800.0,2000.0,600.0,0.0,0.0,0.0,0.0,2.04,11.48,175.58,0.0,0.0,0.0,0.0,0.0,1.0,0.0,0.0,0.0,0.0,0.0,0.0,0.0,0.0,0.0,1.0,0.0,1.0,4.138298931635422,1.0,-42.40033285061488,1.0,65.7962916888163,1.0,-23.395958838201416,1.0,-4.138298931635422,0.0,0.0,0.0,0.0,0.0,0.0,0.0,0.0,0.0,0.0,0.0,0.0,0.0,0.0,0.0,0.0,0.0,0.0,1.0,0.0,1.0,-4.050828490020155,1.0,-21.667331169243493,1.0,61.94109229981273,1.0,-40.27376113056924,1.0,4.050828490020155,0.0,0.0,0.0,0.0,0.0,0.0,0.0,0.0,0.0,0.0,0.0,0.0,0.0,0.0,0.0,0.0,0.0,0.0
90.0,19332.0,32767.0,32767.0,32767.0,-800.0,2000.0,600.0,0.0,0.0,0.0,0.0,2.04,11.48,175.58,0.0,0.0,0.0,0.0,0.0,1.0,0.0,0.0,0.0,0.0,0.0,0.0,0.0,0.0,0.0,1.0,0.0,1.0,3.7045748020855154,1.0,-41.817810255406265,1.0,64.37260046631997,1.0,-22.554790210913705,1.0,-3.7045748020855154,0.0,0.0,0.0,0.0,0.0,0.0,0.0,0.0,0.0,0.0,0.0,0.0,0.0,0.0,0.0,0.0,0.0,0.0,1.0,0.0,1.0,-3.653426657907474,1.0,-21.41610219924322,1.0,61.832352452638304,1.0,-40.416250253395084,1.0,3.653426657907474,0.0,0.0,0.0,0.0,0.0,0.0,0.0,0.0,0.0,0.0,0.0,0.0,0.0,0.0,0.0,0.0,0.0,0.0
90.0,19338.0,32767.0,32767.0,32767.0,1400.0,3500.0,700.0,0.0,0.0,0.0,0.0,2.05,8.93,175.08,0.0,0.0,0.0,0.0,0.0,1.0,0.0,0.0,0.0,0.0,0.0,0.0,0.0,0.0,0.0,1.0,0.0,1.0,3.2620161943213533,1.0,-41.1899271803063,1.0,62.90210249920062,1.0,-21.712175318894325,1.0,-3.2620161943213533,0.0,0.0,0.0,0.0,0.0,0.0,0.0,0.0,0.0,0.0,0.0,0.0,0.0,0.0,0.0,0.0,0.0,0.0,1.0,0.0,1.0,-3.2414575709628726,1.0,-21.187499168016867,1.0,61.73167433798277,1.0,-40.544175169965904,1.0,3.2414575709628726,0.0,0.0,0.0,0.0,0.0,0.0,0.0,0.0,0.0,0.0,0.0,0.0,0.0,0.0,0.0,0.0,0.0,0.0
90.0,19339.0,32767.0,32767.0,32767.0,1700.0,3300.0,900.0,0.0,0.0,0.0,0.0,2.26,8.44,174.92,0.0,0.0,0.0,0.0,0.0,1.0,0.0,0.0,0.0,0.0,0.0,0.0,0.0,0.0,0.0,1.0,0.0,1.0,2.830075782972897,1.0,-40.653458092346376,1.0,61.64330753443538,1.0,-20.989849442089003,1.0,-2.830075782972897,0.0,0.0,0.0,0.0,0.0,0.0,0.0,0.0,0.0,0.0,0.0,0.0,0.0,0.0,0.0,0.0,0.0,0.0,1.0,0.0,1.0,-2.830075782972897,1.0,-20.989849442089003,1.0,61.64330753443538,1.0,-40.653458092346376,1.0,2.830075782972897,0.0,0.0,0.0,0.0,0.0,0.0,0.0,0.0,0.0,0.0,0.0,0.0,0.0,0.0,0.0,0.0,0.0,0.0
90.0,19341.0,32767.0,32767.0,32767.0,1700.0,3500.0,1100.0,0.0,0.0,0.0,0.0,2.68,7.47,174.57,0.0,0.0,0.0,0.0,0.0,1.0,0.0,0.0,0.0,0.0,0.0,0.0,0.0,0.0,0.0,1.0,0.0,1.0,2.404467885449304,1.0,-40.748526796522476,1.0,61.56461565392926,1.0,-20.816088857406786,1.0,-2.404467885449304,0.0,0.0,0.0,0.0,0.0,0.0,0.0,0.0,0.0,0.0,0.0,0.0,0.0,0.0,0.0,0.0,0.0,0.0,1.0,0.0,1.0,-2.404467885449304,1.0,-20.816088857406786,1.0,61.56461565392926,1.0,-40.748526796522476,1.0,2.404467885449304,0.0,0.0,0.0,0.0,0.0,0.0,0.0,0.0,0.0,0.0,0.0,0.0,0.0,0.0,0.0,0.0,0.0,0.0
90.0,19342.0,32767.0,20900.0,32767.0,1700.0,4200.0,1100.0,0.0,0.0,0.0,0.0,2.86,6.84,174.39,0.0,0.0,0.0,0.0,0.0,1.0,0.0,0.0,0.0,0.0,0.0,0.0,0.0,0.0,0.0,1.0,0.0,1.0,1.9688938659575597,1.0,-40.82808972282541,1.0,61.49742570196349,1.0,-20.669335979138083,1.0,-1.9688938659575597,0.0,0.0,0.0,0.0,0.0,0.0,0.0,0.0,0.0,0.0,0.0,0.0,0.0,0.0,0.0,0.0,0.0,0.0,1.0,0.0,1.0,-1.9688938659575597,1.0,-20.669335979138083,1.0,61.49742570196349,1.0,-40.82808972282541,1.0,1.9688938659575597,0.0,0.0,0.0,0.0,0.0,0.0,0.0,0.0,0.0,0.0,0.0,0.0,0.0,0.0,0.0,0.0,0.0,0.0
90.0,19343.0,32767.0,11600.0,32767.0,1700.0,4800.0,1000.0,0.0,0.0,0.0,0.0,3.05,6.14,174.23,0.0,0.0,0.0,0.0,0.0,1.0,0.0,0.0,0.0,0.0,0.0,0.0,0.0,0.0,0.0,1.0,0.0,1.0,1.5304121585076202,1.0,-40.89106018087746,1.0,61.443368935944555,1.0,-20.552308755067095,1.0,-1.5304121585076202,0.0,0.0,0.0,0.0,0.0,0.0,0.0,0.0,0.0,0.0,0.0,0.0,0.0,0.0,0.0,0.0,0.0,0.0,1.0,0.0,1.0,-1.5304121585076202,1.0,-20.552308755067095,1.0,61.443368935944555,1.0,-40.89106018087746,1.0,1.5304121585076202,0.0,0.0,0.0,0.0,0.0,0.0,0.0,0.0,0.0,0.0,0.0,0.0,0.0,0.0,0.0,0.0,0.0,0.0
90.0,19344.0,32767.0,300.0,32767.0,1900.0,4500.0,1200.0,0.0,0.0,0.0,0.0,3.25,5.49,174.05,0.0,0.0,0.0,0.0,0.0,1.0,0.0,0.0,0.0,0.0,0.0,0.0,0.0,0.0,0.0,1.0,0.0,1.0,1.0649447786537731,1.0,-40.939957265055725,1.0,61.40084859104797,1.0,-20.460891325992243,1.0,-1.0649447786537731,0.0,0.0,0.0,0.0,0.0,0.0,0.0,0.0,0.0,0.0,0.0,0.0,0.0,0.0,0.0,0.0,0.0,0.0,1.0,0.0,1.0,-1.0649447786537731,1.0,-20.460891325992243,1.0,61.40084859104797,1.0,-40.939957265055725,1.0,1.0649447786537731,0.0,0.0,0.0,0.0,0.0,0.0,0.0,0.0,0.0,0.0,0.0,0.0,0.0,0.0,0.0,0.0,0.0,0.0
90.0,19346.0,32767.0,-32767.0,32767.0,2500.0,3100.0,1200.0,0.0,0.0,0.0,0.0,3.77,4.47,173.68,0.0,0.0,0.0,0.0,0.0,1.0,0.0,0.0,0.0,0.0,0.0,0.0,0.0,0.0,0.0,1.0,0.0,1.0,0.6137644852754742,1.0,-40.97031412979972,1.0,61.37420791280977,1.0,-20.403893783010055,1.0,-0.6137644852754742,0.0,0.0,0.0,0.0,0.0,0.0,0.0,0.0,0.0,0.0,0.0,0.0,0.0,0.0,0.0,0.0,0.0,0.0,1.0,0.0,1.0,-0.6137644852754742,1.0,-20.403893783010055,1.0,61.37420791280977,1.0,-40.97031412979972,1.0,0.6137644852754742,0.0,0.0,0.0,0.0,0.0,0.0,0.0,0.0,0.0,0.0,0.0,0.0,0.0,0.0,0.0,0.0,0.0,0.0
90.0,19347.0,3600.0,-32767.0,32767.0,2600.0,3100.0,1700.0,0.0,0.0,0.0,0.0,4.03,3.99,173.43,0.0,0.0,0.0,0.0,0.0,1.0,0.0,0.0,0.0,0.0,0.0,0.0,0.0,0.0,0.0,1.0,0.0,1.0,0.15480678655003582,1.0,-40.9843744010186,1.0,61.36180532300898,1.0,-20.377430921990378,1.0,-0.15480678655003582,0.0,0.0,0.0,0.0,0.0,0.0,0.0,0.0,0.0,0.0,0.0,0.0,0.0,0.0,0.0,0.0,0.0,0.0,1.0,0.0,1.0,-0.15480678655003582,1.0,-20.377430921990378,1.0,61.36180532300898,1.0,-40.9843744010186,1.0,0.15480678655003582,0.0,0.0,0.0,0.0,0.0,0.0,0.0,0.0,0.0,0.0,0.0,0.0,0.0,0.0,0.0,0.0,0.0,0.0
90.0,19348.0,-6100.0,-32767.0,32767.0,2300.0,2900.0,1300.0,0.0,0.0,0.0,0.0,4.29,3.52,173.22,0.0,0.0,0.0,0.0,0.0,1.0,0.0,0.0,0.0,0.0,0.0,0.0,0.0,0.0,0.0,1.0,0.0,1.0,-0.29022817366143655,1.0,-40.981975627895345,1.0,61.36392414145595,1.0,-20.381948513560605,1.0,0.29022817366143655,0.0,0.0,0.0,0.0,0.0,0.0,0.0,0.0,0.0,0.0,0.0,0.0,0.0,0.0,0.0,0.0,0.0,0.0,1.0,0.0,1.0,0.29022817366143655,1.0,-20.381948513560605,1.0,61.36392414145595,1.0,-40.981975627895345,1.0,-0.29022817366143655,0.0,0.0,0.0,0.0,0.0,0.0,0.0,0.0,0.0,0.0,0.0,0.0,0.0,0.0,0.0,0.0,0.0,0.0
90.0,19349.0,-18900.0,-32767.0,32767.0,2100.0,2400.0,1800.0,0.0,0.0,0.0,0.0,4.5,3.14,172.97,0.0,0.0,0.0,0.0,0.0,1.0,0.0,0.0,0.0,0.0,0.0,0.0,0.0,0.0,0.0,1.0,0.0,1.0,-0.7397352966425071,1.0,-40.9635002998462,1.0,61.38020390438539,1.0,-20.41670360453919,1.0,0.7397352966425071,0.0,0.0,0.0,0.0,0.0,0.0,0.0,0.0,0.0,0.0,0.0,0.0,0.0,0.0,0.0,0.0,0.0,0.0,1.0,0.0,1.0,0.7397352966425071,1.0,-20.41670360453919,1.0,61.38020390438539,1.0,-40.9635002998462,1.0,-0.7397352966425071,0.0,0.0,0.0,0.0,0.0,0.0,0.0,0.0,0.0,0.0,0.0,0.0,0.0,0.0,0.0,0.0,0.0,0.0
90.0,19350.0,-16700.0,-32767.0,32767.0,1900.0,1800.0,1700.0,0.0,0.0,0.0,0.0,4.7,2.84,172.71,0.0,0.0,0.0,0.0,0.0,1.0,0.0,0.0,0.0,0.0,0.0,0.0,0.0,0.0,0.0,1.0,0.0,1.0,-1.1842657736813682,1.0,-40.929145487737856,1.0,61.41029177257933,1.0,-20.481146284841472,1.0,1.1842657736813682,0.0,0.0,0.0,0.0,0.0,0.0,0.0,0.0,0.0,0.0,0.0,0.0,0.0,0.0,0.0,0.0,0.0,0.0,1.0,0.0,1.0,1.1842657736813682,1.0,-20.481146284841472,1.0,61.41029177257933,1.0,-40.929145487737856,1.0,-1.1842657736813682,0.0,0.0,0.0,0.0,0.0,0.0,0.0,0.0,0.0,0.0,0.0,0.0,0.0,0.0,0.0,0.0,0.0,0.0
90.0,19352.0,-18700.0,-800.0,32767.0,2000.0,900.0,2300.0,0.0,0.0,0.0,0.0,5.18,2.51,172.09,0.0,0.0,0.0,0.0,0.0,1.0,0.0,0.0,0.0,0.0,0.0,0.0,0.0,0.0,0.0,1.0,0.0,1.0,-1.6182346530589635,1.0,-40.87978396028427,1.0,61.453106715447746,1.0,-20.573322755163474,1.0,1.6182346530589635,0.0,0.0,0.0,0.0,0.0,0.0,0.0,0.0,0.0,0.0,0.0,0.0,0.0,0.0,0.0,0.0,0.0,0.0,1.0,0.0,1.0,1.6182346530589635,1.0,-20.573322755163474,1.0,61.453106715447746,1.0,-40.87978396028427,1.0,-1.6182346530589635,0.0,0.0,0.0,0.0,0.0,0.0,0.0,0.0,0.0,0.0,0.0,0.0,0.0,0.0,0.0,0.0,0.0,0.0
90.0,19352.0,-18700.0,-800.0,32767.0,2000.0,900.0,2300.0,0.0,0.0,0.0,0.0,5.18,2.51,172.09,0.0,0.0,0.0,0.0,0.0,1.0,0.0,0.0,0.0,0.0,0.0,0.0,0.0,0.0,0.0,1.0,0.0,1.0,-2.0697354947556534,1.0,-40.81121015391157,1.0,61.511783188416075,1.0,-20.700573034504508,1.0,2.0697354947556534,0.0,0.0,0.0,0.0,0.0,0.0,0.0,0.0,0.0,0.0,0.0,0.0,0.0,0.0,0.0,0.0,0.0,0.0,1.0,0.0,1.0,2.0697354947556534,1.0,-20.700573034504508,1.0,61.511783188416075,1.0,-40.81121015391157,1.0,-2.0697354947556534,0.0,0.0,0.0,0.0,0.0,0.0,0.0,0.0,0.0,0.0,0.0,0.0,0.0,0.0,0.0,0.0,0.0,0.0
90.0,19355.0,-28200.0,32767.0,32767.0,2100.0,200.0,2100.0,0.0,0.0,0.0,0.0,6.09,2.29,171.09,0.0,0.0,0.0,0.0,0.0,1.0,0.0,0.0,0.0,0.0,0.0,0.0,0.0,0.0,0.0,1.0,0.0,1.0,-2.504929437729009,1.0,-40.72767074761648,1.0,61.58202615692458,1.0,-20.854355409308102,1.0,2.504929437729009,0.0,0.0,0.0,0.0,0.0,0.0,0.0,0.0,0.0,0.0,0.0,0.0,0.0,0.0,0.0,0.0,0.0,0.0,1.0,0.0,1.0,2.504929437729009,1.0,-20.854355409308102,1.0,61.58202615692458,1.0,-40.72767074761648,1.0,-2.504929437729009,0.0,0.0,0.0,0.0,0.0,0.0,0.0,0.0,0.0,0.0,0.0,0.0,0.0,0.0,0.0,0.0,0.0,0.0
90.0,19356.0,-32767.0,32767.0,32767.0,2200.0,100.0,1900.0,0.0,0.0,0.0,0.0,6.41,2.26,170.8,0.0,0.0,0.0,0.0,0.0,1.0,0.0,0.0,0.0,0.0,0.0,0.0,0.0,0.0,0.0,1.0,0.0,1.0,-2.9268349537328415,1.0,-40.62933779851388,1.0,61.663001708108226,1.0,-21.03366390959435,1.0,2.9268349537328415,0.0,0.0,0.0,0.0,0.0,0.0,0.0,0.0,0.0,0.0,0.0,0.0,0.0,0.0,0.0,0.0,0.0,0.0,1.0,0.0,1.0,2.9287079348289735,1.0,-21.087309336073364,1.0,61.78264298241715,1.0,-40.69533364634378,1.0,-2.9287079348289735,0.0,0.0,0.0,0.0,0.0,0.0,0.0,0.0,0.0,0.0,0.0,0.0,0.0,0.0,0.0,0.0,0.0,0.0
90.0,19357.0,-30800.0,32767.0,32767.0,2200.0,0.0,2100.0,0.0,0.0,0.0,0.0,6.72,2.24,170.51,0.0,0.0,0.0,0.0,0.0,1.0,0.0,0.0,0.0,0.0,0.0,0.0,0.0,0.0,0.0,1.0,0.0,1.0,-3.355279587342945,1.0,-40.51074488266167,1.0,61.75826849400151,1.0,-21.247523611339837,1.0,3.355279587342945,0.0,0.0,0.0,0.0,0.0,0.0,0.0,0.0,0.0,0.0,0.0,0.0,0.0,0.0,0.0,0.0,0.0,0.0,1.0,0.0,1.0,3.383586183410455,1.0,-21.9421341852746,1.0,63.30784813881276,1.0,-41.36571395353816,1.0,-3.383586183410455,0.0,0.0,0.0,0.0,0.0,0.0,0.0,0.0,0.0,0.0,0.0,0.0,0.0,0.0,0.0,0.0,0.0,0.0
90.0,19358.0,-24000.0,32767.0,32767.0,2000.0,-100.0,2100.0,0.0,0.0,0.0,0.0,7.03,2.25,170.21,0.0,0.0,0.0,0.0,0.0,1.0,0.0,0.0,0.0,0.0,0.0,0.0,0.0,0.0,0.0,1.0,0.0,1.0,-3.766185498566566,1.0,-40.37780042202148,1.0,61.86204352978123,1.0,-21.484243107759752,1.0,3.766185498566566,0.0,0.0,0.0,0.0,0.0,0.0,0.0,0.0,0.0,0.0,0.0,0.0,0.0,0.0,0.0,0.0,0.0,0.0,1.0,0.0,1.0,3.826948706363379,1.0,-22.790525293707244,1.0,64.77603093362897,1.0,-41.985505639921726,1.0,-3.826948706363379,0.0,0.0,0.0,0.0,0.0,0.0,0.0,0.0,0.0,0.0,0.0,0.0,0.0,0.0,0.0,0.0,0.0,0.0
90.0,19358.0,-24000.0,32767.0,32767.0,2000.0,-100.0,2100.0,0.0,0.0,0.0,0.0,7.03,2.25,170.21,0.0,0.0,0.0,0.0,0.0,1.0,0.0,0.0,0.0,0.0,0.0,0.0,0.0,0.0,0.0,1.0,0.0,1.0,-4.167472052975416,1.0,-40.22811772315514,1.0,61.97518607146458,1.0,-21.747068348309444,1.0,4.167472052975416,0.0,0.0,0.0,0.0,0.0,0.0,0.0,0.0,0.0,0.0,0.0,0.0,0.0,0.0,0.0,0.0,0.0,0.0,1.0,0.0,1.0,4.266910462248788,1.0,-23.648519108699116,1.0,66.21517007229643,1.0,-42.56665096359731,1.0,-4.266910462248788,0.0,0.0,0.0,0.0,0.0,0.0,0.0,0.0,0.0,0.0,0.0,0.0,0.0,0.0,0.0,0.0,0.0,0.0
90.0,19361.0,5400.0,32767.0,32767.0,1100.0,-600.0,1000.0,0.0,0.0,0.0,0.0,7.86,2.47,169.6,0.0,0.0,0.0,0.0,0.0,1.0,0.0,0.0,0.0,0.0,0.0,0.0,0.0,0.0,0.0,1.0,0.0,1.0,-4.553878537077062,1.0,-40.06354201460529,1.0,62.09522239686986,1.0,-22.031680382264568,1.0,4.553878537077062,0.0,0.0,0.0,0.0,0.0,0.0,0.0,0.0,0.0,0.0,0.0,0.0,0.0,0.0,0.0,0.0,0.0,0.0,1.0,0.0,1.0,4.697315927897726,1.0,-24.50495294195902,1.0,67.60618484449569,1.0,-43.10123190253666,1.0,-4.697315927897726,0.0,0.0,0.0,0.0,0.0,0.0,0.0,0.0,0.0,0.0,0.0,0.0,0.0,0.0,0.0,0.0,0.0,0.0
90.0,19362.0,15100.0,32767.0,32767.0,800.0,-500.0,600.0,0.0,0.0,0.0,0.0,8.04,2.54,169.49,0.0,0.0,0.0,0.0,0.0,1.0,0.0,0.0,0.0,0.0,0.0,0.0,0.0,0.0,0.0,1.0,0.0,1.0,-4.931767157103495,1.0,-39.88101190255428,1.0,62.22320947427746,1.0,-22.34219757172318,1.0,4.931767157103495,0.0,0.0,0.0,0.0,0.0,0.0,0.0,0.0,0.0,0.0,0.0,0.0,0.0,0.0,0.0,0.0,0.0,0.0,1.0,0.0,1.0,5.1248709593878585,1.0,-25.3743119493979,1.0,68.97181479125523,1.0,-43.59750284185732,1.0,-5.1248709593878585,0.0,0.0,0.0,0.0,0.0,0.0,0.0,0.0,0.0,0.0,0.0,0.0,0.0,0.0,0.0,0.0,0.0,0.0
90.0,19363.0,23900.0,32767.0,32767.0,700.0,-600.0,200.0,0.0,0.0,0.0,0.0,8.21,2.62,169.44,0.0,0.0,0.0,0.0,0.0,1.0,0.0,0.0,0.0,0.0,0.0,0.0,0.0,0.0,0.0,1.0,0.0,1.0,-5.2924441791774655,1.0,-39.68446873553319,1.0,62.3552133861203,1.0,-22.67074465058711,1.0,5.2924441791774655,0.0,0.0,0.0,0.0,0.0,0.0,0.0,0.0,0.0,0.0,0.0,0.0,0.0,0.0,0.0,0.0,0.0,0.0,1.0,0.0,1.0,5.539276106507862,1.0,-26.2367871866746,1.0,70.2804335858888,1.0,-44.0436463992142,1.0,-5.539276106507862,0.0,0.0,0.0,0.0,0.0,0.0,0.0,0.0,0.0,0.0,0.0,0.0,0.0,0.0,0.0,0.0,0.0,0.0
90.0,19364.0,28000.0,32767.0,32767.0,800.0,-600.0,-100.0,0.0,0.0,0.0,0.0,8.43,2.7,169.44,0.0,0.0,0.0,0.0,0.0,1.0,0.0,0.0,0.0,0.0,0.0,0.0,0.0,0.0,0.0,1.0,0.0,1.0,-5.645343646058318,1.0,-39.46827474475239,1.0,62.49375125610669,1.0,-23.025476511354295,1.0,5.645343646058318,0.0,0.0,0.0,0.0,0.0,0.0,0.0,0.0,0.0,0.0,0.0,0.0,0.0,0.0,0.0,0.0,0.0,0.0,1.0,0.0,1.0,5.95091037955339,1.0,-27.115411172462036,1.0,71.56607271827959,1.0,-44.45066154581755,1.0,-5.95091037955339,0.0,0.0,0.0,0.0,0.0,0.0,0.0,0.0,0.0,0.0,0.0,0.0,0.0,0.0,0.0,0.0,0.0,0.0
90.0,19364.0,28000.0,32767.0,32767.0,800.0,-600.0,-100.0,0.0,0.0,0.0,0.0,8.43,2.7,169.44,0.0,0.0,0.0,0.0,0.0,1.0,0.0,0.0,0.0,0.0,0.0,0.0,0.0,0.0,0.0,1.0,0.0,1.0,-6.002027838810306,1.0,-39.22227192582629,1.0,62.64328030812007,1.0,-23.42100838229378,1.0,6.002027838810306,0.0,0.0,0.0,0.0,0.0,0.0,0.0,0.0,0.0,0.0,0.0,0.0,0.0,0.0,0.0,0.0,0.0,0.0,1.0,0.0,1.0,6.373341832022797,1.0,-28.043083539585446,1.0,72.87113135684501,1.0,-44.82804781725956,1.0,-6.373341832022797,0.0,0.0,0.0,0.0,0.0,0.0,0.0,0.0,0.0,0.0,0.0,0.0,0.0,0.0,0.0,0.0,0.0,0.0
90.0,19366.0,29900.0,32767.0,32767.0,1100.0,-300.0,-500.0,0.0,0.0,0.0,0.0,8.91,2.82,169.51,0.0,0.0,0.0,0.0,0.0,1.0,0.0,0.0,0.0,0.0,0.0,0.0,0.0,0.0,0.0,1.0,0.0,1.0,-6.326781841828718,1.0,-38.970481652602885,1.0,62.787805196345424,1.0,-23.817323543742532,1.0,6.326781841828718,0.0,0.0,0.0,0.0,0.0,0.0,0.0,0.0,0.0,0.0,0.0,0.0,0.0,0.0,0.0,0.0,0.0,0.0,1.0,0.0,1.0,6.76369651360618,1.0,-28.927373726386048,1.0,74.0646237960026,1.0,-45.13725006961656,1.0,-6.76369651360618,0.0,0.0,0.0,0.0,0.0,0.0,0.0,0.0,0.0,0.0,0.0,0.0,0.0,0.0,0.0,0.0,0.0,0.0
90.0,19368.0,10700.0,32767.0,32767.0,900.0,1000.0,-1000.0,0.0,0.0,0.0,0.0,9.35,2.54,169.75,0.0,0.0,0.0,0.0,0.0,1.0,0.0,0.0,0.0,0.0,0.0,0.0,0.0,0.0,0.0,1.0,0.0,1.0,-6.6299991940640846,1.0,-38.707445931490206,1.0,62.93001908573514,1.0,-24.22257315424493,1.0,6.6299991940640846,0.0,0.0,0.0,0.0,0.0,0.0,0.0,0.0,0.0,0.0,0.0,0.0,0.0,0.0,0.0,0.0,0.0,0.0,1.0,0.0,1.0,7.133232739839054,1.0,-29.79240025015381,1.0,75.1837942984963,1.0,-45.39139404834249,1.0,-7.133232739839054,0.0,0.0,0.0,0.0,0.0,0.0,0.0,0.0,0.0,0.0,0.0,0.0,0.0,0.0,0.0,0.0,0.0,0.0
90.0,19369.0,-1800.0,32767.0,32767.0,800.0,1300.0,-1200.0,0.0,0.0,0.0,0.0,9.5,2.31,169.9,0.0,0.0,0.0,0.0,0.0,1.0,0.0,0.0,0.0,0.0,0.0,0.0,0.0,0.0,0.0,1.0,0.0,1.0,-6.925060938573263,1.0,-38.420973293227014,1.0,63.075208082963144,1.0,-24.65423478973613,1.0,6.925060938573263,0.0,0.0,0.0,0.0,0.0,0.0,0.0,0.0,0.0,0.0,0.0,0.0,0.0,0.0,0.0,0.0,0.0,0.0,1.0,0.0,1.0,7.497642727536047,1.0,-30.67660114868066,1.0,76.27761568650303,1.0,-45.60101453782237,1.0,-7.497642727536047,0.0,0.0,0.0,0.0,0.0,0.0,0.0,0.0,0.0,0.0,0.0,0.0,0.0,0.0,0.0,0.0,0.0,0.0
90.0,19370.0,7200.0,32767.0,32767.0,700.0,1000.0,-1200.0,0.0,0.0,0.0,0.0,9.64,2.1,170.06,0.0,0.0,0.0,0.0,0.0,1.0,0.0,0.0,0.0,0.0,0.0,0.0,0.0,0.0,0.0,1.0,0.0,1.0,-7.201585682316485,1.0,-38.119948775233254,1.0,63.217415653966995,1.0,-25.097466878733744,1.0,7.201585682316485,0.0,0.0,0.0,0.0,0.0,0.0,0.0,0.0,0.0,0.0,0.0,0.0,0.0,0.0,0.0,0.0,0.0,0.0,1.0,0.0,1.0,7.843565629359934,1.0,-31.549891226403197,1.0,77.30722528186858,1.0,-45.75733405546539,1.0,-7.843565629359934,0.0,0.0,0.0,0.0,0.0,0.0,0.0,0.0,0.0,0.0,0.0,0.0,0.0,0.0,0.0,0.0,0.0,0.0
90.0,19370.0,7200.0,32767.0,32767.0,700.0,1000.0,-1200.0,0.0,0.0,0.0,0.0,9.64,2.1,170.06,0.0,0.0,0.0,0.0,0.0,1.0,0.0,0.0,0.0,0.0,0.0,0.0,0.0,0.0,0.0,1.0,0.0,1.0,-7.466868480012771,1.0,-37.79534180098032,1.0,63.35947234873134,1.0,-25.564130547751024,1.0,7.466868480012771,0.0,0.0,0.0,0.0,0.0,0.0,0.0,0.0,0.0,0.0,0.0,0.0,0.0,0.0,0.0,0.0,0.0,0.0,1.0,0.0,1.0,8.179517221511006,1.0,-32.436056978257504,1.0,78.29930534044149,1.0,-45.86324836218398,1.0,-8.179517221511006,0.0,0.0,0.0,0.0,0.0,0.0,0.0,0.0,0.0,0.0,0.0,0.0,0.0,0.0,0.0,0.0,0.0,0.0
90.0,19370.0,7200.0,32767.0,32767.0,700.0,1000.0,-1200.0,0.0,0.0,0.0,0.0,9.64,2.1,170.06,0.0,0.0,0.0,0.0,0.0,1.0,0.0,0.0,0.0,0.0,0.0,0.0,0.0,0.0,0.0,1.0,0.0,1.0,-7.729559562052636,1.0,-37.431188532321244,1.0,63.50562018775329,1.0,-26.07443165543204,1.0,7.729559562052636,0.0,0.0,0.0,0.0,0.0,0.0,0.0,0.0,0.0,0.0,0.0,0.0,0.0,0.0,0.0,0.0,0.0,0.0,1.0,0.0,1.0,8.516213903739327,1.0,-33.370314981362974,1.0,79.28609500572333,1.0,-45.91578002436036,1.0,-8.516213903739327,0.0,0.0,0.0,0.0,0.0,0.0,0.0,0.0,0.0,0.0,0.0,0.0,0.0,0.0,0.0,0.0,0.0,0.0
90.0,19373.0,7100.0,32767.0,32767.0,600.0,-700.0,-900.0,0.0,0.0,0.0,0.0,10.03,1.96,170.45,0.0,0.0,0.0,0.0,0.0,1.0,0.0,0.0,0.0,0.0,0.0,0.0,0.0,0.0,0.0,1.0,0.0,1.0,-7.943407659744197,1.0,-37.09536892640614,1.0,63.62865255859405,1.0,-26.53328363218791,1.0,7.943407659744197,0.0,0.0,0.0,0.0,0.0,0.0,0.0,0.0,0.0,0.0,0.0,0.0,0.0,0.0,0.0,0.0,0.0,0.0,1.0,0.0,1.0,8.793319841097135,1.0,-34.182303245496506,1.0,80.09280167685536,1.0,-45.91049843135885,1.0,-8.793319841097135,0.0,0.0,0.0,0.0,0.0,0.0,0.0,0.0,0.0,0.0,0.0,0.0,0.0,0.0,0.0,0.0,0.0,0.0
90.0,19375.0,-8400.0,32767.0,32767.0,600.0,-1500.0,-1100.0,0.0,0.0,0.0,0.0,10.23,2.22,170.74,0.0,0.0,0.0,0.0,0.0,1.0,0.0,0.0,0.0,0.0,0.0,0.0,0.0,0.0,0.0,1.0,0.0,1.0,-8.14955993463523,1.0,-36.72885197006975,1.0,63.75073187893254,1.0,-27.021879908862797,1.0,8.14955993463523,0.0,0.0,0.0,0.0,0.0,0.0,0.0,0.0,0.0,0.0,0.0,0.0,0.0,0.0,0.0,0.0,0.0,0.0,1.0,0.0,1.0,9.063054486873634,1.0,-35.0200276046894,1.0,80.8734909177583,1.0,-45.8534633130689,1.0,-9.063054486873634,0.0,0.0,0.0,0.0,0.0,0.0,0.0,0.0,0.0,0.0,0.0,0.0,0.0,0.0,0.0,0.0,0.0,0.0
90.0,19376.0,-17400.0,32767.0,32767.0,200.0,-1500.0,-1000.0,0.0,0.0,0.0,0.0,10.25,2.34,170.88,0.0,0.0,0.0,0.0,0.0,1.0,0.0,0.0,0.0,0.0,0.0,0.0,0.0,0.0,0.0,1.0,0.0,1.0,-8.33957437717815,1.0,-36.34259232566392,1.0,63.86629690388087,1.0,-27.523704578216957,1.0,8.33957437717815,0.0,0.0,0.0,0.0,0.0,0.0,0.0,0.0,0.0,0.0,0.0,0.0,0.0,0.0,0.0,0.0,0.0,0.0,1.0,0.0,1.0,9.313967617155772,1.0,-35.853376242835736,1.0,81.5957922512531,1.0,-45.74241600841736,1.0,-9.313967617155772,0.0,0.0,0.0,0.0,0.0,0.0,0.0,0.0,0.0,0.0,0.0,0.0,0.0,0.0,0.0,0.0,0.0,0.0
90.0,19377.0,-9500.0,32767.0,32767.0,0.0,-1500.0,-900.0,0.0,0.0,0.0,0.0,10.24,2.49,171.0,0.0,0.0,0.0,0.0,0.0,1.0,0.0,0.0,0.0,0.0,0.0,0.0,0.0,0.0,0.0,1.0,0.0,1.0,-8.51424883995558,1.0,-35.93215727000787,1.0,63.97512421004055,1.0,-28.042966940032677,1.0,8.51424883995558,0.0,0.0,0.0,0.0,0.0,0.0,0.0,0.0,0.0,0.0,0.0,0.0,0.0,0.0,0.0,0.0,0.0,0.0,1.0,0.0,1.0,9.546590771388493,1.0,-36.688255279945864,1.0,82.26217414174214,1.0,-45.57391886179627,1.0,-9.546590771388493,0.0,0.0,0.0,0.0,0.0,0.0,0.0,0.0,0.0,0.0,0.0,0.0,0.0,0.0,0.0,0.0,0.0,0.0
90.0,19378.0,5800.0,32767.0,32767.0,200.0,-1900.0,-1000.0,0.0,0.0,0.0,0.0,10.27,2.71,171.11,0.0,0.0,0.0,0.0,0.0,1.0,0.0,0.0,0.0,0.0,0.0,0.0,0.0,0.0,0.0,1.0,0.0,1.0,-8.663004274108454,1.0,-35.524080508643884,1.0,64.06977305629205,1.0,-28.545692547648173,1.0,8.663004274108454,0.0,0.0,0.0,0.0,0.0,0.0,0.0,0.0,0.0,0.0,0.0,0.0,0.0,0.0,0.0,0.0,0.0,0.0,1.0,0.0,1.0,9.746198585266914,1.0,-37.47088197748552,1.0,82.83154237562063,1.0,-45.3606603981351,1.0,-9.746198585266914,0.0,0.0,0.0,0.0,0.0,0.0,0.0,0.0,0.0,0.0,0.0,0.0,0.0,0.0,0.0,0.0,0.0,0.0
90.0,19380.0,32767.0,32767.0,32767.0,0.0,-2900.0,-1100.0,0.0,0.0,0.0,0.0,10.31,3.4,171.39,0.0,0.0,0.0,0.0,0.0,1.0,0.0,0.0,0.0,0.0,0.0,0.0,0.0,0.0,0.0,1.0,0.0,1.0,-8.794861821135818,1.0,-35.09634469935325,1.0,64.1551937858783,1.0,-29.058849086525047,1.0,8.794861821135818,0.0,0.0,0.0,0.0,0.0,0.0,0.0,0.0,0.0,0.0,0.0,0.0,0.0,0.0,0.0,0.0,0.0,0.0,1.0,0.0,1.0,9.924299067514852,1.0,-38.24420336931619,1.0,83.33771155695112,1.0,-45.09350818763493,1.0,-9.924299067514852,0.0,0.0,0.0,0.0,0.0,0.0,0.0,0.0,0.0,0.0,0.0,0.0,0.0,0.0,0.0,0.0,0.0,0.0
90.0,19380.0,32767.0,32767.0,32767.0,0.0,-2900.0,-1100.0,0.0,0.0,0.0,0.0,10.31,3.4,171.39,0.0,0.0,0.0,0.0,0.0,1.0,0.0,0.0,0.0,0.0,0.0,0.0,0.0,0.0,0.0,1.0,0.0,1.0,-8.906571438926905,1.0,-34.65871836686029,1.0,64.22868807391892,1.0,-29.569969707058625,1.0,8.906571438926905,0.0,0.0,0.0,0.0,0.0,0.0,0.0,0.0,0.0,0.0,0.0,0.0,0.0,0.0,0.0,0.0,0.0,0.0,1.0,0.0,1.0,10.076051312920994,1.0,-38.988909780330786,1.0,83.76765236195304,1.0,-44.77874258162225,1.0,-10.076051312920994,0.0,0.0,0.0,0.0,0.0,0.0,0.0,0.0,0.0,0.0,0.0,0.0,0.0,0.0,0.0,0.0,0.0,0.0
90.0,19382.0,32767.0,32767.0,32767.0,-300.0,-3600.0,-400.0,0.0,0.0,0.0,0.0,10.18,4.27,171.6,0.0,0.0,0.0,0.0,0.0,1.0,0.0,0.0,0.0,0.0,0.0,0.0,0.0,0.0,0.0,1.0,0.0,1.0,-9.001058953583783,1.0,-34.19743054248655,1.0,64.29166158376886,1.0,-30.0942310412823,1.0,9.001058953583783,0.0,0.0,0.0,0.0,0.0,0.0,0.0,0.0,0.0,0.0,0.0,0.0,0.0,0.0,0.0,0.0,0.0,0.0,1.0,0.0,1.0,10.20503253597146,1.0,-39.726006293679816,1.0,84.1321253282187,1.0,-44.40611903453889,1.0,-10.20503253597146,0.0,0.0,0.0,0.0,0.0,0.0,0.0,0.0,0.0,0.0,0.0,0.0,0.0,0.0,0.0,0.0,0.0,0.0
90.0,19383.0,32767.0,32767.0,32767.0,-300.0,-4000.0,300.0,0.0,0.0,0.0,0.0,10.08,4.81,171.56,0.0,0.0,0.0,0.0,0.0,1.0,0.0,0.0,0.0,0.0,0.0,0.0,0.0,0.0,0.0,1.0,0.0,1.0,-9.072264326894697,1.0,-33.74537863235455,1.0,64.33961025654777,1.0,-30.59423162419322,1.0,9.072264326894697,0.0,0.0,0.0,0.0,0.0,0.0,0.0,0.0,0.0,0.0,0.0,0.0,0.0,0.0,0.0,0.0,0.0,0.0,1.0,0.0,1.0,10.302612571641648,1.0,-40.40315800923803,1.0,84.40729314415411,1.0,-44.00413513491608,1.0,-10.302612571641648,0.0,0.0,0.0,0.0,0.0,0.0,0.0,0.0,0.0,0.0,0.0,0.0,0.0,0.0,0.0,0.0,0.0,0.0
90.0,19384.0,32767.0,32767.0,32767.0,-400.0,-4800.0,200.0,0.0,0.0,0.0,0.0,10.03,5.5,171.49,0.0,0.0,0.0,0.0,0.0,1.0,0.0,0.0,0.0,0.0,0.0,0.0,0.0,0.0,0.0,1.0,0.0,1.0,-9.125623456802437,1.0,-33.27293165656759,1.0,64.37581956387034,1.0,-31.10288790730274,1.0,9.125623456802437,0.0,0.0,0.0,0.0,0.0,0.0,0.0,0.0,0.0,0.0,0.0,0.0,0.0,0.0,0.0,0.0,0.0,0.0,1.0,0.0,1.0,10.375951341159318,1.0,-41.06522150636615,1.0,84.61378259727634,1.0,-43.5485610909102,1.0,-10.375951341159318,0.0,0.0,0.0,0.0,0.0,0.0,0.0,0.0,0.0,0.0,0.0,0.0,0.0,0.0,0.0,0.0,0.0,0.0
90.0,19386.0,32767.0,32767.0,32767.0,-600.0,-5200.0,300.0,0.0,0.0,0.0,0.0,9.82,6.94,171.41,0.0,0.0,0.0,0.0,0.0,1.0,0.0,0.0,0.0,0.0,0.0,0.0,0.0,0.0,0.0,1.0,0.0,1.0,-9.159492419444584,1.0,-32.78581484925892,1.0,64.3989267591003,1.0,-31.613111909841386,1.0,9.159492419444584,0.0,0.0,0.0,0.0,0.0,0.0,0.0,0.0,0.0,0.0,0.0,0.0,0.0,0.0,0.0,0.0,0.0,0.0,1.0,0.0,1.0,10.42259810608848,1.0,-41.700877744339046,1.0,84.74497779437934,1.0,-43.04410005004029,1.0,-10.42259810608848,0.0,0.0,0.0,0.0,0.0,0.0,0.0,0.0,0.0,0.0,0.0,0.0,0.0,0.0,0.0,0.0,0.0,0.0
90.0,19388.0,32767.0,32767.0,32767.0,-400.0,-5400.0,900.0,0.0,0.0,0.0,0.0,9.58,8.47,171.21,0.0,0.0,0.0,0.0,0.0,1.0,0.0,0.0,0.0,0.0,0.0,0.0,0.0,0.0,0.0,1.0,0.0,1.0,-9.173070159690845,1.0,-32.29673619393246,1.0,64.40821725213102,1.0,-32.11148105819857,1.0,9.173070159690845,0.0,0.0,0.0,0.0,0.0,0.0,0.0,0.0,0.0,0.0,0.0,0.0,0.0,0.0,0.0,0.0,0.0,0.0,1.0,0.0,1.0,10.441319322997236,1.0,-42.29266571537966,1.0,84.79760097052215,1.0,-42.50493525514249,1.0,-10.441319322997236,0.0,0.0,0.0,0.0,0.0,0.0,0.0,0.0,0.0,0.0,0.0,0.0,0.0,0.0,0.0,0.0,0.0,0.0
90.0,19388.0,32767.0,32767.0,32767.0,-400.0,-5400.0,900.0,0.0,0.0,0.0,0.0,9.58,8.47,171.21,0.0,0.0,0.0,0.0,0.0,1.0,0.0,0.0,0.0,0.0,0.0,0.0,0.0,0.0,0.0,1.0,0.0,1.0,-9.165797565184246,1.0,-31.76778168240819,1.0,64.40323909408907,1.0,-32.63545741168088,1.0,9.165797565184246,0.0,0.0,0.0,0.0,0.0,0.0,0.0,0.0,0.0,0.0,0.0,0.0,0.0,0.0,0.0,0.0,0.0,0.0,1.0,0.0,1.0,10.431290252699073,1.0,-42.88171097113202,1.0,84.76941259579351,1.0,-41.88770162466149,1.0,-10.431290252699073,0.0,0.0,0.0,0.0,0.0,0.0,0.0,0.0,0.0,0.0,0.0,0.0,0.0,0.0,0.0,0.0,0.0,0.0
90.0,19390.0,32767.0,32767.0,32767.0,-200.0,-5000.0,900.0,0.0,0.0,0.0,0.0,9.48,9.98,170.92,0.0,0.0,0.0,0.0,0.0,1.0,0.0,0.0,0.0,0.0,0.0,0.0,0.0,0.0,0.0,1.0,0.0,1.0,-9.138715248404335,1.0,-31.2674012360659,1.0,64.38474006303501,1.0,-33.11733882696911,1.0,9.138715248404335,0.0,0.0,0.0,0.0,0.0,0.0,0.0,0.0,0.0,0.0,0.0,0.0,0.0,0.0,0.0,0.0,0.0,0.0,1.0,0.0,1.0,10.393973444006138,1.0,-43.3911202837126,1.0,84.664483191354,1.0,-41.27336290764139,1.0,-10.393973444006138,0.0,0.0,0.0,0.0,0.0,0.0,0.0,0.0,0.0,0.0,0.0,0.0,0.0,0.0,0.0,0.0,0.0,0.0
90.0,19391.0,32767.0,32767.0,32767.0,-400.0,-3900.0,500.0,0.0,0.0,0.0,0.0,9.4,10.53,170.82,0.0,0.0,0.0,0.0,0.0,1.0,0.0,0.0,0.0,0.0,0.0,0.0,0.0,0.0,0.0,1.0,0.0,1.0,-9.09111639520127,1.0,-30.754070466617684,1.0,64.35237595516472,1.0,-33.59830548854703,1.0,9.09111639520127,0.0,0.0,0.0,0.0,0.0,0.0,0.0,0.0,0.0,0.0,0.0,0.0,0.0,0.0,0.0,0.0,0.0,0.0,1.0,0.0,1.0,10.3285024447857,1.0,-43.86604931660699,1.0,84.48021872090493,1.0,-40.61416940429794,1.0,-10.3285024447857,0.0,0.0,0.0,0.0,0.0,0.0,0.0,0.0,0.0,0.0,0.0,0.0,0.0,0.0,0.0,0.0,0.0,0.0
90.0,19391.0,32767.0,32767.0,32767.0,-400.0,-3900.0,500.0,0.0,0.0,0.0,0.0,9.4,10.53,170.82,0.0,0.0,0.0,0.0,0.0,1.0,0.0,0.0,0.0,0.0,0.0,0.0,0.0,0.0,0.0,1.0,0.0,1.0,-9.024932196256183,1.0,-30.24804318174963,1.0,64.30769027624208,1.0,-34.059647094492455,1.0,9.024932196256183,0.0,0.0,0.0,0.0,0.0,0.0,0.0,0.0,0.0,0.0,0.0,0.0,0.0,0.0,0.0,0.0,0.0,0.0,1.0,0.0,1.0,10.237711972009427,1.0,-44.28729656858788,1.0,84.22433318263894,1.0,-39.937036614051074,1.0,-10.237711972009427,0.0,0.0,0.0,0.0,0.0,0.0,0.0,0.0,0.0,0.0,0.0,0.0,0.0,0.0,0.0,0.0,0.0,0.0
90.0,19393.0,32767.0,32767.0,32767.0,-300.0,-1800.0,-100.0,0.0,0.0,0.0,0.0,9.27,11.15,170.75,0.0,0.0,0.0,0.0,0.0,1.0,0.0,0.0,0.0,0.0,0.0,0.0,0.0,0.0,0.0,1.0,0.0,1.0,-8.936477704501913,1.0,-29.724215225216728,1.0,64.24853941768922,1.0,-34.52432419247249,1.0,8.936477704501913,0.0,0.0,0.0,0.0,0.0,0.0,0.0,0.0,0.0,0.0,0.0,0.0,0.0,0.0,0.0,0.0,0.0,0.0,1.0,0.0,1.0,10.116813105310788,1.0,-44.67432075803099,1.0,83.88293021756552,1.0,-39.20860945953453,1.0,-10.116813105310788,0.0,0.0,0.0,0.0,0.0,0.0,0.0,0.0,0.0,0.0,0.0,0.0,0.0,0.0,0.0,0.0,0.0,0.0
90.0,19395.0,32767.0,32767.0,32767.0,0.0,-600.0,-200.0,0.0,0.0,0.0,0.0,9.23,11.42,170.78,0.0,0.0,0.0,0.0,0.0,1.0,0.0,0.0,0.0,0.0,0.0,0.0,0.0,0.0,0.0,1.0,0.0,1.0,-8.829094034675524,1.0,-29.206343908355848,1.0,64.17760533881979,1.0,-34.97126143046393,1.0,8.829094034675524,0.0,0.0,0.0,0.0,0.0,0.0,0.0,0.0,0.0,0.0,0.0,0.0,0.0,0.0,0.0,0.0,0.0,0.0,1.0,0.0,1.0,9.970717230109168,1.0,-45.00762640373533,1.0,83.46935250008245,1.0,-38.461726096347114,1.0,-9.970717230109168,0.0,0.0,0.0,0.0,0.0,0.0,0.0,0.0,0.0,0.0,0.0,0.0,0.0,0.0,0.0,0.0,0.0,0.0
90.0,19395.0,32767.0,32767.0,32767.0,0.0,-600.0,-200.0,0.0,0.0,0.0,0.0,9.23,11.42,170.78,0.0,0.0,0.0,0.0,0.0,1.0,0.0,0.0,0.0,0.0,0.0,0.0,0.0,0.0,0.0,1.0,0.0,1.0,-8.70131588988256,1.0,-28.687039576715744,1.0,64.09444439649796,1.0,-35.40740481978222,1.0,8.70131588988256,0.0,0.0,0.0,0.0,0.0,0.0,0.0,0.0,0.0,0.0,0.0,0.0,0.0,0.0,0.0,0.0,0.0,0.0,1.0,0.0,1.0,9.79783271496363,1.0,-45.29201220998924,1.0,82.97846648002142,1.0,-37.68645427003218,1.0,-9.79783271496363,0.0,0.0,0.0,0.0,0.0,0.0,0.0,0.0,0.0,0.0,0.0,0.0,0.0,0.0,0.0,0.0,0.0,0.0
90.0,19397.0,32767.0,32767.0,32767.0,200.0,300.0,-800.0,0.0,0.0,0.0,0.0,9.3,11.38,170.9,0.0,0.0,0.0,0.0,0.0,1.0,0.0,0.0,0.0,0.0,0.0,0.0,0.0,0.0,0.0,1.0,0.0,1.0,-8.559260139674516,1.0,-28.188243880920965,1.0,64.00357190958003,1.0,-35.81532802865906,1.0,8.559260139674516,0.0,0.0,0.0,0.0,0.0,0.0,0.0,0.0,0.0,0.0,0.0,0.0,0.0,0.0,0.0,0.0,0.0,0.0,1.0,0.0,1.0,9.606842751659014,1.0,-45.51729053668569,1.0,82.43427316652968,1.0,-36.91698262984399,1.0,-9.606842751659014,0.0,0.0,0.0,0.0,0.0,0.0,0.0,0.0,0.0,0.0,0.0,0.0,0.0,0.0,0.0,0.0,0.0,0.0
90.0,19398.0,32767.0,32767.0,32767.0,400.0,-600.0,-1100.0,0.0,0.0,0.0,0.0,9.38,11.5,171.02,0.0,0.0,0.0,0.0,0.0,1.0,0.0,0.0,0.0,0.0,0.0,0.0,0.0,0.0,0.0,1.0,0.0,1.0,-8.396846394514123,1.0,-27.68695921359688,1.0,63.90170464931084,1.0,-36.21474543571396,1.0,8.396846394514123,0.0,0.0,0.0,0.0,0.0,0.0,0.0,0.0,0.0,0.0,0.0,0.0,0.0,0.0,0.0,0.0,0.0,0.0,1.0,0.0,1.0,9.390031050810387,1.0,-45.695216363131365,1.0,81.81402807133641,1.0,-36.11881170820504,1.0,-9.390031050810387,0.0,0.0,0.0,0.0,0.0,0.0,0.0,0.0,0.0,0.0,0.0,0.0,0.0,0.0,0.0,0.0,0.0,0.0
90.0,19399.0,32767.0,32767.0,32767.0,400.0,-1100.0,-1300.0,0.0,0.0,0.0,0.0,9.42,11.66,171.15,0.0,0.0,0.0,0.0,0.0,1.0,0.0,0.0,0.0,0.0,0.0,0.0,0.0,0.0,0.0,1.0,0.0,1.0,-8.214051304286183,1.0,-27.18596796264289,1.0,63.789626739140935,1.0,-36.603658776498044,1.0,8.214051304286183,0.0,0.0,0.0,0.0,0.0,0.0,0.0,0.0,0.0,0.0,0.0,0.0,0.0,0.0,0.0,0.0,0.0,0.0,1.0,0.0,1.0,9.14796683440435,1.0,-45.82288390990494,1.0,81.11834357239636,1.0,-35.29545966249141,1.0,-9.14796683440435,0.0,0.0,0.0,0.0,0.0,0.0,0.0,0.0,0.0,0.0,0.0,0.0,0.0,0.0,0.0,0.0,0.0,0.0
90.0,19401.0,32767.0,32767.0,32767.0,400.0,-800.0,-900.0,0.0,0.0,0.0,0.0,9.55,11.97,171.38,0.0,0.0,0.0,0.0,0.0,1.0,0.0,0.0,0.0,0.0,0.0,0.0,0.0,0.0,0.0,1.0,0.0,1.0,-8.014367592441163,1.0,-26.695786185990674,1.0,63.670287409922814,1.0,-36.97450122393214,1.0,8.014367592441163,0.0,0.0,0.0,0.0,0.0,0.0,0.0,0.0,0.0,0.0,0.0,0.0,0.0,0.0,0.0,0.0,0.0,0.0,1.0,0.0,1.0,8.885875435888272,1.0,-45.89727663821712,1.0,80.36118361566906,1.0,-34.46390697745194,1.0,-8.885875435888272,0.0,0.0,0.0,0.0,0.0,0.0,0.0,0.0,0.0,0.0,0.0,0.0,0.0,0.0,0.0,0.0,0.0,0.0
90.0,19401.0,32767.0,32767.0,32767.0,400.0,-800.0,-900.0,0.0,0.0,0.0,0.0,9.55,11.97,171.38,0.0,0.0,0.0,0.0,0.0,1.0,0.0,0.0,0.0,0.0,0.0,0.0,0.0,0.0,0.0,1.0,0.0,1.0,-7.798039411219177,1.0,-26.216686565513115,1.0,63.54462053819544,1.0,-37.327933972682324,1.0,7.798039411219177,0.0,0.0,0.0,0.0,0.0,0.0,0.0,0.0,0.0,0.0,0.0,0.0,0.0,0.0,0.0,0.0,0.0,0.0,1.0,0.0,1.0,8.60465401275603,1.0,-45.919305156112635,1.0,79.5440852557487,1.0,-33.624780099636055,1.0,-8.60465401275603,0.0,0.0,0.0,0.0,0.0,0.0,0.0,0.0,0.0,0.0,0.0,0.0,0.0,0.0,0.0,0.0,0.0,0.0
90.0,19402.0,32767.0,32767.0,32767.0,400.0,-300.0,-500.0,0.0,0.0,0.0,0.0,9.58,12.02,171.44,0.0,0.0,0.0,0.0,0.0,1.0,0.0,0.0,0.0,0.0,0.0,0.0,0.0,0.0,0.0,1.0,0.0,1.0,-7.5575124678013275,1.0,-25.7342935037662,1.0,63.40928359755632,1.0,-37.67499009379012,1.0,7.5575124678013275,0.0,0.0,0.0,0.0,0.0,0.0,0.0,0.0,0.0,0.0,0.0,0.0,0.0,0.0,0.0,0.0,0.0,0.0,1.0,0.0,1.0,8.295240783972385,1.0,-45.88786193878632,1.0,78.6392997709751,1.0,-32.75143783218878,1.0,-8.295240783972385,0.0,0.0,0.0,0.0,0.0,0.0,0.0,0.0,0.0,0.0,0.0,0.0,0.0,0.0,0.0,0.0,0.0,0.0
90.0,19404.0,32767.0,32767.0,32767.0,400.0,100.0,-400.0,0.0,0.0,0.0,0.0,9.62,12.08,171.48,0.0,0.0,0.0,0.0,0.0,1.0,0.0,0.0,0.0,0.0,0.0,0.0,0.0,0.0,0.0,1.0,0.0,1.0,-7.301432756134402,1.0,-25.267953542890552,1.0,63.270233333701015,1.0,-38.002279790810455,1.0,7.301432756134402,0.0,0.0,0.0,0.0,0.0,0.0,0.0,0.0,0.0,0.0,0.0,0.0,0.0,0.0,0.0,0.0,0.0,0.0,1.0,0.0,1.0,7.969536357888244,1.0,-45.80273244730569,1.0,77.68011437715685,1.0,-31.87738192985116,1.0,-7.969536357888244,0.0,0.0,0.0,0.0,0.0,0.0,0.0,0.0,0.0,0.0,0.0,0.0,0.0,0.0,0.0,0.0,0.0,0.0
90.0,19405.0,32767.0,32767.0,32767.0,400.0,300.0,-500.0,0.0,0.0,0.0,0.0,9.67,12.06,171.53,0.0,0.0,0.0,0.0,0.0,1.0,0.0,0.0,0.0,0.0,0.0,0.0,0.0,0.0,0.0,1.0,0.0,1.0,-7.022521085069398,1.0,-24.805866925182677,1.0,63.12464807238713,1.0,-38.31878114720446,1.0,7.022521085069398,0.0,0.0,0.0,0.0,0.0,0.0,0.0,0.0,0.0,0.0,0.0,0.0,0.0,0.0,0.0,0.0,0.0,0.0,1.0,0.0,1.0,7.619070629814223,1.0,-45.66091608593262,1.0,76.6399874283101,1.0,-30.97907134237749,1.0,-7.619070629814223,0.0,0.0,0.0,0.0,0.0,0.0,0.0,0.0,0.0,0.0,0.0,0.0,0.0,0.0,0.0,0.0,0.0,0.0
90.0,19406.0,32767.0,32767.0,32767.0,500.0,400.0,-1100.0,0.0,0.0,0.0,0.0,9.77,12.03,171.62,0.0,0.0,0.0,0.0,0.0,1.0,0.0,0.0,0.0,0.0,0.0,0.0,0.0,0.0,0.0,1.0,0.0,1.0,-6.729921405793642,1.0,-24.364368737230716,1.0,62.97843314095751,1.0,-38.6140644037268,1.0,6.729921405793642,0.0,0.0,0.0,0.0,0.0,0.0,0.0,0.0,0.0,0.0,0.0,0.0,0.0,0.0,0.0,0.0,0.0,0.0,1.0,0.0,1.0,7.256102470769054,1.0,-45.4668650298065,1.0,75.55367630848149,1.0,-30.086811278674993,1.0,-7.256102470769054,0.0,0.0,0.0,0.0,0.0,0.0,0.0,0.0,0.0,0.0,0.0,0.0,0.0,0.0,0.0,0.0,0.0,0.0
90.0,19408.0,32767.0,32767.0,32767.0,400.0,-200.0,-1600.0,0.0,0.0,0.0,0.0,9.95,12.14,171.94,0.0,0.0,0.0,0.0,0.0,1.0,0.0,0.0,0.0,0.0,0.0,0.0,0.0,0.0,0.0,1.0,0.0,1.0,-6.428153286786268,1.0,-23.948800254294074,1.0,62.83456548430397,1.0,-38.8857652300099,1.0,6.428153286786268,0.0,0.0,0.0,0.0,0.0,0.0,0.0,0.0,0.0,0.0,0.0,0.0,0.0,0.0,0.0,0.0,0.0,0.0,1.0,0.0,1.0,6.886688884615004,1.0,-45.22619750507919,1.0,74.43825103214762,1.0,-29.21205352706842,1.0,-6.886688884615004,0.0,0.0,0.0,0.0,0.0,0.0,0.0,0.0,0.0,0.0,0.0,0.0,0.0,0.0,0.0,0.0,0.0,0.0
90.0,19409.0,32767.0,32767.0,32767.0,500.0,400.0,-1700.0,0.0,0.0,0.0,0.0,10.07,12.06,172.15,0.0,0.0,0.0,0.0,0.0,1.0,0.0,0.0,0.0,0.0,0.0,0.0,0.0,0.0,0.0,1.0,0.0,1.0,-6.097669474421696,1.0,-23.533949022640357,1.0,62.68501048624041,1.0,-39.15106146360005,1.0,6.097669474421696,0.0,0.0,0.0,0.0,0.0,0.0,0.0,0.0,0.0,0.0,0.0,0.0,0.0,0.0,0.0,0.0,0.0,0.0,1.0,0.0,1.0,6.487728027513971,1.0,-44.922749780899,1.0,73.22208431236794,1.0,-28.299334531468947,1.0,-6.487728027513971,0.0,0.0,0.0,0.0,0.0,0.0,0.0,0.0,0.0,0.0,0.0,0.0,0.0,0.0,0.0,0.0,0.0,0.0
90.0,19410.0,32767.0,32767.0,32767.0,600.0,1400.0,-1800.0,0.0,0.0,0.0,0.0,10.2,11.86,172.38,0.0,0.0,0.0,0.0,0.0,1.0,0.0,0.0,0.0,0.0,0.0,0.0,0.0,0.0,0.0,1.0,0.0,1.0,-5.775048513272675,1.0,-23.16479004675929,1.0,62.54701617978631,1.0,-39.38222613302702,1.0,5.775048513272675,0.0,0.0,0.0,0.0,0.0,0.0,0.0,0.0,0.0,0.0,0.0,0.0,0.0,0.0,0.0,0.0,0.0,0.0,1.0,0.0,1.0,6.103771399544207,1.0,-44.592110042847644,1.0,72.03996973905618,1.0,-27.447859696208535,1.0,-6.103771399544207,0.0,0.0,0.0,0.0,0.0,0.0,0.0,0.0,0.0,0.0,0.0,0.0,0.0,0.0,0.0,0.0,0.0,0.0
90.0,19411.0,32767.0,32767.0,32767.0,300.0,2300.0,-1500.0,0.0,0.0,0.0,0.0,10.25,11.5,172.6,0.0,0.0,0.0,0.0,0.0,1.0,0.0,0.0,0.0,0.0,0.0,0.0,0.0,0.0,0.0,1.0,0.0,1.0,-5.428938822291629,1.0,-22.8038711406541,1.0,62.40769275990435,1.0,-39.603821619250255,1.0,5.428938822291629,0.0,0.0,0.0,0.0,0.0,0.0,0.0,0.0,0.0,0.0,0.0,0.0,0.0,0.0,0.0,0.0,0.0,0.0,1.0,0.0,1.0,5.697755003539123,1.0,-44.20474595847888,1.0,70.77706017691241,1.0,-26.572314218433533,1.0,-5.697755003539123,0.0,0.0,0.0,0.0,0.0,0.0,0.0,0.0,0.0,0.0,0.0,0.0,0.0,0.0,0.0,0.0,0.0,0.0
90.0,19412.0,32767.0,32767.0,32767.0,0.0,2500.0,-1200.0,0.0,0.0,0.0,0.0,10.24,11.16,172.76,0.0,0.0,0.0,0.0,0.0,1.0,0.0,0.0,0.0,0.0,0.0,0.0,0.0,0.0,0.0,1.0,0.0,1.0,-5.067875612069579,1.0,-22.462340861339065,1.0,62.271889908886024,1.0,-39.80954904754696,1.0,5.067875612069579,0.0,0.0,0.0,0.0,0.0,0.0,0.0,0.0,0.0,0.0,0.0,0.0,0.0,0.0,0.0,0.0,0.0,0.0,1.0,0.0,1.0,5.2805184859913465,1.0,-43.769203813508085,1.0,69.46503381887108,1.0,-25.695830005362993,1.0,-5.2805184859913465,0.0,0.0,0.0,0.0,0.0,0.0,0.0,0.0,0.0,0.0,0.0,0.0,0.0,0.0,0.0,0.0,0.0,0.0
90.0,19414.0,32767.0,32767.0,32767.0,-800.0,2900.0,-900.0,0.0,0.0,0.0,0.0,10.1,10.36,173.02,0.0,0.0,0.0,0.0,0.0,1.0,0.0,0.0,0.0,0.0,0.0,0.0,0.0,0.0,0.0,1.0,0.0,1.0,-4.693809199398589,1.0,-22.142820534621578,1.0,62.14138971767797,1.0,-39.99856918305639,1.0,4.693809199398589,0.0,0.0,0.0,0.0,0.0,0.0,0.0,0.0,0.0,0.0,0.0,0.0,0.0,0.0,0.0,0.0,0.0,0.0,1.0,0.0,1.0,4.854860881207767,1.0,-43.28822100947248,1.0,68.11124599579287,1.0,-24.823024986320387,1.0,-4.854860881207767,0.0,0.0,0.0,0.0,0.0,0.0,0.0,0.0,0.0,0.0,0.0,0.0,0.0,0.0,0.0,0.0,0.0,0.0
90.0,19415.0,32767.0,32767.0,32767.0,-1100.0,3100.0,-1000.0,0.0,0.0,0.0,0.0,9.99,9.9,173.17,0.0,0.0,0.0,0.0,0.0,1.0,0.0,0.0,0.0,0.0,0.0,0.0,0.0,0.0,0.0,1.0,0.0,1.0,-4.313519797995271,1.0,-21.850886747271595,1.0,62.01927246432807,1.0,-40.168385717056466,1.0,4.313519797995271,0.0,0.0,0.0,0.0,0.0,0.0,0.0,0.0,0.0,0.0,0.0,0.0,0.0,0.0,0.0,0.0,0.0,0.0,1.0,0.0,1.0,4.428796058859485,1.0,-42.77173468609879,1.0,66.74030306392775,1.0,-23.96856837782896,1.0,-4.428796058859485,0.0,0.0,0.0,0.0,0.0,0.0,0.0,0.0,0.0,0.0,0.0,0.0,0.0,0.0,0.0,0.0,0.0,0.0
90.0,19417.0,32767.0,32767.0,32767.0,-1700.0,3500.0,-1500.0,0.0,0.0,0.0,0.0,9.72,8.83,173.61,0.0,0.0,0.0,0.0,0.0,1.0,0.0,0.0,0.0,0.0,0.0,0.0,0.0,0.0,0.0,1.0,0.0,1.0,-3.9070664696926327,1.0,-21.572851317802844,1.0,61.900433136226006,1.0,-40.32758181842316,1.0,3.9070664696926327,0.0,0.0,0.0,0.0,0.0,0.0,0.0,0.0,0.0,0.0,0.0,0.0,0.0,0.0,0.0,0.0,0.0,0.0,1.0,0.0,1.0,3.980608696523483,1.0,-42.19237361689373,1.0,65.28066142006782,1.0,-23.088287803174083,1.0,-3.980608696523483,0.0,0.0,0.0,0.0,0.0,0.0,0.0,0.0,0.0,0.0,0.0,0.0,0.0,0.0,0.0,0.0,0.0,0.0
90.0,19417.0,32767.0,32767.0,32767.0,-1700.0,3500.0,-1500.0,0.0,0.0,0.0,0.0,9.72,8.83,173.61,0.0,0.0,0.0,0.0,0.0,1.0,0.0,0.0,0.0,0.0,0.0,0.0,0.0,0.0,0.0,1.0,0.0,1.0,-3.5061529090487342,1.0,-21.33075320666656,1.0,61.794956586573086,1.0,-40.46420337990652,1.0,3.5061529090487342,0.0,0.0,0.0,0.0,0.0,0.0,0.0,0.0,0.0,0.0,0.0,0.0,0.0,0.0,0.0,0.0,0.0,0.0,1.0,0.0,1.0,3.545553686295528,1.0,-41.596035056774355,1.0,63.8462987693796,1.0,-22.25026371260525,1.0,-3.545553686295528,0.0,0.0,0.0,0.0,0.0,0.0,0.0,0.0,0.0,0.0,0.0,0.0,0.0,0.0,0.0,0.0,0.0,0.0
90.0,19418.0,32767.0,32767.0,32767.0,-2000.0,3600.0,-1600.0,0.0,0.0,0.0,0.0,9.53,8.27,173.87,0.0,0.0,0.0,0.0,0.0,1.0,0.0,0.0,0.0,0.0,0.0,0.0,0.0,0.0,0.0,1.0,0.0,1.0,-3.0956490573599567,1.0,-21.11402229101682,1.0,61.698966306329666,1.0,-40.58494401531285,1.0,3.0956490573599567,0.0,0.0,0.0,0.0,0.0,0.0,0.0,0.0,0.0,0.0,0.0,0.0,0.0,0.0,0.0,0.0,0.0,0.0,1.0,0.0,1.0,3.1070534590879,1.0,-40.96226999640647,1.0,62.38292157639995,1.0,-21.42065157999348,1.0,-3.1070534590879,0.0,0.0,0.0,0.0,0.0,0.0,0.0,0.0,0.0,0.0,0.0,0.0,0.0,0.0,0.0,0.0,0.0,0.0
90.0,19419.0,32767.0,32767.0,32767.0,-2400.0,4000.0,-1800.0,0.0,0.0,0.0,0.0,9.28,7.61,174.16,0.0,0.0,0.0,0.0,0.0,1.0,0.0,0.0,0.0,0.0,0.0,0.0,0.0,0.0,0.0,1.0,0.0,1.0,-2.66922303758537,1.0,-20.92057731762588,1.0,61.612048386980725,1.0,-40.69147106935485,1.0,2.66922303758537,0.0,0.0,0.0,0.0,0.0,0.0,0.0,0.0,0.0,0.0,0.0,0.0,0.0,0.0,0.0,0.0,0.0,0.0,1.0,0.0,1.0,2.66922303758537,1.0,-40.69147106935484,1.0,61.612048386980725,1.0,-20.920577317625884,1.0,-2.66922303758537,0.0,0.0,0.0,0.0,0.0,0.0,0.0,0.0,0.0,0.0,0.0,0.0,0.0,0.0,0.0,0.0,0.0,0.0
90.0,19421.0,32767.0,32767.0,32767.0,-2900.0,4000.0,-2400.0,0.0,0.0,0.0,0.0,8.7,6.3,174.87,0.0,0.0,0.0,0.0,0.0,1.0,0.0,0.0,0.0,0.0,0.0,0.0,0.0,0.0,0.0,1.0,0.0,1.0,-2.245957029048041,1.0,-20.759104791810483,1.0,61.538604955243,1.0,-40.779500163432516,1.0,2.245957029048041,0.0,0.0,0.0,0.0,0.0,0.0,0.0,0.0,0.0,0.0,0.0,0.0,0.0,0.0,0.0,0.0,0.0,0.0,1.0,0.0,1.0,2.245957029048041,1.0,-40.779500163432516,1.0,61.538604955243,1.0,-20.759104791810483,1.0,-2.245957029048041,0.0,0.0,0.0,0.0,0.0,0.0,0.0,0.0,0.0,0.0,0.0,0.0,0.0,0.0,0.0,0.0,0.0,0.0
90.0,19421.0,32767.0,32767.0,32767.0,-2900.0,4000.0,-2400.0,0.0,0.0,0.0,0.0,8.7,6.3,174.87,0.0,0.0,0.0,0.0,0.0,1.0,0.0,0.0,0.0,0.0,0.0,0.0,0.0,0.0,0.0,1.0,0.0,1.0,-1.8025146922018618,1.0,-20.62135248954628,1.0,61.47531239885965,1.0,-40.853959909313375,1.0,1.8025146922018618,0.0,0.0,0.0,0.0,0.0,0.0,0.0,0.0,0.0,0.0,0.0,0.0,0.0,0.0,0.0,0.0,0.0,0.0,1.0,0.0,1.0,1.8025146922018618,1.0,-40.853959909313375,1.0,61.47531239885965,1.0,-20.62135248954628,1.0,-1.8025146922018618,0.0,0.0,0.0,0.0,0.0,0.0,0.0,0.0,0.0,0.0,0.0,0.0,0.0,0.0,0.0,0.0,0.0,0.0
90.0,19422.0,32767.0,32767.0,32767.0,-2700.0,4000.0,-2400.0,0.0,0.0,0.0,0.0,8.45,5.63,175.25,0.0,0.0,0.0,0.0,0.0,1.0,0.0,0.0,0.0,0.0,0.0,0.0,0.0,0.0,0.0,1.0,0.0,1.0,-1.3542855701340284,1.0,-20.513784803776964,1.0,61.42548186355901,1.0,-40.91169705978204,1.0,1.3542855701340284,0.0,0.0,0.0,0.0,0.0,0.0,0.0,0.0,0.0,0.0,0.0,0.0,0.0,0.0,0.0,0.0,0.0,0.0,1.0,0.0,1.0,1.3542855701340284,1.0,-40.91169705978204,1.0,61.42548186355901,1.0,-20.513784803776964,1.0,-1.3542855701340284,0.0,0.0,0.0,0.0,0.0,0.0,0.0,0.0,0.0,0.0,0.0,0.0,0.0,0.0,0.0,0.0,0.0,0.0
90.0,19424.0,29500.0,32767.0,32767.0,-2700.0,2300.0,-2100.0,0.0,0.0,0.0,0.0,7.96,4.65,175.9,0.0,0.0,0.0,0.0,0.0,1.0,0.0,0.0,0.0,0.0,0.0,0.0,0.0,0.0,0.0,1.0,0.0,1.0,-0.9050022425460804,1.0,-20.43715090658594,1.0,61.3897644106085,1.0,-40.95261350402256,1.0,0.9050022425460804,0.0,0.0,0.0,0.0,0.0,0.0,0.0,0.0,0.0,0.0,0.0,0.0,0.0,0.0,0.0,0.0,0.0,0.0,1.0,0.0,1.0,0.9050022425460804,1.0,-40.95261350402256,1.0,61.3897644106085,1.0,-20.43715090658594,1.0,-0.9050022425460804,0.0,0.0,0.0,0.0,0.0,0.0,0.0,0.0,0.0,0.0,0.0,0.0,0.0,0.0,0.0,0.0,0.0,0.0
90.0,19426.0,-3800.0,32767.0,32767.0,-3000.0,1300.0,-1900.0,0.0,0.0,0.0,0.0,7.39,4.01,176.52,0.0,0.0,0.0,0.0,0.0,1.0,0.0,0.0,0.0,0.0,0.0,0.0,0.0,0.0,0.0,1.0,0.0,1.0,-0.45168795382772814,1.0,-20.390932369048087,1.0,61.36813584825363,1.0,-40.97720347920555,1.0,0.45168795382772814,0.0,0.0,0.0,0.0,0.0,0.0,0.0,0.0,0.0,0.0,0.0,0.0,0.0,0.0,0.0,0.0,0.0,0.0,1.0,0.0,1.0,0.45168795382772814,1.0,-40.97720347920555,1.0,61.36813584825363,1.0,-20.390932369048087,1.0,-0.45168795382772814,0.0,0.0,0.0,0.0,0.0,0.0,0.0,0.0,0.0,0.0,0.0,0.0,0.0,0.0,0.0,0.0,0.0,0.0
90.0,19428.0,-32767.0,32767.0,32767.0,-3400.0,1700.0,-1700.0,0.0,0.0,0.0,0.0,6.68,3.39,177.08,0.0,0.0,0.0,0.0,0.0,1.0,0.0,0.0,0.0,0.0,0.0,0.0,0.0,0.0,0.0,1.0,0.0,1.0,-0.005070252571783724,1.0,-20.375636859475026,1.0,61.36096370738128,1.0,-40.98532684790625,1.0,0.005070252571783724,0.0,0.0,0.0,0.0,0.0,0.0,0.0,0.0,0.0,0.0,0.0,0.0,0.0,0.0,0.0,0.0,0.0,0.0,1.0,0.0,1.0,0.005070252571783724,1.0,-40.98532684790625,1.0,61.36096370738128,1.0,-20.375636859475026,1.0,-0.005070252571783724,0.0,0.0,0.0,0.0,0.0,0.0,0.0,0.0,0.0,0.0,0.0,0.0,0.0,0.0,0.0,0.0,0.0,0.0
90.0,19429.0,-32767.0,32767.0,32767.0,-3700.0,1500.0,-1600.0,0.0,0.0,0.0,0.0,6.26,3.08,177.33,0.0,0.0,0.0,0.0,0.0,1.0,0.0,0.0,0.0,0.0,0.0,0.0,0.0,0.0,0.0,1.0,0.0,1.0,0.4410870768417443,1.0,-20.39022236459387,1.0,61.36780308214181,1.0,-40.97758071754794,1.0,-0.4410870768417443,0.0,0.0,0.0,0.0,0.0,0.0,0.0,0.0,0.0,0.0,0.0,0.0,0.0,0.0,0.0,0.0,0.0,0.0,1.0,0.0,1.0,-0.4410870768417443,1.0,-40.97758071754794,1.0,61.36780308214181,1.0,-20.39022236459387,1.0,0.4410870768417443,0.0,0.0,0.0,0.0,0.0,0.0,0.0,0.0,0.0,0.0,0.0,0.0,0.0,0.0,0.0,0.0,0.0,0.0
90.0,19430.0,-30000.0,32767.0,32767.0,-4000.0,1300.0,-1600.0,0.0,0.0,0.0,0.0,5.81,2.83,177.57,0.0,0.0,0.0,0.0,0.0,1.0,0.0,0.0,0.0,0.0,0.0,0.0,0.0,0.0,0.0,1.0,0.0,1.0,0.8711148923565979,1.0,-20.432620673356755,1.0,61.38764732322255,1.0,-40.95502664986579,1.0,-0.8711148923565979,0.0,0.0,0.0,0.0,0.0,0.0,0.0,0.0,0.0,0.0,0.0,0.0,0.0,0.0,0.0,0.0,0.0,0.0,1.0,0.0,1.0,-0.8711148923565979,1.0,-40.95502664986579,1.0,61.38764732322255,1.0,-20.432620673356755,1.0,0.8711148923565979,0.0,0.0,0.0,0.0,0.0,0.0,0.0,0.0,0.0,0.0,0.0,0.0,0.0,0.0,0.0,0.0,0.0,0.0
90.0,19431.0,-26900.0,32767.0,32767.0,-4400.0,900.0,-1300.0,0.0,0.0,0.0,0.0,5.28,2.65,177.78,0.0,0.0,0.0,0.0,0.0,1.0,0.0,0.0,0.0,0.0,0.0,0.0,0.0,0.0,0.0,1.0,0.0,1.0,1.3058456775476353,1.0,-20.504032120116438,1.0,61.420946355211974,1.0,-40.91691423509554,1.0,-1.3058456775476353,0.0,0.0,0.0,0.0,0.0,0.0,0.0,0.0,0.0,0.0,0.0,0.0,0.0,0.0,0.0,0.0,0.0,0.0,1.0,0.0,1.0,-1.3058456775476353,1.0,-40.91691423509554,1.0,61.420946355211974,1.0,-20.504032120116438,1.0,1.3058456775476353,0.0,0.0,0.0,0.0,0.0,0.0,0.0,0.0,0.0,0.0,0.0,0.0,0.0,0.0,0.0,0.0,0.0,0.0
90.0,19432.0,-32767.0,32767.0,32767.0,-5100.0,600.0,-1200.0,0.0,0.0,0.0,0.0,4.64,2.5,177.98,0.0,0.0,0.0,0.0,0.0,1.0,0.0,0.0,0.0,0.0,0.0,0.0,0.0,0.0,0.0,1.0,0.0,1.0,1.7333785923968588,1.0,-20.602705996774908,1.0,61.46669996673748,1.0,-40.86399396996257,1.0,-1.7333785923968588,0.0,0.0,0.0,0.0,0.0,0.0,0.0,0.0,0.0,0.0,0.0,0.0,0.0,0.0,0.0,0.0,0.0,0.0,1.0,0.0,1.0,-1.7333785923968588,1.0,-40.86399396996257,1.0,61.46669996673748,1.0,-20.602705996774908,1.0,1.7333785923968588,0.0,0.0,0.0,0.0,0.0,0.0,0.0,0.0,0.0,0.0,0.0,0.0,0.0,0.0,0.0,0.0,0.0,0.0
90.0,19433.0,-32767.0,32767.0,32767.0,-5600.0,800.0,-600.0,0.0,0.0,0.0,0.0,3.84,2.28,178.11,0.0,0.0,0.0,0.0,0.0,1.0,0.0,0.0,0.0,0.0,0.0,0.0,0.0,0.0,0.0,1.0,0.0,1.0,2.1777252047847666,1.0,-20.735843265723,1.0,61.5279582086605,1.0,-40.7921149429375,1.0,-2.1777252047847666,0.0,0.0,0.0,0.0,0.0,0.0,0.0,0.0,0.0,0.0,0.0,0.0,0.0,0.0,0.0,0.0,0.0,0.0,1.0,0.0,1.0,-2.1777252047847666,1.0,-40.7921149429375,1.0,61.5279582086605,1.0,-20.735843265723,1.0,2.1777252047847666,0.0,0.0,0.0,0.0,0.0,0.0,0.0,0.0,0.0,0.0,0.0,0.0,0.0,0.0,0.0,0.0,0.0,0.0
90.0,19433.0,-32767.0,32767.0,32767.0,-5600.0,800.0,-600.0,0.0,0.0,0.0,0.0,3.84,2.28,178.11,0.0,0.0,0.0,0.0,0.0,1.0,0.0,0.0,0.0,0.0,0.0,0.0,0.0,0.0,0.0,1.0,0.0,1.0,2.594266490158708,1.0,-20.889800717814662,1.0,61.59811251325934,1.0,-40.70831179544468,1.0,-2.594266490158708,0.0,0.0,0.0,0.0,0.0,0.0,0.0,0.0,0.0,0.0,0.0,0.0,0.0,0.0,0.0,0.0,0.0,0.0,1.0,0.0,1.0,-2.594266490158708,1.0,-40.70831179544468,1.0,61.59811251325934,1.0,-20.889800717814662,1.0,2.594266490158708,0.0,0.0,0.0,0.0,0.0,0.0,0.0,0.0,0.0,0.0,0.0,0.0,0.0,0.0,0.0,0.0,0.0,0.0
90.0,19433.0,-32767.0,32767.0,32767.0,-5600.0,800.0,-600.0,0.0,0.0,0.0,0.0,3.84,2.28,178.11,0.0,0.0,0.0,0.0,0.0,1.0,0.0,0.0,0.0,0.0,0.0,0.0,0.0,0.0,0.0,1.0,0.0,1.0,3.0157979572006544,1.0,-21.24980078721531,1.0,62.076140825581476,1.0,-40.82634003836616,1.0,-3.0157979572006544,0.0,0.0,0.0,0.0,0.0,0.0,0.0,0.0,0.0,0.0,0.0,0.0,0.0,0.0,0.0,0.0,0.0,0.0,1.0,0.0,1.0,-3.0094049987334524,1.0,-40.6079950677361,1.0,61.680337601988946,1.0,-21.072342534252844,1.0,3.0094049987334524,0.0,0.0,0.0,0.0,0.0,0.0,0.0,0.0,0.0,0.0,0.0,0.0,0.0,0.0,0.0,0.0,0.0,0.0
90.0,19433.0,-32767.0,32767.0,32767.0,-5600.0,800.0,-600.0,0.0,0.0,0.0,0.0,3.84,2.28,178.11,0.0,0.0,0.0,0.0,0.0,1.0,0.0,0.0,0.0,0.0,0.0,0.0,0.0,0.0,0.0,1.0,0.0,1.0,3.4452563492162627,1.0,-22.059217568375114,1.0,63.51315241060227,1.0,-41.45393484222715,1.0,-3.4452563492162627,0.0,0.0,0.0,0.0,0.0,0.0,0.0,0.0,0.0,0.0,0.0,0.0,0.0,0.0,0.0,0.0,0.0,0.0,1.0,0.0,1.0,-3.412829367114899,1.0,-40.493295166643954,1.0,61.77206954859366,1.0,-21.278774381949702,1.0,3.412829367114899,0.0,0.0,0.0,0.0,0.0,0.0,0.0,0.0,0.0,0.0,0.0,0.0,0.0,0.0,0.0,0.0,0.0,0.0
90.0,19433.0,-32767.0,32767.0,32767.0,-5600.0,800.0,-600.0,0.0,0.0,0.0,0.0,3.84,2.28,178.11,0.0,0.0,0.0,0.0,0.0,1.0,0.0,0.0,0.0,0.0,0.0,0.0,0.0,0.0,0.0,1.0,0.0,1.0,3.875649068831149,1.0,-22.884682420357862,1.0,64.93619992094301,1.0,-42.05151750058515,1.0,-3.875649068831149,0.0,0.0,0.0,0.0,0.0,0.0,0.0,0.0,0.0,0.0,0.0,0.0,0.0,0.0,0.0,0.0,0.0,0.0,1.0,0.0,1.0,-3.810920668191775,1.0,-40.36211959226571,1.0,61.87407788800149,1.0,-21.511958295735777,1.0,3.810920668191775,0.0,0.0,0.0,0.0,0.0,0.0,0.0,0.0,0.0,0.0,0.0,0.0,0.0,0.0,0.0,0.0,0.0,0.0
90.0,19433.0,-32767.0,32767.0,32767.0,-5600.0,800.0,-600.0,0.0,0.0,0.0,0.0,3.84,2.28,178.11,0.0,0.0,0.0,0.0,0.0,1.0,0.0,0.0,0.0,0.0,0.0,0.0,0.0,0.0,0.0,1.0,0.0,1.0,4.309179105735772,1.0,-23.731850669588873,1.0,66.35251030959249,1.0,-42.62065964000362,1.0,-4.309179105735772,0.0,0.0,0.0,0.0,0.0,0.0,0.0,0.0,0.0,0.0,0.0,0.0,0.0,0.0,0.0,0.0,0.0,0.0,1.0,0.0,1.0,-4.205688437345649,1.0,-40.21276875761932,1.0,61.98657187521118,1.0,-21.77380311759186,1.0,4.205688437345649,0.0,0.0,0.0,0.0,0.0,0.0,0.0,0.0,0.0,0.0,0.0,0.0,0.0,0.0,0.0,0.0,0.0,0.0
90.0,19433.0,-32767.0,32767.0,32767.0,-5600.0,800.0,-600.0,0.0,0.0,0.0,0.0,3.84,2.28,178.11,0.0,0.0,0.0,0.0,0.0,1.0,0.0,0.0,0.0,0.0,0.0,0.0,0.0,0.0,0.0,1.0,0.0,1.0,4.736227590909955,1.0,-24.583275146715096,1.0,67.73113157215171,1.0,-43.14785642543661,1.0,-4.736227590909955,0.0,0.0,0.0,0.0,0.0,0.0,0.0,0.0,0.0,0.0,0.0,0.0,0.0,0.0,0.0,0.0,0.0,0.0,1.0,0.0,1.0,-4.588514524265874,1.0,-40.047736661880265,1.0,62.10651589049276,1.0,-22.058779228612494,1.0,4.588514524265874,0.0,0.0,0.0,0.0,0.0,0.0,0.0,0.0,0.0,0.0,0.0,0.0,0.0,0.0,0.0,0.0,0.0,0.0
90.0,19433.0,-32767.0,32767.0,32767.0,-5600.0,800.0,-600.0,0.0,0.0,0.0,0.0,3.84,2.28,178.11,0.0,0.0,0.0,0.0,0.0,1.0,0.0,0.0,0.0,0.0,0.0,0.0,0.0,0.0,0.0,1.0,0.0,1.0,5.165165744172917,1.0,-25.45727880800471,1.0,69.09970084427214,1.0,-43.642422036267426,1.0,-5.165165744172917,0.0,0.0,0.0,0.0,0.0,0.0,0.0,0.0,0.0,0.0,0.0,0.0,0.0,0.0,0.0,0.0,0.0,0.0,1.0,0.0,1.0,-4.967077857037273,1.0,-39.86277607122264,1.0,62.23570694627717,1.0,-22.372930875054525,1.0,4.967077857037273,0.0,0.0,0.0,0.0,0.0,0.0,0.0,0.0,0.0,0.0,0.0,0.0,0.0,0.0,0.0,0.0,0.0,0.0
90.0,19433.0,-32767.0,32767.0,32767.0,-5600.0,800.0,-600.0,0.0,0.0,0.0,0.0,3.84,2.28,178.11,0.0,0.0,0.0,0.0,0.0,1.0,0.0,0.0,0.0,0.0,0.0,0.0,0.0,0.0,0.0,1.0,0.0,1.0,5.56781159993846,1.0,-26.29695849115751,1.0,70.37001000305177,1.0,-44.073051511894256,1.0,-5.56781159993846,0.0,0.0,0.0,0.0,0.0,0.0,0.0,0.0,0.0,0.0,0.0,0.0,0.0,0.0,0.0,0.0,0.0,0.0,1.0,0.0,1.0,-5.317079599094119,1.0,-39.670179186155444,1.0,62.36458242185115,1.0,-22.69440323569571,1.0,5.317079599094119,0.0,0.0,0.0,0.0,0.0,0.0,0.0,0.0,0.0,0.0,0.0,0.0,0.0,0.0,0.0,0.0,0.0,0.0
90.0,19444.0,32767.0,-32767.0,32767.0,-1500.0,200.0,200.0,0.0,0.0,0.0,0.0,-2.04,3.5,178.63,0.0,0.0,0.0,0.0,0.0,1.0,0.0,0.0,0.0,0.0,0.0,0.0,0.0,0.0,0.0,1.0,0.0,1.0,5.980594260374217,1.0,-27.179694476575904,1.0,71.6582459542247,1.0,-44.47855147764879,1.0,-5.980594260374217,0.0,0.0,0.0,0.0,0.0,0.0,0.0,0.0,0.0,0.0,0.0,0.0,0.0,0.0,0.0,0.0,0.0,0.0,1.0,0.0,1.0,-5.670587521886248,1.0,-39.45181893389366,1.0,62.50401881896359,1.0,-23.05219988506992,1.0,5.670587521886248,0.0,0.0,0.0,0.0,0.0,0.0,0.0,0.0,0.0,0.0,0.0,0.0,0.0,0.0,0.0,0.0,0.0,0.0
90.0,19445.0,32767.0,-32767.0,32767.0,-1400.0,100.0,0.0,0.0,0.0,0.0,0.0,-2.31,3.51,178.62,0.0,0.0,0.0,0.0,0.0,1.0,0.0,0.0,0.0,0.0,0.0,0.0,0.0,0.0,0.0,1.0,0.0,1.0,6.386525604036177,1.0,-28.072502450863844,1.0,72.91163323292182,1.0,-44.83913078205797,1.0,-6.386525604036177,0.0,0.0,0.0,0.0,0.0,0.0,0.0,0.0,0.0,0.0,0.0,0.0,0.0,0.0,0.0,0.0,0.0,0.0,1.0,0.0,1.0,-6.0130715087422075,1.0,-39.21416877963789,1.0,62.6480634366025,1.0,-23.433894656964604,1.0,6.0130715087422075,0.0,0.0,0.0,0.0,0.0,0.0,0.0,0.0,0.0,0.0,0.0,0.0,0.0,0.0,0.0,0.0,0.0,0.0
90.0,19446.0,32767.0,-32767.0,32767.0,-1200.0,-100.0,-100.0,0.0,0.0,0.0,0.0,-2.55,3.56,178.64,0.0,0.0,0.0,0.0,0.0,1.0,0.0,0.0,0.0,0.0,0.0,0.0,0.0,0.0,0.0,1.0,0.0,1.0,6.7783856428977876,1.0,-28.961212387303753,1.0,74.10930672800886,1.0,-45.148094340705114,1.0,-6.7783856428977876,0.0,0.0,0.0,0.0,0.0,0.0,0.0,0.0,0.0,0.0,0.0,0.0,0.0,0.0,0.0,0.0,0.0,0.0,1.0,0.0,1.0,-6.338912592561413,1.0,-38.96050590232253,1.0,62.79335942912058,1.0,-23.832853526798043,1.0,6.338912592561413,0.0,0.0,0.0,0.0,0.0,0.0,0.0,0.0,0.0,0.0,0.0,0.0,0.0,0.0,0.0,0.0,0.0,0.0
90.0,19447.0,32767.0,-32767.0,32767.0,-1100.0,-200.0,100.0,0.0,0.0,0.0,0.0,-2.8,3.62,178.65,0.0,0.0,0.0,0.0,0.0,1.0,0.0,0.0,0.0,0.0,0.0,0.0,0.0,0.0,0.0,1.0,0.0,1.0,7.15323783848053,1.0,-29.84009056061289,1.0,75.24409206979759,1.0,-45.4040015091847,1.0,-7.15323783848053,0.0,0.0,0.0,0.0,0.0,0.0,0.0,0.0,0.0,0.0,0.0,0.0,0.0,0.0,0.0,0.0,0.0,0.0,1.0,0.0,1.0,-6.646298398924747,1.0,-38.69245387827601,1.0,62.93786377077954,1.0,-24.245409892503528,1.0,6.646298398924747,0.0,0.0,0.0,0.0,0.0,0.0,0.0,0.0,0.0,0.0,0.0,0.0,0.0,0.0,0.0,0.0,0.0,0.0
90.0,19448.0,32767.0,-32767.0,32767.0,-500.0,-100.0,100.0,0.0,0.0,0.0,0.0,-2.94,3.66,178.63,0.0,0.0,0.0,0.0,0.0,1.0,0.0,0.0,0.0,0.0,0.0,0.0,0.0,0.0,0.0,1.0,0.0,1.0,7.502709366734131,1.0,-30.68913876690218,1.0,76.29275665138644,1.0,-45.60361788448426,1.0,-7.502709366734131,0.0,0.0,0.0,0.0,0.0,0.0,0.0,0.0,0.0,0.0,0.0,0.0,0.0,0.0,0.0,0.0,0.0,0.0,1.0,0.0,1.0,-6.929136052774857,1.0,-38.41678036504269,1.0,63.07726052382161,1.0,-24.660480158778913,1.0,6.929136052774857,0.0,0.0,0.0,0.0,0.0,0.0,0.0,0.0,0.0,0.0,0.0,0.0,0.0,0.0,0.0,0.0,0.0,0.0
90.0,19450.0,21300.0,-32767.0,32767.0,200.0,1300.0,0.0,0.0,0.0,0.0,0.0,-3.07,3.42,178.61,0.0,0.0,0.0,0.0,0.0,1.0,0.0,0.0,0.0,0.0,0.0,0.0,0.0,0.0,0.0,1.0,0.0,1.0,7.845063649482167,1.0,-31.55375405572718,1.0,77.3116659690792,1.0,-45.757911913352025,1.0,-7.845063649482167,0.0,0.0,0.0,0.0,0.0,0.0,0.0,0.0,0.0,0.0,0.0,0.0,0.0,0.0,0.0,0.0,0.0,0.0,1.0,0.0,1.0,-7.202775701503262,1.0,-38.11857626369198,1.0,63.218040552897264,1.0,-25.09946428920529,1.0,7.202775701503262,0.0,0.0,0.0,0.0,0.0,0.0,0.0,0.0,0.0,0.0,0.0,0.0,0.0,0.0,0.0,0.0,0.0,0.0
90.0,19451.0,32767.0,-32767.0,32767.0,600.0,1000.0,200.0,0.0,0.0,0.0,0.0,-3.08,3.19,178.58,0.0,0.0,0.0,0.0,0.0,1.0,0.0,0.0,0.0,0.0,0.0,0.0,0.0,0.0,0.0,1.0,0.0,1.0,8.174280063129034,1.0,-32.421915457218006,1.0,78.28389776151678,1.0,-45.86198230429877,1.0,-8.174280063129034,0.0,0.0,0.0,0.0,0.0,0.0,0.0,0.0,0.0,0.0,0.0,0.0,0.0,0.0,0.0,0.0,0.0,0.0,1.0,0.0,1.0,-7.462757438109779,1.0,-37.800677978646966,1.0,63.35722862605464,1.0,-25.55655064740768,1.0,7.462757438109779,0.0,0.0,0.0,0.0,0.0,0.0,0.0,0.0,0.0,0.0,0.0,0.0,0.0,0.0,0.0,0.0,0.0,0.0
90.0,19451.0,32767.0,-32767.0,32767.0,600.0,1000.0,200.0,0.0,0.0,0.0,0.0,-3.08,3.19,178.58,0.0,0.0,0.0,0.0,0.0,1.0,0.0,0.0,0.0,0.0,0.0,0.0,0.0,0.0,0.0,1.0,0.0,1.0,8.503095618436296,1.0,-33.33291682507644,1.0,79.24778506144004,1.0,-45.914868236363596,1.0,-8.503095618436296,0.0,0.0,0.0,0.0,0.0,0.0,0.0,0.0,0.0,0.0,0.0,0.0,0.0,0.0,0.0,0.0,0.0,0.0,1.0,0.0,1.0,-7.719383607413914,1.0,-37.44621385098907,1.0,63.499856733034,1.0,-26.05364288204493,1.0,7.719383607413914,0.0,0.0,0.0,0.0,0.0,0.0,0.0,0.0,0.0,0.0,0.0,0.0,0.0,0.0,0.0,0.0,0.0,0.0
90.0,19454.0,32767.0,-32767.0,32767.0,200.0,-500.0,200.0,0.0,0.0,0.0,0.0,-3.07,3.27,178.46,0.0,0.0,0.0,0.0,0.0,1.0,0.0,0.0,0.0,0.0,0.0,0.0,0.0,0.0,0.0,1.0,0.0,1.0,8.801037312109479,1.0,-34.20556875499579,1.0,80.11520005041059,1.0,-45.909631295414805,1.0,-8.801037312109479,0.0,0.0,0.0,0.0,0.0,0.0,0.0,0.0,0.0,0.0,0.0,0.0,0.0,0.0,0.0,0.0,0.0,0.0,1.0,0.0,1.0,-7.949333334309841,1.0,-37.085470852976634,1.0,63.632113894561684,1.0,-26.546643041585046,1.0,7.949333334309841,0.0,0.0,0.0,0.0,0.0,0.0,0.0,0.0,0.0,0.0,0.0,0.0,0.0,0.0,0.0,0.0,0.0,0.0
90.0,19455.0,32767.0,-32767.0,32767.0,300.0,-1100.0,-100.0,0.0,0.0,0.0,0.0,-3.05,3.37,178.45,0.0,0.0,0.0,0.0,0.0,1.0,0.0,0.0,0.0,0.0,0.0,0.0,0.0,0.0,0.0,1.0,0.0,1.0,9.064803898707254,1.0,-35.02564034383861,1.0,80.87853984911922,1.0,-45.852899505280604,1.0,-9.064803898707254,0.0,0.0,0.0,0.0,0.0,0.0,0.0,0.0,0.0,0.0,0.0,0.0,0.0,0.0,0.0,0.0,0.0,0.0,1.0,0.0,1.0,-8.150890570581634,1.0,-36.72632451434358,1.0,63.751530988143706,1.0,-27.025206473800125,1.0,8.150890570581634,0.0,0.0,0.0,0.0,0.0,0.0,0.0,0.0,0.0,0.0,0.0,0.0,0.0,0.0,0.0,0.0,0.0,0.0
90.0,19456.0,20800.0,-32767.0,32767.0,400.0,-1400.0,100.0,0.0,0.0,0.0,0.0,-3.01,3.54,178.43,0.0,0.0,0.0,0.0,0.0,1.0,0.0,0.0,0.0,0.0,0.0,0.0,0.0,0.0,0.0,1.0,0.0,1.0,9.308364285973132,1.0,-35.83408229746705,1.0,81.5797023222855,1.0,-45.74562002481845,1.0,-9.308364285973132,0.0,0.0,0.0,0.0,0.0,0.0,0.0,0.0,0.0,0.0,0.0,0.0,0.0,0.0,0.0,0.0,0.0,0.0,1.0,0.0,1.0,-8.335349296413613,1.0,-36.351792051206935,1.0,63.86369537838418,1.0,-27.511903327177244,1.0,8.335349296413613,0.0,0.0,0.0,0.0,0.0,0.0,0.0,0.0,0.0,0.0,0.0,0.0,0.0,0.0,0.0,0.0,0.0,0.0
90.0,19458.0,17500.0,-32767.0,32767.0,1200.0,-1700.0,600.0,0.0,0.0,0.0,0.0,-2.76,3.82,178.3,0.0,0.0,0.0,0.0,0.0,1.0,0.0,0.0,0.0,0.0,0.0,0.0,0.0,0.0,0.0,1.0,0.0,1.0,9.537469607522796,1.0,-36.65412973960443,1.0,82.23610335912377,1.0,-45.581973619519346,1.0,-9.537469607522796,0.0,0.0,0.0,0.0,0.0,0.0,0.0,0.0,0.0,0.0,0.0,0.0,0.0,0.0,0.0,0.0,0.0,0.0,1.0,0.0,1.0,-8.507426604597851,1.0,-35.94942126980904,1.0,63.97082696228967,1.0,-28.021405692480634,1.0,8.507426604597851,0.0,0.0,0.0,0.0,0.0,0.0,0.0,0.0,0.0,0.0,0.0,0.0,0.0,0.0,0.0,0.0,0.0,0.0
90.0,19459.0,28200.0,-32767.0,32767.0,1400.0,-2200.0,600.0,0.0,0.0,0.0,0.0,-2.54,4.12,178.19,0.0,0.0,0.0,0.0,0.0,1.0,0.0,0.0,0.0,0.0,0.0,0.0,0.0,0.0,0.0,1.0,0.0,1.0,9.733989454674612,1.0,-37.42079688490341,1.0,82.79678009758334,1.0,-45.375983212679934,1.0,-9.733989454674612,0.0,0.0,0.0,0.0,0.0,0.0,0.0,0.0,0.0,0.0,0.0,0.0,0.0,0.0,0.0,0.0,0.0,0.0,1.0,0.0,1.0,-8.653935246889176,1.0,-35.55091578168027,1.0,64.06395062304163,1.0,-28.513034841361364,1.0,8.653935246889176,0.0,0.0,0.0,0.0,0.0,0.0,0.0,0.0,0.0,0.0,0.0,0.0,0.0,0.0,0.0,0.0,0.0,0.0
90.0,19460.0,32767.0,-29200.0,32767.0,1500.0,-2900.0,800.0,0.0,0.0,0.0,0.0,-2.32,4.51,178.07,0.0,0.0,0.0,0.0,0.0,1.0,0.0,0.0,0.0,0.0,0.0,0.0,0.0,0.0,0.0,1.0,0.0,1.0,9.913491461512184,1.0,-38.19464857945114,1.0,83.30704483166737,1.0,-45.11239625221623,1.0,-9.913491461512184,0.0,0.0,0.0,0.0,0.0,0.0,0.0,0.0,0.0,0.0,0.0,0.0,0.0,0.0,0.0,0.0,0.0,0.0,1.0,0.0,1.0,-8.786883577362008,1.0,-35.124537029736665,1.0,64.14998443790985,1.0,-29.02544740817319,1.0,8.786883577362008,0.0,0.0,0.0,0.0,0.0,0.0,0.0,0.0,0.0,0.0,0.0,0.0,0.0,0.0,0.0,0.0,0.0,0.0
90.0,19460.0,32767.0,-29200.0,32767.0,1500.0,-2900.0,800.0,0.0,0.0,0.0,0.0,-2.32,4.51,178.07,0.0,0.0,0.0,0.0,0.0,1.0,0.0,0.0,0.0,0.0,0.0,0.0,0.0,0.0,0.0,1.0,0.0,1.0,10.069926319670346,1.0,-38.95675157301482,1.0,83.75032281122691,1.0,-44.79357123821208,1.0,-10.069926319670346,0.0,0.0,0.0,0.0,0.0,0.0,0.0,0.0,0.0,0.0,0.0,0.0,0.0,0.0,0.0,0.0,0.0,0.0,1.0,0.0,1.0,-8.902073989289434,1.0,-34.67817967143302,1.0,64.22570916644578,1.0,-29.547529495012764,1.0,8.902073989289434,0.0,0.0,0.0,0.0,0.0,0.0,0.0,0.0,0.0,0.0,0.0,0.0,0.0,0.0,0.0,0.0,0.0,0.0
90.0,19462.0,32767.0,-1800.0,32767.0,1500.0,-4000.0,-200.0,0.0,0.0,0.0,0.0,-1.83,5.58,177.96,0.0,0.0,0.0,0.0,0.0,1.0,0.0,0.0,0.0,0.0,0.0,0.0,0.0,0.0,0.0,1.0,0.0,1.0,10.19620297491534,1.0,-39.671069510224285,1.0,84.10720249634636,1.0,-44.436132986122075,1.0,-10.19620297491534,0.0,0.0,0.0,0.0,0.0,0.0,0.0,0.0,0.0,0.0,0.0,0.0,0.0,0.0,0.0,0.0,0.0,0.0,1.0,0.0,1.0,-8.994604097671344,1.0,-34.232862809892154,1.0,64.28733590994769,1.0,-30.054473100055528,1.0,8.994604097671344,0.0,0.0,0.0,0.0,0.0,0.0,0.0,0.0,0.0,0.0,0.0,0.0,0.0,0.0,0.0,0.0,0.0,0.0
90.0,19463.0,32767.0,1800.0,32767.0,1800.0,-4700.0,-400.0,0.0,0.0,0.0,0.0,-1.54,6.24,177.98,0.0,0.0,0.0,0.0,0.0,1.0,0.0,0.0,0.0,0.0,0.0,0.0,0.0,0.0,0.0,1.0,0.0,1.0,10.298478184186799,1.0,-40.37106015545221,1.0,84.39564440250948,1.0,-44.024584247057255,1.0,-10.298478184186799,0.0,0.0,0.0,0.0,0.0,0.0,0.0,0.0,0.0,0.0,0.0,0.0,0.0,0.0,0.0,0.0,0.0,0.0,1.0,0.0,1.0,-9.06925226137396,1.0,-33.76747933187723,1.0,64.33757338916472,1.0,-30.570094057287488,1.0,9.06925226137396,0.0,0.0,0.0,0.0,0.0,0.0,0.0,0.0,0.0,0.0,0.0,0.0,0.0,0.0,0.0,0.0,0.0,0.0
90.0,19465.0,32767.0,32767.0,32767.0,2200.0,-4900.0,-1300.0,0.0,0.0,0.0,0.0,-0.89,7.64,178.11,0.0,0.0,0.0,0.0,0.0,1.0,0.0,0.0,0.0,0.0,0.0,0.0,0.0,0.0,0.0,1.0,0.0,1.0,10.371828883523014,1.0,-41.021332814116036,1.0,84.60218281113758,1.0,-43.580849997021545,1.0,-10.371828883523014,0.0,0.0,0.0,0.0,0.0,0.0,0.0,0.0,0.0,0.0,0.0,0.0,0.0,0.0,0.0,0.0,0.0,0.0,1.0,0.0,1.0,-9.122627642520023,1.0,-33.30528479342429,1.0,64.37378029379575,1.0,-31.06849550037146,1.0,9.122627642520023,0.0,0.0,0.0,0.0,0.0,0.0,0.0,0.0,0.0,0.0,0.0,0.0,0.0,0.0,0.0,0.0,0.0,0.0
90.0,19466.0,32767.0,32767.0,32767.0,2500.0,-4700.0,-1800.0,0.0,0.0,0.0,0.0,-0.46,8.3,178.29,0.0,0.0,0.0,0.0,0.0,1.0,0.0,0.0,0.0,0.0,0.0,0.0,0.0,0.0,0.0,1.0,0.0,1.0,10.420098867100984,1.0,-41.65505418700146,1.0,84.73795139417993,1.0,-43.08289720717847,1.0,-10.420098867100984,0.0,0.0,0.0,0.0,0.0,0.0,0.0,0.0,0.0,0.0,0.0,0.0,0.0,0.0,0.0,0.0,0.0,0.0,1.0,0.0,1.0,-9.157679163076395,1.0,-32.822164400040144,1.0,64.39768722049367,1.0,-31.575522820453518,1.0,9.157679163076395,0.0,0.0,0.0,0.0,0.0,0.0,0.0,0.0,0.0,0.0,0.0,0.0,0.0,0.0,0.0,0.0,0.0,0.0
90.0,19467.0,32767.0,25700.0,32767.0,2300.0,-4700.0,-2300.0,0.0,0.0,0.0,0.0,-0.05,8.96,178.54,0.0,0.0,0.0,0.0,0.0,1.0,0.0,0.0,0.0,0.0,0.0,0.0,0.0,0.0,0.0,1.0,0.0,1.0,10.440614407493797,1.0,-42.230939210729595,1.0,84.7956198523326,1.0,-42.56468064160302,1.0,-10.440614407493797,0.0,0.0,0.0,0.0,0.0,0.0,0.0,0.0,0.0,0.0,0.0,0.0,0.0,0.0,0.0,0.0,0.0,0.0,1.0,0.0,1.0,-9.172559070913346,1.0,-32.349569596469884,1.0,64.4078672619875,1.0,-32.05829766551763,1.0,9.172559070913346,0.0,0.0,0.0,0.0,0.0,0.0,0.0,0.0,0.0,0.0,0.0,0.0,0.0,0.0,0.0,0.0,0.0,0.0
90.0,19468.0,32767.0,21400.0,32767.0,2400.0,-4000.0,-2000.0,0.0,0.0,0.0,0.0,0.33,9.55,178.78,0.0,0.0,0.0,0.0,0.0,1.0,0.0,0.0,0.0,0.0,0.0,0.0,0.0,0.0,0.0,1.0,0.0,1.0,10.434855899590755,1.0,-42.793742787357935,1.0,84.77943501766204,1.0,-41.9856922303041,1.0,-10.434855899590755,0.0,0.0,0.0,0.0,0.0,0.0,0.0,0.0,0.0,0.0,0.0,0.0,0.0,0.0,0.0,0.0,0.0,0.0,1.0,0.0,1.0,-9.168383485556653,1.0,-31.84985301557257,1.0,64.40500867139204,1.0,-32.55515565581947,1.0,9.168383485556653,0.0,0.0,0.0,0.0,0.0,0.0,0.0,0.0,0.0,0.0,0.0,0.0,0.0,0.0,0.0,0.0,0.0,0.0
90.0,19469.0,32767.0,-25900.0,32767.0,2200.0,-3200.0,-1500.0,0.0,0.0,0.0,0.0,0.67,9.98,178.96,0.0,0.0,0.0,0.0,0.0,1.0,0.0,0.0,0.0,0.0,0.0,0.0,0.0,0.0,0.0,1.0,0.0,1.0,10.401381802517077,1.0,-43.31633540132377,1.0,84.68531997612526,1.0,-41.36898457480149,1.0,-10.401381802517077,0.0,0.0,0.0,0.0,0.0,0.0,0.0,0.0,0.0,0.0,0.0,0.0,0.0,0.0,0.0,0.0,0.0,0.0,1.0,0.0,1.0,-9.14409455231984,1.0,-31.3437861313616,1.0,64.3884095869656,1.0,-33.044623455604,1.0,9.14409455231984,0.0,0.0,0.0,0.0,0.0,0.0,0.0,0.0,0.0,0.0,0.0,0.0,0.0,0.0,0.0,0.0,0.0,0.0
90.0,19471.0,32767.0,26900.0,32767.0,2000.0,-2300.0,-800.0,0.0,0.0,0.0,0.0,1.24,10.7,179.05,0.0,0.0,0.0,0.0,0.0,1.0,0.0,0.0,0.0,0.0,0.0,0.0,0.0,0.0,0.0,1.0,0.0,1.0,10.340755822422535,1.0,-43.79353640363448,1.0,84.51472167266279,1.0,-40.72118526902831,1.0,-10.340755822422535,0.0,0.0,0.0,0.0,0.0,0.0,0.0,0.0,0.0,0.0,0.0,0.0,0.0,0.0,0.0,0.0,0.0,0.0,1.0,0.0,1.0,-9.100033013769234,1.0,-30.835924724962503,1.0,64.35842421951165,1.0,-33.522499494549145,1.0,9.100033013769234,0.0,0.0,0.0,0.0,0.0,0.0,0.0,0.0,0.0,0.0,0.0,0.0,0.0,0.0,0.0,0.0,0.0,0.0
90.0,19472.0,32767.0,32767.0,32767.0,2200.0,-2300.0,-300.0,0.0,0.0,0.0,0.0,1.58,11.02,179.05,0.0,0.0,0.0,0.0,0.0,1.0,0.0,0.0,0.0,0.0,0.0,0.0,0.0,0.0,0.0,1.0,0.0,1.0,10.256310673489908,1.0,-44.21343406944845,1.0,84.27678647403717,1.0,-40.06335240458872,1.0,-10.256310673489908,0.0,0.0,0.0,0.0,0.0,0.0,0.0,0.0,0.0,0.0,0.0,0.0,0.0,0.0,0.0,0.0,0.0,0.0,1.0,0.0,1.0,-9.038507074426507,1.0,-30.34095938255807,1.0,64.31682578901861,1.0,-33.97586640646054,1.0,9.038507074426507,0.0,0.0,0.0,0.0,0.0,0.0,0.0,0.0,0.0,0.0,0.0,0.0,0.0,0.0,0.0,0.0,0.0,0.0
90.0,19473.0,32767.0,32767.0,32767.0,2500.0,-2500.0,-100.0,0.0,0.0,0.0,0.0,1.97,11.38,178.99,0.0,0.0,0.0,0.0,0.0,1.0,0.0,0.0,0.0,0.0,0.0,0.0,0.0,0.0,0.0,1.0,0.0,1.0,10.143288682340122,1.0,-44.60055550063699,1.0,83.9577588269074,1.0,-39.3572033262704,1.0,-10.143288682340122,0.0,0.0,0.0,0.0,0.0,0.0,0.0,0.0,0.0,0.0,0.0,0.0,0.0,0.0,0.0,0.0,0.0,0.0,1.0,0.0,1.0,-8.955879864418614,1.0,-29.829488187966852,1.0,64.2614580991021,1.0,-34.43196991113525,1.0,8.955879864418614,0.0,0.0,0.0,0.0,0.0,0.0,0.0,0.0,0.0,0.0,0.0,0.0,0.0,0.0,0.0,0.0,0.0,0.0
90.0,19474.0,32767.0,32767.0,32767.0,2400.0,-2700.0,-100.0,0.0,0.0,0.0,0.0,2.34,11.76,178.93,0.0,0.0,0.0,0.0,0.0,1.0,0.0,0.0,0.0,0.0,0.0,0.0,0.0,0.0,0.0,1.0,0.0,1.0,10.009615704884245,1.0,-44.929115456523824,1.0,83.57957918082158,1.0,-38.650463724297765,1.0,-10.009615704884245,0.0,0.0,0.0,0.0,0.0,0.0,0.0,0.0,0.0,0.0,0.0,0.0,0.0,0.0,0.0,0.0,0.0,0.0,1.0,0.0,1.0,-8.857738304684437,1.0,-29.335503193543417,1.0,64.19643314980854,1.0,-34.86092995626513,1.0,8.857738304684437,0.0,0.0,0.0,0.0,0.0,0.0,0.0,0.0,0.0,0.0,0.0,0.0,0.0,0.0,0.0,0.0,0.0,0.0
90.0,19475.0,32767.0,32767.0,32767.0,2100.0,-2900.0,-200.0,0.0,0.0,0.0,0.0,2.66,12.19,178.87,0.0,0.0,0.0,0.0,0.0,1.0,0.0,0.0,0.0,0.0,0.0,0.0,0.0,0.0,0.0,1.0,0.0,1.0,9.844646157591736,1.0,-45.223949524092426,1.0,83.11154754070564,1.0,-37.887598016613225,1.0,-9.844646157591736,0.0,0.0,0.0,0.0,0.0,0.0,0.0,0.0,0.0,0.0,0.0,0.0,0.0,0.0,0.0,0.0,0.0,0.0,1.0,0.0,1.0,-8.735991239988028,1.0,-28.82009480461781,1.0,64.11687848478326,1.0,-35.29678368016544,1.0,8.735991239988028,0.0,0.0,0.0,0.0,0.0,0.0,0.0,0.0,0.0,0.0,0.0,0.0,0.0,0.0,0.0,0.0,0.0,0.0
90.0,19476.0,32767.0,32767.0,32767.0,1900.0,-3000.0,-700.0,0.0,0.0,0.0,0.0,2.99,12.64,178.87,0.0,0.0,0.0,0.0,0.0,1.0,0.0,0.0,0.0,0.0,0.0,0.0,0.0,0.0,0.0,1.0,0.0,1.0,9.648627450858504,1.0,-45.47431135291596,1.0,82.55350428524483,1.0,-37.07919293232886,1.0,-9.648627450858504,0.0,0.0,0.0,0.0,0.0,0.0,0.0,0.0,0.0,0.0,0.0,0.0,0.0,0.0,0.0,0.0,0.0,0.0,1.0,0.0,1.0,-8.590419888939378,1.0,-28.292086550522995,1.0,64.02336261022822,1.0,-35.73127605970522,1.0,8.590419888939378,0.0,0.0,0.0,0.0,0.0,0.0,0.0,0.0,0.0,0.0,0.0,0.0,0.0,0.0,0.0,0.0,0.0,0.0
90.0,19478.0,32767.0,32767.0,32767.0,1600.0,-2300.0,-1400.0,0.0,0.0,0.0,0.0,3.62,13.36,179.08,0.0,0.0,0.0,0.0,0.0,1.0,0.0,0.0,0.0,0.0,0.0,0.0,0.0,0.0,0.0,1.0,0.0,1.0,9.429987102198092,1.0,-45.667510555280906,1.0,81.92853361481004,1.0,-36.26102305952914,1.0,-9.429987102198092,0.0,0.0,0.0,0.0,0.0,0.0,0.0,0.0,0.0,0.0,0.0,0.0,0.0,0.0,0.0,0.0,0.0,0.0,1.0,0.0,1.0,-8.42687019383352,1.0,-27.775122259117335,1.0,63.92037335344,1.0,-36.14525109432266,1.0,8.42687019383352,0.0,0.0,0.0,0.0,0.0,0.0,0.0,0.0,0.0,0.0,0.0,0.0,0.0,0.0,0.0,0.0,0.0,0.0
90.0,19480.0,32767.0,32767.0,32767.0,1700.0,-1600.0,-1500.0,0.0,0.0,0.0,0.0,4.3,13.86,179.37,0.0,0.0,0.0,0.0,0.0,1.0,0.0,0.0,0.0,0.0,0.0,0.0,0.0,0.0,0.0,1.0,0.0,1.0,9.184824781958794,1.0,-45.80748361050746,1.0,81.22449366111664,1.0,-35.41701005060918,1.0,-9.184824781958794,0.0,0.0,0.0,0.0,0.0,0.0,0.0,0.0,0.0,0.0,0.0,0.0,0.0,0.0,0.0,0.0,0.0,0.0,1.0,0.0,1.0,-8.241985123198928,1.0,-27.258933233989776,1.0,63.80657822478347,1.0,-36.54764499079369,1.0,8.241985123198928,0.0,0.0,0.0,0.0,0.0,0.0,0.0,0.0,0.0,0.0,0.0,0.0,0.0,0.0,0.0,0.0,0.0,0.0
90.0,19480.0,32767.0,32767.0,32767.0,1700.0,-1600.0,-1500.0,0.0,0.0,0.0,0.0,4.3,13.86,179.37,0.0,0.0,0.0,0.0,0.0,1.0,0.0,0.0,0.0,0.0,0.0,0.0,0.0,0.0,0.0,1.0,0.0,1.0,8.920263608788952,1.0,-45.89074327518675,1.0,80.46076471073003,1.0,-34.57002143554328,1.0,-8.920263608788952,0.0,0.0,0.0,0.0,0.0,0.0,0.0,0.0,0.0,0.0,0.0,0.0,0.0,0.0,0.0,0.0,0.0,0.0,1.0,0.0,1.0,-8.040672927229112,1.0,-26.757475624672654,1.0,63.685824615055445,1.0,-36.92834899038279,1.0,8.040672927229112,0.0,0.0,0.0,0.0,0.0,0.0,0.0,0.0,0.0,0.0,0.0,0.0,0.0,0.0,0.0,0.0,0.0,0.0
90.0,19480.0,32767.0,32767.0,32767.0,1700.0,-1600.0,-1500.0,0.0,0.0,0.0,0.0,4.3,13.86,179.37,0.0,0.0,0.0,0.0,0.0,1.0,0.0,0.0,0.0,0.0,0.0,0.0,0.0,0.0,0.0,1.0,0.0,1.0,8.647974753611122,1.0,-45.919310458713156,1.0,79.67027648904005,1.0,-33.750966030326886,1.0,-8.647974753611122,0.0,0.0,0.0,0.0,0.0,0.0,0.0,0.0,0.0,0.0,0.0,0.0,0.0,0.0,0.0,0.0,0.0,0.0,1.0,0.0,1.0,-7.831504496676658,1.0,-26.287749747966107,1.0,63.563815618580975,1.0,-37.27606587061487,1.0,7.831504496676658,0.0,0.0,0.0,0.0,0.0,0.0,0.0,0.0,0.0,0.0,0.0,0.0,0.0,0.0,0.0,0.0,0.0,0.0
90.0,19482.0,32767.0,32767.0,32767.0,1200.0,-1300.0,-600.0,0.0,0.0,0.0,0.0,4.8,14.27,179.49,0.0,0.0,0.0,0.0,0.0,1.0,0.0,0.0,0.0,0.0,0.0,0.0,0.0,0.0,0.0,1.0,0.0,1.0,8.34794018086739,1.0,-45.89686914281491,1.0,78.79383936469222,1.0,-32.89697022187731,1.0,-8.34794018086739,0.0,0.0,0.0,0.0,0.0,0.0,0.0,0.0,0.0,0.0,0.0,0.0,0.0,0.0,0.0,0.0,0.0,0.0,1.0,0.0,1.0,-7.598666828997493,1.0,-25.813536747427946,1.0,63.432113782623475,1.0,-37.61857703519553,1.0,7.598666828997493,0.0,0.0,0.0,0.0,0.0,0.0,0.0,0.0,0.0,0.0,0.0,0.0,0.0,0.0,0.0,0.0,0.0,0.0
90.0,19484.0,32767.0,32767.0,32767.0,1000.0,-1100.0,0.0,0.0,0.0,0.0,0.0,5.15,14.6,179.43,0.0,0.0,0.0,0.0,0.0,1.0,0.0,0.0,0.0,0.0,0.0,0.0,0.0,0.0,0.0,1.0,0.0,1.0,8.02442572879257,1.0,-45.820434391761296,1.0,77.84225722842567,1.0,-32.02182283666437,1.0,-8.02442572879257,0.0,0.0,0.0,0.0,0.0,0.0,0.0,0.0,0.0,0.0,0.0,0.0,0.0,0.0,0.0,0.0,0.0,0.0,1.0,0.0,1.0,-7.344798212089202,1.0,-25.34388323512907,1.0,63.29341695878129,1.0,-37.94953372365222,1.0,7.344798212089202,0.0,0.0,0.0,0.0,0.0,0.0,0.0,0.0,0.0,0.0,0.0,0.0,0.0,0.0,0.0,0.0,0.0,0.0
90.0,19486.0,32767.0,32767.0,32767.0,1100.0,-1000.0,100.0,0.0,0.0,0.0,0.0,5.55,14.97,179.29,0.0,0.0,0.0,0.0,0.0,1.0,0.0,0.0,0.0,0.0,0.0,0.0,0.0,0.0,0.0,1.0,0.0,1.0,7.688894058711616,1.0,-45.69294883465284,1.0,76.84788948999909,1.0,-31.154940655346255,1.0,-7.688894058711616,0.0,0.0,0.0,0.0,0.0,0.0,0.0,0.0,0.0,0.0,0.0,0.0,0.0,0.0,0.0,0.0,0.0,0.0,1.0,0.0,1.0,-7.078369687892617,1.0,-24.894952826538184,1.0,63.15331266368966,1.0,-38.25835983715148,1.0,7.078369687892617,0.0,0.0,0.0,0.0,0.0,0.0,0.0,0.0,0.0,0.0,0.0,0.0,0.0,0.0,0.0,0.0,0.0,0.0
90.0,19487.0,32767.0,32767.0,32767.0,800.0,-700.0,-100.0,0.0,0.0,0.0,0.0,5.71,15.1,179.25,0.0,0.0,0.0,0.0,0.0,1.0,0.0,0.0,0.0,0.0,0.0,0.0,0.0,0.0,0.0,1.0,0.0,1.0,7.331318894156251,1.0,-45.510705666554074,1.0,75.77956301845899,1.0,-30.26885735190492,1.0,-7.331318894156251,0.0,0.0,0.0,0.0,0.0,0.0,0.0,0.0,0.0,0.0,0.0,0.0,0.0,0.0,0.0,0.0,0.0,0.0,1.0,0.0,1.0,-6.790871269145277,1.0,-24.45301629091808,1.0,63.0083430702362,1.0,-38.55532677931812,1.0,6.790871269145277,0.0,0.0,0.0,0.0,0.0,0.0,0.0,0.0,0.0,0.0,0.0,0.0,0.0,0.0,0.0,0.0,0.0,0.0
90.0,19487.0,32767.0,32767.0,32767.0,800.0,-700.0,-100.0,0.0,0.0,0.0,0.0,5.71,15.1,179.25,0.0,0.0,0.0,0.0,0.0,1.0,0.0,0.0,0.0,0.0,0.0,0.0,0.0,0.0,0.0,1.0,0.0,1.0,6.965486752495378,1.0,-45.27080620893653,1.0,74.68155482214344,1.0,-29.410748613206906,1.0,-6.965486752495378,0.0,0.0,0.0,0.0,0.0,0.0,0.0,0.0,0.0,0.0,0.0,0.0,0.0,0.0,0.0,0.0,0.0,0.0,1.0,0.0,1.0,-6.492861646070157,1.0,-24.04880443244435,1.0,62.8697337629228,1.0,-38.82092933047845,1.0,6.492861646070157,0.0,0.0,0.0,0.0,0.0,0.0,0.0,0.0,0.0,0.0,0.0,0.0,0.0,0.0,0.0,0.0,0.0,0.0
90.0,19489.0,32767.0,32767.0,32767.0,100.0,-100.0,-600.0,0.0,0.0,0.0,0.0,5.89,15.22,179.32,0.0,0.0,0.0,0.0,0.0,1.0,0.0,0.0,0.0,0.0,0.0,0.0,0.0,0.0,0.0,1.0,0.0,1.0,6.561317152596356,1.0,-44.91903075767893,1.0,73.4775133950886,1.0,-28.55848263740966,1.0,-6.561317152596356,0.0,0.0,0.0,0.0,0.0,0.0,0.0,0.0,0.0,0.0,0.0,0.0,0.0,0.0,0.0,0.0,0.0,0.0,1.0,0.0,1.0,-6.1589891978610085,1.0,-23.69753762507513,1.0,62.7446867906881,1.0,-39.04714916561297,1.0,6.1589891978610085,0.0,0.0,0.0,0.0,0.0,0.0,0.0,0.0,0.0,0.0,0.0,0.0,0.0,0.0,0.0,0.0,0.0,0.0
90.0,19490.0,32767.0,32767.0,32767.0,200.0,100.0,-300.0,0.0,0.0,0.0,0.0,5.96,15.24,179.36,0.0,0.0,0.0,0.0,0.0,1.0,0.0,0.0,0.0,0.0,0.0,0.0,0.0,0.0,0.0,1.0,0.0,1.0,6.179244241927791,1.0,-44.54688599820287,1.0,72.33098597328382,1.0,-27.784099975080952,1.0,-6.179244241927791,0.0,0.0,0.0,0.0,0.0,0.0,0.0,0.0,0.0,0.0,0.0,0.0,0.0,0.0,0.0,0.0,0.0,0.0,1.0,0.0,1.0,-5.8388220264621005,1.0,-23.40038728630187,1.0,62.63561449999852,1.0,-39.23522721369665,1.0,5.8388220264621005,0.0,0.0,0.0,0.0,0.0,0.0,0.0,0.0,0.0,0.0,0.0,0.0,0.0,0.0,0.0,0.0,0.0,0.0
90.0,19491.0,32767.0,32767.0,32767.0,0.0,300.0,-100.0,0.0,0.0,0.0,0.0,5.99,15.22,179.36,0.0,0.0,0.0,0.0,0.0,1.0,0.0,0.0,0.0,0.0,0.0,0.0,0.0,0.0,0.0,1.0,0.0,1.0,5.7746178343617425,1.0,-44.114800110876075,1.0,71.10733564805574,1.0,-26.99253553717966,1.0,-5.7746178343617425,0.0,0.0,0.0,0.0,0.0,0.0,0.0,0.0,0.0,0.0,0.0,0.0,0.0,0.0,0.0,0.0,0.0,0.0,1.0,0.0,1.0,-5.494855148719026,1.0,-23.119296038887708,1.0,62.529693325155975,1.0,-39.41039728626827,1.0,5.494855148719026,0.0,0.0,0.0,0.0,0.0,0.0,0.0,0.0,0.0,0.0,0.0,0.0,0.0,0.0,0.0,0.0,0.0,0.0
90.0,19492.0,32767.0,32767.0,32767.0,100.0,400.0,200.0,0.0,0.0,0.0,0.0,6.03,15.2,179.33,0.0,0.0,0.0,0.0,0.0,1.0,0.0,0.0,0.0,0.0,0.0,0.0,0.0,0.0,0.0,1.0,0.0,1.0,5.35870588807389,1.0,-43.63330356953662,1.0,69.83878782374627,1.0,-26.205484254209654,1.0,-5.35870588807389,0.0,0.0,0.0,0.0,0.0,0.0,0.0,0.0,0.0,0.0,0.0,0.0,0.0,0.0,0.0,0.0,0.0,0.0,1.0,0.0,1.0,-5.135956300819908,1.0,-22.86355327575463,1.0,62.43102994929762,1.0,-39.567476673542984,1.0,5.135956300819908,0.0,0.0,0.0,0.0,0.0,0.0,0.0,0.0,0.0,0.0,0.0,0.0,0.0,0.0,0.0,0.0,0.0,0.0
90.0,19494.0,32767.0,32767.0,32767.0,700.0,1000.0,200.0,0.0,0.0,0.0,0.0,6.23,15.02,179.23,0.0,0.0,0.0,0.0,0.0,1.0,0.0,0.0,0.0,0.0,0.0,0.0,0.0,0.0,0.0,1.0,0.0,1.0,4.947992440823299,1.0,-43.12335082446412,1.0,68.5747721146992,1.0,-25.451421290235075,1.0,-4.947992440823299,0.0,0.0,0.0,0.0,0.0,0.0,0.0,0.0,0.0,0.0,0.0,0.0,0.0,0.0,0.0,0.0,0.0,0.0,1.0,0.0,1.0,-4.776150580027208,1.0,-22.641771823902427,1.0,62.34371478718954,1.0,-39.70194296328712,1.0,4.776150580027208,0.0,0.0,0.0,0.0,0.0,0.0,0.0,0.0,0.0,0.0,0.0,0.0,0.0,0.0,0.0,0.0,0.0,0.0
90.0,19495.0,32767.0,32767.0,32767.0,1200.0,1200.0,300.0,0.0,0.0,0.0,0.0,6.44,14.88,179.14,0.0,0.0,0.0,0.0,0.0,1.0,0.0,0.0,0.0,0.0,0.0,0.0,0.0,0.0,0.0,1.0,0.0,1.0,4.51866660917412,1.0,-42.555980961673406,1.0,67.24083508420695,1.0,-24.684854122533547,1.0,-4.51866660917412,0.0,0.0,0.0,0.0,0.0,0.0,0.0,0.0,0.0,0.0,0.0,0.0,0.0,0.0,0.0,0.0,0.0,0.0,1.0,0.0,1.0,-4.394227162539642,1.0,-22.440716200584543,1.0,62.263162613143315,1.0,-39.822446412558776,1.0,4.394227162539642,0.0,0.0,0.0,0.0,0.0,0.0,0.0,0.0,0.0,0.0,0.0,0.0,0.0,0.0,0.0,0.0,0.0,0.0
90.0,19496.0,32767.0,32767.0,32767.0,1800.0,1400.0,500.0,0.0,0.0,0.0,0.0,6.71,14.71,179.02,0.0,0.0,0.0,0.0,0.0,1.0,0.0,0.0,0.0,0.0,0.0,0.0,0.0,0.0,0.0,1.0,0.0,1.0,4.084006347258946,1.0,-41.947792977133695,1.0,65.87657651990631,1.0,-23.92878354277262,1.0,-4.084006347258946,0.0,0.0,0.0,0.0,0.0,0.0,0.0,0.0,0.0,0.0,0.0,0.0,0.0,0.0,0.0,0.0,0.0,0.0,1.0,0.0,1.0,-4.001424246151262,1.0,-22.26764221399461,1.0,62.1927645168276,1.0,-39.925122302832996,1.0,4.001424246151262,0.0,0.0,0.0,0.0,0.0,0.0,0.0,0.0,0.0,0.0,0.0,0.0,0.0,0.0,0.0,0.0,0.0,0.0
90.0,19497.0,32767.0,32767.0,32767.0,1900.0,1500.0,700.0,0.0,0.0,0.0,0.0,6.98,14.55,178.85,0.0,0.0,0.0,0.0,0.0,1.0,0.0,0.0,0.0,0.0,0.0,0.0,0.0,0.0,0.0,1.0,0.0,1.0,3.650361632790554,1.0,-41.30877786348166,1.0,64.50119470782194,1.0,-23.192416844340272,1.0,-3.650361632790554,0.0,0.0,0.0,0.0,0.0,0.0,0.0,0.0,0.0,0.0,0.0,0.0,0.0,0.0,0.0,0.0,0.0,0.0,1.0,0.0,1.0,-3.6033133709819025,1.0,-22.124296570508267,1.0,62.13372258349371,1.0,-40.00942601298544,1.0,3.6033133709819025,0.0,0.0,0.0,0.0,0.0,0.0,0.0,0.0,0.0,0.0,0.0,0.0,0.0,0.0,0.0,0.0,0.0,0.0
90.0,19499.0,32767.0,32767.0,32767.0,1200.0,1500.0,600.0,0.0,0.0,0.0,0.0,7.37,14.23,178.54,0.0,0.0,0.0,0.0,0.0,1.0,0.0,0.0,0.0,0.0,0.0,0.0,0.0,0.0,0.0,1.0,0.0,1.0,3.2189395118439657,1.0,-40.6423755060414,1.0,63.118238653793746,1.0,-22.475863147752353,1.0,-3.2189395118439657,0.0,0.0,0.0,0.0,0.0,0.0,0.0,0.0,0.0,0.0,0.0,0.0,0.0,0.0,0.0,0.0,0.0,0.0,1.0,0.0,1.0,-3.2010068678219517,1.0,-22.009817596745243,1.0,62.08609381372578,1.0,-40.07627621698054,1.0,3.2010068678219517,0.0,0.0,0.0,0.0,0.0,0.0,0.0,0.0,0.0,0.0,0.0,0.0,0.0,0.0,0.0,0.0,0.0,0.0
